# Alias OBJ Model File
# Exported from SketchUp, (c) 2000-2012 Trimble Navigation Limited
# File units = meters

mtllib Rascacielos 2.mtl

g Mesh1 Teddy1 Model

usemtl Teddy_BookCover
v -0.362835 0.942216 0.635625
vt -0.230083 37.0951
vn 0.132747 -1.39225e-14 0.99115
v -0.364531 0.941281 0.63579
vt -0.291032 37.0583
v -0.367839 0.940997 0.636114
vt -0.409974 37.0471
v -0.370182 0.941109 0.636342
vt -0.494197 37.0515
v -0.372505 0.941407 0.636569
vt -0.577711 37.0633
v -0.37479 0.94189 0.636792
vt -0.659876 37.0823
v -0.377021 0.942555 0.63701
vt -0.740057 37.1084
v -0.379179 0.943395 0.637221
vt -0.81764 37.1415
v -0.381248 0.944404 0.637423
vt -0.892027 37.1813
v -0.383212 0.945575 0.637615
vt -0.962647 37.2274
v -0.40058 0.950456 0.639311
vt -1.58704 37.4195
v -0.40409 0.949521 0.639653
vt -1.71323 37.3827
v -0.407129 0.948444 0.63995
vt -1.8225 37.3403
v -0.408847 0.945523 0.640118
vt -1.88424 37.2253
v -0.404249 0.944593 0.639669
vt -1.71895 37.1887
v -0.358281 0.935289 0.63518
vt -0.066354 36.8224
v -0.351239 0.939035 0.634493
vt 0.186816 36.9699
v -0.314796 1.08259 0.630934
vt 1.49697 42.6215
v -0.301725 1.0769 0.629658
vt 1.96691 42.3978
v -0.288723 1.07126 0.628388
vt 2.43432 42.1754
v -0.287052 1.07826 0.628225
vt 2.4944 42.4513
v -0.291631 1.08442 0.628672
vt 2.32978 42.6937
v -0.322362 1.09577 0.631673
vt 1.22498 43.1405
v -0.499475 1.11473 0.648967
vt -5.14241 43.8871
v -0.506919 1.11553 0.649694
vt -5.41001 43.9184
v -0.509446 1.1158 0.649941
vt -5.50086 43.9291
v -0.510763 1.11568 0.650069
vt -5.54822 43.9243
v -0.511901 1.11506 0.650181
vt -5.58912 43.8999
v -0.512646 1.11406 0.650253
vt -5.61593 43.8606
v -0.513517 1.11207 0.650338
vt -5.64724 43.7823
v -0.51083 1.10531 0.650076
vt -5.55063 43.5161
v -0.506595 1.09252 0.649662
vt -5.39837 43.0125
v -0.498139 1.06698 0.648837
vt -5.09437 42.0069
v -0.468888 1.01407 0.645981
vt -4.04277 39.924
v -0.44813 0.994522 0.643954
vt -3.29652 39.1544
v -0.433231 0.983636 0.642499
vt -2.76089 38.7258
v -0.422577 0.980458 0.641458
vt -2.37785 38.6007
v -0.412111 0.976795 0.640436
vt -2.00159 38.4565
v -0.40186 0.972655 0.639436
vt -1.63306 38.2935
v -0.391851 0.96805 0.638458
vt -1.27321 38.1122
v -0.382107 0.962991 0.637507
vt -0.922929 37.913
v -0.372655 0.95749 0.636584
vt -0.583118 37.6965
v -0.363518 0.951562 0.635692
vt -0.254633 37.4631
v -0.362033 0.950366 0.635547
vt -0.201229 37.416
v -0.361022 0.948811 0.635448
vt -0.164896 37.3548
v -0.360584 0.947047 0.635405
vt -0.149155 37.2853
v -0.360762 0.945246 0.635422
vt -0.155532 37.2144
v -0.361537 0.943581 0.635498
vt -0.183409 37.1489
f 1/1/1 2/2/1 3/3/1 4/4/1 5/5/1 6/6/1 7/7/1 8/8/1 9/9/1 10/10/1 11/11/1 12/12/1 13/13/1 14/14/1 15/15/1 16/16/1 17/17/1 18/18/1 19/19/1 20/20/1 21/21/1 22/22/1 23/23/1 24/24/1 25/25/1 26/26/1 27/27/1 28/28/1 29/29/1 30/30/1 31/31/1 32/32/1 33/33/1 34/34/1 35/35/1 36/36/1 37/37/1 38/38/1 39/39/1 40/40/1 41/41/1 42/42/1 43/43/1 44/44/1 45/45/1 46/46/1 47/47/1 48/48/1 

usemtl Teddy_Skin_
v -0.490588 0.954482 0.648099
vt -4.82291 37.578
vn 0.132747 -7.96206e-15 0.99115
v -0.488885 0.952117 0.647933
vt -4.76169 37.4849
v -0.481494 0.941851 0.647211
vt -4.49597 37.0807
v -0.465377 0.920213 0.645638
vt -3.91656 36.2288
v -0.461996 0.916325 0.645308
vt -3.795 36.0758
v -0.458024 0.912934 0.64492
vt -3.65221 35.9423
v -0.453549 0.910114 0.644483
vt -3.49132 35.8313
v -0.448668 0.907927 0.644006
vt -3.31583 35.7452
v -0.443487 0.906421 0.6435
vt -3.12957 35.6859
v -0.438119 0.905627 0.642976
vt -2.93661 35.6546
v -0.432683 0.905565 0.642445
vt -2.74116 35.6521
v -0.430265 0.905865 0.642209
vt -2.65423 35.664
v -0.427295 0.906234 0.641919
vt -2.54747 35.6785
v -0.424894 0.906699 0.641685
vt -2.46114 35.6968
v -0.420211 0.911166 0.641227
vt -2.29279 35.8727
v -0.4178 0.910265 0.640992
vt -2.20612 35.8372
v -0.415262 0.909731 0.640744
vt -2.11486 35.8162
v -0.412662 0.909577 0.64049
vt -2.02141 35.8101
v -0.41007 0.909807 0.640237
vt -1.9282 35.8192
v -0.407551 0.910416 0.639991
vt -1.83767 35.8432
v -0.405174 0.911388 0.639759
vt -1.75218 35.8814
v -0.402998 0.912696 0.639547
vt -1.67398 35.9329
v -0.401083 0.914308 0.63936
vt -1.6051 35.9964
v -0.386637 0.912984 0.637949
vt -1.08576 35.9442
v -0.376869 0.912064 0.636995
vt -0.734622 35.908
v -0.362831 0.917861 0.635625
vt -0.229927 36.1362
v -0.358619 0.925654 0.635213
vt -0.0784943 36.4431
v -0.373307 0.928074 0.636647
vt -0.606543 36.5383
v -0.398944 0.933407 0.639151
vt -1.52822 36.7483
v -0.402187 0.934684 0.639467
vt -1.64482 36.7986
v -0.404881 0.937166 0.639731
vt -1.74167 36.8963
v -0.406777 0.938913 0.639916
vt -1.80982 36.9651
v -0.408906 0.942933 0.640124
vt -1.88637 37.1233
v -0.512952 1.09376 0.650283
vt -5.62693 43.0615
v -0.519435 1.09423 0.650916
vt -5.85999 43.0798
v -0.525928 1.0939 0.65155
vt -6.0934 43.0669
v -0.532315 1.09278 0.652174
vt -6.32302 43.023
v -0.538483 1.09091 0.652776
vt -6.54478 42.949
v -0.544323 1.08829 0.653346
vt -6.75472 42.8462
v -0.54973 1.085 0.653874
vt -6.94913 42.7164
v -0.55461 1.08107 0.654351
vt -7.12454 42.5618
v -0.558874 1.07659 0.654767
vt -7.27786 42.3854
v -0.562448 1.07163 0.655116
vt -7.40634 42.1901
v -0.565267 1.06628 0.655392
vt -7.50771 41.9794
v -0.567283 1.06063 0.655588
vt -7.58016 41.7572
v -0.565766 1.0589 0.65544
vt -7.52563 41.6889
v -0.541102 1.02464 0.653032
vt -6.63895 40.3402
v -0.496981 0.963361 0.648724
vt -5.05275 37.9276
v -0.496127 0.962175 0.64864
vt -5.02205 37.8809
f 49/49/2 50/50/2 51/51/2 52/52/2 53/53/2 54/54/2 55/55/2 56/56/2 57/57/2 58/58/2 59/59/2 60/60/2 61/61/2 62/62/2 63/63/2 64/64/2 65/65/2 66/66/2 67/67/2 68/68/2 69/69/2 70/70/2 71/71/2 72/72/2 73/73/2 74/74/2 75/75/2 76/76/2 77/77/2 78/78/2 79/79/2 80/80/2 81/81/2 14/14/2 13/13/2 12/12/2 11/11/2 10/10/2 9/9/2 8/8/2 7/7/2 6/6/2 5/5/2 4/4/2 3/3/2 2/2/2 1/1/2 48/48/2 47/47/2 46/46/2 45/45/2 44/44/2 43/43/2 42/42/2 41/41/2 40/40/2 39/39/2 38/38/2 37/37/2 36/36/2 35/35/2 34/34/2 33/33/2 32/32/2 82/82/2 83/83/2 84/84/2 85/85/2 86/86/2 87/87/2 88/88/2 89/89/2 90/90/2 91/91/2 92/92/2 93/93/2 94/94/2 95/95/2 96/96/2 97/97/2 

usemtl Teddy_BookJacket
v -0.547573 0.967176 0.653664
vt -6.87158 38.0778
vn 0.132747 -7.81337e-13 0.99115
v -0.547573 0.965564 0.653664
vt -6.87158 38.0143
v -0.54625 0.96405 0.653535
vt -6.824 37.9547
v -0.528298 0.960315 0.651782
vt -6.17861 37.8077
v -0.543705 0.966315 0.653286
vt -6.73253 38.0439
v -0.546386 0.970109 0.653548
vt -6.82888 38.1933
f 98/98/3 99/99/3 100/100/3 101/101/3 50/50/3 49/49/3 102/102/3 103/103/3 

usemtl Teddy_Dress
vn 0.132747 -4.28315e-16 0.99115
f 101/101/4 51/51/4 50/50/4

v -0.526127 0.926552 0.65157
vt -6.10057 36.4784
f 104/104/4 51/51/4 101/101/4

f 104/104/4 52/52/4 51/51/4

v -0.526456 0.91902 0.651602
vt -6.11239 36.1819
f 105/105/4 52/52/4 104/104/4

f 105/105/4 53/53/4 52/52/4

f 105/105/4 54/54/4 53/53/4

v -0.526695 0.910693 0.651625
vt -6.12099 35.8541
f 106/106/4 54/54/4 105/105/4

f 106/106/4 55/55/4 54/54/4

f 106/106/4 56/56/4 55/55/4

f 106/106/4 57/57/4 56/56/4

f 106/106/4 58/58/4 57/57/4

v -0.526835 0.902364 0.651639
vt -6.12602 35.5262
f 107/107/4 58/58/4 106/106/4

f 58/58/4 107/107/4 59/59/4

v -0.427339 0.901319 0.641923
vt -2.54904 35.485
f 107/107/4 108/108/4 59/59/4

v -0.116083 0.89803 0.611531
vt 8.6409 35.3555
f 107/107/4 109/109/4 108/108/4

v -0.526875 0.894035 0.651643
vt -6.12747 35.1982
f 110/110/4 109/109/4 107/107/4

v -0.116636 0.893203 0.611585
vt 8.62101 35.1655
f 110/110/4 111/111/4 109/109/4

v -0.117209 0.886731 0.611641
vt 8.60042 34.9107
f 110/110/4 112/112/4 111/111/4

v -0.526816 0.885705 0.651637
vt -6.12534 34.8703
f 113/113/4 112/112/4 110/110/4

v -0.118031 0.880104 0.611721
vt 8.57086 34.6498
f 113/113/4 114/114/4 112/112/4

v -0.526702 0.879692 0.651626
vt -6.12123 34.6336
f 115/115/4 114/114/4 113/113/4

v -0.526657 0.877377 0.651621
vt -6.11964 34.5424
f 116/116/4 114/114/4 115/115/4

v -0.118556 0.873614 0.611772
vt 8.552 34.3943
f 116/116/4 117/117/4 114/114/4

v -0.526399 0.869051 0.651596
vt -6.11037 34.2146
f 118/118/4 117/117/4 116/116/4

v -0.119074 0.867516 0.611823
vt 8.53336 34.1542
f 118/118/4 119/119/4 117/117/4

v -0.119644 0.861979 0.611878
vt 8.51286 33.9362
f 118/118/4 120/120/4 119/119/4

v -0.526042 0.860727 0.651561
vt -6.09752 33.8869
f 121/121/4 120/120/4 118/118/4

v -0.120242 0.856468 0.611937
vt 8.49138 33.7192
f 121/121/4 122/122/4 120/120/4

v -0.525585 0.852408 0.651517
vt -6.0811 33.5594
f 123/123/4 122/122/4 121/121/4

v -0.120649 0.850939 0.611976
vt 8.47675 33.5016
f 123/123/4 124/124/4 122/122/4

v -0.121708 0.845445 0.61208
vt 8.43868 33.2852
f 123/123/4 125/125/4 124/124/4

v -0.525029 0.844094 0.651462
vt -6.0611 33.232
f 126/126/4 125/125/4 123/123/4

v -0.122771 0.840207 0.612184
vt 8.40047 33.079
f 126/126/4 127/127/4 125/125/4

v -0.524374 0.835786 0.651398
vt -6.03754 32.905
f 128/128/4 127/127/4 126/126/4

v -0.12366 0.834473 0.61227
vt 8.36851 32.8533
f 128/128/4 129/129/4 127/127/4

v -0.12515 0.829061 0.612416
vt 8.31492 32.6402
f 128/128/4 130/130/4 129/129/4

v -0.523619 0.827485 0.651325
vt -6.01042 32.5781
f 131/131/4 130/130/4 128/128/4

v -0.126429 0.824108 0.612541
vt 8.26896 32.4452
f 131/131/4 132/132/4 130/130/4

v -0.522766 0.819191 0.651241
vt -5.97973 32.2516
f 133/133/4 132/132/4 131/131/4

v -0.128018 0.818642 0.612696
vt 8.21183 32.23
f 133/133/4 134/134/4 132/132/4

v -0.129656 0.813213 0.612856
vt 8.15292 32.0163
f 133/133/4 135/135/4 134/134/4

v -0.521813 0.810907 0.651148
vt -5.94549 31.9255
f 136/136/4 135/135/4 133/133/4

v -0.131541 0.80782 0.61304
vt 8.08517 31.8039
f 136/136/4 137/137/4 135/135/4

v -0.133149 0.802729 0.613197
vt 8.02735 31.6035
f 136/136/4 138/138/4 137/137/4

v -0.520762 0.802633 0.651046
vt -5.90769 31.5997
f 139/139/4 138/138/4 136/136/4

v -0.135033 0.797641 0.613381
vt 7.95962 31.4032
f 139/139/4 140/140/4 138/138/4

v -0.519612 0.79437 0.650933
vt -5.86634 31.2744
f 141/141/4 140/140/4 139/139/4

v -0.136615 0.792301 0.613535
vt 7.90276 31.193
f 141/141/4 142/142/4 140/140/4

v -0.138226 0.787448 0.613693
vt 7.84485 31.0019
f 141/141/4 143/143/4 142/142/4

v -0.518363 0.786119 0.650812
vt -5.82145 30.9496
f 144/144/4 143/143/4 141/141/4

v -0.140127 0.78265 0.613878
vt 7.77651 30.813
f 144/144/4 145/145/4 143/143/4

v -0.517016 0.77788 0.65068
vt -5.77301 30.6252
f 146/146/4 145/145/4 144/144/4

v -0.141697 0.77708 0.614032
vt 7.72005 30.5937
f 146/146/4 147/147/4 145/145/4

v -0.145723 0.774963 0.614425
vt 7.57533 30.5103
f 146/146/4 148/148/4 147/147/4

v -0.51557 0.769656 0.650539
vt -5.72105 30.3014
f 149/149/4 148/148/4 146/146/4

v -0.514027 0.761446 0.650388
vt -5.66555 29.9782
f 150/150/4 148/148/4 149/149/4

v -0.512385 0.753253 0.650228
vt -5.60654 29.6556
f 151/151/4 148/148/4 150/150/4

v -0.510646 0.745076 0.650058
vt -5.54401 29.3337
f 152/152/4 148/148/4 151/151/4

v -0.508809 0.736917 0.649879
vt -5.47798 29.0125
f 153/153/4 148/148/4 152/152/4

v -0.506875 0.728776 0.64969
vt -5.40844 28.692
f 154/154/4 148/148/4 153/153/4

v -0.201251 0.693666 0.619847
vt 5.57902 27.3097
f 154/154/4 155/155/4 148/148/4

v -0.182758 0.6879 0.618041
vt 6.24387 27.0827
f 154/154/4 156/156/4 155/155/4

v -0.219259 0.651821 0.621605
vt 4.93161 25.6622
f 154/154/4 157/157/4 156/156/4

v -0.246912 0.624489 0.624305
vt 3.93748 24.5862
f 154/154/4 158/158/4 157/157/4

v -0.245713 0.609644 0.624188
vt 3.98057 24.0017
f 154/154/4 159/159/4 158/158/4

v -0.477252 0.607302 0.646797
vt -4.34349 23.9095
f 160/160/4 159/159/4 154/154/4

v -0.230444 0.596228 0.622697
vt 4.52953 23.4736
f 160/160/4 161/161/4 159/159/4

v -0.172911 0.588922 0.61708
vt 6.5979 23.1859
f 160/160/4 162/162/4 161/161/4

v -0.173671 0.585636 0.617154
vt 6.57057 23.0565
f 160/160/4 163/163/4 162/162/4

v -0.473551 0.578539 0.646436
vt -4.21041 22.7771
f 164/164/4 163/163/4 160/160/4

v -0.174684 0.57314 0.617253
vt 6.53412 22.5646
f 164/164/4 165/165/4 163/163/4

v -0.174178 0.56157 0.617203
vt 6.55235 22.109
f 164/164/4 166/166/4 165/165/4

v -0.17364 0.551114 0.617151
vt 6.57166 21.6974
f 164/164/4 167/167/4 166/166/4

v -0.174978 0.548982 0.617281
vt 6.52356 21.6135
f 164/164/4 168/168/4 167/167/4

v -0.230812 0.541582 0.622733
vt 4.5163 21.3221
f 164/164/4 169/169/4 168/168/4

v -0.476344 0.538845 0.646709
vt -4.31083 21.2144
f 170/170/4 169/169/4 164/164/4

v -0.480769 0.532418 0.647141
vt -4.46991 20.9613
f 171/171/4 169/169/4 170/170/4

v -0.310169 0.531065 0.630482
vt 1.66333 20.9081
f 171/171/4 172/172/4 169/169/4

v -0.323715 0.529269 0.631805
vt 1.17633 20.8374
f 171/171/4 173/173/4 172/172/4

v -0.326292 0.529039 0.632057
vt 1.08369 20.8283
f 171/171/4 174/174/4 173/173/4

v -0.473492 0.522449 0.64643
vt -4.2083 20.5689
f 175/175/4 174/174/4 171/171/4

v -0.453611 0.521798 0.644489
vt -3.49354 20.5432
f 176/176/4 174/174/4 175/175/4

v -0.41963 0.520685 0.641171
vt -2.2719 20.4994
f 174/174/4 176/176/4 177/177/4

usemtl Teddy_Skin_
v -0.478955 0.446902 0.646963
vt -4.40468 17.5946
vn 0.132747 -1.73259e-15 0.99115
v -0.478753 0.441284 0.646944
vt -4.39744 17.3734
v -0.478246 0.435683 0.646894
vt -4.37921 17.1529
v -0.477435 0.430111 0.646815
vt -4.35006 16.9335
v -0.476322 0.424582 0.646706
vt -4.31004 16.7158
v -0.47491 0.419112 0.646569
vt -4.25926 16.5005
v -0.473201 0.413711 0.646402
vt -4.19784 16.2879
v -0.468554 0.395682 0.645948
vt -4.03076 15.578
v -0.455316 0.332113 0.644655
vt -3.55485 13.0753
v -0.442078 0.268543 0.643363
vt -3.07894 10.5726
v -0.441961 0.204428 0.643351
vt -3.07471 8.04835
v -0.449133 0.134359 0.644052
vt -3.33257 5.28973
v -0.45097 0.0994191 0.644231
vt -3.39861 3.91414
v -0.451419 0.0908877 0.644275
vt -3.41473 3.57826
v -0.451551 0.0778602 0.644288
vt -3.41948 3.06536
v -0.450707 0.0729284 0.644205
vt -3.38916 2.8712
v -0.449066 0.0681493 0.644045
vt -3.33016 2.68304
v -0.44666 0.0636187 0.64381
vt -3.24367 2.50467
v -0.443538 0.0594277 0.643505
vt -3.13143 2.33967
v -0.439762 0.0556604 0.643137
vt -2.99568 2.19135
v -0.43559 0.05205 0.642729
vt -2.84568 2.04921
v -0.421156 0.0462118 0.64132
vt -2.32676 1.81936
v -0.405284 0.0449834 0.63977
vt -1.75616 1.771
v -0.389881 0.0485123 0.638266
vt -1.20238 1.90993
v -0.376794 0.0563749 0.636988
vt -0.731911 2.21948
v -0.370318 0.0642972 0.636356
vt -0.499092 2.53139
v -0.367596 0.0676272 0.63609
vt -0.401234 2.66249
v -0.36629 0.0703636 0.635962
vt -0.354297 2.77022
v -0.369801 0.0925085 0.636305
vt -0.480509 3.64207
v -0.36954 0.141032 0.63628
vt -0.471122 5.55244
v -0.375807 0.187238 0.636892
vt -0.696428 7.37156
v -0.381712 0.230776 0.637468
vt -0.90873 9.08568
v -0.383238 0.278157 0.637617
vt -0.963561 10.9511
v -0.376441 0.312652 0.636953
vt -0.719231 12.3091
v -0.355253 0.36356 0.634885
vt 0.0425127 14.3134
v -0.353565 0.368258 0.63472
vt 0.103201 14.4984
v -0.351994 0.37299 0.634566
vt 0.159663 14.6847
v -0.350542 0.377754 0.634425
vt 0.211871 14.8722
v -0.349209 0.382546 0.634294
vt 0.259798 15.0609
v -0.347996 0.387365 0.634176
vt 0.303418 15.2506
v -0.346903 0.392208 0.634069
vt 0.342709 15.4413
v -0.345931 0.397072 0.633974
vt 0.37765 15.6328
v -0.34508 0.401956 0.633891
vt 0.408225 15.825
v -0.344352 0.406855 0.63382
vt 0.434416 16.0179
v -0.343746 0.411769 0.633761
vt 0.45621 16.2114
v -0.343262 0.416694 0.633714
vt 0.473596 16.4053
v -0.342901 0.421627 0.633678
vt 0.486565 16.5995
v -0.339217 0.482425 0.633319
vt 0.619039 18.9931
v -0.331131 0.520404 0.632529
vt 0.909728 20.4883
v -0.329386 0.523518 0.632359
vt 0.972459 20.6109
v -0.471417 0.483331 0.646227
vt -4.1337 19.0288
v -0.477726 0.463713 0.646843
vt -4.3605 18.2564
v -0.47844 0.458131 0.646913
vt -4.38619 18.0366
v -0.47885 0.452522 0.646953
vt -4.40093 17.8158
f 178/178/5 179/179/5 180/180/5 181/181/5 182/182/5 183/183/5 184/184/5 185/185/5 186/186/5 187/187/5 188/188/5 189/189/5 190/190/5 191/191/5 192/192/5 193/193/5 194/194/5 195/195/5 196/196/5 197/197/5 198/198/5 199/199/5 200/200/5 201/201/5 202/202/5 203/203/5 204/204/5 205/205/5 206/206/5 207/207/5 208/208/5 209/209/5 210/210/5 211/211/5 212/212/5 213/213/5 214/214/5 215/215/5 216/216/5 217/217/5 218/218/5 219/219/5 220/220/5 221/221/5 222/222/5 223/223/5 224/224/5 225/225/5 226/226/5 227/227/5 174/174/5 177/177/5 176/176/5 228/228/5 229/229/5 230/230/5 231/231/5 

usemtl Teddy_Shoes
v -0.459538 0.0988061 0.645068
vt -3.70662 3.89
vn 0.132747 -3.54227e-14 0.99115
v -0.460141 0.0913378 0.645126
vt -3.72831 3.59598
v -0.460314 0.0838528 0.645143
vt -3.73454 3.30129
v -0.459798 0.0697827 0.645093
vt -3.71597 2.74735
v -0.458408 0.055757 0.644957
vt -3.666 2.19516
v -0.456911 0.0470433 0.644811
vt -3.61218 1.8521
v -0.45644 0.0448361 0.644765
vt -3.59524 1.7652
v -0.456186 0.0436483 0.64474
vt -3.58612 1.71844
v -0.454782 0.040661 0.644603
vt -3.53566 1.60083
v -0.451645 0.0339845 0.644297
vt -3.42288 1.33797
v -0.450212 0.0309353 0.644157
vt -3.37137 1.21793
v -0.441393 0.0195277 0.643296
vt -3.05429 0.768807
v -0.43009 0.00989562 0.642192
vt -2.64795 0.389591
v -0.42343 0.00616588 0.641542
vt -2.40853 0.242751
v -0.417848 0.00351051 0.640997
vt -2.20783 0.138209
v -0.411883 0.00157374 0.640414
vt -1.99338 0.0619581
v -0.405659 0.000395472 0.639806
vt -1.76962 0.0155697
v -0.399304 0 0.639186
vt -1.54115 -2.847e-27
v -0.392949 0.000395472 0.638565
vt -1.31268 0.0155697
v -0.386725 0.00157374 0.637958
vt -1.08892 0.0619581
v -0.382319 0.00300419 0.637527
vt -0.93054 0.118275
v -0.38076 0.00351051 0.637375
vt -0.874479 0.138209
v -0.375177 0.00616588 0.63683
vt -0.673777 0.242751
v -0.371364 0.00955262 0.636458
vt -0.536708 0.376087
v -0.364617 0.0186165 0.635799
vt -0.294119 0.732934
v -0.362449 0.0234208 0.635587
vt -0.216188 0.92208
v -0.360085 0.0286589 0.635356
vt -0.131221 1.1283
v -0.357952 0.0392795 0.635148
vt -0.0545093 1.54644
v -0.358089 0.0435386 0.635162
vt -0.0594622 1.71412
v -0.359302 0.0465511 0.63528
vt -0.10305 1.83272
v -0.360982 0.0524414 0.635444
vt -0.163464 2.06462
v -0.362023 0.0584412 0.635546
vt -0.200866 2.30083
v -0.364373 0.0643445 0.635775
vt -0.285362 2.53325
v -0.45287 0.128145 0.644416
vt -3.46691 5.04507
v -0.455168 0.120927 0.644641
vt -3.54952 4.7609
v -0.457048 0.113619 0.644824
vt -3.61712 4.47318
v -0.458506 0.106239 0.644967
vt -3.66953 4.18265
f 232/232/6 233/233/6 234/234/6 235/235/6 236/236/6 237/237/6 238/238/6 239/239/6 240/240/6 241/241/6 242/242/6 243/243/6 244/244/6 245/245/6 246/246/6 247/247/6 248/248/6 249/249/6 250/250/6 251/251/6 252/252/6 253/253/6 254/254/6 255/255/6 256/256/6 257/257/6 258/258/6 259/259/6 260/260/6 261/261/6 262/262/6 263/263/6 264/264/6 205/205/6 204/204/6 203/203/6 202/202/6 201/201/6 200/200/6 199/199/6 198/198/6 197/197/6 196/196/6 195/195/6 194/194/6 193/193/6 192/192/6 191/191/6 190/190/6 189/189/6 265/265/6 266/266/6 267/267/6 268/268/6 

v -0.27282 0.0690916 0.626835
vt 3.00606 2.72014
vn 0.132747 -5.41792e-15 0.99115
v -0.274715 0.0726471 0.62702
vt 2.93793 2.86012
v -0.278946 0.0668665 0.627434
vt 2.78581 2.63254
v -0.291764 0.0594207 0.628685
vt 2.32501 2.3394
v -0.306286 0.0548812 0.630103
vt 1.80292 2.16068
v -0.321649 0.0535184 0.631603
vt 1.25062 2.10702
v -0.336937 0.0554133 0.633096
vt 0.700998 2.18163
v -0.35124 0.0604532 0.634493
vt 0.186765 2.38005
v -0.354259 0.0623623 0.634787
vt 0.0782395 2.45521
v -0.363795 0.0683517 0.635719
vt -0.264599 2.69101
v -0.354827 0.0184278 0.634843
vt 0.0578164 0.725504
v -0.346501 0.0144831 0.63403
vt 0.357152 0.570201
v -0.337642 0.0116681 0.633165
vt 0.675646 0.459376
v -0.328433 0.0100409 0.632266
vt 1.00673 0.395312
v -0.319063 0.00963505 0.631351
vt 1.34358 0.379333
v -0.309726 0.0104589 0.630439
vt 1.67924 0.411766
v -0.300615 0.0124954 0.629549
vt 2.00679 0.491943
v -0.291917 0.0157026 0.6287
vt 2.31949 0.618211
v -0.283812 0.0200143 0.627909
vt 2.61087 0.787966
v -0.276467 0.0253418 0.627191
vt 2.87493 0.997707
v -0.270034 0.031575 0.626563
vt 3.10623 1.24311
v -0.267339 0.0350802 0.6263
vt 3.20311 1.38111
v -0.264215 0.0421684 0.625995
vt 3.31543 1.66017
v -0.265086 0.0466328 0.62608
vt 3.28409 1.83594
v -0.265931 0.0504791 0.626163
vt 3.25374 1.98737
v -0.266234 0.0516068 0.626192
vt 3.24284 2.03176
v -0.266955 0.0542925 0.626263
vt 3.21689 2.1375
v -0.268159 0.0580667 0.62638
vt 3.17363 2.28609
v -0.269539 0.0617953 0.626515
vt 3.12401 2.43289
v -0.271093 0.0654724 0.626667
vt 3.06813 2.57765
f 269/269/7 270/270/7 271/271/7 272/272/7 273/273/7 274/274/7 275/275/7 276/276/7 277/277/7 278/278/7 205/205/7 264/264/7 263/263/7 262/262/7 261/261/7 260/260/7 259/259/7 258/258/7 257/257/7 279/279/7 280/280/7 281/281/7 282/282/7 283/283/7 284/284/7 285/285/7 286/286/7 287/287/7 288/288/7 289/289/7 290/290/7 291/291/7 292/292/7 293/293/7 294/294/7 295/295/7 296/296/7 297/297/7 298/298/7 

usemtl Teddy_Skin_
vn 0.132747 -1.01665e-14 0.99115
v -0.324863 0.522987 0.631917
vt 1.13508 20.59
v -0.331385 0.489275 0.632554
vt 0.900588 19.2628
v -0.334465 0.458144 0.632855
vt 0.789871 18.0372
v -0.338581 0.427113 0.633257
vt 0.64187 16.8155
v -0.35334 0.335109 0.634698
vt 0.111286 13.1932
v -0.354184 0.32375 0.63478
vt 0.0809494 12.7461
v -0.357684 0.276644 0.635122
vt -0.0448714 10.8915
v -0.374586 0.202311 0.636772
vt -0.652515 7.96499
v -0.276776 0.0761329 0.627222
vt 2.86383 2.99736
v -0.278999 0.0795433 0.627439
vt 2.7839 3.13163
v -0.281382 0.0828726 0.627671
vt 2.69826 3.2627
v -0.283918 0.0861153 0.627919
vt 2.60706 3.39037
v -0.286606 0.089266 0.628181
vt 2.51044 3.51441
v -0.302079 0.133556 0.629692
vt 1.95418 5.2581
v -0.305534 0.194979 0.63003
vt 1.82997 7.67634
v -0.293503 0.244501 0.628855
vt 2.26249 9.62602
v -0.256505 0.341496 0.625242
vt 3.5926 13.4447
v -0.238168 0.406733 0.623452
vt 4.25182 16.0131
v -0.22966 0.458913 0.622621
vt 4.55771 18.0674
v -0.228236 0.483331 0.622482
vt 4.60891 19.0288
v -0.230692 0.537487 0.622722
vt 4.52059 21.1609
f 172/172/8 173/173/8 299/299/8 300/300/8 301/301/8 302/302/8 218/218/8 217/217/8 216/216/8 215/215/8 214/214/8 213/213/8 212/212/8 303/303/8 304/304/8 305/305/8 306/306/8 208/208/8 207/207/8 206/206/8 205/205/8 278/278/8 277/277/8 276/276/8 275/275/8 274/274/8 273/273/8 272/272/8 271/271/8 270/270/8 307/307/8 308/308/8 309/309/8 310/310/8 311/311/8 312/312/8 313/313/8 314/314/8 315/315/8 316/316/8 317/317/8 318/318/8 319/319/8 169/169/8 

usemtl Teddy_SkinShadow_
vn 0.132747 -1.0068e-15 0.99115
f 219/219/9 218/218/9 302/302/9 301/301/9 300/300/9 299/299/9 173/173/9 174/174/9 227/227/9 226/226/9 225/225/9 224/224/9 223/223/9 222/222/9 221/221/9 220/220/9 

usemtl Teddy_Dress
v -0.169864 0.61564 0.616782
vt 6.70741 24.2378
f 320/320/4 161/161/4 162/162/4

v -0.215223 0.613701 0.621211
vt 5.07672 24.1615
f 161/161/4 320/320/4 321/321/4

v -0.199833 0.639944 0.619708
vt 5.63 25.1947
f 321/321/4 320/320/4 322/322/4

v -0.169306 0.620777 0.616728
vt 6.72747 24.44
f 322/322/4 320/320/4 323/323/4

v -0.169054 0.625932 0.616703
vt 6.73654 24.643
f 322/322/4 323/323/4 324/324/4

v -0.168585 0.631588 0.616657
vt 6.75339 24.8657
f 322/322/4 324/324/4 325/325/4

v -0.168106 0.636803 0.61661
vt 6.77061 25.071
f 322/322/4 325/325/4 326/326/4

v -0.167634 0.642537 0.616564
vt 6.78758 25.2967
f 322/322/4 326/326/4 327/327/4

v -0.186516 0.660421 0.618408
vt 6.10876 26.0008
f 322/322/4 327/327/4 328/328/4

v -0.167141 0.648103 0.616516
vt 6.80531 25.5159
f 328/328/4 327/327/4 329/329/4

v -0.166643 0.653643 0.616468
vt 6.82321 25.734
f 328/328/4 329/329/4 330/330/4

v -0.166143 0.658936 0.616419
vt 6.84119 25.9424
f 328/328/4 330/330/4 331/331/4

v -0.16564 0.665548 0.61637
vt 6.85928 26.2027
f 328/328/4 331/331/4 332/332/4

v -0.171301 0.679763 0.616922
vt 6.65578 26.7623
f 328/328/4 332/332/4 333/333/4

v -0.164831 0.671008 0.616291
vt 6.88835 26.4176
f 333/333/4 332/332/4 334/334/4

v -0.164265 0.676345 0.616235
vt 6.90871 26.6278
f 333/333/4 334/334/4 335/335/4

v -0.163717 0.681952 0.616182
vt 6.92843 26.8485
f 333/333/4 335/335/4 336/336/4

v -0.162275 0.694241 0.616041
vt 6.98027 27.3323
f 333/333/4 336/336/4 337/337/4

v -0.162861 0.688041 0.616098
vt 6.95918 27.0882
f 337/337/4 336/336/4 338/338/4

v -0.159545 0.711838 0.615774
vt 7.07841 28.0251
f 333/333/4 337/337/4 339/339/4

v -0.161409 0.699427 0.615956
vt 7.0114 27.5365
f 339/339/4 337/337/4 340/340/4

v -0.160483 0.705581 0.615866
vt 7.04467 27.7788
f 339/339/4 340/340/4 341/341/4

v -0.15857 0.717278 0.615679
vt 7.11347 28.2393
f 333/333/4 339/339/4 342/342/4

v -0.15758 0.722661 0.615583
vt 7.14904 28.4512
f 333/333/4 342/342/4 343/343/4

usemtl Teddy_DressDepth
vn 0.132747 2.002e-14 0.99115
f 333/333/10 343/343/10 156/156/10 157/157/10 158/158/10 159/159/10 161/161/10 321/321/10 322/322/10 328/328/10 

usemtl Teddy_Dress
f 343/343/4 155/155/4 156/156/4

v -0.164304 0.730018 0.616239
vt 6.9073 28.7409
f 155/155/4 343/343/4 344/344/4

v -0.156278 0.727684 0.615455
vt 7.19584 28.649
f 344/344/4 343/343/4 345/345/4

v -0.154909 0.732826 0.615322
vt 7.24506 28.8514
f 344/344/4 345/345/4 346/346/4

f 344/344/4 346/346/4 148/148/4

v -0.15319 0.738227 0.615154
vt 7.30687 29.0641
f 148/148/4 346/346/4 347/347/4

v -0.151667 0.743934 0.615005
vt 7.36163 29.2887
f 148/148/4 347/347/4 348/348/4

v -0.149837 0.749462 0.614827
vt 7.42741 29.5064
f 148/148/4 348/348/4 349/349/4

v -0.148235 0.75501 0.61467
vt 7.48502 29.7248
f 148/148/4 349/349/4 350/350/4

v -0.146666 0.760298 0.614517
vt 7.5414 29.933
f 148/148/4 350/350/4 351/351/4

v -0.145401 0.76524 0.614393
vt 7.58688 30.1276
f 148/148/4 351/351/4 352/352/4

v -0.143311 0.771477 0.614189
vt 7.66203 30.3731
f 148/148/4 352/352/4 353/353/4

f 148/148/4 353/353/4 147/147/4

usemtl Teddy_DressDepth
vn 0.132747 3.71515e-14 0.99115
f 148/148/11 155/155/11 344/344/11

usemtl Teddy_Dress
v -0.115833 0.903638 0.611506
vt 8.64989 35.5763
f 354/354/4 108/108/4 109/109/4

v -0.407792 0.901974 0.640015
vt -1.8463 35.5108
f 108/108/4 354/354/4 355/355/4

v -0.403578 0.906517 0.639603
vt -1.69482 35.6897
f 355/355/4 354/354/4 356/356/4

v -0.11567 0.909222 0.61149
vt 8.65574 35.7961
f 356/356/4 354/354/4 357/357/4

v -0.393801 0.906727 0.638649
vt -1.34332 35.6979
f 356/356/4 357/357/4 358/358/4

f 358/358/4 357/357/4 73/73/4

v -0.115557 0.91527 0.611479
vt 8.6598 36.0342
f 359/359/4 73/73/4 357/357/4

f 73/73/4 359/359/4 74/74/4

v -0.115493 0.921208 0.611473
vt 8.66209 36.268
f 74/74/4 359/359/4 360/360/4

v -0.335377 0.922037 0.632944
vt 0.757084 36.3007
f 74/74/4 360/360/4 361/361/4

v -0.115453 0.926891 0.611469
vt 8.66354 36.4918
f 362/362/4 361/361/4 360/360/4

v -0.324468 0.925024 0.631879
vt 1.14926 36.4183
f 361/361/4 362/362/4 363/363/4

f 363/363/4 362/362/4 20/20/4

v -0.115732 0.932836 0.611496
vt 8.65354 36.7258
f 20/20/4 362/362/4 364/364/4

v -0.115777 0.93852 0.611501
vt 8.65191 36.9496
f 20/20/4 364/364/4 365/365/4

v -0.116114 0.943874 0.611534
vt 8.6398 37.1604
f 20/20/4 365/365/4 366/366/4

v -0.116518 0.950273 0.611573
vt 8.62528 37.4123
f 20/20/4 366/366/4 367/367/4

v -0.116941 0.955711 0.611614
vt 8.61007 37.6264
f 20/20/4 367/367/4 368/368/4

v -0.117099 0.961028 0.61163
vt 8.60436 37.8358
f 20/20/4 368/368/4 369/369/4

v -0.117214 0.967441 0.611641
vt 8.60025 38.0882
f 20/20/4 369/369/4 370/370/4

v -0.117295 0.972576 0.611649
vt 8.59733 38.2904
f 20/20/4 370/370/4 371/371/4

v -0.117338 0.97783 0.611653
vt 8.59577 38.4972
f 20/20/4 371/371/4 372/372/4

v -0.117671 0.983646 0.611686
vt 8.58382 38.7262
f 20/20/4 372/372/4 373/373/4

v -0.11775 0.989458 0.611693
vt 8.58098 38.955
f 20/20/4 373/373/4 374/374/4

v -0.123621 1.02132 0.612267
vt 8.3699 40.2096
f 20/20/4 374/374/4 375/375/4

v -0.124454 1.02521 0.612348
vt 8.33996 40.3628
f 20/20/4 375/375/4 376/376/4

v -0.130573 1.05337 0.612945
vt 8.11996 41.4711
f 20/20/4 376/376/4 377/377/4

v -0.131727 1.05392 0.613058
vt 8.07848 41.4929
f 20/20/4 377/377/4 378/378/4

usemtl Teddy_Skin_
v -0.157795 1.1136 0.615604
vt 7.14133 43.8424
vn 0.132747 -1.06187e-15 0.99115
v -0.156456 1.1122 0.615473
vt 7.18945 43.7872
v -0.153557 1.09734 0.61519
vt 7.29369 43.2025
v -0.153217 1.09573 0.615157
vt 7.3059 43.1391
v -0.154495 1.09487 0.615281
vt 7.25996 43.1052
v -0.159759 1.09495 0.615795
vt 7.0707 43.1081
v -0.171605 1.09493 0.616952
vt 6.64482 43.1077
v -0.186084 1.095 0.618366
vt 6.12431 43.1104
v -0.188691 1.09467 0.61862
vt 6.03059 43.0973
v -0.191777 1.09242 0.618922
vt 5.91962 43.0088
v -0.191271 1.08885 0.618872
vt 5.93781 42.868
v -0.188679 1.08613 0.618619
vt 6.03102 42.7609
v -0.183987 1.08395 0.618161
vt 6.1997 42.675
v -0.180061 1.08355 0.617778
vt 6.34082 42.6596
v -0.176136 1.08316 0.617395
vt 6.48193 42.6441
v -0.164293 1.08291 0.616238
vt 6.90769 42.6341
v -0.156521 1.08163 0.615479
vt 7.1871 42.5837
v -0.150909 1.07655 0.614931
vt 7.38888 42.3839
v -0.14702 1.07331 0.614551
vt 7.52867 42.2563
v -0.14328 1.06696 0.614186
vt 7.66313 42.0063
v -0.140469 1.06153 0.613912
vt 7.76421 41.7923
v -0.135128 1.05575 0.61339
vt 7.9562 41.565
v -0.128232 1.05224 0.612717
vt 8.20414 41.4268
v -0.125735 1.05148 0.612473
vt 8.2939 41.3968
v -0.120475 1.05127 0.611959
vt 8.483 41.3886
v -0.115241 1.05179 0.611448
vt 8.67117 41.4091
v -0.107744 1.05406 0.610716
vt 8.94069 41.4984
v -0.115322 1.08359 0.611456
vt 8.66824 42.6609
v -0.117342 1.08765 0.611654
vt 8.59563 42.821
v -0.122114 1.09369 0.612119
vt 8.42408 43.0585
v -0.129418 1.1066 0.612833
vt 8.16149 43.5669
v -0.139719 1.12152 0.613839
vt 7.79115 44.1544
v -0.145702 1.12908 0.614423
vt 7.57606 44.4522
v -0.1518 1.13631 0.615018
vt 7.35685 44.7365
v -0.154589 1.13967 0.615291
vt 7.25656 44.8687
v -0.156217 1.14125 0.615449
vt 7.19804 44.9309
v -0.16262 1.14504 0.616075
vt 6.96786 45.0803
v -0.171474 1.14841 0.616939
vt 6.64954 45.2128
v -0.176687 1.14908 0.617448
vt 6.46212 45.2393
v -0.188403 1.15068 0.618592
vt 6.04093 45.3023
v -0.192294 1.15007 0.618972
vt 5.90103 45.2782
v -0.195876 1.14654 0.619322
vt 5.77227 45.1394
v -0.195808 1.14231 0.619315
vt 5.77472 44.9729
v -0.194035 1.14052 0.619142
vt 5.83844 44.9023
v -0.190724 1.13855 0.618819
vt 5.95749 44.825
v -0.184241 1.13752 0.618186
vt 6.19054 44.7841
v -0.174032 1.13587 0.617189
vt 6.55758 44.7191
v -0.170159 1.13501 0.616811
vt 6.69681 44.6855
v -0.161211 1.13258 0.615937
vt 7.01852 44.5898
v -0.157235 1.12902 0.615549
vt 7.16145 44.4497
f 379/379/12 380/380/12 381/381/12 382/382/12 383/383/12 384/384/12 385/385/12 386/386/12 387/387/12 388/388/12 389/389/12 390/390/12 391/391/12 392/392/12 393/393/12 394/394/12 395/395/12 396/396/12 397/397/12 398/398/12 399/399/12 400/400/12 378/378/12 377/377/12 401/401/12 402/402/12 403/403/12 404/404/12 405/405/12 406/406/12 407/407/12 408/408/12 409/409/12 410/410/12 411/411/12 412/412/12 413/413/12 414/414/12 415/415/12 416/416/12 417/417/12 418/418/12 419/419/12 420/420/12 421/421/12 422/422/12 423/423/12 424/424/12 425/425/12 426/426/12 427/427/12 428/428/12 

usemtl Teddy_SkinShadow_
vn 0.132747 1.33423e-13 0.99115
vn 0.132747 6.75554e-14 0.99115
v -0.162362 1.11599 0.616049
vt 6.97714 43.9366
v -0.169962 1.11795 0.616792
vt 6.70389 44.0137
v -0.175163 1.1187 0.617299
vt 6.51692 44.0432
v -0.183058 1.11887 0.61807
vt 6.23308 44.0499
v -0.175022 1.11763 0.617286
vt 6.52199 44.0011
v -0.168647 1.11638 0.616663
vt 6.75119 43.952
v -0.163968 1.11508 0.616206
vt 6.91939 43.9009
f 380/380/13 379/379/14 429/429/14 430/430/14 431/431/14 432/432/14 433/433/13 434/434/13 435/435/13 

usemtl Teddy_Skin_
vn 0.132747 1.68776e-15 0.99115
v -0.160541 1.13122 0.615872
vt 7.04259 44.5364
v -0.167154 1.13266 0.616517
vt 6.80486 44.5929
v -0.177651 1.13269 0.617542
vt 6.42746 44.5942
v -0.187126 1.13271 0.618468
vt 6.08682 44.5951
v -0.198622 1.13204 0.61959
vt 5.67355 44.5685
v -0.206501 1.13155 0.620359
vt 5.39029 44.5491
v -0.211541 1.13016 0.620852
vt 5.20908 44.4945
v -0.213518 1.12704 0.621045
vt 5.13803 44.3716
v -0.213317 1.12344 0.621025
vt 5.14525 44.2298
v -0.210473 1.12093 0.620747
vt 5.24747 44.1313
v -0.206713 1.11983 0.62038
vt 5.38266 44.088
v -0.202107 1.11979 0.61993
vt 5.54827 44.0861
v -0.19587 1.11974 0.619321
vt 5.77247 44.0842
v -0.190923 1.11952 0.618838
vt 5.95032 44.0755
f 429/429/14 379/379/14 428/428/15 436/436/15 437/437/15 438/438/15 439/439/15 440/440/15 441/441/15 442/442/15 443/443/15 444/444/15 445/445/15 446/446/15 447/447/15 448/448/15 449/449/15 432/432/14 431/431/14 430/430/14 

usemtl Teddy_SkinShadow_
vn 0.132747 -1.04872e-13 0.99115
f 437/437/16 436/436/16 428/428/16 427/427/16 426/426/16 

usemtl Teddy_Dress
f 426/426/4 438/438/4 437/437/4

f 438/438/4 426/426/4 439/439/4

v -0.50492 1.14977 0.649499
vt -5.33816 45.2667
f 450/450/4 439/439/4 426/426/4

f 450/450/4 440/440/4 439/439/4

f 450/450/4 441/441/4 440/440/4

f 450/450/4 442/442/4 441/441/4

f 450/450/4 443/443/4 442/442/4

f 450/450/4 444/444/4 443/443/4

f 450/450/4 445/445/4 444/444/4

f 450/450/4 446/446/4 445/445/4

v -0.207307 1.11903 0.620438
vt 5.36132 44.0564
f 450/450/4 451/451/4 446/446/4

v -0.20942 1.1176 0.620645
vt 5.28534 44
f 450/450/4 452/452/4 451/451/4

f 25/25/4 452/452/4 450/450/4

f 24/24/4 452/452/4 25/25/4

v -0.210101 1.11405 0.620711
vt 5.26085 43.8602
f 24/24/4 453/453/4 452/452/4

v -0.208677 1.11069 0.620572
vt 5.31205 43.7278
f 24/24/4 454/454/4 453/453/4

v -0.203387 1.10753 0.620055
vt 5.50224 43.6036
f 24/24/4 455/455/4 454/454/4

v -0.195751 1.10636 0.61931
vt 5.77677 43.5575
f 24/24/4 456/456/4 455/455/4

v -0.183034 1.10463 0.618068
vt 6.23395 43.4894
f 24/24/4 457/457/4 456/456/4

v -0.173199 1.10315 0.617108
vt 6.58752 43.431
f 24/24/4 458/458/4 457/457/4

v -0.167259 1.10154 0.616528
vt 6.80107 43.3677
f 24/24/4 459/459/4 458/458/4

v -0.15978 1.09948 0.615797
vt 7.06995 43.2868
f 24/24/4 460/460/4 459/459/4

v -0.157907 1.09891 0.615614
vt 7.1373 43.2644
f 24/24/4 461/461/4 460/460/4

v -0.158413 1.09663 0.615664
vt 7.11911 43.1744
f 24/24/4 462/462/4 461/461/4

f 23/23/4 462/462/4 24/24/4

f 386/386/4 462/462/4 23/23/4

f 386/386/4 384/384/4 462/462/4

f 384/384/4 386/386/4 385/385/4

usemtl Teddy_DressShadow
vn 0.132747 6.25958e-14 0.99115
f 462/462/17 384/384/17 383/383/17 382/382/17 381/381/17 461/461/17 

usemtl Teddy_Skin_
vn 0.132747 -8.01494e-15 0.99115
f 380/380/18 435/435/18 434/434/18 433/433/18 432/432/18 449/449/18 448/448/18 447/447/18 451/451/18 452/452/18 453/453/18 454/454/18 455/455/18 456/456/18 457/457/18 458/458/18 459/459/18 460/460/18 461/461/18 381/381/18 

usemtl Teddy_Dress
f 446/446/4 451/451/4 447/447/4

f 23/23/4 387/387/4 386/386/4

f 23/23/4 388/388/4 387/387/4

f 23/23/4 389/389/4 388/388/4

f 23/23/4 390/390/4 389/389/4

f 22/22/4 390/390/4 23/23/4

f 22/22/4 391/391/4 390/390/4

f 22/22/4 392/392/4 391/391/4

v -0.175009 1.08235 0.617284
vt 6.52246 42.6123
f 22/22/4 463/463/4 392/392/4

v -0.165884 1.08119 0.616393
vt 6.85052 42.5665
f 22/22/4 464/464/4 463/463/4

f 21/21/4 464/464/4 22/22/4

v -0.158048 1.07731 0.615628
vt 7.13221 42.4138
f 21/21/4 465/465/4 464/464/4

v -0.154409 1.07384 0.615273
vt 7.26305 42.277
f 21/21/4 466/466/4 465/465/4

f 20/20/4 466/466/4 21/21/4

v -0.150545 1.07057 0.614896
vt 7.40197 42.1485
f 20/20/4 467/467/4 466/466/4

v -0.1456 1.06506 0.614413
vt 7.57975 41.9314
f 20/20/4 468/468/4 467/467/4

v -0.142234 1.06136 0.614084
vt 7.70076 41.7859
f 20/20/4 469/469/4 468/468/4

v -0.13952 1.05874 0.613819
vt 7.79834 41.6828
f 20/20/4 470/470/4 469/469/4

f 20/20/4 400/400/4 470/470/4

f 20/20/4 378/378/4 400/400/4

usemtl Teddy_DressShadow
vn 0.132747 2.31671e-14 0.99115
f 392/392/19 463/463/19 464/464/19 465/465/19 466/466/19 467/467/19 468/468/19 469/469/19 470/470/19 400/400/19 399/399/19 398/398/19 397/397/19 396/396/19 395/395/19 394/394/19 393/393/19 

usemtl Teddy_Dress
f 450/450/4 426/426/4 425/425/4

f 450/450/4 425/425/4 424/424/4

f 450/450/4 424/424/4 423/423/4

f 450/450/4 423/423/4 422/422/4

f 450/450/4 422/422/4 421/421/4

f 450/450/4 421/421/4 420/420/4

f 450/450/4 420/420/4 419/419/4

v -0.504388 1.15889 0.649447
vt -5.31904 45.6254
f 450/450/4 419/419/4 471/471/4

f 471/471/4 419/419/4 418/418/4

v -0.15681 1.17086 0.615507
vt 7.17672 46.0968
f 418/418/4 472/472/4 471/471/4

f 417/417/4 472/472/4 418/418/4

f 416/416/4 472/472/4 417/417/4

f 415/415/4 472/472/4 416/416/4

f 472/472/4 415/415/4 414/414/4

v -0.501441 1.20938 0.649159
vt -5.21309 47.6135
f 471/471/4 472/472/4 473/473/4

v -0.148224 1.21845 0.614669
vt 7.4854 47.9705
f 473/473/4 472/472/4 474/474/4

v -0.504522 1.2431 0.64946
vt -5.32385 48.9408
f 473/473/4 474/474/4 475/475/4

v -0.14187 1.22891 0.614049
vt 7.71384 48.3823
f 475/475/4 474/474/4 476/476/4

usemtl FrontColor
vn 0.132747 6.88078e-12 0.99115
v -0.145436 1.22264 0.614397
vt 7.58564 48.1353
v -0.142888 1.22695 0.614148
vt 7.67722 48.3051
f 474/474/20 477/477/20 478/478/20 476/476/20 

usemtl Teddy_Dress
v -0.140589 1.23138 0.613923
vt 7.7599 48.4794
f 475/475/4 476/476/4 479/479/4

v -0.138543 1.23591 0.613724
vt 7.83344 48.6577
f 475/475/4 479/479/4 480/480/4

v -0.136757 1.24053 0.613549
vt 7.89766 48.8396
f 475/475/4 480/480/4 481/481/4

v -0.135235 1.24522 0.613401
vt 7.95238 49.0246
f 475/475/4 481/481/4 482/482/4

v -0.493838 1.27763 0.648417
vt -4.93974 50.3004
f 475/475/4 482/482/4 483/483/4

v -0.133981 1.24999 0.613278
vt 7.99745 49.2121
f 483/483/4 482/482/4 484/484/4

v -0.132999 1.2548 0.613182
vt 8.03276 49.4018
f 483/483/4 484/484/4 485/485/4

v -0.132291 1.25966 0.613113
vt 8.05821 49.593
f 483/483/4 485/485/4 486/486/4

v -0.131859 1.26455 0.613071
vt 8.07373 49.7853
f 483/483/4 486/486/4 487/487/4

v -0.131705 1.26944 0.613056
vt 8.07928 49.9781
f 483/483/4 487/487/4 488/488/4

v -0.131828 1.27434 0.613068
vt 8.07485 50.1709
f 483/483/4 488/488/4 489/489/4

v -0.130696 1.27893 0.612957
vt 8.11555 50.3516
f 483/483/4 489/489/4 490/490/4

v -0.490584 1.30068 0.648099
vt -4.82278 51.2077
f 483/483/4 490/490/4 491/491/4

v -0.128246 1.28886 0.612718
vt 8.20363 50.7426
f 491/491/4 490/490/4 492/492/4

usemtl Teddy_DressShadow
vn 0.132747 2.1258e-13 0.99115
v -0.105964 1.25184 0.610542
vt 9.00469 49.2849
v -0.116105 1.27378 0.611533
vt 8.64012 50.1487
v -0.121842 1.30255 0.612093
vt 8.43385 51.2815
f 492/492/21 490/490/21 493/493/21 494/494/21 495/495/21 

usemtl Teddy_Dress
v 0.0147996 1.25851 0.59875
vt 13.3463 49.5477
f 493/493/4 496/496/4 494/494/4

v -0.0893308 1.23793 0.608918
vt 9.60267 48.7375
f 497/497/4 496/496/4 493/493/4

v -0.0699097 1.22004 0.607022
vt 10.3009 48.033
f 498/498/4 496/496/4 497/497/4

v -0.0404145 1.20176 0.604142
vt 11.3613 47.3135
f 498/498/4 499/499/4 496/496/4

v -0.0543491 1.18928 0.605503
vt 10.8603 46.822
f 499/499/4 498/498/4 500/500/4

v 0.0362242 1.215 0.596658
vt 14.1165 47.8346
f 500/500/4 501/501/4 499/499/4

v -0.0530407 1.18174 0.605375
vt 10.9073 46.5251
f 502/502/4 501/501/4 500/500/4

v 0.0291142 1.17932 0.597353
vt 13.8609 46.4301
f 502/502/4 503/503/4 501/501/4

v -0.05214 1.17655 0.605287
vt 10.9397 46.3208
f 504/504/4 503/503/4 502/502/4

v -0.0610042 1.16145 0.606152
vt 10.621 45.7266
f 505/505/4 503/503/4 504/504/4

v -0.0693572 1.14902 0.606968
vt 10.3207 45.2369
f 506/506/4 503/503/4 505/505/4

v -0.0733209 1.14251 0.607355
vt 10.1782 44.9809
f 507/507/4 503/503/4 506/506/4

v -0.0673634 1.1404 0.606773
vt 10.3924 44.8976
f 508/508/4 503/503/4 507/507/4

v -0.0595193 1.1401 0.606007
vt 10.6744 44.8857
f 509/509/4 503/503/4 508/508/4

v -0.0516378 1.13874 0.605238
vt 10.9578 44.8323
f 510/510/4 503/503/4 509/509/4

v 0.00835818 1.13651 0.599379
vt 13.1147 44.7445
f 510/510/4 511/511/4 503/503/4

v -0.0440514 1.13636 0.604497
vt 11.2305 44.7387
f 512/512/4 511/511/4 510/510/4

v -0.0369174 1.13302 0.6038
vt 11.487 44.607
f 513/513/4 511/511/4 512/512/4

v -0.0303838 1.12877 0.603162
vt 11.7219 44.4398
f 514/514/4 511/511/4 513/513/4

v -0.0245861 1.12371 0.602596
vt 11.9303 44.2405
f 515/515/4 511/511/4 514/514/4

v 0.00247902 1.12299 0.599953
vt 12.9033 44.2122
f 515/515/4 516/516/4 511/511/4

v -0.0196445 1.11794 0.602114
vt 12.108 44.0134
f 517/517/4 516/516/4 515/515/4

v -0.0181772 1.1156 0.60197
vt 12.1607 43.9212
f 518/518/4 516/516/4 517/517/4

v -0.0167099 1.11326 0.601827
vt 12.2135 43.829
f 519/519/4 516/516/4 518/518/4

v -0.0156616 1.11158 0.601725
vt 12.2511 43.7632
f 520/520/4 516/516/4 519/519/4

v -0.0127198 1.10477 0.601438
vt 12.3569 43.4949
f 521/521/4 516/516/4 520/520/4

v -0.0108803 1.09764 0.601258
vt 12.423 43.2143
f 522/522/4 516/516/4 521/521/4

v -0.0101812 1.09035 0.60119
vt 12.4482 42.927
f 516/516/4 522/522/4 523/523/4

usemtl Teddy_DressShadow
v -0.0263739 1.10634 0.602771
vt 11.866 43.5566
vn 0.132747 -1.28704e-14 0.99115
v -0.0330193 1.09933 0.60342
vt 11.6271 43.2808
v -0.0172406 1.0896 0.601879
vt 12.1944 42.8978
f 524/524/22 525/525/22 526/526/22 523/523/22 522/522/22 521/521/22 520/520/22 519/519/22 518/518/22 

usemtl Teddy_Skin_
vn 0.132747 5.04151e-15 0.99115
v -0.0759409 1.12602 0.607611
vt 10.084 44.3315
v -0.0850631 1.11467 0.608502
vt 9.7561 43.8845
v -0.0822379 1.11476 0.608226
vt 9.85766 43.8882
v -0.0765111 1.11435 0.607667
vt 10.0635 43.8719
v -0.0708739 1.11333 0.607116
vt 10.2662 43.8321
v -0.0654004 1.11174 0.606582
vt 10.463 43.7694
v -0.0601627 1.10959 0.60607
vt 10.6513 43.6845
v -0.0552295 1.1069 0.605588
vt 10.8286 43.5787
v -0.0506658 1.10371 0.605143
vt 10.9927 43.4532
v -0.0465317 1.10007 0.604739
vt 11.1413 43.3098
v -0.0428814 1.09602 0.604383
vt 11.2726 43.1504
v -0.0408197 1.09311 0.604181
vt 11.3467 43.0357
f 509/509/23 508/508/23 527/527/23 528/528/23 529/529/23 530/530/23 531/531/23 532/532/23 533/533/23 534/534/23 535/535/23 536/536/23 537/537/23 538/538/23 525/525/23 524/524/23 518/518/23 517/517/23 515/515/23 514/514/23 513/513/23 512/512/23 510/510/23 

usemtl Teddy_Bracelet
v -0.0616498 1.07648 0.606215
vt 10.5978 42.3813
vn 0.132747 -5.68711e-16 0.99115
v -0.059189 1.07466 0.605975
vt 10.6863 42.3094
v -0.0510527 1.07509 0.605181
vt 10.9788 42.3264
v -0.0450316 1.07737 0.604593
vt 11.1953 42.4163
v -0.041717 1.08066 0.604269
vt 11.3144 42.5456
v -0.0398179 1.0846 0.604084
vt 11.3827 42.7007
v -0.0389476 1.08876 0.603999
vt 11.414 42.8644
v -0.039763 1.09161 0.604078
vt 11.3847 42.9769
v -0.087979 1.11457 0.608786
vt 9.65127 43.8808
v -0.0899333 1.11415 0.608977
vt 9.58101 43.8643
v -0.0957961 1.1114 0.60955
vt 9.37023 43.756
v -0.0994156 1.10885 0.609903
vt 9.24011 43.6556
v -0.109056 1.10083 0.610844
vt 8.89351 43.3399
v -0.112115 1.09692 0.611143
vt 8.78354 43.1857
v -0.111208 1.09459 0.611055
vt 8.81614 43.0942
v -0.10903 1.09238 0.610842
vt 8.89447 43.007
v -0.105934 1.09207 0.61054
vt 9.00576 42.9948
v -0.0903913 1.08919 0.609022
vt 9.56454 42.8815
v -0.0777985 1.08519 0.607792
vt 10.0173 42.7242
v -0.0727283 1.08307 0.607297
vt 10.1995 42.6405
v -0.0676581 1.08094 0.606802
vt 10.3818 42.5568
f 539/539/24 540/540/24 541/541/24 542/542/24 543/543/24 544/544/24 545/545/24 546/546/24 538/538/24 537/537/24 536/536/24 535/535/24 534/534/24 533/533/24 532/532/24 531/531/24 530/530/24 529/529/24 528/528/24 547/547/24 548/548/24 549/549/24 550/550/24 551/551/24 552/552/24 553/553/24 554/554/24 555/555/24 556/556/24 557/557/24 558/558/24 559/559/24 

usemtl Teddy_Skin_
v -0.114887 1.09201 0.611414
vt 8.6839 42.9924
vn 0.132747 -5.38643e-15 0.99115
v -0.102749 1.05558 0.610229
vt 9.12026 41.5582
v -0.095253 1.05785 0.609497
vt 9.38976 41.6476
v -0.0915144 1.05901 0.609132
vt 9.52417 41.6933
v -0.0719479 1.06984 0.607221
vt 10.2276 42.1197
v -0.0665251 1.07334 0.606691
vt 10.4226 42.2574
v -0.072594 1.07763 0.607284
vt 10.2044 42.4265
f 560/560/25 408/408/25 407/407/25 406/406/25 405/405/25 561/561/25 562/562/25 563/563/25 564/564/25 565/565/25 566/566/25 557/557/25 556/556/25 555/555/25 554/554/25 

usemtl Teddy_BraceletShadow_
vn 0.132747 4.79274e-15 0.99115
f 559/559/26 558/558/26 557/557/26 566/566/26 565/565/26 539/539/26 

usemtl Teddy_Dress
v -0.0715217 1.14003 0.607179
vt 10.2429 44.8832
f 507/507/4 567/567/4 508/508/4

v -0.00108648 1.21151 0.600302
vt 12.7751 47.6971
f 499/499/4 501/501/4 568/568/4

v 0.023038 1.21514 0.597946
vt 13.6424 47.8401
f 568/568/4 501/501/4 569/569/4

usemtl Teddy_DressDepth
vn 0.132747 2.81616e-14 0.99115
f 501/501/27 496/496/27 499/499/27 568/568/27 569/569/27 

usemtl Teddy_Dress
v -0.0513155 1.34064 0.605206
vt 10.9694 52.781
f 494/494/4 496/496/4 570/570/4

f 494/494/4 570/570/4 495/495/4

v -0.285223 1.33082 0.628046
vt 2.56015 52.3943
f 495/495/4 570/570/4 571/571/4

v -0.283656 1.33122 0.627893
vt 2.61649 52.4103
f 571/571/4 570/570/4 572/572/4

v -0.282399 1.3319 0.627771
vt 2.6617 52.4369
f 572/572/4 570/570/4 573/573/4

v -0.281114 1.33303 0.627645
vt 2.70788 52.4814
f 573/573/4 570/570/4 574/574/4

v -0.279061 1.3356 0.627445
vt 2.7817 52.5828
f 574/574/4 570/570/4 575/575/4

v -0.253305 1.33935 0.62493
vt 3.70764 52.7303
f 575/575/4 570/570/4 576/576/4

v -0.214906 1.34618 0.62118
vt 5.08811 52.9991
f 576/576/4 570/570/4 577/577/4

v -0.0530651 1.34281 0.605377
vt 10.9065 52.8666
f 577/577/4 570/570/4 578/578/4

v -0.075776 1.37102 0.607595
vt 10.09 53.9773
f 577/577/4 578/578/4 579/579/4

v -0.180287 1.35472 0.6178
vt 6.33272 53.3353
f 577/577/4 579/579/4 580/580/4

v -0.146466 1.3656 0.614497
vt 7.54862 53.7638
f 580/580/4 579/579/4 581/581/4

v -0.121166 1.37917 0.612027
vt 8.45817 54.298
f 581/581/4 579/579/4 582/582/4

v -0.0833139 1.38039 0.608331
vt 9.81898 54.3459
f 582/582/4 579/579/4 583/583/4

v -0.103143 1.39195 0.610267
vt 9.1061 54.8013
f 582/582/4 583/583/4 584/584/4

v -0.0908517 1.38975 0.609067
vt 9.54799 54.7145
f 584/584/4 583/583/4 585/585/4

v -0.092911 1.39178 0.609268
vt 9.47396 54.7947
f 584/584/4 585/585/4 586/586/4

v -0.0992806 1.39808 0.60989
vt 9.24496 55.0425
f 584/584/4 586/586/4 587/587/4

usemtl Teddy_DressDepth
v -0.269616 1.41181 0.626522
vt 3.12124 55.5831
vn 0.132747 -1.38479e-14 0.99115
v -0.269804 1.41036 0.626541
vt 3.11448 55.5258
v -0.269992 1.4089 0.626559
vt 3.10773 55.4685
v -0.27207 1.40419 0.626762
vt 3.03303 55.2832
v -0.273585 1.4034 0.62691
vt 2.97856 55.2522
v -0.274745 1.40355 0.627023
vt 2.93685 55.2578
v -0.275394 1.40142 0.627087
vt 2.91351 55.1739
v -0.275647 1.39941 0.627111
vt 2.90442 55.0949
v -0.275289 1.39044 0.627076
vt 2.91729 54.7417
v -0.274136 1.35187 0.626964
vt 2.95874 53.2231
v -0.274141 1.35035 0.626964
vt 2.95856 53.1634
v -0.274249 1.34844 0.626975
vt 2.95468 53.0884
v -0.274809 1.34506 0.62703
vt 2.93455 52.9551
v -0.275808 1.34176 0.627127
vt 2.89862 52.8252
v -0.277232 1.33859 0.627266
vt 2.84743 52.7005
v -0.130728 1.42916 0.612961
vt 8.1144 56.2662
v -0.140166 1.43431 0.613882
vt 7.7751 56.4688
v -0.143112 1.43592 0.61417
vt 7.66918 56.5321
v -0.152301 1.44093 0.615067
vt 7.33882 56.7294
v -0.170532 1.44477 0.616847
vt 6.68341 56.8808
v -0.173891 1.44548 0.617175
vt 6.56265 56.9087
v -0.189002 1.43629 0.618651
vt 6.0194 56.547
v -0.196661 1.43058 0.619399
vt 5.74405 56.3221
v -0.20493 1.42563 0.620206
vt 5.44675 56.1271
v -0.213721 1.42149 0.621064
vt 5.13073 55.9642
v -0.222936 1.41821 0.621964
vt 4.79945 55.8351
v -0.232475 1.41583 0.622896
vt 4.4565 55.7413
v -0.242234 1.41437 0.623849
vt 4.10565 55.6837
v -0.252107 1.41384 0.624813
vt 3.7507 55.6631
v -0.261986 1.41426 0.625777
vt 3.39553 55.6795
v -0.264801 1.41427 0.626052
vt 3.29434 55.68
v -0.266552 1.41389 0.626223
vt 3.23139 55.6649
v -0.268134 1.4131 0.626378
vt 3.17453 55.6339
f 588/588/28 589/589/28 590/590/28 591/591/28 592/592/28 593/593/28 594/594/28 595/595/28 596/596/28 597/597/28 598/598/28 599/599/28 600/600/28 601/601/28 602/602/28 575/575/28 576/576/28 577/577/28 580/580/28 581/581/28 582/582/28 584/584/28 587/587/28 603/603/28 604/604/28 605/605/28 606/606/28 607/607/28 608/608/28 609/609/28 610/610/28 611/611/28 612/612/28 613/613/28 614/614/28 615/615/28 616/616/28 617/617/28 618/618/28 619/619/28 620/620/28 

usemtl Teddy_Bracelet
v -0.311885 1.40897 0.63065
vt 1.60162 55.4714
vn 0.132747 -1.16273e-13 0.99115
v -0.31175 1.40792 0.630637
vt 1.60648 55.4298
v -0.309771 1.40686 0.630443
vt 1.67763 55.3883
v -0.30864 1.4068 0.630333
vt 1.71828 55.3858
v -0.301306 1.40638 0.629617
vt 1.98196 55.3692
v -0.290887 1.40545 0.628599
vt 2.35653 55.3327
v -0.280501 1.40426 0.627585
vt 2.72993 55.2858
v -0.273279 1.41252 0.62688
vt 2.98955 55.6111
v -0.281499 1.41372 0.627683
vt 2.69402 55.6582
v -0.29885 1.41539 0.629377
vt 2.07027 55.7242
v -0.308856 1.41504 0.630354
vt 1.71052 55.7102
v -0.310936 1.41463 0.630557
vt 1.63576 55.694
v -0.311574 1.41278 0.630619
vt 1.61283 55.6212
v -0.311963 1.41016 0.630657
vt 1.59881 55.518
f 621/621/29 622/622/29 623/623/29 624/624/29 625/625/29 626/626/29 627/627/29 593/593/29 592/592/29 591/591/29 590/590/29 589/589/29 588/588/29 628/628/29 629/629/29 630/630/29 631/631/29 632/632/29 633/633/29 634/634/29 

usemtl Teddy_DressDepth
vn 0.132747 1.45421e-14 0.99115
v -0.312464 1.4162 0.630706
vt 1.58083 55.7558
v -0.313946 1.41732 0.630851
vt 1.52755 55.7999
v -0.3156 1.41821 0.631013
vt 1.46809 55.8352
v -0.317385 1.41887 0.631187
vt 1.40389 55.8609
v -0.325188 1.42109 0.631949
vt 1.12338 55.9485
v -0.333921 1.42381 0.632802
vt 0.809424 56.0556
v -0.342486 1.42695 0.633638
vt 0.501513 56.1791
v -0.350859 1.43049 0.634455
vt 0.200495 56.3186
v -0.359017 1.43443 0.635252
vt -0.0928015 56.4736
v -0.366938 1.43875 0.636026
vt -0.377571 56.6438
v -0.36791 1.43935 0.63612
vt -0.412506 56.6672
v -0.3746 1.44345 0.636774
vt -0.653032 56.8287
v -0.381982 1.4485 0.637495
vt -0.918426 57.0277
v -0.389064 1.45391 0.638186
vt -1.17302 57.2404
v -0.394333 1.45753 0.638701
vt -1.36245 57.3832
v -0.42206 1.4717 0.641408
vt -2.35927 57.941
v -0.430859 1.47527 0.642267
vt -2.67559 58.0817
v -0.455769 1.47754 0.6447
vt -3.57113 58.1709
v -0.474082 1.47832 0.646488
vt -4.22951 58.2017
v -0.491517 1.47442 0.64819
vt -4.85629 58.0481
v -0.508951 1.47052 0.649892
vt -5.48307 57.8944
v -0.529376 1.45634 0.651887
vt -6.21738 57.3362
v -0.550147 1.42775 0.653915
vt -6.9641 56.2106
v -0.519111 1.40363 0.650885
vt -5.84833 55.2612
v -0.480682 1.38115 0.647132
vt -4.46679 54.376
v -0.441287 1.36323 0.643285
vt -3.05049 53.6706
v -0.384437 1.34485 0.637734
vt -1.00669 52.9467
v -0.341446 1.33625 0.633536
vt 0.538888 52.6082
v -0.302397 1.33409 0.629723
vt 1.94273 52.5232
v -0.2899 1.33439 0.628503
vt 2.39201 52.5351
v -0.307544 1.36867 0.630226
vt 1.75769 53.8845
f 623/623/30 622/622/30 621/621/30 634/634/30 633/633/30 632/632/30 635/635/30 636/636/30 637/637/30 638/638/30 639/639/30 640/640/30 641/641/30 642/642/30 643/643/30 644/644/30 645/645/30 646/646/30 647/647/30 648/648/30 649/649/30 650/650/30 651/651/30 652/652/30 653/653/30 654/654/30 655/655/30 656/656/30 657/657/30 658/658/30 659/659/30 660/660/30 661/661/30 662/662/30 663/663/30 664/664/30 665/665/30 624/624/30 

usemtl Teddy_Skin_
v -0.380049 1.45624 0.637306
vt -0.848941 57.3322
vn 0.132747 2.01302e-14 0.99115
v -0.217643 1.42822 0.621448
vt 4.98971 56.229
v -0.225815 1.425 0.622245
vt 4.69592 56.1025
v -0.23447 1.42312 0.623091
vt 4.38477 56.0284
v -0.243351 1.42263 0.623958
vt 4.06551 56.009
v -0.252192 1.42354 0.624821
vt 3.74766 56.0447
v -0.26073 1.42582 0.625655
vt 3.44069 56.1346
v -0.268712 1.42941 0.626434
vt 3.15374 56.2759
v -0.275899 1.4342 0.627136
vt 2.89537 56.4644
v -0.279022 1.43715 0.627441
vt 2.78308 56.5808
v -0.280176 1.43811 0.627554
vt 2.74159 56.6185
v -0.282077 1.44004 0.627739
vt 2.67327 56.6946
v -0.283753 1.44214 0.627903
vt 2.61299 56.7772
v -0.28519 1.44438 0.628043
vt 2.56136 56.8654
v -0.286371 1.44674 0.628158
vt 2.5189 56.9584
v -0.287284 1.4492 0.628248
vt 2.48605 57.0552
v -0.287921 1.45173 0.62831
vt 2.46316 57.1549
v -0.288275 1.45431 0.628344
vt 2.45044 57.2563
v -0.288327 1.45749 0.62835
vt 2.44856 57.3813
v -0.288292 1.459 0.628346
vt 2.44982 57.4409
v -0.288033 1.46142 0.628321
vt 2.45912 57.5361
v -0.287573 1.46381 0.628276
vt 2.47567 57.6303
v -0.286914 1.46616 0.628212
vt 2.49935 57.723
v -0.286061 1.46846 0.628128
vt 2.53004 57.8135
v -0.285018 1.4707 0.628026
vt 2.56754 57.9015
v -0.283791 1.47285 0.627907
vt 2.61165 57.9864
v -0.282461 1.47499 0.627777
vt 2.65945 58.0703
v -0.275914 1.48549 0.627137
vt 2.89482 58.4837
v -0.274337 1.48816 0.626983
vt 2.95152 58.5891
v -0.272903 1.49091 0.626843
vt 3.00309 58.6971
v -0.271614 1.49371 0.626718
vt 3.04941 58.8075
v -0.270474 1.49657 0.626606
vt 3.09038 58.9199
v -0.269486 1.49947 0.62651
vt 3.12591 59.0342
v -0.268652 1.50241 0.626428
vt 3.15591 59.15
v -0.267973 1.50539 0.626362
vt 3.18031 59.2672
v -0.267452 1.50839 0.626311
vt 3.19905 59.3854
v -0.267226 1.50993 0.626289
vt 3.20717 59.446
v -0.273312 1.5063 0.626883
vt 2.98835 59.3033
v -0.283411 1.50357 0.62787
vt 2.62528 59.1956
v -0.288904 1.50291 0.628406
vt 2.42783 59.1698
v -0.294424 1.5025 0.628945
vt 2.22938 59.1534
v -0.299959 1.50232 0.629485
vt 2.03037 59.1465
v -0.305498 1.50239 0.630026
vt 1.83126 59.149
v -0.311027 1.50269 0.630566
vt 1.63249 59.1611
v -0.316533 1.50324 0.631104
vt 1.43452 59.1825
v -0.322005 1.50402 0.631638
vt 1.2378 59.2133
vn 0.132747 3.57149e-14 0.99115
v -0.323754 1.50445 0.631809
vt 1.17492 59.2304
v -0.325476 1.50497 0.631977
vt 1.11304 59.2508
v -0.327164 1.50557 0.632142
vt 1.05232 59.2744
v -0.328816 1.50625 0.632303
vt 0.992936 59.3012
v -0.330426 1.50701 0.63246
vt 0.93505 59.3312
v -0.33199 1.50785 0.632613
vt 0.878827 59.3641
v -0.333504 1.50876 0.632761
vt 0.824422 59.3999
v -0.334962 1.50974 0.632903
vt 0.771989 59.4386
v -0.336362 1.51079 0.63304
vt 0.721672 59.48
v -0.337698 1.51191 0.63317
vt 0.673614 59.524
v -0.338969 1.51309 0.633294
vt 0.627948 59.5705
v -0.340169 1.51433 0.633412
vt 0.584803 59.6193
v -0.351688 1.52511 0.634536
vt 0.170681 60.0437
v -0.365324 1.53499 0.635868
vt -0.319545 60.4327
v -0.366734 1.53635 0.636006
vt -0.370237 60.4862
v -0.367466 1.53721 0.636077
vt -0.39655 60.52
v -0.368133 1.53811 0.636142
vt -0.420536 60.5554
v -0.368732 1.53905 0.636201
vt -0.442085 60.5924
v -0.369261 1.54002 0.636252
vt -0.461101 60.6307
v -0.369717 1.54102 0.636297
vt -0.477498 60.6702
v -0.370099 1.54205 0.636334
vt -0.491201 60.7107
v -0.371763 1.5471 0.636497
vt -0.551051 60.9096
v -0.37223 1.54473 0.636542
vt -0.567838 60.8163
v -0.372861 1.54083 0.636604
vt -0.5905 60.6627
v -0.373221 1.5369 0.636639
vt -0.603468 60.508
v -0.373311 1.53296 0.636648
vt -0.606693 60.3528
v -0.373129 1.52902 0.63663
vt -0.600161 60.1977
v -0.372677 1.5251 0.636586
vt -0.583897 60.0433
v -0.371956 1.52121 0.636515
vt -0.557967 59.8903
v -0.370968 1.51738 0.636419
vt -0.522472 59.7392
v -0.369719 1.5136 0.636297
vt -0.477553 59.5906
v -0.366018 1.50357 0.635936
vt -0.344497 59.1957
v -0.36509 1.50086 0.635845
vt -0.311121 59.0891
v -0.364291 1.49812 0.635767
vt -0.282408 58.9811
v -0.363623 1.49535 0.635702
vt -0.258411 58.8719
v -0.363088 1.49255 0.63565
vt -0.239175 58.7618
v -0.362687 1.48974 0.63561
vt -0.224736 58.651
v -0.362419 1.48691 0.635584
vt -0.215123 58.5397
v -0.362287 1.48407 0.635571
vt -0.210352 58.428
v -0.362289 1.48123 0.635572
vt -0.210434 58.3163
v -0.362371 1.47889 0.63558
vt -0.213402 58.2239
v -0.362629 1.47655 0.635605
vt -0.222677 58.1319
v -0.363062 1.47424 0.635647
vt -0.238215 58.0408
v -0.363666 1.47195 0.635706
vt -0.259944 57.951
v -0.36444 1.46972 0.635782
vt -0.287761 57.8628
v -0.365379 1.46753 0.635873
vt -0.321538 57.7768
v -0.36648 1.46541 0.635981
vt -0.361116 57.6932
v -0.367588 1.4637 0.636089
vt -0.400932 57.6258
v -0.368901 1.46211 0.636217
vt -0.448148 57.5634
v -0.370403 1.46067 0.636364
vt -0.502155 57.5067
v -0.372075 1.4594 0.636527
vt -0.562251 57.4565
v -0.373894 1.4583 0.636705
vt -0.627658 57.4135
v -0.375838 1.45741 0.636895
vt -0.69753 57.3782
v -0.378498 1.45661 0.637154
vt -0.793165 57.3468
f 666/666/31 648/648/31 647/647/31 646/646/31 645/645/31 644/644/31 643/643/31 642/642/31 641/641/31 640/640/31 639/639/31 638/638/31 637/637/31 636/636/31 635/635/31 632/632/31 631/631/31 630/630/31 629/629/31 628/628/31 588/588/31 620/620/31 619/619/31 618/618/31 617/617/31 616/616/31 615/615/31 614/614/31 613/613/31 612/612/31 611/611/31 610/610/31 609/609/31 667/667/31 668/668/31 669/669/31 670/670/31 671/671/31 672/672/31 673/673/31 674/674/31 675/675/31 676/676/31 677/677/31 678/678/31 679/679/31 680/680/31 681/681/31 682/682/31 683/683/31 684/684/31 685/685/31 686/686/31 687/687/31 688/688/31 689/689/31 690/690/31 691/691/31 692/692/31 693/693/31 694/694/31 695/695/31 696/696/31 697/697/31 698/698/31 699/699/31 700/700/31 701/701/31 702/702/31 703/703/31 704/704/31 705/705/31 706/706/31 707/707/31 708/708/31 709/709/31 710/710/31 711/711/32 712/712/32 713/713/32 714/714/32 715/715/32 716/716/32 717/717/32 718/718/32 719/719/32 720/720/32 721/721/32 722/722/32 723/723/32 724/724/31 725/725/31 726/726/32 727/727/32 728/728/32 729/729/32 730/730/32 731/731/32 732/732/32 733/733/31 734/734/31 735/735/31 736/736/31 737/737/31 738/738/31 739/739/31 740/740/31 741/741/31 742/742/31 743/743/31 744/744/31 745/745/31 746/746/31 747/747/31 748/748/31 749/749/31 750/750/31 751/751/31 752/752/31 753/753/31 754/754/31 755/755/31 756/756/31 757/757/31 758/758/31 759/759/31 760/760/31 761/761/31 762/762/31 763/763/31 764/764/31 765/765/31 

usemtl Teddy_Hair
vn 0.132747 -2.00694e-14 0.99115
v -0.371302 1.54913 0.636452
vt -0.534464 60.9892
v -0.37304 1.55151 0.636621
vt -0.596957 61.083
v -0.374605 1.55449 0.636774
vt -0.653213 61.2003
v -0.376584 1.55869 0.636967
vt -0.724371 61.3658
v -0.378662 1.56395 0.63717
vt -0.799082 61.5729
v -0.380393 1.56931 0.637339
vt -0.861286 61.784
v -0.381769 1.57476 0.637474
vt -0.910762 61.9985
v -0.382786 1.58028 0.637573
vt -0.947333 62.2156
v -0.383441 1.58584 0.637637
vt -0.970869 62.4345
v -0.383731 1.59142 0.637665
vt -0.981285 62.6544
v -0.383654 1.59701 0.637658
vt -0.978544 62.8745
v -0.383212 1.60259 0.637615
vt -0.962656 63.0941
v -0.382406 1.60813 0.637536
vt -0.933678 63.3123
v -0.381239 1.61362 0.637422
vt -0.891712 63.5284
v -0.38085 1.6216 0.637384
vt -0.877734 63.8427
v -0.401446 1.59957 0.639395
vt -1.61818 62.9752
v -0.402909 1.56983 0.639538
vt -1.67077 61.8044
v -0.402931 1.55048 0.63954
vt -1.67155 61.0426
v -0.396298 1.51679 0.638892
vt -1.43309 59.716
v -0.411166 1.49681 0.640344
vt -1.96761 58.9296
v -0.436854 1.48797 0.642852
vt -2.8911 58.5815
vn 0.132747 -1.17865e-14 0.99115
f 765/765/33 764/764/33 763/763/33 762/762/33 761/761/33 760/760/33 759/759/33 758/758/33 757/757/33 756/756/33 755/755/33 754/754/33 753/753/33 752/752/33 751/751/33 750/750/33 749/749/33 748/748/33 747/747/33 746/746/33 745/745/33 744/744/33 743/743/33 742/742/33 741/741/33 740/740/33 739/739/33 738/738/33 737/737/33 736/736/33 735/735/33 734/734/33 733/733/33 766/766/33 767/767/33 768/768/33 769/769/33 770/770/33 771/771/33 772/772/33 773/773/33 774/774/33 775/775/33 776/776/33 777/777/33 778/778/33 779/779/33 780/780/33 781/781/33 782/782/33 783/783/33 784/784/33 785/785/33 786/786/34 652/652/34 651/651/33 650/650/33 649/649/33 648/648/33 666/666/33 

usemtl Teddy_SkinShadow_
vn 0.132747 5.12995e-14 0.99115
v -0.266015 1.51502 0.626171
vt 3.2507 59.6466
v -0.265504 1.51717 0.626121
vt 3.26909 59.7313
v -0.269077 1.51446 0.62647
vt 3.14062 59.6245
v -0.275397 1.51156 0.627087
vt 2.91342 59.5104
v -0.282271 1.51005 0.627758
vt 2.66629 59.4508
v -0.287816 1.50915 0.6283
vt 2.46695 59.4152
v -0.299072 1.50875 0.629399
vt 2.06228 59.3994
v -0.310281 1.50976 0.630493
vt 1.65929 59.4394
v -0.31256 1.51002 0.630716
vt 1.57738 59.4495
v -0.314817 1.5104 0.630936
vt 1.49621 59.4644
v -0.317047 1.5109 0.631154
vt 1.41606 59.4841
v -0.31924 1.51151 0.631368
vt 1.33722 59.5084
v -0.321389 1.51225 0.631578
vt 1.25996 59.5374
v -0.323487 1.5131 0.631783
vt 1.18455 59.571
v -0.325525 1.51407 0.631982
vt 1.11125 59.6089
v -0.327498 1.51514 0.632174
vt 1.04032 59.651
v -0.329399 1.51631 0.63236
vt 0.972005 59.6973
v -0.331219 1.51759 0.632538
vt 0.906552 59.7476
v -0.341314 1.52513 0.633523
vt 0.543617 60.0443
v -0.348806 1.53087 0.634255
vt 0.274284 60.2704
v -0.357713 1.53738 0.635125
vt -0.0459141 60.5268
v -0.366607 1.54391 0.635993
vt -0.36566 60.7837
f 705/705/35 704/704/35 703/703/35 702/702/35 787/787/35 788/788/35 789/789/35 790/790/35 791/791/35 792/792/35 793/793/35 794/794/35 795/795/35 796/796/35 797/797/35 798/798/35 799/799/35 800/800/35 801/801/35 802/802/35 803/803/35 804/804/35 805/805/35 806/806/35 807/807/35 808/808/35 766/766/35 733/733/35 732/732/32 731/731/32 730/730/32 729/729/32 728/728/32 727/727/32 726/726/32 725/725/35 724/724/35 723/723/32 722/722/32 721/721/32 720/720/32 719/719/32 718/718/32 717/717/32 716/716/32 715/715/32 714/714/32 713/713/32 712/712/32 711/711/32 710/710/35 709/709/35 708/708/35 707/707/35 706/706/35 

usemtl Teddy_Hair
v -0.174249 1.45573 0.61721
vt 6.5498 57.3122
vn 0.132747 2.12055e-14 0.99115
v -0.19404 1.48459 0.619143
vt 5.83827 58.4486
v -0.198411 1.49447 0.61957
vt 5.68114 58.8375
v -0.200206 1.50012 0.619745
vt 5.6166 59.0597
v -0.199746 1.50327 0.6197
vt 5.63313 59.184
v -0.196626 1.50901 0.619395
vt 5.74531 59.4099
v -0.188506 1.52146 0.618602
vt 6.03721 59.9001
v -0.183427 1.52925 0.618106
vt 6.21982 60.2069
v -0.182024 1.53141 0.617969
vt 6.27025 60.2916
v -0.179722 1.53494 0.617745
vt 6.35303 60.4306
v -0.17214 1.55608 0.617004
vt 6.62561 61.2631
v -0.170927 1.58203 0.616886
vt 6.6692 62.2848
v -0.176027 1.59909 0.617384
vt 6.48587 62.9563
v -0.186995 1.61572 0.618455
vt 6.09153 63.6109
v -0.204271 1.64191 0.620142
vt 5.47045 64.642
v -0.205781 1.6442 0.620289
vt 5.41616 64.7322
v -0.208944 1.60282 0.620598
vt 5.30247 63.103
v -0.230165 1.57741 0.62267
vt 4.53955 62.1028
v -0.227606 1.54615 0.62242
vt 4.63153 60.8719
v -0.217493 1.52641 0.621433
vt 4.99511 60.095
v -0.21333 1.52407 0.621026
vt 5.14477 60.0028
v -0.206871 1.50564 0.620396
vt 5.37698 59.2772
v -0.206871 1.49993 0.620396
vt 5.37698 59.0525
v -0.216877 1.48635 0.621373
vt 5.01727 58.5176
v -0.228832 1.47858 0.62254
vt 4.58748 58.212
v -0.238348 1.48672 0.623469
vt 4.24537 58.5325
v -0.24281 1.50564 0.623905
vt 4.08495 59.2772
v -0.24281 1.52499 0.623905
vt 4.08495 60.039
v -0.244406 1.55314 0.624061
vt 4.02755 61.1471
v -0.244932 1.55175 0.624112
vt 4.00865 61.0925
v -0.246323 1.54833 0.624248
vt 3.95865 60.9579
v -0.247797 1.54494 0.624392
vt 3.90565 60.8244
v -0.249354 1.54158 0.624544
vt 3.84968 60.6921
v -0.250993 1.53825 0.624704
vt 3.79077 60.5611
v -0.252713 1.53496 0.624872
vt 3.72894 60.4315
v -0.254513 1.5317 0.625048
vt 3.66423 60.3033
v -0.256392 1.52848 0.625231
vt 3.59666 60.1766
v -0.25835 1.5253 0.625422
vt 3.52628 60.0514
v -0.259367 1.52374 0.625522
vt 3.4897 59.9896
v -0.26364 1.51859 0.625939
vt 3.3361 59.787
v -0.173891 1.44683 0.617175
vt 6.56265 56.962
v -0.172915 1.4505 0.61708
vt 6.59775 57.1064
f 809/809/36 810/810/36 811/811/36 812/812/36 813/813/36 814/814/36 815/815/36 816/816/36 817/817/36 818/818/36 819/819/36 820/820/36 821/821/36 822/822/36 823/823/36 824/824/36 825/825/36 826/826/36 827/827/36 828/828/36 829/829/36 830/830/36 831/831/36 832/832/36 833/833/36 834/834/36 835/835/36 836/836/36 837/837/36 838/838/36 839/839/36 840/840/36 841/841/36 842/842/36 843/843/36 844/844/36 845/845/36 846/846/36 847/847/36 848/848/36 788/788/36 787/787/36 702/702/36 701/701/36 700/700/36 699/699/36 698/698/36 697/697/36 696/696/36 695/695/36 694/694/36 693/693/36 692/692/36 691/691/36 690/690/36 689/689/36 688/688/36 687/687/36 686/686/36 685/685/36 684/684/36 683/683/36 682/682/36 681/681/36 680/680/36 679/679/36 678/678/36 677/677/36 676/676/36 675/675/36 674/674/36 673/673/36 672/672/36 671/671/36 670/670/36 669/669/36 668/668/36 667/667/36 609/609/36 608/608/36 849/849/36 850/850/36 

usemtl Teddy_Brim
v -0.120772 1.62426 0.611988
vt 8.47234 63.9473
vn 0.132747 6.24117e-15 0.99115
v -0.121927 1.6355 0.612101
vt 8.43081 64.3899
v -0.143517 1.64257 0.614209
vt 7.65463 64.6681
v -0.1711 1.64499 0.616903
vt 6.66298 64.7633
v -0.208855 1.64886 0.620589
vt 5.30564 64.9156
v -0.182832 1.52459 0.618048
vt 6.24121 60.0232
v -0.176045 1.52853 0.617386
vt 6.48519 60.1782
v -0.169464 1.53274 0.616743
vt 6.72179 60.3442
v -0.163102 1.53723 0.616122
vt 6.95051 60.5209
v -0.156973 1.54198 0.615523
vt 7.17086 60.7079
v -0.15109 1.54698 0.614949
vt 7.38237 60.9049
v -0.145464 1.55223 0.6144
vt 7.58461 61.1114
v -0.135744 1.56531 0.61345
vt 7.93408 61.6263
v -0.133486 1.5696 0.61323
vt 8.01526 61.7952
v -0.128544 1.57995 0.612747
vt 8.19293 62.2027
v -0.124769 1.5907 0.612379
vt 8.32863 62.626
v -0.1222 1.60175 0.612128
vt 8.42099 63.0608
v -0.120863 1.61297 0.611997
vt 8.46905 63.5028
f 851/851/37 852/852/37 853/853/37 854/854/37 855/855/37 824/824/37 823/823/37 822/822/37 821/821/37 820/820/37 819/819/37 818/818/37 817/817/37 816/816/37 815/815/37 856/856/37 857/857/37 858/858/37 859/859/37 860/860/37 861/861/37 862/862/37 863/863/37 864/864/37 865/865/37 866/866/37 867/867/37 868/868/37 

usemtl Teddy_Brim2
v -0.123368 1.64317 0.612242
vt 8.37898 64.6916
vn 0.132747 -1.31916e-13 0.99115
v -0.124014 1.64454 0.612305
vt 8.35578 64.7456
v -0.124841 1.64582 0.612386
vt 8.32603 64.7962
v -0.127723 1.64972 0.612667
vt 8.22244 64.9498
v -0.133486 1.65752 0.61323
vt 8.01526 65.2568
v -0.134675 1.65899 0.613346
vt 7.9725 65.3147
v -0.136009 1.66036 0.613476
vt 7.92453 65.3684
v -0.137477 1.6616 0.61362
vt 7.87176 65.4174
v -0.139066 1.66271 0.613775
vt 7.81466 65.4612
v -0.140761 1.66369 0.61394
vt 7.75371 65.4995
v -0.142548 1.66451 0.614115
vt 7.68946 65.532
v -0.148135 1.6668 0.61466
vt 7.48862 65.6219
v -0.154703 1.66984 0.615302
vt 7.25249 65.7418
v -0.159071 1.67213 0.615728
vt 7.09544 65.8318
v -0.17935 1.66799 0.617708
vt 6.36641 65.6688
v -0.22978 1.67089 0.622633
vt 4.5534 65.7831
v -0.216711 1.65817 0.621356
vt 5.02324 65.2823
v -0.211929 1.65352 0.62089
vt 5.19513 65.0991
v -0.122658 1.64011 0.612173
vt 8.40453 64.5711
v -0.122916 1.64173 0.612198
vt 8.39526 64.6351
f 869/869/38 870/870/38 871/871/38 872/872/38 873/873/38 874/874/38 875/875/38 876/876/38 877/877/38 878/878/38 879/879/38 880/880/38 881/881/38 882/882/38 883/883/38 884/884/38 885/885/38 886/886/38 855/855/38 854/854/38 853/853/38 852/852/38 887/887/38 888/888/38 

usemtl Teddy_Brim
vn 0.132747 -7.67562e-14 0.99115
v -0.165855 1.67599 0.616391
vt 6.85154 65.9839
v -0.169329 1.67797 0.61673
vt 6.72666 66.0618
v -0.179251 1.68452 0.617699
vt 6.36994 66.3197
v -0.188662 1.69167 0.618618
vt 6.03163 66.6012
v -0.197516 1.69939 0.619482
vt 5.71331 66.9052
v -0.202895 1.70401 0.620007
vt 5.51994 67.0869
v -0.20868 1.70819 0.620572
vt 5.31194 67.2517
v -0.214832 1.71192 0.621173
vt 5.09078 67.3983
v -0.220872 1.69917 0.621763
vt 4.87365 66.8963
v -0.249286 1.68173 0.624537
vt 3.85214 66.21
v -0.234177 1.67517 0.623062
vt 4.39532 65.9516
f 882/882/39 889/889/39 890/890/39 891/891/39 892/892/39 893/893/39 894/894/39 895/895/39 896/896/39 897/897/39 898/898/39 899/899/39 884/884/39 883/883/39 

usemtl Teddy_Brim2
vn 0.132747 -4.48408e-14 0.99115
v -0.221306 1.71515 0.621805
vt 4.85805 67.5257
v -0.228055 1.71788 0.622464
vt 4.6154 67.6331
v -0.235032 1.72008 0.623145
vt 4.36456 67.7196
v -0.242235 1.72204 0.623849
vt 4.10562 67.7969
v -0.268119 1.7202 0.626376
vt 3.17507 67.7245
v -0.276172 1.71941 0.627163
vt 2.88555 67.6933
v -0.284159 1.71818 0.627942
vt 2.59843 67.6447
v -0.29205 1.71651 0.628713
vt 2.31472 67.5791
v -0.299818 1.71441 0.629472
vt 2.03544 67.4966
v -0.307435 1.7119 0.630215
vt 1.76161 67.3975
v -0.314874 1.70897 0.630942
vt 1.49419 67.2823
v -0.320766 1.70662 0.631517
vt 1.28234 67.1899
v -0.326783 1.70456 0.632105
vt 1.06603 67.1086
v -0.332908 1.70278 0.632703
vt 0.845819 67.0384
v -0.339126 1.70128 0.63331
vt 0.622295 66.9797
v -0.345419 1.70009 0.633924
vt 0.396048 66.9325
v -0.351771 1.69919 0.634545
vt 0.167677 66.8971
v -0.359673 1.69825 0.635316
vt -0.1164 66.8604
v -0.386792 1.69671 0.637964
vt -1.09135 66.7998
v -0.393997 1.69629 0.638668
vt -1.35039 66.7832
v -0.418149 1.69316 0.641026
vt -2.21867 66.6598
v -0.424582 1.69313 0.641654
vt -2.44991 66.6587
v -0.430995 1.69268 0.64228
vt -2.68048 66.641
v -0.435796 1.69203 0.642749
vt -2.85309 66.6152
v -0.437356 1.69181 0.642902
vt -2.90918 66.6068
v -0.442551 1.69075 0.643409
vt -3.09595 66.5649
v -0.418218 1.66834 0.641033
vt -2.22114 65.6826
v -0.394231 1.66266 0.638691
vt -1.3588 65.459
v -0.372885 1.67418 0.636606
vt -0.591393 65.9124
v -0.355412 1.68106 0.6349
vt 0.0367854 66.1834
v -0.337939 1.68794 0.633194
vt 0.664963 66.4544
v -0.307564 1.69289 0.630228
vt 1.75696 66.6491
v -0.271167 1.69124 0.626674
vt 3.06547 66.5843
v -0.257796 1.68543 0.625368
vt 3.54617 66.3556
f 898/898/40 897/897/40 896/896/40 900/900/40 901/901/40 902/902/40 903/903/40 904/904/40 905/905/40 906/906/40 907/907/40 908/908/40 909/909/40 910/910/40 911/911/40 912/912/40 913/913/40 914/914/40 915/915/40 916/916/40 917/917/40 918/918/40 919/919/40 920/920/40 921/921/40 922/922/40 923/923/40 924/924/40 925/925/40 926/926/40 927/927/40 928/928/40 929/929/40 930/930/40 931/931/40 932/932/40 933/933/40 

usemtl Teddy_Hat
vn 0.132747 8.62817e-14 0.99115
v -0.245889 1.73227 0.624206
vt 3.97427 68.1998
v -0.252029 1.74146 0.624805
vt 3.75352 68.5615
v -0.260324 1.74911 0.625615
vt 3.45528 68.8625
v -0.270328 1.7548 0.626592
vt 3.09564 69.0866
v -0.280913 1.75722 0.627626
vt 2.71511 69.1821
v -0.291723 1.75859 0.628681
vt 2.32648 69.2357
v -0.302631 1.75887 0.629746
vt 1.93432 69.2469
v -0.313509 1.75807 0.630808
vt 1.54326 69.2155
v -0.324227 1.7562 0.631855
vt 1.15791 69.1418
v -0.3359 1.75274 0.632995
vt 0.73827 69.0055
v -0.346958 1.74788 0.634075
vt 0.340723 68.8142
v -0.357201 1.74171 0.635075
vt -0.0275385 68.5712
v -0.366445 1.73434 0.635977
vt -0.359848 68.2809
v -0.370483 1.73012 0.636372
vt -0.505019 68.1148
v -0.37468 1.72526 0.636782
vt -0.655914 67.9237
v -0.378328 1.72005 0.637138
vt -0.78706 67.7186
v -0.381391 1.71454 0.637437
vt -0.897158 67.5014
v -0.383837 1.70877 0.637676
vt -0.985117 67.2744
v -0.385644 1.70281 0.637852
vt -1.05006 67.0397
f 911/911/41 910/910/41 909/909/41 908/908/41 907/907/41 906/906/41 905/905/41 904/904/41 903/903/41 934/934/41 935/935/41 936/936/41 937/937/41 938/938/41 939/939/41 940/940/41 941/941/41 942/942/41 943/943/41 944/944/41 945/945/41 946/946/41 947/947/41 948/948/41 949/949/41 950/950/41 951/951/41 952/952/41 918/918/41 917/917/41 916/916/41 915/915/41 914/914/41 913/913/41 912/912/41 

usemtl Teddy_Brim
vn 0.132747 -2.33931e-14 0.99115
v -0.448595 1.6891 0.643999
vt -3.31322 66.4998
v -0.454492 1.68705 0.644575
vt -3.52524 66.4193
v -0.467183 1.67844 0.645814
vt -3.98149 66.0802
v -0.483812 1.65756 0.647438
vt -4.5793 65.2581
v -0.488764 1.64776 0.647921
vt -4.75734 64.8725
v -0.492542 1.63754 0.64829
vt -4.89316 64.4701
v -0.493019 1.63558 0.648337
vt -4.91032 64.3927
v -0.495102 1.62701 0.64854
vt -4.9852 64.0554
v -0.496148 1.61847 0.648642
vt -5.02282 63.7192
v -0.496416 1.61629 0.648669
vt -5.03243 63.6333
v -0.496467 1.6055 0.648674
vt -5.03428 63.2086
v -0.495862 1.60013 0.648614
vt -5.01252 62.9973
v -0.494618 1.59322 0.648493
vt -4.96781 62.7253
v -0.493191 1.58529 0.648354
vt -4.91648 62.4131
v -0.488586 1.57085 0.647904
vt -4.75092 61.8446
v -0.482113 1.55702 0.647272
vt -4.51824 61.3001
v -0.475003 1.5458 0.646578
vt -4.26261 60.8581
v -0.473868 1.544 0.646467
vt -4.2218 60.7875
v -0.470475 1.53988 0.646135
vt -4.09982 60.6253
v -0.463968 1.53198 0.6455
vt -3.86591 60.3143
v -0.452559 1.52114 0.644386
vt -3.45573 59.8873
v -0.449148 1.51812 0.644053
vt -3.33309 59.7684
v -0.445547 1.51529 0.643701
vt -3.20364 59.657
v -0.44177 1.51266 0.643333
vt -3.06784 59.5534
v -0.437829 1.51023 0.642948
vt -2.92616 59.458
v -0.433738 1.50803 0.642548
vt -2.7791 59.3712
v -0.438032 1.55111 0.642968
vt -2.93348 61.0674
v -0.425383 1.61034 0.641732
vt -2.47874 63.3991
v -0.41078 1.6467 0.640307
vt -1.95375 64.8306
f 926/926/42 925/925/42 953/953/42 954/954/42 955/955/42 956/956/42 957/957/42 958/958/42 959/959/42 960/960/42 961/961/42 962/962/42 963/963/42 964/964/42 965/965/42 966/966/42 967/967/42 968/968/42 969/969/42 970/970/42 971/971/42 972/972/42 973/973/42 974/974/42 975/975/42 976/976/42 977/977/42 978/978/42 979/979/42 980/980/42 981/981/42 927/927/42 

usemtl Teddy_HairLight
vn 0.132747 -3.50355e-15 0.99115
v -0.434584 1.50335 0.642631
vt -2.80952 59.187
v -0.436037 1.4988 0.642773
vt -2.86176 59.0077
v -0.438076 1.49443 0.642972
vt -2.93506 58.836
v -0.440672 1.49033 0.643225
vt -3.02838 58.6742
v -0.443787 1.48653 0.64353
vt -3.14038 58.5248
v -0.447377 1.4831 0.64388
vt -3.26944 58.3899
v -0.45139 1.48009 0.644272
vt -3.41371 58.2714
v -0.38056 1.62757 0.637356
vt -0.867289 64.0775
v -0.380461 1.62959 0.637346
vt -0.863755 64.1569
v -0.379925 1.64059 0.637294
vt -0.844483 64.5902
v -0.379823 1.64269 0.637284
vt -0.840811 64.6727
v -0.379662 1.64599 0.637268
vt -0.83502 64.8029
v -0.379185 1.65579 0.637221
vt -0.817867 65.1885
v -0.375659 1.66516 0.636877
vt -0.691111 65.5575
f 979/979/43 978/978/43 982/982/43 983/983/43 984/984/43 985/985/43 986/986/43 987/987/43 988/988/43 652/652/34 786/786/34 785/785/43 784/784/43 783/783/43 782/782/43 781/781/43 780/780/43 989/989/43 990/990/43 991/991/43 992/992/43 993/993/43 994/994/43 995/995/43 929/929/43 928/928/43 927/927/43 981/981/43 980/980/43 

usemtl Teddy_Skin_
vn 0.132747 -2.15057e-14 0.99115
v -0.243625 1.5552 0.623985
vt 4.05563 61.2282
v -0.242403 1.55867 0.623865
vt 4.09956 61.365
v -0.241267 1.56217 0.623754
vt 4.14042 61.5027
v -0.240781 1.56373 0.623707
vt 4.15789 61.564
v -0.240168 1.56561 0.623647
vt 4.17993 61.6383
v -0.23964 1.56724 0.623595
vt 4.1989 61.7022
v -0.238727 1.5708 0.623506
vt 4.23174 61.8426
v -0.238044 1.57441 0.62344
vt 4.2563 61.9847
v -0.237593 1.57805 0.623396
vt 4.27249 62.128
v -0.233858 1.61893 0.623031
vt 4.40676 63.7373
v -0.233674 1.62208 0.623013
vt 4.4134 63.8614
v -0.246613 1.6132 0.624276
vt 3.94821 63.5117
v -0.250141 1.6132 0.624621
vt 3.82138 63.5117
v -0.269012 1.6132 0.626463
vt 3.14297 63.5117
v -0.283071 1.62285 0.627836
vt 2.63751 63.8917
v -0.285821 1.62474 0.628105
vt 2.53865 63.966
v -0.285821 1.62796 0.628105
vt 2.53865 64.093
v -0.285821 1.63201 0.628105
vt 2.53865 64.2522
v -0.291151 1.63376 0.628625
vt 2.34703 64.3213
v -0.300931 1.63376 0.62958
vt 1.99543 64.3213
v -0.307118 1.63188 0.630184
vt 1.77301 64.2474
v -0.307118 1.622 0.630184
vt 1.77301 63.8583
v -0.32495 1.61034 0.631926
vt 1.13193 63.3993
v -0.351454 1.60962 0.634514
vt 0.179104 63.3708
v -0.366589 1.62413 0.635991
vt -0.365033 63.9421
v -0.366589 1.62869 0.635991
vt -0.365033 64.1217
f 768/768/44 767/767/44 766/766/44 808/808/44 807/807/44 806/806/44 805/805/44 804/804/44 803/803/44 802/802/44 801/801/44 800/800/44 799/799/44 798/798/44 797/797/44 796/796/44 795/795/44 794/794/44 793/793/44 792/792/44 791/791/44 790/790/44 789/789/44 788/788/44 848/848/44 847/847/44 846/846/44 845/845/44 844/844/44 843/843/44 842/842/44 841/841/44 840/840/44 839/839/44 838/838/44 837/837/44 996/996/44 997/997/44 998/998/44 999/999/44 1000/1000/44 1001/1001/44 1002/1002/44 1003/1003/44 1004/1004/44 1005/1005/44 1006/1006/44 1007/1007/44 1008/1008/44 1009/1009/44 1010/1010/44 1011/1011/44 1012/1012/44 1013/1013/44 1014/1014/44 1015/1015/44 1016/1016/44 1017/1017/44 1018/1018/44 1019/1019/44 1020/1020/44 1021/1021/44 990/990/44 989/989/44 780/780/44 779/779/44 778/778/44 777/777/44 776/776/44 775/775/44 774/774/44 773/773/44 772/772/44 771/771/44 770/770/44 769/769/44 

usemtl Teddy_HairLight
v -0.229804 1.62474 0.622635
vt 4.55252 63.966
vn 0.132747 -4.61588e-15 0.99115
v -0.238906 1.6577 0.623524
vt 4.22531 65.2639
v -0.236294 1.64684 0.623269
vt 4.31921 64.8363
v -0.229804 1.64239 0.622635
vt 4.55252 64.6609
f 1022/1022/45 1006/1006/45 1005/1005/45 1004/1004/45 1003/1003/45 1002/1002/45 1001/1001/45 1000/1000/45 999/999/45 998/998/45 997/997/45 996/996/45 837/837/45 836/836/45 835/835/45 834/834/45 833/833/45 832/832/45 831/831/45 830/830/45 829/829/45 828/828/45 827/827/45 826/826/45 825/825/45 824/824/45 855/855/45 886/886/45 885/885/45 884/884/45 899/899/45 898/898/45 1023/1023/45 1024/1024/45 1025/1025/45 

usemtl Teddy_Glasses
v -0.234818 1.62702 0.623125
vt 4.37226 64.056
vn 0.132747 7.11138e-15 0.99115
f 1026/1026/46 1006/1006/46 1022/1022/46

v -0.248288 1.61778 0.62444
vt 3.88801 63.692
f 1027/1027/46 1006/1006/46 1026/1026/46

f 1008/1008/46 1006/1006/46 1027/1027/46

f 1006/1006/46 1008/1008/46 1007/1007/46

f 1008/1008/46 1027/1027/46 1009/1009/46

v -0.267337 1.61778 0.6263
vt 3.20317 63.692
f 1028/1028/46 1009/1009/46 1027/1027/46

f 1009/1009/46 1028/1028/46 1010/1010/46

v -0.280807 1.62702 0.627615
vt 2.71891 64.056
f 1010/1010/46 1028/1028/46 1029/1029/46

usemtl Teddy_Skin_
vn 0.132747 0 0.99115
v -0.234818 1.6401 0.623125
vt 4.37226 64.5709
v -0.248288 1.64935 0.62444
vt 3.88801 64.9349
v -0.267337 1.64935 0.6263
vt 3.20317 64.9349
v -0.280807 1.6401 0.627615
vt 2.71891 64.5709
f 1026/1026/47 1030/1030/47 1031/1031/47 1032/1032/47 1033/1033/47 1029/1029/47 1028/1028/47 1027/1027/47 

usemtl Teddy_Glasses
f 1026/1026/46 1025/1025/46 1030/1030/46

f 1026/1026/46 1022/1022/46 1025/1025/46

f 1030/1030/46 1025/1025/46 1031/1031/46

f 1031/1031/46 1025/1025/46 1024/1024/46

v -0.246613 1.65393 0.624276
vt 3.94821 65.1152
f 1031/1031/46 1024/1024/46 1034/1034/46

usemtl Teddy_Skin_
vn 0.132747 3.60999e-14 0.99115
v -0.366589 1.64122 0.635991
vt -0.365033 64.6148
v -0.366589 1.64266 0.635991
vt -0.365033 64.6716
v -0.354337 1.65089 0.634795
vt 0.0754363 64.9958
v -0.325082 1.65184 0.631938
vt 1.12718 65.0332
v -0.309221 1.64147 0.63039
vt 1.69741 64.625
v -0.30817 1.64079 0.630287
vt 1.73521 64.5979
v -0.285821 1.64079 0.628105
vt 2.53865 64.5979
v -0.285821 1.64239 0.628105
vt 2.53865 64.6609
v -0.283836 1.64375 0.627911
vt 2.61002 64.7145
v -0.2741 1.65043 0.62696
vt 2.96005 64.9777
v -0.269012 1.65393 0.626463
vt 3.14297 65.1152
v -0.278766 1.68362 0.627416
vt 2.79227 66.2844
v -0.299915 1.68241 0.629481
vt 2.03197 66.2366
v -0.328177 1.67084 0.632241
vt 1.01593 65.7812
v -0.355335 1.6607 0.634893
vt 0.0395657 65.3821
f 992/992/48 991/991/48 1035/1035/48 1036/1036/48 1037/1037/48 1038/1038/48 1039/1039/48 1040/1040/48 1041/1041/48 1042/1042/48 1043/1043/48 1044/1044/48 1045/1045/48 1034/1034/48 1024/1024/48 1023/1023/48 898/898/48 933/933/48 1046/1046/48 1047/1047/48 1048/1048/48 1049/1049/48 994/994/48 993/993/48 

usemtl Teddy_Glasses
vn 0.132747 1.44375e-13 0.99115
f 991/991/49 990/990/49 1021/1021/49 1035/1035/49 

vn 0.132747 1.5601e-14 0.99115
v -0.361575 1.64034 0.635502
vt -0.184773 64.5805
f 1021/1021/50 1050/1050/50 1035/1035/50

v -0.361575 1.62596 0.635502
vt -0.184773 64.0142
f 1021/1021/50 1051/1051/50 1050/1050/50

f 1020/1020/50 1051/1051/50 1021/1021/50

v -0.34936 1.61425 0.634309
vt 0.254383 63.5531
f 1020/1020/50 1052/1052/50 1051/1051/50

f 1019/1019/50 1052/1052/50 1020/1020/50

f 1052/1052/50 1019/1019/50 1018/1018/50

v -0.32662 1.61488 0.632089
vt 1.07191 63.578
f 1018/1018/50 1053/1053/50 1052/1052/50

f 1053/1053/50 1018/1018/50 1017/1017/50

v -0.312132 1.62435 0.630674
vt 1.59274 63.9509
f 1053/1053/50 1017/1017/50 1054/1054/50

f 1054/1054/50 1017/1017/50 1016/1016/50

v -0.312132 1.63775 0.630674
vt 1.59274 64.4782
f 1054/1054/50 1016/1016/50 1055/1055/50

v -0.307118 1.6401 0.630184
vt 1.77301 64.5709
f 1055/1055/50 1016/1016/50 1056/1056/50

vn 0.132747 3.03648e-14 0.99115
f 1056/1056/51 1016/1016/51 1015/1015/51 1014/1014/51 1013/1013/51 1041/1041/51 1040/1040/51 

f 1013/1013/46 1033/1033/46 1041/1041/46

f 1012/1012/46 1033/1033/46 1013/1013/46

f 1012/1012/46 1029/1029/46 1033/1033/46

f 1011/1011/46 1029/1029/46 1012/1012/46

f 1010/1010/46 1029/1029/46 1011/1011/46

f 1041/1041/46 1033/1033/46 1032/1032/46

f 1041/1041/46 1032/1032/46 1042/1042/46

f 1042/1042/46 1032/1032/46 1043/1043/46

f 1043/1043/46 1032/1032/46 1044/1044/46

f 1032/1032/46 1034/1034/46 1044/1044/46

f 1031/1031/46 1034/1034/46 1032/1032/46

f 1044/1044/46 1034/1034/46 1045/1045/46

v -0.32662 1.64722 0.632089
vt 1.07191 64.8511
f 1057/1057/50 1056/1056/50 1040/1040/50

f 1055/1055/50 1056/1056/50 1057/1057/50

usemtl Teddy_Skin_
v -0.35262 1.64636 0.634627
vt 0.137183 64.8174
f 1050/1050/47 1051/1051/47 1052/1052/47 1053/1053/47 1054/1054/47 1055/1055/47 1057/1057/47 1058/1058/47 

usemtl Teddy_Glasses
f 1037/1037/50 1058/1058/50 1057/1057/50

f 1036/1036/50 1058/1058/50 1037/1037/50

f 1035/1035/50 1058/1058/50 1036/1036/50

f 1035/1035/50 1050/1050/50 1058/1058/50

f 1057/1057/50 1038/1038/50 1037/1037/50

f 1057/1057/50 1039/1039/50 1038/1038/50

f 1057/1057/50 1040/1040/50 1039/1039/50

usemtl Teddy_SkinShadow_
vn 0.132747 -1.6545e-14 0.99115
f 929/929/52 995/995/52 994/994/52 1049/1049/52 1048/1048/52 1047/1047/52 1046/1046/52 933/933/52 932/932/52 931/931/52 930/930/52 

usemtl Teddy_Dress
vn 0.132747 4.93868e-15 0.99115
v -0.553526 1.42047 0.654245
vt -7.08558 55.9239
v -0.570554 1.38377 0.655908
vt -7.69777 54.4792
v -0.574841 1.36976 0.656326
vt -7.8519 53.9277
v -0.592062 1.3135 0.658008
vt -8.471 51.7125
v -0.609747 1.20134 0.659735
vt -9.10678 47.2969
v -0.607611 1.16512 0.659526
vt -9.02999 45.871
v -0.596192 1.11209 0.658411
vt -8.61946 43.7832
v -0.575058 1.06952 0.656348
vt -7.85968 42.1072
v -0.530859 1.1557 0.652032
vt -6.27069 45.5001
v -0.527563 1.18806 0.65171
vt -6.15219 46.7742
v -0.521313 1.20225 0.6511
vt -5.92751 47.3325
v -0.491267 1.33358 0.648166
vt -4.84731 52.5031
v -0.482344 1.36976 0.647294
vt -4.52655 53.9277
v -0.483077 1.37386 0.647366
vt -4.55288 54.0892
f 657/657/53 1059/1059/53 1060/1060/53 1061/1061/53 1062/1062/53 1063/1063/53 1064/1064/53 1065/1065/53 1066/1066/53 93/93/53 92/92/53 91/91/53 90/90/53 89/89/53 88/88/53 87/87/53 86/86/53 85/85/53 84/84/53 83/83/53 82/82/53 32/32/53 31/31/53 30/30/53 1067/1067/53 1068/1068/53 1069/1069/53 475/475/53 483/483/53 491/491/53 1070/1070/53 1071/1071/53 1072/1072/53 659/659/53 658/658/53 

f 491/491/4 495/495/4 1070/1070/4

f 491/491/4 492/492/4 495/495/4

f 1070/1070/4 495/495/4 571/571/4

v -0.287093 1.33114 0.628229
vt 2.49291 52.4071
f 1070/1070/4 571/571/4 1073/1073/4

usemtl Teddy_Skin_
vn 0.132747 5.54857e-14 0.99115
v -0.288681 1.33226 0.628384
vt 2.43583 52.4511
f 594/594/54 593/593/54 627/627/54 626/626/54 625/625/54 624/624/54 665/665/54 664/664/54 1074/1074/54 1073/1073/54 571/571/54 572/572/54 573/573/54 574/574/54 575/575/54 602/602/54 601/601/54 600/600/54 599/599/54 598/598/54 597/597/54 596/596/54 595/595/54 

usemtl Teddy_Dress
f 663/663/4 1074/1074/4 664/664/4

f 1070/1070/4 1074/1074/4 663/663/4

f 1070/1070/4 1073/1073/4 1074/1074/4

f 662/662/4 1070/1070/4 663/663/4

f 661/661/4 1070/1070/4 662/662/4

f 1070/1070/4 661/661/4 1071/1071/4

f 1071/1071/4 661/661/4 660/660/4

f 1071/1071/4 660/660/4 659/659/4

f 1071/1071/4 659/659/4 1072/1072/4

usemtl Teddy_BookJacket
v -0.342931 0.925697 0.633681
vt 0.485506 36.4448
vn 0.132747 -9.69613e-16 0.99115
v -0.402216 0.936673 0.63947
vt -1.64585 36.8769
v -0.297271 1.07153 0.629223
vt 2.12703 42.1862
v -0.332659 0.929679 0.632678
vt 0.854795 36.6015
f 1075/1075/55 1076/1076/55 79/79/55 78/78/55 77/77/55 76/76/55 75/75/55 361/361/55 363/363/55 20/20/55 19/19/55 1077/1077/55 1078/1078/55 

usemtl Teddy_Paper
vn 0.132747 -2.34371e-15 0.99115
f 1077/1077/56 19/19/56 18/18/56 17/17/56 16/16/56 15/15/56 14/14/56 81/81/56 80/80/56 79/79/56 1076/1076/56 1075/1075/56 1078/1078/56 

usemtl Teddy_Dress
f 74/74/4 361/361/4 75/75/4

f 358/358/4 73/73/4 72/72/4

usemtl Teddy_DressShadow
vn 0.132747 5.168e-13 0.99115
f 62/62/57 61/61/57 60/60/57 108/108/57 355/355/57 356/356/57 358/358/57 72/72/57 71/71/57 70/70/57 69/69/57 68/68/57 67/67/57 66/66/57 65/65/57 64/64/57 63/63/57 

usemtl Teddy_Dress
f 59/59/4 108/108/4 60/60/4

usemtl Teddy_Paper
vn 0.132747 -2.22028e-12 0.99115
v -0.54823 0.972721 0.653728
vt -6.89521 38.2961
f 49/49/58 97/97/58 1079/1079/58 103/103/58 102/102/58 

usemtl Teddy_BookJacket
vn 0.132747 1.55471e-12 0.99115
v -0.552413 0.97459 0.654136
vt -7.04559 38.3697
v -0.55322 0.975884 0.654215
vt -7.07458 38.4206
v -0.553263 0.977028 0.654219
vt -7.07614 38.4657
v -0.553685 0.975377 0.654261
vt -7.0913 38.4007
v -0.553299 0.974404 0.654223
vt -7.07742 38.3624
v -0.551675 0.973418 0.654064
vt -7.01905 38.3235
f 97/97/59 96/96/59 1080/1080/59 1081/1081/59 1082/1082/59 1083/1083/59 1084/1084/59 1085/1085/59 1079/1079/59 

usemtl Teddy_BookCover
v -0.547517 0.999526 0.653658
vt -6.86957 39.3514
vn 0.132747 5.96142e-15 0.99115
f 1086/1086/60 1082/1082/60 1081/1081/60 1080/1080/60 96/96/60 95/95/60 

g Mesh2 Chris1 Model

usemtl Chris_Shirt
v 57.6448 200.938 -3.62621
vt -1.34894 36.9165
vn 0.132747 1.05189e-14 0.99115
v 57.642 200.93 -3.62593
vt -1.45122 36.6246
v 57.642 200.906 -3.62593
vt -1.45122 35.6874
v 57.6447 200.904 -3.62619
vt -1.35457 35.6039
v 57.6538 200.897 -3.62708
vt -1.02822 35.3219
v 57.6744 200.914 -3.62909
vt -0.287393 35.9811
v 57.665 200.924 -3.62817
vt -0.625862 36.377
v 57.6573 200.935 -3.62743
vt -0.900696 36.8195
v 57.6516 200.947 -3.62687
vt -1.1056 37.2985
v 57.6458 200.953 -3.6263
vt -1.31526 37.5313
v 57.6461 200.945 -3.62633
vt -1.30308 37.2223
f 1087/1087/61 1088/1088/61 1089/1089/61 1090/1090/61 1091/1091/61 1092/1092/61 1093/1093/61 1094/1094/61 1095/1095/61 1096/1096/61 1097/1097/61 

usemtl Chris_Pants
v 57.5694 200.102 -3.61885
vt -4.05966 4.02444
vn 0.132747 1.45884e-14 0.99115
v 57.5826 200.144 -3.62013
vt -3.58507 5.67166
v 57.6808 200.366 -3.62972
vt -0.0562471 14.4161
v 57.6974 200.395 -3.63134
vt 0.539096 15.5503
v 57.7135 200.431 -3.63291
vt 1.12024 16.9502
v 57.7282 200.467 -3.63434
vt 1.64667 18.3717
v 57.7413 200.503 -3.63562
vt 2.11761 19.8124
v 57.7613 200.552 -3.63758
vt 2.83648 21.7482
v 57.7797 200.602 -3.63938
vt 3.49996 23.7036
v 57.7966 200.652 -3.64103
vt 4.10749 25.6771
v 57.8062 200.684 -3.64197
vt 4.45305 26.9464
v 57.8158 200.717 -3.6429
vt 4.79861 28.2157
v 57.8208 200.726 -3.64338
vt 4.97531 28.5808
v 57.8273 200.744 -3.64403
vt 5.21145 29.3069
v 57.8336 200.763 -3.64464
vt 5.43817 30.036
v 57.8388 200.771 -3.64515
vt 5.6251 30.3557
v 57.8437 200.779 -3.64562
vt 5.79866 30.6828
v 57.8481 200.788 -3.64606
vt 5.95855 31.0168
v 57.7717 200.923 -3.6386
vt 3.21273 36.3548
v 57.7556 200.916 -3.63702
vt 2.63293 36.0702
v 57.7387 200.911 -3.63537
vt 2.02426 35.854
v 57.7212 200.907 -3.63366
vt 1.39479 35.7093
v 57.7033 200.905 -3.63192
vt 0.752848 35.6379
v 57.6853 200.905 -3.63016
vt 0.106956 35.6407
v 57.6815 200.908 -3.62979
vt -0.0301691 35.7475
v 57.6779 200.911 -3.62943
vt -0.161731 35.861
v 57.6277 200.785 -3.62453
vt -1.96521 30.9057
v 57.6198 200.665 -3.62376
vt -2.24913 26.1766
v 57.6161 200.545 -3.6234
vt -2.38383 21.4408
v 57.6093 200.519 -3.62274
vt -2.62492 20.4428
v 57.5888 200.452 -3.62074
vt -3.3621 17.7952
v 57.5724 200.384 -3.61913
vt -3.95395 15.1113
v 57.56 200.315 -3.61792
vt -4.39872 12.3992
v 57.5518 200.246 -3.61712
vt -4.69507 9.66696
v 57.5477 200.176 -3.61672
vt -4.84214 6.92258
v 57.5476 200.16 -3.61672
vt -4.84312 6.3115
v 57.5499 200.145 -3.61693
vt -4.76327 5.70565
v 57.5543 200.13 -3.61737
vt -4.60399 5.11569
v 57.5609 200.116 -3.61801
vt -4.36807 4.55199
f 1098/1098/62 1099/1099/62 1100/1100/62 1101/1101/62 1102/1102/62 1103/1103/62 1104/1104/62 1105/1105/62 1106/1106/62 1107/1107/62 1108/1108/62 1109/1109/62 1110/1110/62 1111/1111/62 1112/1112/62 1113/1113/62 1114/1114/62 1115/1115/62 1116/1116/62 1117/1117/62 1118/1118/62 1119/1119/62 1120/1120/62 1121/1121/62 1122/1122/62 1123/1123/62 1092/1092/62 1091/1091/62 1090/1090/62 1124/1124/62 1125/1125/62 1126/1126/62 1127/1127/62 1128/1128/62 1129/1129/62 1130/1130/62 1131/1131/62 1132/1132/62 1133/1133/62 1134/1134/62 1135/1135/62 1136/1136/62 

v 57.6072 200.139 -3.62253
vt -2.70304 5.47775
vn 0.132747 -6.8715e-14 0.99115
v 57.5889 200.104 -3.62075
vt -3.35829 4.08492
v 57.6085 200.104 -3.62266
vt -2.65434 4.08999
v 57.6281 200.103 -3.62457
vt -1.95217 4.03966
v 57.6518 200.099 -3.62689
vt -1.09709 3.89713
v 57.6593 200.097 -3.62761
vt -0.830913 3.83275
v 57.6672 200.095 -3.62839
vt -0.545596 3.75466
v 57.6501 200.116 -3.62673
vt -1.1584 4.56135
v 57.63 200.13 -3.62476
vt -1.88191 5.10182
f 1137/1137/63 1099/1099/63 1098/1098/63 1138/1138/63 1139/1139/63 1140/1140/63 1141/1141/63 1142/1142/63 1143/1143/63 1144/1144/63 1145/1145/63 

v 57.6946 200.362 -3.63107
vt 0.440144 14.2486
vn 0.132747 2.0825e-14 0.99115
v 57.6791 200.162 -3.62955
vt -0.118451 6.38088
v 57.6833 200.23 -3.62996
vt 0.0331671 9.03729
v 57.6798 200.297 -3.62962
vt -0.0923863 11.6951
v 57.6887 200.329 -3.63049
vt 0.229104 12.9603
f 1146/1146/64 1101/1101/64 1100/1100/64 1099/1099/64 1137/1137/64 1145/1145/64 1144/1144/64 1143/1143/64 1147/1147/64 1148/1148/64 1149/1149/64 1150/1150/64 

usemtl Chris_Shoe
v 57.6597 200.088 -3.62766
vt -0.815599 3.46094
vn 0.132747 8.64183e-14 0.99115
v 57.5655 200.08 -3.61846
vt -4.20153 3.16269
v 57.5605 200.059 -3.61797
vt -4.38095 2.30796
v 57.5545 200.037 -3.61738
vt -4.59757 1.4619
v 57.5544 200.033 -3.61737
vt -4.60178 1.31379
v 57.5547 200.03 -3.61741
vt -4.58792 1.16627
v 57.5556 200.026 -3.6175
vt -4.55617 1.02154
v 57.5792 200.016 -3.6198
vt -3.70945 0.621051
v 57.6043 200.01 -3.62225
vt -2.80547 0.375797
v 57.6303 200.007 -3.62479
vt -1.87245 0.293431
v 57.6562 200.01 -3.62732
vt -0.939484 0.376523
v 57.6814 200.016 -3.62977
vt -0.0356973 0.62248
v 57.6812 200.025 -3.62976
vt -0.0417603 0.994557
v 57.6801 200.035 -3.62965
vt -0.0814907 1.36456
v 57.6781 200.044 -3.62945
vt -0.154791 1.7294
v 57.675 200.053 -3.62915
vt -0.264318 2.08504
v 57.6711 200.062 -3.62877
vt -0.406237 2.42905
v 57.6663 200.07 -3.6283
vt -0.577874 2.75923
v 57.6621 200.079 -3.62789
vt -0.730227 3.09874
f 1151/1151/65 1142/1142/65 1141/1141/65 1140/1140/65 1139/1139/65 1138/1138/65 1098/1098/65 1152/1152/65 1153/1153/65 1154/1154/65 1155/1155/65 1156/1156/65 1157/1157/65 1158/1158/65 1159/1159/65 1160/1160/65 1161/1161/65 1162/1162/65 1163/1163/65 1164/1164/65 1165/1165/65 1166/1166/65 1167/1167/65 1168/1168/65 1169/1169/65 

usemtl Chris_Shoe_Sole
v 57.6611 200.002 -3.6278
vt -0.763588 0.0671118
vn 0.132747 -2.84654e-14 0.99115
v 57.6802 200.005 -3.62967
vt -0.0760007 0.181876
v 57.681 200.01 -3.62974
vt -0.0496541 0.401611
v 57.5663 200.011 -3.61853
vt -4.17426 0.438366
v 57.5839 200.004 -3.62026
vt -3.54022 0.14864
v 57.6031 200.001 -3.62213
vt -2.85056 0.0470848
v 57.6224 200 -3.62402
vt -2.15509 -0.000490881
v 57.6418 200 -3.62591
vt -1.45802 0.00619905
f 1170/1170/66 1171/1171/66 1172/1172/66 1162/1162/66 1161/1161/66 1160/1160/66 1159/1159/66 1158/1158/66 1157/1157/66 1173/1173/66 1174/1174/66 1175/1175/66 1176/1176/66 1177/1177/66 

usemtl Chris_Pants
v 57.9044 200.89 -3.65155
vt 7.9811 35.0516
vn 0.132747 2.35317e-14 0.99115
v 57.8765 200.891 -3.64883
vt 6.98059 35.0912
v 57.849 200.895 -3.64614
vt 5.99147 35.2469
v 57.8222 200.902 -3.64352
vt 5.0259 35.512
v 57.7963 200.911 -3.641
vt 4.09581 35.8828
v 57.8855 200.438 -3.6497
vt 7.30138 17.2263
v 57.8938 200.447 -3.65052
vt 7.60185 17.6146
v 57.901 200.458 -3.65122
vt 7.86114 18.0315
v 57.907 200.469 -3.65181
vt 8.07654 18.4727
v 57.9117 200.481 -3.65227
vt 8.24582 18.9336
v 57.9151 200.493 -3.6526
vt 8.3672 19.4093
v 57.9336 200.537 -3.6544
vt 9.03057 21.1608
v 57.9504 200.582 -3.65605
vt 9.63717 22.9328
v 57.9657 200.628 -3.65754
vt 10.1863 24.7234
v 57.9857 200.679 -3.65949
vt 10.905 26.7241
v 58.0007 200.731 -3.66096
vt 11.4442 28.7805
v 58.0106 200.784 -3.66192
vt 11.7997 30.8765
v 58.0153 200.838 -3.66238
vt 11.9686 32.9957
v 58.0148 200.892 -3.66233
vt 11.9497 35.1215
v 58.0231 200.908 -3.66314
vt 12.2481 35.753
v 58.0124 200.909 -3.6621
vt 11.866 35.7762
v 58.0021 200.911 -3.66109
vt 11.4932 35.8635
v 57.9922 200.915 -3.66013
vt 11.1405 36.0123
v 57.978 200.906 -3.65874
vt 10.6285 35.6875
v 57.9628 200.9 -3.65725
vt 10.0812 35.4266
v 57.9468 200.895 -3.65569
vt 9.50647 35.2334
v 57.9303 200.892 -3.65408
vt 8.9127 35.1108
v 57.9135 200.891 -3.65244
vt 8.30849 35.0604
f 1178/1178/67 1179/1179/67 1180/1180/67 1181/1181/67 1182/1182/67 1116/1116/67 1115/1115/67 1114/1114/67 1113/1113/67 1112/1112/67 1111/1111/67 1110/1110/67 1109/1109/67 1108/1108/67 1183/1183/67 1184/1184/67 1185/1185/67 1186/1186/67 1187/1187/67 1188/1188/67 1189/1189/67 1190/1190/67 1191/1191/67 1192/1192/67 1193/1193/67 1194/1194/67 1195/1195/67 1196/1196/67 1197/1197/67 1198/1198/67 1199/1199/67 1200/1200/67 1201/1201/67 1202/1202/67 1203/1203/67 1204/1204/67 1205/1205/67 

usemtl Chris_Shirt
vn 0.132747 1.0812e-10 0.99115
v 57.9917 200.917 -3.66008
vt 11.1219 36.1056
v 57.991 200.919 -3.66
vt 11.0942 36.1967
v 57.9899 200.922 -3.65991
vt 11.0576 36.2846
v 57.9887 200.924 -3.65978
vt 11.0126 36.3684
v 57.9872 200.926 -3.65964
vt 10.9595 36.4474
v 57.9855 200.928 -3.65947
vt 10.8989 36.5207
v 57.9836 200.929 -3.65929
vt 10.8313 36.5878
v 57.9816 200.931 -3.65909
vt 10.7574 36.6478
v 57.9794 200.932 -3.65887
vt 10.678 36.7002
v 57.977 200.933 -3.65865
vt 10.5938 36.7446
v 57.9746 200.934 -3.65841
vt 10.5056 36.7804
v 57.972 200.935 -3.65816
vt 10.4144 36.8073
v 57.9695 200.933 -3.65791
vt 10.3215 36.743
v 57.9668 200.932 -3.65765
vt 10.2266 36.6816
v 57.9641 200.93 -3.65739
vt 10.1299 36.6231
v 57.9614 200.929 -3.65712
vt 10.0314 36.5678
v 57.9586 200.927 -3.65685
vt 9.93125 36.5155
v 57.9558 200.926 -3.65657
vt 9.82949 36.4664
v 57.9529 200.925 -3.65629
vt 9.72625 36.4205
v 57.95 200.924 -3.656
vt 9.62163 36.3778
v 57.947 200.923 -3.65572
vt 9.51572 36.3384
v 57.9441 200.922 -3.65543
vt 9.40863 36.3023
v 57.9347 200.923 -3.65452
vt 9.07337 36.3221
v 57.9282 200.929 -3.65388
vt 8.83813 36.5618
v 57.9278 200.937 -3.65384
vt 8.82466 36.8973
v 57.9096 200.923 -3.65206
vt 8.17007 36.3462
v 57.8977 200.92 -3.6509
vt 7.74223 36.2342
v 57.8861 200.917 -3.64977
vt 7.32599 36.0848
v 57.875 200.912 -3.64868
vt 6.92462 35.8991
v 57.856 200.903 -3.64683
vt 6.24208 35.55
v 57.81 200.922 -3.64233
vt 4.58859 36.2839
v 57.7673 200.946 -3.63816
vt 3.05233 37.2392
v 57.7702 200.935 -3.63845
vt 3.15881 36.797
f 1179/1179/68 1178/1178/68 1205/1205/68 1204/1204/68 1203/1203/68 1202/1202/68 1201/1201/68 1200/1200/68 1206/1206/68 1207/1207/68 1208/1208/68 1209/1209/68 1210/1210/68 1211/1211/68 1212/1212/68 1213/1213/68 1214/1214/68 1215/1215/68 1216/1216/68 1217/1217/68 1218/1218/68 1219/1219/68 1220/1220/68 1221/1221/68 1222/1222/68 1223/1223/68 1224/1224/68 1225/1225/68 1226/1226/68 1227/1227/68 1228/1228/68 1229/1229/68 1230/1230/68 1231/1231/68 1232/1232/68 1233/1233/68 1234/1234/68 1235/1235/68 1236/1236/68 1237/1237/68 1238/1238/68 1116/1116/68 1182/1182/68 1181/1181/68 1180/1180/68 

usemtl Chris_Skin
v 58.0677 200.955 -3.66749
vt 13.852 37.6062
vn 0.132747 2.41234e-14 0.99115
v 58.0714 200.96 -3.66786
vt 13.9851 37.785
v 58.0721 200.964 -3.66792
vt 14.01 37.9517
v 58.0721 200.972 -3.66792
vt 14.01 38.2833
v 58.0707 200.981 -3.66779
vt 13.961 38.6113
v 58.0679 200.982 -3.66752
vt 13.8612 38.6735
v 58.0562 200.99 -3.66638
vt 13.4413 38.9952
v 58.042 200.994 -3.66499
vt 12.9295 39.1284
v 58.0274 200.992 -3.66357
vt 12.4061 39.0522
v 58.0231 200.989 -3.66314
vt 12.2495 38.948
v 58.0144 200.989 -3.66229
vt 11.9369 38.923
v 58.0058 200.987 -3.66145
vt 11.6268 38.8764
v 57.9973 200.986 -3.66062
vt 11.3206 38.8086
v 57.9941 200.985 -3.66032
vt 11.2087 38.7756
v 57.991 200.984 -3.66001
vt 11.0967 38.7425
v 57.9889 200.983 -3.6598
vt 11.0199 38.7196
v 57.9862 200.981 -3.65954
vt 10.9235 38.6405
v 57.9777 200.975 -3.65871
vt 10.616 38.3875
v 57.9691 200.969 -3.65787
vt 10.309 38.1339
v 57.9606 200.962 -3.65704
vt 10.0023 37.8799
v 57.9521 200.956 -3.65621
vt 9.69593 37.6254
v 57.9436 200.949 -3.65538
vt 9.38999 37.3705
v 57.9351 200.943 -3.65455
vt 9.08444 37.1151
v 58.0274 200.912 -3.66356
vt 12.404 35.9123
v 58.0317 200.916 -3.66398
vt 12.558 36.0736
v 58.0359 200.92 -3.66439
vt 12.71 36.2368
v 58.0401 200.925 -3.6648
vt 12.86 36.4018
v 58.0442 200.929 -3.6652
vt 13.008 36.5686
v 58.0482 200.933 -3.6656
vt 13.1539 36.7372
v 58.0522 200.937 -3.66599
vt 13.2977 36.9075
v 58.0562 200.942 -3.66637
vt 13.4395 37.0796
v 58.0601 200.946 -3.66675
vt 13.5791 37.2535
v 58.0639 200.951 -3.66713
vt 13.7166 37.429
f 1239/1239/69 1240/1240/69 1241/1241/69 1242/1242/69 1243/1243/69 1244/1244/69 1245/1245/69 1246/1246/69 1247/1247/69 1248/1248/69 1249/1249/69 1250/1250/69 1251/1251/69 1252/1252/69 1253/1253/69 1254/1254/69 1255/1255/69 1256/1256/69 1257/1257/69 1258/1258/69 1259/1259/69 1260/1260/69 1261/1261/69 1230/1230/69 1229/1229/69 1228/1228/69 1227/1227/69 1226/1226/69 1225/1225/69 1224/1224/69 1223/1223/69 1222/1222/69 1221/1221/69 1220/1220/69 1219/1219/69 1218/1218/69 1217/1217/69 1216/1216/69 1215/1215/69 1214/1214/69 1213/1213/69 1212/1212/69 1211/1211/69 1210/1210/69 1209/1209/69 1208/1208/69 1207/1207/69 1206/1206/69 1200/1200/69 1199/1199/69 1198/1198/69 1197/1197/69 1262/1262/69 1263/1263/69 1264/1264/69 1265/1265/69 1266/1266/69 1267/1267/69 1268/1268/69 1269/1269/69 1270/1270/69 1271/1271/69 

usemtl Chris_Hair
v 58.0832 201.002 -3.66901
vt 14.4089 39.4468
vn 0.132747 2.92556e-15 0.99115
v 58.0811 201.001 -3.6688
vt 14.3341 39.4277
v 58.0757 200.995 -3.66828
vt 14.1413 39.1904
v 58.0722 200.988 -3.66794
vt 14.0142 38.9123
v 58.073 200.959 -3.66801
vt 14.0421 37.7381
v 58.0749 200.958 -3.66821
vt 14.1135 37.7192
v 58.077 200.958 -3.6684
vt 14.1863 37.7317
v 58.0787 200.959 -3.66857
vt 14.2472 37.7734
v 58.0777 200.968 -3.66847
vt 14.2114 38.1084
v 58.078 200.977 -3.66851
vt 14.2246 38.4451
v 58.0798 200.985 -3.66868
vt 14.2866 38.7763
v 58.0828 200.993 -3.66897
vt 14.3961 39.095
v 58.0871 201.001 -3.66939
vt 14.5507 39.3943
v 58.0853 201.002 -3.66921
vt 14.4852 39.4351
f 1272/1272/70 1273/1273/70 1274/1274/70 1275/1275/70 1243/1243/70 1242/1242/70 1241/1241/70 1240/1240/70 1276/1276/70 1277/1277/70 1278/1278/70 1279/1279/70 1280/1280/70 1281/1281/70 1282/1282/70 1283/1283/70 1284/1284/70 1285/1285/70 

vn 0.132747 -3.10242e-14 0.99115
v 58.0637 201.009 -3.6671
vt 13.7084 39.7289
v 58.0444 201.01 -3.66522
vt 13.0142 39.746
v 58.0266 201.003 -3.66348
vt 12.3744 39.4761
f 1274/1274/71 1273/1273/71 1286/1286/71 1287/1287/71 1288/1288/71 1247/1247/71 1246/1246/71 1245/1245/71 1244/1244/71 1243/1243/71 1275/1275/71 

usemtl Chris_Skin
v 58.0257 201.013 -3.6634
vt 12.3428 39.9
vn 0.132747 2.06101e-14 0.99115
v 58.0828 201.009 -3.66898
vt 14.3978 39.7078
v 58.0905 201.033 -3.66972
vt 14.6729 40.6521
v 58.0998 201.065 -3.67063
vt 15.0058 41.9306
v 58.1052 201.098 -3.67116
vt 15.2024 43.237
v 58.1068 201.132 -3.67132
vt 15.2603 44.5568
v 58.1046 201.165 -3.6711
vt 15.179 45.8754
v 58.0985 201.198 -3.6705
vt 14.9594 47.1781
v 58.0924 201.219 -3.66991
vt 14.7407 47.9818
v 58.0873 201.239 -3.66941
vt 14.5581 48.7945
v 58.0832 201.26 -3.66902
vt 14.4119 49.6144
v 58.0575 201.246 -3.6665
vt 13.4854 49.0431
v 58.0293 201.236 -3.66375
vt 12.4731 48.6425
v 57.9997 201.23 -3.66085
vt 11.4068 48.4228
v 57.9998 201.214 -3.66087
vt 11.4135 47.7778
v 58.0038 201.198 -3.66126
vt 11.5549 47.1485
v 58.0113 201.183 -3.66199
vt 11.8242 46.5624
v 58.0144 201.174 -3.66229
vt 11.9358 46.2097
v 58.0161 201.164 -3.66246
vt 11.9968 45.8447
v 58.0163 201.155 -3.66248
vt 12.0058 45.4749
v 58.0147 201.122 -3.66232
vt 11.9465 44.177
v 58.0159 201.089 -3.66244
vt 11.9903 42.8786
v 58.02 201.056 -3.66284
vt 12.1368 41.5877
v 58.0232 201.035 -3.66315
vt 12.2531 40.7454
f 1289/1289/72 1288/1288/72 1287/1287/72 1286/1286/72 1273/1273/72 1290/1290/72 1291/1291/72 1292/1292/72 1293/1293/72 1294/1294/72 1295/1295/72 1296/1296/72 1297/1297/72 1298/1298/72 1299/1299/72 1300/1300/72 1301/1301/72 1302/1302/72 1303/1303/72 1304/1304/72 1305/1305/72 1306/1306/72 1307/1307/72 1308/1308/72 1309/1309/72 1310/1310/72 1311/1311/72 1312/1312/72 

usemtl Chris_Shirt
v 57.9573 201.452 -3.65672
vt 9.88525 57.1769
vn 0.132747 1.63925e-14 0.99115
v 57.9617 201.448 -3.65715
vt 10.0434 56.9983
v 58.016 201.379 -3.66245
vt 11.994 54.305
v 58.016 201.308 -3.66245
vt 11.994 51.5042
v 58.0142 201.282 -3.66227
vt 11.9285 50.4551
v 58.0087 201.255 -3.66174
vt 11.7317 49.4225
v 58.0922 201.267 -3.66989
vt 14.7356 49.8681
v 58.1007 201.274 -3.67072
vt 15.0405 50.1441
v 58.0908 201.31 -3.66975
vt 14.6838 51.5843
v 58.0791 201.346 -3.66861
vt 14.2617 53.0067
v 58.0655 201.382 -3.66729
vt 13.7751 54.4083
v 58.0502 201.417 -3.66579
vt 13.2249 55.7862
v 58.0332 201.451 -3.66413
vt 12.6124 57.1376
v 58.0298 201.456 -3.66379
vt 12.4897 57.3285
v 58.0252 201.46 -3.66335
vt 12.3243 57.4839
v 58.0197 201.463 -3.66281
vt 12.126 57.5944
v 57.9982 201.471 -3.66071
vt 11.3554 57.9126
v 57.9769 201.479 -3.65863
vt 10.5886 58.2398
v 57.9557 201.488 -3.65656
vt 9.82569 58.5759
v 57.9346 201.497 -3.6545
vt 9.06674 58.921
v 57.9136 201.506 -3.65245
vt 8.31189 59.2749
v 57.9172 201.501 -3.6528
vt 8.44185 59.0748
v 57.9209 201.495 -3.65316
vt 8.57449 58.8765
v 57.9246 201.49 -3.65353
vt 8.70981 58.6799
v 57.9285 201.486 -3.6539
vt 8.84776 58.4852
v 57.9324 201.481 -3.65428
vt 8.98833 58.2924
v 57.9364 201.476 -3.65467
vt 9.1315 58.1015
v 57.9404 201.471 -3.65507
vt 9.27723 57.9126
v 57.9445 201.466 -3.65547
vt 9.42549 57.7256
v 57.9487 201.462 -3.65588
vt 9.57627 57.5406
v 57.953 201.457 -3.6563
vt 9.72953 57.3578
f 1313/1313/73 1314/1314/73 1315/1315/73 1316/1316/73 1317/1317/73 1318/1318/73 1302/1302/73 1301/1301/73 1300/1300/73 1299/1299/73 1319/1319/73 1320/1320/73 1321/1321/73 1322/1322/73 1323/1323/73 1324/1324/73 1325/1325/73 1326/1326/73 1327/1327/73 1328/1328/73 1329/1329/73 1330/1330/73 1331/1331/73 1332/1332/73 1333/1333/73 1334/1334/73 1335/1335/73 1336/1336/73 1337/1337/73 1338/1338/73 1339/1339/73 1340/1340/73 1341/1341/73 1342/1342/73 1343/1343/73 

v 57.8542 201.418 -3.64665
vt 6.17895 55.8197
vn 0.132747 5.47375e-15 0.99115
v 57.8378 201.4 -3.64505
vt 5.58918 55.1344
v 57.8383 201.396 -3.6451
vt 5.60773 54.9422
v 57.8389 201.391 -3.64516
vt 5.62866 54.7503
v 57.8396 201.386 -3.64522
vt 5.65196 54.5586
v 57.8422 201.371 -3.64548
vt 5.74587 53.9851
v 57.8424 201.376 -3.6455
vt 5.75527 54.179
v 57.8438 201.381 -3.64563
vt 5.80265 54.3673
v 57.8556 201.396 -3.64678
vt 6.22636 54.9622
v 57.8697 201.409 -3.64816
vt 6.73436 55.487
v 57.8859 201.421 -3.64975
vt 7.31764 55.9265
v 57.9038 201.429 -3.6515
vt 7.96195 56.2705
v 57.923 201.435 -3.65337
vt 8.65042 56.5142
v 57.9172 201.458 -3.65281
vt 8.4444 57.3844
v 57.9207 201.456 -3.65314
vt 8.56705 57.3195
v 57.9242 201.454 -3.65348
vt 8.69253 57.2602
v 57.9277 201.453 -3.65383
vt 8.82057 57.2067
v 57.9313 201.452 -3.65418
vt 8.95091 57.159
v 57.935 201.451 -3.65454
vt 9.08328 57.1173
v 57.9388 201.45 -3.65491
vt 9.21741 57.0817
v 57.9425 201.449 -3.65528
vt 9.35302 57.0522
v 57.9463 201.449 -3.65565
vt 9.48983 57.0289
v 57.9502 201.448 -3.65602
vt 9.62755 57.0118
v 57.954 201.448 -3.6564
vt 9.76591 57.001
v 57.9579 201.448 -3.65677
vt 9.90462 56.9965
v 57.91 201.508 -3.6521
vt 8.18282 59.3764
v 57.9065 201.511 -3.65176
vt 8.05734 59.4822
v 57.9031 201.514 -3.65143
vt 7.93561 59.5924
v 57.8998 201.517 -3.65111
vt 7.81776 59.7067
v 57.8967 201.52 -3.6508
vt 7.70394 59.825
v 57.8936 201.523 -3.6505
vt 7.5943 59.9472
v 57.8907 201.526 -3.65021
vt 7.48895 60.0731
v 57.8879 201.529 -3.64994
vt 7.38802 60.2025
v 57.8852 201.533 -3.64968
vt 7.29165 60.3354
v 57.8826 201.536 -3.64943
vt 7.19993 60.4716
v 57.8802 201.54 -3.64919
vt 7.11299 60.6108
v 57.8802 201.517 -3.64919
vt 7.11299 59.7166
v 57.8836 201.505 -3.64952
vt 7.23556 59.2465
v 57.8856 201.493 -3.64971
vt 7.30484 58.7656
v 57.886 201.48 -3.64975
vt 7.31995 58.28
v 57.8849 201.468 -3.64965
vt 7.28071 57.7958
v 57.8823 201.456 -3.64939
vt 7.18761 57.3189
v 57.8691 201.436 -3.6481
vt 6.71286 56.5494
f 1344/1344/74 1345/1345/74 1346/1346/74 1347/1347/74 1348/1348/74 1349/1349/74 1350/1350/74 1351/1351/74 1352/1352/74 1353/1353/74 1354/1354/74 1355/1355/74 1356/1356/74 1357/1357/74 1358/1358/74 1359/1359/74 1360/1360/74 1361/1361/74 1362/1362/74 1363/1363/74 1364/1364/74 1365/1365/74 1366/1366/74 1367/1367/74 1368/1368/74 1314/1314/74 1313/1313/74 1343/1343/74 1342/1342/74 1341/1341/74 1340/1340/74 1339/1339/74 1338/1338/74 1337/1337/74 1336/1336/74 1335/1335/74 1334/1334/74 1333/1333/74 1369/1369/74 1370/1370/74 1371/1371/74 1372/1372/74 1373/1373/74 1374/1374/74 1375/1375/74 1376/1376/74 1377/1377/74 1378/1378/74 1379/1379/74 1380/1380/74 1381/1381/74 1382/1382/74 1383/1383/74 1384/1384/74 1385/1385/74 1386/1386/74 

usemtl Chris_Skin
vn 0.132747 -1.51087e-14 0.99115
v 57.8802 201.549 -3.64919
vt 7.11299 60.9845
v 57.8774 201.545 -3.64892
vt 7.01263 60.8403
v 57.874 201.541 -3.64859
vt 6.89126 60.6885
v 57.8537 201.52 -3.6466
vt 6.15859 59.8517
v 57.8441 201.514 -3.64567
vt 5.8159 59.6203
v 57.7998 201.514 -3.64134
vt 4.22145 59.6203
v 57.7889 201.518 -3.64028
vt 3.831 59.7649
v 57.7668 201.541 -3.63812
vt 3.03659 60.6885
v 57.7556 201.555 -3.63702
vt 2.63145 61.2368
v 57.7467 201.571 -3.63615
vt 2.31157 61.8388
v 57.7403 201.587 -3.63553
vt 2.08416 62.4815
v 57.7403 201.555 -3.63553
vt 2.08416 61.2372
v 57.7387 201.547 -3.63537
vt 2.02393 60.9049
v 57.7378 201.538 -3.63529
vt 1.99316 60.5685
v 57.7378 201.53 -3.63529
vt 1.99318 60.2308
v 57.7387 201.521 -3.63537
vt 2.02394 59.8944
v 57.7403 201.513 -3.63553
vt 2.08416 59.5621
v 57.7463 201.499 -3.63612
vt 2.29898 59.0108
v 57.7546 201.486 -3.63692
vt 2.59585 58.499
v 57.7649 201.474 -3.63793
vt 2.96771 58.0388
v 57.7977 201.436 -3.64113
vt 4.14524 56.5474
v 57.8137 201.427 -3.6427
vt 4.7231 56.1823
v 57.8273 201.415 -3.64403
vt 5.21152 55.7041
f 1379/1379/75 1387/1387/75 1388/1388/75 1389/1389/75 1390/1390/75 1391/1391/75 1392/1392/75 1393/1393/75 1394/1394/75 1395/1395/75 1396/1396/75 1397/1397/75 1398/1398/75 1399/1399/75 1400/1400/75 1401/1401/75 1402/1402/75 1403/1403/75 1404/1404/75 1405/1405/75 1406/1406/75 1407/1407/75 1408/1408/75 1409/1409/75 1345/1345/75 1344/1344/75 1386/1386/75 1385/1385/75 1384/1384/75 1383/1383/75 1382/1382/75 1381/1381/75 1380/1380/75 

v 57.7264 201.617 -3.63417
vt 1.5826 63.6736
vn 0.132747 3.25378e-14 0.99115
v 57.7366 201.63 -3.63517
vt 1.94911 64.1599
v 57.7359 201.618 -3.6351
vt 1.92384 63.7146
v 57.7363 201.607 -3.63514
vt 1.94015 63.2689
v 57.7379 201.596 -3.6353
vt 1.99787 62.8267
v 57.739 201.592 -3.6354
vt 2.03568 62.6745
v 57.885 201.557 -3.64966
vt 7.286 61.3033
v 57.8889 201.566 -3.65004
vt 7.42489 61.6384
v 57.8918 201.574 -3.65032
vt 7.52826 61.9861
v 57.8936 201.584 -3.6505
vt 7.59338 62.3429
v 57.8944 201.593 -3.65058
vt 7.62368 62.7044
v 57.8945 201.598 -3.65058
vt 7.62563 62.9149
v 57.8945 201.63 -3.65058
vt 7.62563 64.1829
v 57.8946 201.655 -3.6506
vt 7.63185 65.1601
v 57.8937 201.68 -3.6505
vt 7.59637 66.1368
v 57.8915 201.705 -3.65029
vt 7.51926 67.111
v 57.879 201.712 -3.64908
vt 7.07035 67.4119
v 57.8676 201.721 -3.64796
vt 6.6604 67.764
v 57.8575 201.731 -3.64697
vt 6.29526 68.1624
v 57.8418 201.724 -3.64544
vt 5.73133 67.8929
v 57.8252 201.72 -3.64382
vt 5.13473 67.7067
v 57.808 201.717 -3.64214
vt 4.51767 67.6074
v 57.7906 201.717 -3.64044
vt 3.89276 67.5971
v 57.7734 201.719 -3.63876
vt 3.27277 67.676
v 57.7654 201.72 -3.63798
vt 2.98615 67.6973
v 57.7579 201.717 -3.63725
vt 2.71529 67.6012
v 57.7521 201.712 -3.63668
vt 2.50618 67.404
v 57.7469 201.703 -3.63617
vt 2.31914 67.0353
v 57.746 201.692 -3.63609
vt 2.28778 66.6231
v 57.7496 201.682 -3.63644
vt 2.41863 66.2309
v 57.7518 201.678 -3.63665
vt 2.497 66.0617
v 57.7524 201.673 -3.63671
vt 2.51721 65.8763
v 57.7513 201.669 -3.6366
vt 2.47762 65.6941
v 57.7473 201.654 -3.63621
vt 2.33313 65.1271
v 57.7458 201.639 -3.63606
vt 2.27922 64.5444
v 57.7468 201.625 -3.63617
vt 2.31738 63.9605
v 57.739 201.626 -3.6354
vt 2.03711 64.0248
v 57.7379 201.63 -3.6353
vt 1.99787 64.1712
v 57.736 201.636 -3.63511
vt 1.92884 64.3903
v 57.7318 201.645 -3.6347
vt 1.77773 64.7465
v 57.726 201.653 -3.63413
vt 1.56914 65.0725
v 57.7188 201.66 -3.63343
vt 1.30886 65.3589
v 57.7169 201.661 -3.63324
vt 1.24002 65.4046
v 57.7231 201.641 -3.63385
vt 1.46325 64.5971
v 57.719 201.633 -3.63345
vt 1.31779 64.2836
v 57.7203 201.624 -3.63357
vt 1.36343 63.9409
f 1410/1410/76 1411/1411/76 1412/1412/76 1413/1413/76 1414/1414/76 1415/1415/76 1397/1397/76 1396/1396/76 1395/1395/76 1394/1394/76 1393/1393/76 1392/1392/76 1391/1391/76 1390/1390/76 1389/1389/76 1388/1388/76 1387/1387/76 1416/1416/76 1417/1417/76 1418/1418/76 1419/1419/76 1420/1420/76 1421/1421/76 1422/1422/76 1423/1423/76 1424/1424/76 1425/1425/76 1426/1426/76 1427/1427/76 1428/1428/76 1429/1429/76 1430/1430/76 1431/1431/76 1432/1432/76 1433/1433/76 1434/1434/76 1435/1435/76 1436/1436/76 1437/1437/76 1438/1438/76 1439/1439/76 1440/1440/76 1441/1441/76 1442/1442/76 1443/1443/76 1444/1444/76 1445/1445/76 1446/1446/76 1447/1447/76 1448/1448/76 1449/1449/76 1450/1450/76 1451/1451/76 1452/1452/76 1453/1453/76 1454/1454/76 1455/1455/76 

vn 0.132747 1.4698e-13 0.99115
f 1412/1412/77 1411/1411/77 1410/1410/77 1414/1414/77 1413/1413/77 

v 57.7328 201.593 -3.6348
vt 1.81359 62.7266
vn 0.132747 8.93412e-15 0.99115
v 57.7143 201.661 -3.63299
vt 1.14641 65.3875
v 57.712 201.66 -3.63276
vt 1.06432 65.3393
v 57.7103 201.658 -3.6326
vt 1.0037 65.266
v 57.7084 201.645 -3.63242
vt 0.937748 64.7822
v 57.7089 201.633 -3.63246
vt 0.953838 64.2943
v 57.7117 201.621 -3.63274
vt 1.05453 63.8165
v 57.7168 201.609 -3.63323
vt 1.23653 63.3635
v 57.7239 201.599 -3.63392
vt 1.49176 62.9473
v 57.7271 201.594 -3.63424
vt 1.60922 62.7736
f 1456/1456/78 1414/1414/78 1410/1410/78 1455/1455/78 1454/1454/78 1453/1453/78 1452/1452/78 1457/1457/78 1458/1458/78 1459/1459/78 1460/1460/78 1461/1461/78 1462/1462/78 1463/1463/78 1464/1464/78 1465/1465/78 

v 57.9094 201.664 -3.65204
vt 8.16138 65.5245
vn 0.132747 1.87595e-14 0.99115
v 57.9078 201.664 -3.65188
vt 8.10379 65.5306
v 57.9047 201.64 -3.65158
vt 7.99153 64.5593
v 57.9057 201.633 -3.65168
vt 8.02873 64.2987
v 57.9046 201.627 -3.65157
vt 7.98873 64.0385
v 57.9014 201.621 -3.65126
vt 7.8754 63.8008
v 57.9015 201.599 -3.65127
vt 7.8792 62.9451
v 57.9062 201.607 -3.65173
vt 8.04694 63.2536
v 57.908 201.615 -3.6519
vt 8.11098 63.5988
v 57.9108 201.625 -3.65218
vt 8.21381 63.9655
v 57.9126 201.634 -3.65235
vt 8.27735 64.3411
v 57.9133 201.644 -3.65242
vt 8.3009 64.7213
v 57.9128 201.654 -3.65237
vt 8.28419 65.1018
v 57.9112 201.663 -3.65222
vt 8.22672 65.4783
f 1466/1466/79 1467/1467/79 1468/1468/79 1469/1469/79 1470/1470/79 1471/1471/79 1421/1421/79 1420/1420/79 1472/1472/79 1473/1473/79 1474/1474/79 1475/1475/79 1476/1476/79 1477/1477/79 1478/1478/79 1479/1479/79 

v 57.9002 201.637 -3.65115
vt 7.83268 64.4385
vn 0.132747 1.55367e-14 0.99115
v 57.8974 201.63 -3.65086
vt 7.72915 64.1829
v 57.9056 201.653 -3.65167
vt 8.0272 65.081
v 57.9002 201.64 -3.65115
vt 7.83268 64.5685
f 1480/1480/80 1481/1481/80 1422/1422/80 1421/1421/80 1471/1471/80 1470/1470/80 1469/1469/80 1468/1468/80 1467/1467/80 1482/1482/80 1483/1483/80 

usemtl Chris_Hair
v 57.8731 201.749 -3.6485
vt 6.85759 68.8482
vn 0.132747 1.62755e-14 0.99115
v 57.8603 201.753 -3.64724
vt 6.39626 69.0231
v 57.8606 201.746 -3.64727
vt 6.40698 68.7564
v 57.8599 201.74 -3.6472
vt 6.38088 68.4909
v 57.8581 201.733 -3.64703
vt 6.31845 68.2314
v 57.9056 201.679 -3.65167
vt 8.02598 66.1118
v 57.904 201.694 -3.65152
vt 7.96949 66.6956
v 57.9031 201.709 -3.65142
vt 7.93441 67.281
v 57.8998 201.721 -3.65111
vt 7.81806 67.7604
v 57.8935 201.732 -3.65049
vt 7.58994 68.1978
v 57.8844 201.742 -3.6496
vt 7.26341 68.5677
f 1484/1484/81 1485/1485/81 1486/1486/81 1487/1487/81 1488/1488/81 1428/1428/81 1427/1427/81 1426/1426/81 1425/1425/81 1424/1424/81 1423/1423/81 1422/1422/81 1481/1481/81 1480/1480/81 1483/1483/81 1482/1482/81 1467/1467/81 1489/1489/81 1490/1490/81 1491/1491/81 1492/1492/81 1493/1493/81 1494/1494/81 

v 57.717 201.676 -3.63325
vt 1.24427 65.9765
vn 0.132747 1.60088e-14 0.99115
v 57.8457 201.759 -3.64582
vt 5.87323 69.2619
v 57.8304 201.763 -3.64432
vt 5.32051 69.4203
v 57.8145 201.765 -3.64277
vt 4.75038 69.4948
v 57.7985 201.765 -3.64121
vt 4.17551 69.4837
v 57.7827 201.762 -3.63967
vt 3.60869 69.3872
v 57.7675 201.758 -3.63819
vt 3.06251 69.2075
v 57.7533 201.751 -3.6368
vt 2.54912 68.9486
v 57.7402 201.743 -3.63552
vt 2.07994 68.6162
v 57.7287 201.733 -3.63439
vt 1.66539 68.2178
v 57.7241 201.719 -3.63395
vt 1.50034 67.6702
v 57.7206 201.705 -3.6336
vt 1.37404 67.1123
v 57.7182 201.69 -3.63337
vt 1.28854 66.5468
f 1495/1495/82 1452/1452/82 1451/1451/82 1450/1450/82 1449/1449/82 1448/1448/82 1447/1447/82 1446/1446/82 1445/1445/82 1444/1444/82 1443/1443/82 1442/1442/82 1441/1441/82 1440/1440/82 1439/1439/82 1438/1438/82 1437/1437/82 1436/1436/82 1435/1435/82 1434/1434/82 1433/1433/82 1432/1432/82 1431/1431/82 1430/1430/82 1429/1429/82 1428/1428/82 1488/1488/82 1487/1487/82 1486/1486/82 1485/1485/82 1496/1496/82 1497/1497/82 1498/1498/82 1499/1499/82 1500/1500/82 1501/1501/82 1502/1502/82 1503/1503/82 1504/1504/82 1505/1505/82 1506/1506/82 1507/1507/82 

usemtl Chris_Shirt
v 57.8159 201.417 -3.64291
vt 4.80118 55.7768
vn 0.132747 1.43367e-14 0.99115
v 57.7371 201.551 -3.63522
vt 1.96762 61.081
v 57.7338 201.548 -3.6349
vt 1.84995 60.9258
v 57.7305 201.544 -3.63457
vt 1.73116 60.7713
v 57.7272 201.54 -3.63425
vt 1.61125 60.6178
v 57.7238 201.536 -3.63392
vt 1.49023 60.4651
v 57.7204 201.532 -3.63359
vt 1.36811 60.3133
v 57.717 201.528 -3.63325
vt 1.24489 60.1623
v 57.7135 201.524 -3.63292
vt 1.12058 60.0123
v 57.71 201.521 -3.63257
vt 0.995178 59.8632
v 57.7065 201.517 -3.63223
vt 0.868701 59.715
v 57.703 201.513 -3.63188
vt 0.741153 59.5677
v 57.6994 201.509 -3.63154
vt 0.612541 59.4214
v 57.6997 201.506 -3.63157
vt 0.624151 59.2812
v 57.7035 201.478 -3.63193
vt 0.758875 58.1964
v 57.7097 201.451 -3.63254
vt 0.982096 57.1264
v 57.7183 201.424 -3.63338
vt 1.29226 56.0782
v 57.7331 201.433 -3.63483
vt 1.82455 56.417
v 57.7494 201.439 -3.63642
vt 2.41084 56.6502
v 57.7667 201.442 -3.6381
vt 3.03042 56.7695
v 57.7921 201.431 -3.64059
vt 3.94447 56.3243
f 1508/1508/83 1345/1345/83 1409/1409/83 1408/1408/83 1407/1407/83 1406/1406/83 1405/1405/83 1404/1404/83 1403/1403/83 1402/1402/83 1401/1401/83 1400/1400/83 1399/1399/83 1398/1398/83 1509/1509/83 1510/1510/83 1511/1511/83 1512/1512/83 1513/1513/83 1514/1514/83 1515/1515/83 1516/1516/83 1517/1517/83 1518/1518/83 1519/1519/83 1520/1520/83 1521/1521/83 1522/1522/83 1523/1523/83 1524/1524/83 1525/1525/83 1526/1526/83 1527/1527/83 1528/1528/83 

vn 0.132747 1.60186e-11 0.99115
f 1524/1524/84 1345/1345/84 1508/1508/84

f 1524/1524/84 1346/1346/84 1345/1345/84

f 1524/1524/84 1347/1347/84 1346/1346/84

f 1524/1524/84 1348/1348/84 1347/1347/84

f 1524/1524/84 1349/1349/84 1348/1348/84

v 57.657 201.301 -3.6274
vt -0.910102 51.2364
f 1349/1349/84 1524/1524/84 1529/1529/84

v 57.6068 201.245 -3.62249
vt -2.71787 49.0343
vn 0.132747 1.61536e-14 0.99115
v 57.6291 201.233 -3.62467
vt -1.91574 48.5571
v 57.6425 201.254 -3.62598
vt -1.43204 49.3897
v 57.6519 201.277 -3.6269
vt -1.09378 50.2912
v 57.6643 201.487 -3.62811
vt -0.649025 58.5382
v 57.6289 201.468 -3.62465
vt -1.92076 57.7927
v 57.5936 201.449 -3.6212
vt -3.19105 57.0447
v 57.5664 201.418 -3.61855
vt -4.16967 55.8323
v 57.5434 201.385 -3.61631
vt -4.99466 54.5106
v 57.5251 201.349 -3.61451
vt -5.65394 53.0989
v 57.5116 201.311 -3.6132
vt -6.13785 51.6179
v 57.5032 201.272 -3.61238
vt -6.4393 50.0893
v 57.5077 201.272 -3.61282
vt -6.27831 50.0751
v 57.5335 201.269 -3.61533
vt -5.35312 49.9526
v 57.5587 201.263 -3.6178
vt -4.44531 49.7356
v 57.5832 201.255 -3.62019
vt -3.56392 49.4285
f 1530/1530/85 1531/1531/85 1532/1532/85 1533/1533/85 1529/1529/85 1524/1524/85 1523/1523/85 1522/1522/85 1521/1521/85 1534/1534/85 1535/1535/85 1536/1536/85 1537/1537/85 1538/1538/85 1539/1539/85 1540/1540/85 1541/1541/85 1542/1542/85 1543/1543/85 1544/1544/85 1545/1545/85 

usemtl Chris_Skin
vn 0.132747 3.91989e-14 0.99115
v 57.7669 200.949 -3.63812
vt 3.03848 37.3684
v 57.7759 200.946 -3.63901
vt 3.36293 37.2317
v 57.7853 200.943 -3.63992
vt 3.69901 37.1268
v 57.7948 200.941 -3.64085
vt 4.04361 37.0546
v 57.8046 200.94 -3.6418
vt 4.39356 37.0159
v 57.8144 200.94 -3.64276
vt 4.7456 37.0109
v 57.8241 200.941 -3.64371
vt 5.09649 37.0398
v 57.8285 200.943 -3.64414
vt 5.25387 37.1424
v 57.8308 200.948 -3.64437
vt 5.3362 37.3113
v 57.8303 200.952 -3.64432
vt 5.32009 37.4985
v 57.8273 200.956 -3.64402
vt 5.21012 37.6508
v 57.8225 200.958 -3.64355
vt 5.03752 37.7249
v 57.8154 200.96 -3.64286
vt 4.78308 37.805
v 57.8084 200.962 -3.64217
vt 4.52981 37.8888
v 57.8014 200.965 -3.64149
vt 4.27777 37.9762
v 57.7944 200.967 -3.64081
vt 4.027 38.0672
v 57.7874 200.969 -3.64013
vt 3.77757 38.1617
v 57.7805 200.972 -3.63946
vt 3.52952 38.2599
v 57.7778 200.973 -3.63919
vt 3.43146 38.3003
v 57.7737 200.974 -3.63879
vt 3.2829 38.3615
v 57.7669 200.977 -3.63812
vt 3.03777 38.4667
v 57.7601 200.98 -3.63746
vt 2.79417 38.5755
v 57.7534 200.983 -3.6368
vt 2.55215 38.6877
v 57.7467 200.986 -3.63615
vt 2.31177 38.8033
v 57.74 200.989 -3.6355
vt 2.07307 38.9224
v 57.7292 200.991 -3.63445
vt 1.68486 39.034
v 57.7181 200.993 -3.63336
vt 1.28483 39.09
v 57.7069 200.993 -3.63226
vt 0.880908 39.0893
v 57.6985 200.995 -3.63145
vt 0.579742 39.1669
v 57.6908 201 -3.63069
vt 0.302274 39.3644
v 57.6833 201.005 -3.62996
vt 0.032307 39.5721
v 57.676 201.011 -3.62925
vt -0.229791 39.7896
v 57.6744 201.012 -3.6291
vt -0.284958 39.8389
v 57.6546 201.03 -3.62716
vt -0.998231 40.535
v 57.637 201.049 -3.62544
vt -1.63214 41.304
v 57.6217 201.07 -3.62395
vt -2.17922 42.1371
v 57.6065 201.094 -3.62246
vt -2.72823 43.0591
v 57.5907 201.117 -3.62092
vt -3.29675 43.9691
v 57.5743 201.14 -3.61932
vt -3.88451 44.8669
v 57.5718 201.149 -3.61907
vt -3.97537 45.2396
v 57.5738 201.159 -3.61927
vt -3.90163 45.6162
v 57.5801 201.167 -3.61988
vt -3.67687 45.9271
v 57.5907 201.176 -3.62092
vt -3.2945 46.2984
v 57.6005 201.186 -3.62187
vt -2.94463 46.7005
v 57.6092 201.197 -3.62273
vt -2.62973 47.1306
v 57.6169 201.209 -3.62348
vt -2.35203 47.5855
v 57.6236 201.221 -3.62413
vt -2.11347 48.0621
v 57.6265 201.227 -3.62441
vt -2.00941 48.3075
v 57.4943 201.237 -3.61151
vt -6.76093 48.6843
v 57.4832 201.201 -3.61043
vt -7.1596 47.2672
v 57.4745 201.164 -3.60957
vt -7.47291 45.8288
v 57.4726 201.15 -3.60939
vt -7.54206 45.2694
v 57.4726 201.136 -3.60939
vt -7.54204 44.7058
v 57.4745 201.121 -3.60957
vt -7.47291 44.1464
v 57.4762 201.116 -3.60974
vt -7.41313 43.9483
v 57.4789 201.112 -3.61001
vt -7.31313 43.7671
v 57.4827 201.108 -3.61038
vt -7.17747 43.6108
v 57.4886 201.102 -3.61095
vt -6.96635 43.3951
v 57.4939 201.096 -3.61146
vt -6.77713 43.1601
v 57.4985 201.09 -3.61191
vt -6.61158 42.9078
v 57.5201 201.061 -3.61402
vt -5.83442 41.7674
v 57.5457 201.035 -3.61653
vt -4.91388 40.7392
v 57.5748 201.012 -3.61937
vt -3.86613 39.8411
v 57.5818 201.007 -3.62005
vt -3.61692 39.6512
v 57.5886 201.002 -3.62072
vt -3.37097 39.4572
v 57.5953 200.997 -3.62137
vt -3.12834 39.259
v 57.602 200.992 -3.62202
vt -2.88911 39.0567
v 57.6086 200.987 -3.62266
vt -2.65335 38.8504
v 57.615 200.981 -3.6233
vt -2.42111 38.6401
v 57.6214 200.976 -3.62392
vt -2.19248 38.4259
v 57.6276 200.97 -3.62453
vt -1.96752 38.2078
v 57.6338 200.965 -3.62513
vt -1.74628 37.986
v 57.6398 200.959 -3.62572
vt -1.52885 37.7605
f 1117/1117/86 1116/1116/86 1238/1238/86 1237/1237/86 1546/1546/86 1547/1547/86 1548/1548/86 1549/1549/86 1550/1550/86 1551/1551/86 1552/1552/86 1553/1553/86 1554/1554/86 1555/1555/86 1556/1556/86 1557/1557/86 1558/1558/86 1559/1559/86 1560/1560/86 1561/1561/86 1562/1562/86 1563/1563/86 1564/1564/86 1565/1565/86 1566/1566/86 1567/1567/86 1568/1568/86 1569/1569/86 1570/1570/86 1571/1571/86 1572/1572/86 1573/1573/86 1574/1574/86 1575/1575/86 1576/1576/86 1577/1577/86 1578/1578/86 1579/1579/86 1580/1580/86 1581/1581/86 1582/1582/86 1583/1583/86 1584/1584/86 1585/1585/86 1586/1586/86 1587/1587/86 1588/1588/86 1589/1589/86 1590/1590/86 1591/1591/86 1592/1592/86 1593/1593/86 1531/1531/86 1530/1530/86 1545/1545/86 1544/1544/86 1543/1543/86 1542/1542/86 1594/1594/86 1595/1595/86 1596/1596/86 1597/1597/86 1598/1598/86 1599/1599/86 1600/1600/86 1601/1601/86 1602/1602/86 1603/1603/86 1604/1604/86 1605/1605/86 1606/1606/86 1607/1607/86 1608/1608/86 1609/1609/86 1610/1610/86 1611/1611/86 1612/1612/86 1613/1613/86 1614/1614/86 1615/1615/86 1616/1616/86 1617/1617/86 1618/1618/86 1096/1096/86 1095/1095/86 1094/1094/86 1093/1093/86 1092/1092/86 1123/1123/86 1122/1122/86 1121/1121/86 1120/1120/86 1119/1119/86 1118/1118/86 

usemtl Chris_Shirt
f 1237/1237/84 1547/1547/84 1546/1546/84

f 1237/1237/84 1548/1548/84 1547/1547/84

f 1237/1237/84 1549/1549/84 1548/1548/84

f 1236/1236/84 1549/1549/84 1237/1237/84

f 1236/1236/84 1231/1231/84 1549/1549/84

f 1236/1236/84 1232/1232/84 1231/1231/84

f 1236/1236/84 1233/1233/84 1232/1232/84

f 1236/1236/84 1234/1234/84 1233/1233/84

f 1234/1234/84 1236/1236/84 1235/1235/84

f 1549/1549/84 1231/1231/84 1550/1550/84

f 1550/1550/84 1231/1231/84 1230/1230/84

f 1550/1550/84 1230/1230/84 1551/1551/84

f 1261/1261/84 1551/1551/84 1230/1230/84

f 1551/1551/84 1261/1261/84 1552/1552/84

f 1552/1552/84 1261/1261/84 1553/1553/84

f 1553/1553/84 1261/1261/84 1260/1260/84

f 1553/1553/84 1260/1260/84 1554/1554/84

f 1554/1554/84 1260/1260/84 1555/1555/84

f 1555/1555/84 1260/1260/84 1259/1259/84

f 1555/1555/84 1259/1259/84 1556/1556/84

f 1556/1556/84 1259/1259/84 1258/1258/84

f 1556/1556/84 1258/1258/84 1557/1557/84

f 1557/1557/84 1258/1258/84 1558/1558/84

f 1558/1558/84 1258/1258/84 1559/1559/84

f 1559/1559/84 1258/1258/84 1257/1257/84

f 1559/1559/84 1257/1257/84 1560/1560/84

f 1560/1560/84 1257/1257/84 1561/1561/84

f 1561/1561/84 1257/1257/84 1562/1562/84

f 1562/1562/84 1257/1257/84 1256/1256/84

f 1562/1562/84 1256/1256/84 1563/1563/84

f 1563/1563/84 1256/1256/84 1564/1564/84

f 1564/1564/84 1256/1256/84 1565/1565/84

f 1565/1565/84 1256/1256/84 1566/1566/84

f 1566/1566/84 1256/1256/84 1255/1255/84

f 1566/1566/84 1255/1255/84 1567/1567/84

f 1567/1567/84 1255/1255/84 1568/1568/84

f 1568/1568/84 1255/1255/84 1254/1254/84

f 1568/1568/84 1254/1254/84 1569/1569/84

f 1569/1569/84 1254/1254/84 1253/1253/84

f 1569/1569/84 1253/1253/84 1252/1252/84

f 1569/1569/84 1252/1252/84 1251/1251/84

f 1569/1569/84 1251/1251/84 1570/1570/84

v 58.001 201.009 -3.66098
vt 11.4542 39.7273
f 1570/1570/84 1251/1251/84 1619/1619/84

f 1570/1570/84 1619/1619/84 1571/1571/84

f 1571/1571/84 1619/1619/84 1572/1572/84

f 1572/1572/84 1619/1619/84 1574/1574/84

f 1574/1574/84 1619/1619/84 1575/1575/84

f 1575/1575/84 1619/1619/84 1576/1576/84

f 1576/1576/84 1619/1619/84 1577/1577/84

v 58 201.033 -3.66089
vt 11.4196 40.6551
f 1577/1577/84 1619/1619/84 1620/1620/84

f 1577/1577/84 1620/1620/84 1578/1578/84

v 57.6723 201.055 -3.62889
vt -0.361616 41.5348
f 1578/1578/84 1620/1620/84 1621/1621/84

v 57.9944 201.056 -3.66034
vt 11.2179 41.5613
f 1621/1621/84 1620/1620/84 1622/1622/84

v 57.6661 201.098 -3.62828
vt -0.585042 43.2176
f 1621/1621/84 1622/1622/84 1623/1623/84

v 57.9962 201.069 -3.66052
vt 11.2838 42.0868
f 1623/1623/84 1622/1622/84 1624/1624/84

v 57.9977 201.082 -3.66067
vt 11.3378 42.6136
f 1623/1623/84 1624/1624/84 1625/1625/84

v 57.9989 201.096 -3.66078
vt 11.3798 43.1415
f 1623/1623/84 1625/1625/84 1626/1626/84

v 57.9997 201.109 -3.66086
vt 11.4098 43.6702
f 1623/1623/84 1626/1626/84 1627/1627/84

v 57.6558 201.14 -3.62728
vt -0.953521 44.8747
f 1623/1623/84 1627/1627/84 1628/1628/84

v 58.0002 201.123 -3.66091
vt 11.4278 44.1995
f 1628/1628/84 1627/1627/84 1629/1629/84

v 58.0004 201.136 -3.66093
vt 11.4338 44.7291
f 1628/1628/84 1629/1629/84 1630/1630/84

v 58.0002 201.15 -3.66091
vt 11.4278 45.2586
f 1628/1628/84 1630/1630/84 1631/1631/84

v 57.6416 201.181 -3.62589
vt -1.46428 46.4936
f 1628/1628/84 1631/1631/84 1632/1632/84

v 57.9997 201.163 -3.66086
vt 11.4098 45.7879
f 1632/1632/84 1631/1631/84 1633/1633/84

v 57.9989 201.176 -3.66078
vt 11.3798 46.3166
f 1632/1632/84 1633/1633/84 1634/1634/84

v 57.9977 201.19 -3.66067
vt 11.3378 46.8445
f 1632/1632/84 1634/1634/84 1635/1635/84

f 1632/1632/84 1635/1635/84 1592/1592/84

v 57.9962 201.203 -3.66052
vt 11.2838 47.3714
f 1592/1592/84 1635/1635/84 1636/1636/84

v 57.9944 201.217 -3.66034
vt 11.2179 47.8968
f 1592/1592/84 1636/1636/84 1637/1637/84

f 1592/1592/84 1637/1637/84 1302/1302/84

f 1592/1592/84 1302/1302/84 1593/1593/84

f 1593/1593/84 1302/1302/84 1531/1531/84

f 1531/1531/84 1302/1302/84 1318/1318/84

f 1531/1531/84 1318/1318/84 1532/1532/84

f 1532/1532/84 1318/1318/84 1533/1533/84

v 57.9725 201.27 -3.6582
vt 10.4316 49.9828
f 1533/1533/84 1318/1318/84 1638/1638/84

v 57.988 201.27 -3.65971
vt 10.9866 49.9943
f 1318/1318/84 1639/1639/84 1638/1638/84

f 1639/1639/84 1318/1318/84 1317/1317/84

v 57.9912 201.277 -3.66003
vt 11.102 50.2713
f 1639/1639/84 1317/1317/84 1640/1640/84

v 57.9939 201.284 -3.66029
vt 11.1985 50.5555
f 1640/1640/84 1317/1317/84 1641/1641/84

f 1641/1641/84 1317/1317/84 1316/1316/84

v 57.996 201.291 -3.6605
vt 11.2757 50.8455
f 1641/1641/84 1316/1316/84 1642/1642/84

v 57.9976 201.299 -3.66065
vt 11.3333 51.14
f 1642/1642/84 1316/1316/84 1643/1643/84

v 57.9987 201.307 -3.66076
vt 11.371 51.4377
f 1643/1643/84 1316/1316/84 1644/1644/84

v 58.0009 201.331 -3.66097
vt 11.4509 52.3916
f 1644/1644/84 1316/1316/84 1645/1645/84

f 1645/1645/84 1316/1316/84 1315/1315/84

v 58.0021 201.355 -3.66109
vt 11.4956 53.3478
f 1645/1645/84 1315/1315/84 1646/1646/84

v 58.0024 201.379 -3.66112
vt 11.5052 54.305
f 1646/1646/84 1315/1315/84 1647/1647/84

f 1647/1647/84 1315/1315/84 1314/1314/84

f 1647/1647/84 1314/1314/84 1351/1351/84

f 1351/1351/84 1314/1314/84 1352/1352/84

f 1352/1352/84 1314/1314/84 1353/1353/84

f 1353/1353/84 1314/1314/84 1354/1354/84

f 1354/1354/84 1314/1314/84 1355/1355/84

f 1355/1355/84 1314/1314/84 1356/1356/84

f 1356/1356/84 1314/1314/84 1368/1368/84

f 1367/1367/84 1356/1356/84 1368/1368/84

f 1366/1366/84 1356/1356/84 1367/1367/84

f 1365/1365/84 1356/1356/84 1366/1366/84

f 1364/1364/84 1356/1356/84 1365/1365/84

f 1363/1363/84 1356/1356/84 1364/1364/84

f 1362/1362/84 1356/1356/84 1363/1363/84

f 1361/1361/84 1356/1356/84 1362/1362/84

f 1360/1360/84 1356/1356/84 1361/1361/84

f 1359/1359/84 1356/1356/84 1360/1360/84

f 1358/1358/84 1356/1356/84 1359/1359/84

f 1356/1356/84 1358/1358/84 1357/1357/84

v 57.9708 201.379 -3.65803
vt 10.3687 54.3017
f 1351/1351/84 1648/1648/84 1647/1647/84

v 57.9076 201.379 -3.65186
vt 8.09573 54.3005
f 1351/1351/84 1649/1649/84 1648/1648/84

f 1350/1350/84 1649/1649/84 1351/1351/84

f 1349/1349/84 1649/1649/84 1350/1350/84

f 1529/1529/84 1649/1649/84 1349/1349/84

v 57.9144 201.287 -3.65253
vt 8.34205 50.6585
f 1529/1529/84 1650/1650/84 1649/1649/84

v 57.9279 201.28 -3.65384
vt 8.82581 50.3861
f 1529/1529/84 1651/1651/84 1650/1650/84

f 1533/1533/84 1651/1651/84 1529/1529/84

v 57.9422 201.275 -3.65524
vt 9.34149 50.1805
f 1533/1533/84 1652/1652/84 1651/1651/84

v 57.9572 201.271 -3.65671
vt 9.87993 50.0453
f 1533/1533/84 1653/1653/84 1652/1652/84

f 1533/1533/84 1638/1638/84 1653/1653/84

vn 0.132747 -1.0206e-07 0.99115
v 57.9392 201.379 -3.65495
vt 9.23222 54.3002
f 1643/1643/87 1644/1644/87 1645/1645/87 1646/1646/87 1647/1647/87 1648/1648/87 1654/1654/87 1649/1649/87 1650/1650/87 1651/1651/87 1652/1652/87 1653/1653/87 1638/1638/87 1639/1639/87 1640/1640/87 1641/1641/87 1642/1642/87 

f 1648/1648/84 1649/1649/84 1654/1654/84

f 1574/1574/84 1573/1573/84 1572/1572/84

f 1524/1524/84 1508/1508/84 1528/1528/84

f 1524/1524/84 1528/1528/84 1525/1525/84

f 1525/1525/84 1528/1528/84 1527/1527/84

f 1525/1525/84 1527/1527/84 1526/1526/84

usemtl Chris_Shoe_Sole
vn 0.132747 4.42706e-15 0.99115
v 58.0832 200.967 -3.66902
vt 14.4121 38.0692
v 58.0864 200.975 -3.66933
vt 14.5272 38.3876
v 58.0882 200.983 -3.6695
vt 14.5895 38.7204
v 58.0884 200.992 -3.66952
vt 14.5974 39.0589
f 1280/1280/88 1279/1279/88 1655/1655/88 1656/1656/88 1657/1657/88 1658/1658/88 1284/1284/88 1283/1283/88 1282/1282/88 1281/1281/88 

usemtl Chris_Pants
v 57.7738 200.474 -3.6388
vt 3.2883 18.6619
vn 0.132747 1.40682e-14 0.99115
v 57.7611 200.424 -3.63756
vt 2.83244 16.7019
v 57.7529 200.374 -3.63676
vt 2.5376 14.7113
v 57.7493 200.323 -3.63641
vt 2.40564 12.7034
v 57.75 200.272 -3.63648
vt 2.43175 10.6912
v 57.7204 200.129 -3.63359
vt 1.36895 5.06427
v 57.7134 200.113 -3.63291
vt 1.11709 4.45236
v 57.7104 200.097 -3.63261
vt 1.00968 3.79942
v 57.7116 200.08 -3.63273
vt 1.05224 3.13908
v 57.7169 200.079 -3.63325
vt 1.24283 3.10275
v 57.7612 200.089 -3.63757
vt 2.83455 3.5157
v 57.782 200.105 -3.6396
vt 3.58138 4.13195
v 57.8066 200.115 -3.642
vt 4.46586 4.52593
v 57.8332 200.119 -3.6446
vt 5.42329 4.67028
v 57.8625 200.097 -3.64746
vt 6.47625 3.82713
v 57.8695 200.099 -3.64815
vt 6.72811 3.91616
v 57.8483 200.134 -3.64607
vt 5.96483 5.29423
v 57.877 200.253 -3.64888
vt 6.99832 9.95767
v 57.8993 200.373 -3.65106
vt 7.79976 14.6665
v 57.8015 200.635 -3.64151
vt 4.28381 24.9898
v 57.7971 200.585 -3.64107
vt 4.12414 23.0324
v 57.7929 200.535 -3.64067
vt 3.97404 21.0743
v 57.7908 200.523 -3.64046
vt 3.89672 20.5801
f 1659/1659/89 1660/1660/89 1661/1661/89 1662/1662/89 1663/1663/89 1664/1664/89 1665/1665/89 1666/1666/89 1667/1667/89 1668/1668/89 1669/1669/89 1670/1670/89 1671/1671/89 1672/1672/89 1673/1673/89 1674/1674/89 1675/1675/89 1676/1676/89 1677/1677/89 1188/1188/89 1187/1187/89 1186/1186/89 1185/1185/89 1184/1184/89 1183/1183/89 1108/1108/89 1678/1678/89 1679/1679/89 1680/1680/89 1681/1681/89 

vn 0.132747 6.22369e-14 0.99115
v 57.7881 200.066 -3.6402
vt 3.803 2.61463
v 57.7947 200.07 -3.64084
vt 4.03775 2.74211
v 57.8013 200.073 -3.64148
vt 4.27429 2.86622
v 57.8079 200.076 -3.64213
vt 4.51259 2.98692
v 57.8146 200.079 -3.64278
vt 4.7526 3.10419
v 57.8213 200.082 -3.64344
vt 4.99427 3.21801
v 57.828 200.085 -3.6441
vt 5.23754 3.32835
v 57.8349 200.087 -3.64476
vt 5.48237 3.43519
v 57.8417 200.09 -3.64543
vt 5.72871 3.53851
v 57.8486 200.092 -3.6461
vt 5.9765 3.63829
v 57.8555 200.095 -3.64678
vt 6.2257 3.7345
f 1670/1670/90 1669/1669/90 1668/1668/90 1682/1682/90 1683/1683/90 1684/1684/90 1685/1685/90 1686/1686/90 1687/1687/90 1688/1688/90 1689/1689/90 1690/1690/90 1691/1691/90 1692/1692/90 1673/1673/90 1672/1672/90 1671/1671/90 

usemtl Chris_Shoe
v 57.7166 200.061 -3.63322
vt 1.23158 2.38697
vn 0.132747 1.42614e-14 0.99115
v 57.7252 200.043 -3.63405
vt 1.53912 1.71107
v 57.7529 200.037 -3.63676
vt 2.5363 1.4735
v 57.7812 200.034 -3.63953
vt 3.55466 1.3562
v 57.8098 200.035 -3.64231
vt 4.57973 1.36083
v 57.8243 200.034 -3.64373
vt 5.10241 1.35511
v 57.848 200.024 -3.64604
vt 5.95417 0.9317
v 57.8733 200.017 -3.64852
vt 6.86457 0.656123
v 57.8996 200.014 -3.65108
vt 7.80816 0.536079
v 57.9183 200.014 -3.65291
vt 8.48129 0.559717
v 57.9367 200.017 -3.6547
vt 9.14258 0.687578
v 57.9543 200.023 -3.65642
vt 9.776 0.916562
v 57.9707 200.032 -3.65803
vt 10.3662 1.24112
v 57.9855 200.042 -3.65947
vt 10.8988 1.65337
v 57.9724 200.052 -3.65819
vt 10.4263 2.03119
v 57.958 200.06 -3.65678
vt 9.90869 2.3443
v 57.9426 200.066 -3.65528
vt 9.35469 2.58735
v 57.9264 200.07 -3.6537
vt 8.77376 2.75621
v 57.9098 200.072 -3.65208
vt 8.17579 2.84801
v 57.9023 200.075 -3.65134
vt 7.90517 2.95607
v 57.8892 200.083 -3.65006
vt 7.4344 3.25543
v 57.8759 200.09 -3.64877
vt 6.95803 3.54582
f 1693/1693/91 1694/1694/91 1695/1695/91 1696/1696/91 1697/1697/91 1698/1698/91 1699/1699/91 1700/1700/91 1701/1701/91 1702/1702/91 1703/1703/91 1704/1704/91 1705/1705/91 1706/1706/91 1707/1707/91 1708/1708/91 1709/1709/91 1710/1710/91 1711/1711/91 1712/1712/91 1713/1713/91 1714/1714/91 1673/1673/91 1692/1692/91 1691/1691/91 1690/1690/91 1689/1689/91 1688/1688/91 1687/1687/91 1686/1686/91 1685/1685/91 1684/1684/91 1683/1683/91 1682/1682/91 1668/1668/91 

usemtl Chris_Shoe_Sole
v 57.7163 200.042 -3.63319
vt 1.22033 1.67119
vn 0.132747 1.59952e-14 0.99115
v 57.7222 200.033 -3.63376
vt 1.43187 1.31438
v 57.7303 200.026 -3.63456
vt 1.7244 1.0203
v 57.7402 200.02 -3.63552
vt 2.07985 0.806498
v 57.7615 200.02 -3.6376
vt 2.84456 0.801074
v 57.7827 200.022 -3.63967
vt 3.60681 0.862521
v 57.8038 200.024 -3.64173
vt 4.36553 0.95809
v 57.825 200.024 -3.6438
vt 5.12969 0.928709
v 57.8458 200.019 -3.64583
vt 5.87392 0.752863
v 57.8653 200.011 -3.64773
vt 6.57589 0.449485
v 57.8854 200.005 -3.6497
vt 7.29988 0.20324
v 57.9065 200.002 -3.65176
vt 8.05726 0.0975196
v 57.9277 200.003 -3.65383
vt 8.82111 0.134084
v 57.934 200.004 -3.65445
vt 9.04804 0.155358
v 57.9403 200.005 -3.65506
vt 9.27259 0.194487
v 57.9464 200.006 -3.65566
vt 9.49335 0.251226
v 57.9524 200.008 -3.65624
vt 9.70893 0.325221
v 57.9582 200.011 -3.65681
vt 9.918 0.41601
v 57.9638 200.013 -3.65736
vt 10.1193 0.523026
v 57.9692 200.016 -3.65788
vt 10.3114 0.6456
v 57.9742 200.02 -3.65837
vt 10.4933 0.782967
v 57.979 200.024 -3.65884
vt 10.6638 0.934268
v 57.9834 200.028 -3.65926
vt 10.8218 1.09856
v 57.9874 200.032 -3.65966
vt 10.9663 1.27481
f 1715/1715/92 1716/1716/92 1717/1717/92 1718/1718/92 1719/1719/92 1720/1720/92 1721/1721/92 1722/1722/92 1723/1723/92 1724/1724/92 1725/1725/92 1726/1726/92 1727/1727/92 1728/1728/92 1729/1729/92 1730/1730/92 1731/1731/92 1732/1732/92 1733/1733/92 1734/1734/92 1735/1735/92 1736/1736/92 1737/1737/92 1738/1738/92 1706/1706/92 1705/1705/92 1704/1704/92 1703/1703/92 1702/1702/92 1701/1701/92 1700/1700/92 1699/1699/92 1698/1698/92 1697/1697/92 1696/1696/92 1695/1695/92 1694/1694/92 1693/1693/92 

g Mesh3 Model

usemtl FrontColor
v 36.9265 0 -10
vt -1453.8 393.701
vn 0 -1 -0
v 26.7065 0 -10
vt -1051.44 393.701
v 23.3765 0 -7
vt -920.334 275.591
v 23.3765 0 -4
vt -920.334 157.48
v 18.9365 0 -0
vt -745.53 0
v 4.50647 0 -0
vt -177.42 0
v 0.0664745 0 -4
vt -2.61711 157.48
v 0.0664745 0 -66
vt -2.61711 2598.43
v 4.50647 0 -70
vt -177.42 2755.91
v 73.3265 0 -70
vt -2886.87 2755.91
v 77.7665 0 -66
vt -3061.67 2598.43
v 77.7665 0 -4
vt -3061.67 157.48
v 73.3265 0 -0
vt -2886.87 0
v 58.8965 0 -0
vt -2318.76 0
v 54.4565 0 -4
vt -2143.96 157.48
v 54.4565 0 -7
vt -2143.96 275.591
v 51.1265 0 -10
vt -2012.85 393.701
v 40.9165 0 -10
vt -1610.88 393.701
v 40.9165 0 -9.85
vt -1610.88 387.795
v 40.6165 0 -9.85
vt -1599.07 387.795
v 40.6165 0 -10.3
vt -1599.07 405.512
v 38.9165 0 -10.3
vt -1532.14 405.512
v 37.2165 0 -10.3
vt -1465.22 405.512
v 37.2165 0 -9.85
vt -1465.22 387.795
v 36.9265 0 -9.85
vt -1453.8 387.795
f 1739/1739/93 1740/1740/93 1741/1741/93 1742/1742/93 1743/1743/93 1744/1744/93 1745/1745/93 1746/1746/93 1747/1747/93 1748/1748/93 1749/1749/93 1750/1750/93 1751/1751/93 1752/1752/93 1753/1753/93 1754/1754/93 1755/1755/93 1756/1756/93 1757/1757/93 1758/1758/93 1759/1759/93 1760/1760/93 1761/1761/93 1762/1762/93 1763/1763/93 

vt 1453.8 0
vn 0 0 1
v 35.8265 2.2 -10
vt 1410.49 86.6142
vt 1051.44 0
f 1739/1764/94 1764/1765/94 1740/1766/94

v 36.9265 3.3 -10
vt 1453.8 129.921
f 1764/1765/94 1739/1764/94 1765/1767/94

vt -393.701 129.921
vn -1 0 -0
vt -393.701 0
vt -387.795 0
v 36.9265 3.3 -9.85
vt -387.795 129.921
f 1765/1768/95 1739/1769/95 1763/1770/95 1766/1771/95 

v 37.2165 3 -9.85
vt 1465.22 118.11
v 38.9165 3 -9.85
vt 1532.14 118.11
v 40.6165 3 -9.85
vt 1599.07 118.11
vt 1599.07 0
vt 1610.88 0
v 40.9165 3.3 -9.85
vt 1610.88 129.921
vt 1465.22 0
f 1767/1772/94 1768/1773/94 1769/1774/94 1758/1775/94 1757/1776/94 1770/1777/94 1766/1767/94 1763/1764/94 1762/1778/94 

v 38.9165 3 -10.3
vt -1532.14 387.795
v 37.2165 3 -10.3
f 1771/1760/93 1768/1779/93 1767/1762/93 1772/1761/93 

v 40.6165 3 -10.3
f 1773/1759/93 1769/1758/93 1768/1779/93 1771/1760/93 

vt -405.512 0
vt -387.795 118.11
vt -405.512 118.11
f 1759/1780/95 1758/1770/95 1769/1781/95 1773/1782/95 

vt 1532.14 0
f 1760/1783/94 1759/1775/94 1773/1774/94 1771/1773/94 

f 1760/1783/94 1771/1773/94 1772/1772/94 1761/1778/94 

vt 405.512 118.11
vn 1 0 -0
vt 387.795 118.11
vt 387.795 0
vt 405.512 0
f 1772/1784/96 1767/1785/96 1762/1786/96 1761/1787/96 

vt 393.701 0
v 40.9165 3.3 -10
vt 393.701 129.921
vt 387.795 129.921
f 1756/1788/96 1774/1789/96 1770/1790/96 1757/1786/96 

v 42.0165 2.2 -10
vt 1654.19 86.6142
f 1756/1776/94 1775/1791/94 1774/1777/94

v 49.9965 2.2 -10
vt 1968.37 86.6142
f 1775/1791/94 1756/1776/94 1776/1792/94

vt 2012.85 0
f 1755/1793/94 1776/1792/94 1756/1776/94

v 51.1265 7.88437 -10
vt 2012.85 310.408
f 1776/1792/94 1755/1793/94 1777/1794/94

vt 1408.41 -2.06994e-13
vn -0.669334 -1.26233e-16 0.742961
v 54.4565 7.88437 -7
vt 1408.41 310.408
vt 1231.95 310.408
vt 1231.95 -2.06994e-13
f 1754/1795/97 1778/1796/97 1777/1797/97 1755/1798/97 

v 54.4565 201.5 -7
vt -275.591 7933.07
v 54.4565 12.9114 -7
vt -275.591 508.324
v 54.4565 8.38437 -4
vt -157.48 330.093
vt -275.591 310.408
vt -275.591 0
vt -157.48 0
v 54.4565 8.38437 -4
v 54.4565 201.5 -4
vt -157.48 7933.07
f 1779/1799/95 1780/1800/95 1781/1801/95 1778/1802/95 1754/1803/95 1753/1804/95 1782/1801/95 1783/1805/95 

v 51.1265 201.5 -10
vt 1231.95 7933.07
vn -0.669334 5.88362e-18 0.742961
v 51.1265 12.9114 -10
vt 1231.95 508.324
vt 1408.41 508.324
vt 1408.41 7933.07
f 1784/1806/98 1785/1807/98 1780/1808/98 1779/1809/98 

v 49.3965 14.6414 -10
vt 1944.74 576.434
vn 2.95623e-17 3.82797e-18 1
vt 2012.85 508.324
vt 2012.85 7933.07
f 1786/1810/99 1785/1811/99 1784/1812/99

v 26.7065 12.9114 -10
vt 1051.44 508.324
f 1785/1811/99 1786/1810/99 1787/1813/99

v 28.4365 14.6414 -10
vt 1119.55 576.434
f 1788/1814/99 1787/1813/99 1786/1810/99

v 26.7065 201.5 -10
vt 1051.44 7933.07
f 1787/1813/99 1788/1814/99 1789/1815/99

v 28.4365 17.0748 -10
vt 1119.55 672.237
f 1789/1815/99 1788/1814/99 1790/1816/99

v 37.1865 17.0748 -10
vt 1464.03 672.237
v 37.1865 14.6414 -10
vt 1464.03 576.434
f 1791/1817/94 1790/1816/94 1788/1814/94 1792/1818/94 

v 49.3965 20.5348 -10
vt 1944.74 808.458
f 1791/1817/99 1793/1819/99 1790/1816/99

v 40.6465 17.0748 -10
vt 1600.25 672.237
f 1794/1820/99 1793/1819/99 1791/1817/99

v 49.3965 17.0748 -10
vt 1944.74 672.237
f 1795/1821/99 1793/1819/99 1794/1820/99

f 1795/1821/99 1784/1812/99 1793/1819/99

f 1786/1810/99 1784/1812/99 1795/1821/99

v 40.6465 14.6414 -10
vt 1600.25 576.434
f 1795/1821/94 1794/1820/94 1796/1822/94 1786/1810/94 

f 1794/1820/99 1792/1818/99 1796/1822/99

f 1792/1818/99 1794/1820/99 1791/1817/99

f 1788/1814/99 1796/1822/99 1792/1818/99

f 1788/1814/99 1786/1810/99 1796/1822/99

v 49.3965 22.9682 -10
vt 1944.74 904.261
f 1793/1819/99 1784/1812/99 1797/1823/99

v 49.3965 26.4282 -10
vt 1944.74 1040.48
f 1797/1823/99 1784/1812/99 1798/1824/99

v 49.3965 28.8616 -10
vt 1944.74 1136.28
f 1798/1824/99 1784/1812/99 1799/1825/99

v 49.3965 32.3216 -10
vt 1944.74 1272.5
f 1799/1825/99 1784/1812/99 1800/1826/99

v 49.3965 34.755 -10
vt 1944.74 1368.31
f 1800/1826/99 1784/1812/99 1801/1827/99

v 49.3965 38.215 -10
vt 1944.74 1504.53
f 1801/1827/99 1784/1812/99 1802/1828/99

v 49.3965 40.6484 -10
vt 1944.74 1600.33
f 1802/1828/99 1784/1812/99 1803/1829/99

v 49.3965 44.1084 -10
vt 1944.74 1736.55
f 1803/1829/99 1784/1812/99 1804/1830/99

v 49.3965 46.5418 -10
vt 1944.74 1832.35
f 1804/1830/99 1784/1812/99 1805/1831/99

v 49.3965 50.0018 -10
vt 1944.74 1968.57
f 1805/1831/99 1784/1812/99 1806/1832/99

v 49.3965 52.4352 -10
vt 1944.74 2064.38
f 1806/1832/99 1784/1812/99 1807/1833/99

v 49.3965 55.8952 -10
vt 1944.74 2200.6
f 1807/1833/99 1784/1812/99 1808/1834/99

v 49.3965 58.3286 -10
vt 1944.74 2296.4
f 1808/1834/99 1784/1812/99 1809/1835/99

v 49.3965 61.7886 -10
vt 1944.74 2432.62
f 1809/1835/99 1784/1812/99 1810/1836/99

v 49.3965 64.222 -10
vt 1944.74 2528.42
f 1810/1836/99 1784/1812/99 1811/1837/99

v 49.3965 67.6819 -10
vt 1944.74 2664.64
f 1811/1837/99 1784/1812/99 1812/1838/99

v 49.3965 70.1154 -10
vt 1944.74 2760.45
f 1812/1838/99 1784/1812/99 1813/1839/99

v 49.3965 73.5753 -10
vt 1944.74 2896.67
f 1813/1839/99 1784/1812/99 1814/1840/99

v 49.3965 76.0088 -10
vt 1944.74 2992.47
f 1814/1840/99 1784/1812/99 1815/1841/99

v 49.3965 79.4687 -10
vt 1944.74 3128.69
f 1815/1841/99 1784/1812/99 1816/1842/99

v 49.3965 81.9022 -10
vt 1944.74 3224.49
f 1816/1842/99 1784/1812/99 1817/1843/99

v 49.3965 85.3621 -10
vt 1944.74 3360.71
f 1817/1843/99 1784/1812/99 1818/1844/99

v 49.3965 87.7956 -10
vt 1944.74 3456.52
f 1818/1844/99 1784/1812/99 1819/1845/99

v 49.3965 91.2555 -10
vt 1944.74 3592.74
f 1819/1845/99 1784/1812/99 1820/1846/99

v 49.3965 93.6889 -10
vt 1944.74 3688.54
f 1820/1846/99 1784/1812/99 1821/1847/99

v 49.3965 97.1489 -10
vt 1944.74 3824.76
f 1821/1847/99 1784/1812/99 1822/1848/99

v 49.3965 99.5823 -10
vt 1944.74 3920.56
f 1822/1848/99 1784/1812/99 1823/1849/99

v 49.3965 103.042 -10
vt 1944.74 4056.78
f 1823/1849/99 1784/1812/99 1824/1850/99

v 49.3965 105.476 -10
vt 1944.74 4152.59
f 1824/1850/99 1784/1812/99 1825/1851/99

v 49.3965 108.936 -10
vt 1944.74 4288.81
f 1825/1851/99 1784/1812/99 1826/1852/99

v 49.3965 111.369 -10
vt 1944.74 4384.61
f 1826/1852/99 1784/1812/99 1827/1853/99

v 49.3965 114.829 -10
vt 1944.74 4520.83
f 1827/1853/99 1784/1812/99 1828/1854/99

v 49.3965 117.263 -10
vt 1944.74 4616.63
f 1828/1854/99 1784/1812/99 1829/1855/99

v 49.3965 120.722 -10
vt 1944.74 4752.85
f 1829/1855/99 1784/1812/99 1830/1856/99

v 49.3965 123.156 -10
vt 1944.74 4848.66
f 1830/1856/99 1784/1812/99 1831/1857/99

v 49.3965 126.616 -10
vt 1944.74 4984.88
f 1831/1857/99 1784/1812/99 1832/1858/99

v 49.3965 129.049 -10
vt 1944.74 5080.68
f 1832/1858/99 1784/1812/99 1833/1859/99

v 49.3965 132.509 -10
vt 1944.74 5216.9
f 1833/1859/99 1784/1812/99 1834/1860/99

v 49.3965 134.943 -10
vt 1944.74 5312.7
f 1834/1860/99 1784/1812/99 1835/1861/99

v 49.3965 138.403 -10
vt 1944.74 5448.92
f 1835/1861/99 1784/1812/99 1836/1862/99

v 49.3965 140.836 -10
vt 1944.74 5544.73
f 1836/1862/99 1784/1812/99 1837/1863/99

v 49.3965 144.296 -10
vt 1944.74 5680.95
f 1837/1863/99 1784/1812/99 1838/1864/99

v 49.3965 146.729 -10
vt 1944.74 5776.75
f 1838/1864/99 1784/1812/99 1839/1865/99

v 49.3965 150.189 -10
vt 1944.74 5912.97
f 1839/1865/99 1784/1812/99 1840/1866/99

v 49.3965 152.623 -10
vt 1944.74 6008.77
f 1840/1866/99 1784/1812/99 1841/1867/99

v 49.3965 156.083 -10
vt 1944.74 6144.99
f 1841/1867/99 1784/1812/99 1842/1868/99

v 49.3965 158.516 -10
vt 1944.74 6240.8
f 1842/1868/99 1784/1812/99 1843/1869/99

v 49.3965 161.976 -10
vt 1944.74 6377.02
f 1843/1869/99 1784/1812/99 1844/1870/99

v 49.3965 164.41 -10
vt 1944.74 6472.82
f 1844/1870/99 1784/1812/99 1845/1871/99

v 49.3965 167.87 -10
vt 1944.74 6609.04
f 1845/1871/99 1784/1812/99 1846/1872/99

v 49.3965 170.303 -10
vt 1944.74 6704.84
f 1846/1872/99 1784/1812/99 1847/1873/99

v 49.3965 173.763 -10
vt 1944.74 6841.06
f 1847/1873/99 1784/1812/99 1848/1874/99

v 49.3965 176.196 -10
vt 1944.74 6936.87
f 1848/1874/99 1784/1812/99 1849/1875/99

v 49.3965 179.656 -10
vt 1944.74 7073.09
f 1849/1875/99 1784/1812/99 1850/1876/99

v 49.3965 182.09 -10
vt 1944.74 7168.89
f 1850/1876/99 1784/1812/99 1851/1877/99

v 49.3965 185.55 -10
vt 1944.74 7305.11
f 1851/1877/99 1784/1812/99 1852/1878/99

v 49.3965 187.983 -10
vt 1944.74 7400.91
f 1852/1878/99 1784/1812/99 1853/1879/99

v 49.3965 191.443 -10
vt 1944.74 7537.13
f 1853/1879/99 1784/1812/99 1854/1880/99

v 49.3965 193.877 -10
vt 1944.74 7632.94
f 1854/1880/99 1784/1812/99 1855/1881/99

v 40.6465 193.877 -10
vt 1600.25 7632.94
f 1855/1881/99 1784/1812/99 1856/1882/99

v 37.1865 193.877 -10
vt 1464.04 7632.94
f 1856/1882/99 1784/1812/99 1857/1883/99

v 28.4365 193.877 -10
vt 1119.55 7632.94
f 1857/1883/99 1784/1812/99 1858/1884/99

f 1789/1815/99 1858/1884/99 1784/1812/99

v 28.4365 191.443 -10
vt 1119.55 7537.13
f 1789/1815/99 1859/1885/99 1858/1884/99

v 28.4365 187.983 -10
vt 1119.55 7400.91
f 1789/1815/99 1860/1886/99 1859/1885/99

v 28.4365 185.55 -10
vt 1119.55 7305.11
f 1789/1815/99 1861/1887/99 1860/1886/99

v 28.4365 182.09 -10
vt 1119.55 7168.89
f 1789/1815/99 1862/1888/99 1861/1887/99

v 28.4365 179.656 -10
vt 1119.55 7073.09
f 1789/1815/99 1863/1889/99 1862/1888/99

v 28.4365 176.196 -10
vt 1119.55 6936.87
f 1789/1815/99 1864/1890/99 1863/1889/99

v 28.4365 173.763 -10
vt 1119.55 6841.06
f 1789/1815/99 1865/1891/99 1864/1890/99

v 28.4365 170.303 -10
vt 1119.55 6704.84
f 1789/1815/99 1866/1892/99 1865/1891/99

v 28.4365 167.87 -10
vt 1119.55 6609.04
f 1789/1815/99 1867/1893/99 1866/1892/99

v 28.4365 164.41 -10
vt 1119.55 6472.82
f 1789/1815/99 1868/1894/99 1867/1893/99

v 28.4365 161.976 -10
vt 1119.55 6377.02
f 1789/1815/99 1869/1895/99 1868/1894/99

v 28.4365 158.516 -10
vt 1119.55 6240.8
f 1789/1815/99 1870/1896/99 1869/1895/99

v 28.4365 156.083 -10
vt 1119.55 6144.99
f 1789/1815/99 1871/1897/99 1870/1896/99

v 28.4365 152.623 -10
vt 1119.55 6008.77
f 1789/1815/99 1872/1898/99 1871/1897/99

v 28.4365 150.189 -10
vt 1119.55 5912.97
f 1789/1815/99 1873/1899/99 1872/1898/99

v 28.4365 146.729 -10
vt 1119.55 5776.75
f 1789/1815/99 1874/1900/99 1873/1899/99

v 28.4365 144.296 -10
vt 1119.55 5680.95
f 1789/1815/99 1875/1901/99 1874/1900/99

v 28.4365 140.836 -10
vt 1119.55 5544.73
f 1789/1815/99 1876/1902/99 1875/1901/99

v 28.4365 138.403 -10
vt 1119.55 5448.92
f 1789/1815/99 1877/1903/99 1876/1902/99

v 28.4365 134.943 -10
vt 1119.55 5312.7
f 1789/1815/99 1878/1904/99 1877/1903/99

v 28.4365 132.509 -10
vt 1119.55 5216.9
f 1789/1815/99 1879/1905/99 1878/1904/99

v 28.4365 129.049 -10
vt 1119.55 5080.68
f 1789/1815/99 1880/1906/99 1879/1905/99

v 28.4365 126.616 -10
vt 1119.55 4984.88
f 1789/1815/99 1881/1907/99 1880/1906/99

v 28.4365 123.156 -10
vt 1119.55 4848.66
f 1789/1815/99 1882/1908/99 1881/1907/99

v 28.4365 120.722 -10
vt 1119.55 4752.85
f 1789/1815/99 1883/1909/99 1882/1908/99

v 28.4365 117.263 -10
vt 1119.55 4616.63
f 1789/1815/99 1884/1910/99 1883/1909/99

v 28.4365 114.829 -10
vt 1119.55 4520.83
f 1789/1815/99 1885/1911/99 1884/1910/99

v 28.4365 111.369 -10
vt 1119.55 4384.61
f 1789/1815/99 1886/1912/99 1885/1911/99

v 28.4365 108.936 -10
vt 1119.55 4288.81
f 1789/1815/99 1887/1913/99 1886/1912/99

v 28.4365 105.476 -10
vt 1119.55 4152.59
f 1789/1815/99 1888/1914/99 1887/1913/99

v 28.4365 103.042 -10
vt 1119.55 4056.78
f 1789/1815/99 1889/1915/99 1888/1914/99

v 28.4365 99.5823 -10
vt 1119.55 3920.56
f 1789/1815/99 1890/1916/99 1889/1915/99

v 28.4365 97.1489 -10
vt 1119.55 3824.76
f 1789/1815/99 1891/1917/99 1890/1916/99

v 28.4365 93.6889 -10
vt 1119.55 3688.54
f 1789/1815/99 1892/1918/99 1891/1917/99

v 28.4365 91.2555 -10
vt 1119.55 3592.74
f 1789/1815/99 1893/1919/99 1892/1918/99

v 28.4365 87.7956 -10
vt 1119.55 3456.52
f 1789/1815/99 1894/1920/99 1893/1919/99

v 28.4365 85.3621 -10
vt 1119.55 3360.71
f 1789/1815/99 1895/1921/99 1894/1920/99

v 28.4365 81.9022 -10
vt 1119.55 3224.49
f 1789/1815/99 1896/1922/99 1895/1921/99

v 28.4365 79.4687 -10
vt 1119.55 3128.69
f 1789/1815/99 1897/1923/99 1896/1922/99

v 28.4365 76.0088 -10
vt 1119.55 2992.47
f 1789/1815/99 1898/1924/99 1897/1923/99

v 28.4365 73.5753 -10
vt 1119.55 2896.67
f 1789/1815/99 1899/1925/99 1898/1924/99

v 28.4365 70.1154 -10
vt 1119.55 2760.45
f 1789/1815/99 1900/1926/99 1899/1925/99

v 28.4365 67.6819 -10
vt 1119.55 2664.64
f 1789/1815/99 1901/1927/99 1900/1926/99

v 28.4365 64.222 -10
vt 1119.55 2528.42
f 1789/1815/99 1902/1928/99 1901/1927/99

v 28.4365 61.7886 -10
vt 1119.55 2432.62
f 1789/1815/99 1903/1929/99 1902/1928/99

v 28.4365 58.3286 -10
vt 1119.55 2296.4
f 1789/1815/99 1904/1930/99 1903/1929/99

v 28.4365 55.8952 -10
vt 1119.55 2200.6
f 1789/1815/99 1905/1931/99 1904/1930/99

v 28.4365 52.4352 -10
vt 1119.55 2064.38
f 1789/1815/99 1906/1932/99 1905/1931/99

v 28.4365 50.0018 -10
vt 1119.55 1968.57
f 1789/1815/99 1907/1933/99 1906/1932/99

v 28.4365 46.5418 -10
vt 1119.55 1832.35
f 1789/1815/99 1908/1934/99 1907/1933/99

v 28.4365 44.1084 -10
vt 1119.55 1736.55
f 1789/1815/99 1909/1935/99 1908/1934/99

v 28.4365 40.6484 -10
vt 1119.55 1600.33
f 1789/1815/99 1910/1936/99 1909/1935/99

v 28.4365 38.215 -10
vt 1119.55 1504.53
f 1789/1815/99 1911/1937/99 1910/1936/99

v 28.4365 34.755 -10
vt 1119.55 1368.31
f 1789/1815/99 1912/1938/99 1911/1937/99

v 28.4365 32.3216 -10
vt 1119.55 1272.5
f 1789/1815/99 1913/1939/99 1912/1938/99

v 28.4365 28.8616 -10
vt 1119.55 1136.28
f 1789/1815/99 1914/1940/99 1913/1939/99

v 28.4365 26.4282 -10
vt 1119.55 1040.48
f 1789/1815/99 1915/1941/99 1914/1940/99

v 28.4365 22.9682 -10
vt 1119.55 904.261
f 1789/1815/99 1916/1942/99 1915/1941/99

v 28.4365 20.5348 -10
vt 1119.55 808.458
f 1789/1815/99 1917/1943/99 1916/1942/99

f 1789/1815/99 1790/1816/99 1917/1943/99

f 1917/1943/99 1790/1816/99 1793/1819/99

v 40.6465 20.5348 -10
vt 1600.25 808.458
f 1917/1943/99 1793/1819/99 1918/1944/99

v 40.6465 22.9682 -10
vt 1600.25 904.261
f 1919/1945/94 1918/1944/94 1793/1819/94 1797/1823/94 

v 37.1865 20.5348 -10
vt 1464.03 808.458
f 1919/1945/99 1920/1946/99 1918/1944/99

v 37.1865 22.9682 -10
vt 1464.03 904.261
f 1920/1946/99 1919/1945/99 1921/1947/99

f 1919/1945/99 1798/1824/99 1921/1947/99

f 1797/1823/99 1798/1824/99 1919/1945/99

f 1921/1947/99 1798/1824/99 1916/1942/99

f 1915/1941/99 1916/1942/99 1798/1824/99

v 40.6465 26.4282 -10
vt 1600.25 1040.48
f 1915/1941/99 1798/1824/99 1922/1948/99

v 40.6465 28.8616 -10
vt 1600.25 1136.28
f 1923/1949/94 1922/1948/94 1798/1824/94 1799/1825/94 

v 37.1865 26.4282 -10
vt 1464.03 1040.48
f 1923/1949/99 1924/1950/99 1922/1948/99

v 37.1865 28.8616 -10
vt 1464.03 1136.28
f 1924/1950/99 1923/1949/99 1925/1951/99

f 1923/1949/99 1800/1826/99 1925/1951/99

f 1799/1825/99 1800/1826/99 1923/1949/99

f 1925/1951/99 1800/1826/99 1914/1940/99

f 1913/1939/99 1914/1940/99 1800/1826/99

v 40.6465 32.3216 -10
vt 1600.25 1272.5
f 1913/1939/99 1800/1826/99 1926/1952/99

v 40.6465 34.755 -10
vt 1600.25 1368.31
f 1926/1952/94 1800/1826/94 1801/1827/94 1927/1953/94 

f 1801/1827/99 1802/1828/99 1927/1953/99

v 37.1865 34.755 -10
vt 1464.03 1368.31
f 1927/1953/99 1802/1828/99 1928/1954/99

f 1928/1954/99 1802/1828/99 1912/1938/99

f 1911/1937/99 1912/1938/99 1802/1828/99

v 40.6465 38.215 -10
vt 1600.25 1504.53
f 1911/1937/99 1802/1828/99 1929/1955/99

v 40.6465 40.6484 -10
vt 1600.25 1600.33
f 1930/1956/94 1929/1955/94 1802/1828/94 1803/1829/94 

v 37.1865 38.215 -10
vt 1464.03 1504.53
f 1930/1956/99 1931/1957/99 1929/1955/99

v 37.1865 40.6484 -10
vt 1464.03 1600.33
f 1931/1957/99 1930/1956/99 1932/1958/99

f 1930/1956/99 1804/1830/99 1932/1958/99

f 1803/1829/99 1804/1830/99 1930/1956/99

f 1932/1958/99 1804/1830/99 1910/1936/99

f 1909/1935/99 1910/1936/99 1804/1830/99

v 40.6465 44.1084 -10
vt 1600.25 1736.55
f 1909/1935/99 1804/1830/99 1933/1959/99

v 40.6465 46.5418 -10
vt 1600.25 1832.35
f 1804/1830/94 1805/1831/94 1934/1960/94 1933/1959/94 

f 1805/1831/99 1806/1832/99 1934/1960/99

v 37.1865 46.5418 -10
vt 1464.03 1832.35
f 1934/1960/99 1806/1832/99 1935/1961/99

f 1935/1961/99 1806/1832/99 1908/1934/99

f 1907/1933/99 1908/1934/99 1806/1832/99

v 40.6465 50.0018 -10
vt 1600.25 1968.57
f 1907/1933/99 1806/1832/99 1936/1962/99

v 40.6465 52.4352 -10
vt 1600.25 2064.38
f 1807/1833/94 1937/1963/94 1936/1962/94 1806/1832/94 

f 1807/1833/99 1808/1834/99 1937/1963/99

v 37.1865 52.4352 -10
vt 1464.03 2064.38
f 1937/1963/99 1808/1834/99 1938/1964/99

f 1938/1964/99 1808/1834/99 1906/1932/99

f 1905/1931/99 1906/1932/99 1808/1834/99

v 40.6465 55.8952 -10
vt 1600.25 2200.6
f 1905/1931/99 1808/1834/99 1939/1965/99

v 40.6465 58.3286 -10
vt 1600.25 2296.4
f 1809/1835/94 1940/1966/94 1939/1965/94 1808/1834/94 

f 1809/1835/99 1810/1836/99 1940/1966/99

v 37.1865 58.3286 -10
vt 1464.03 2296.4
f 1940/1966/99 1810/1836/99 1941/1967/99

f 1941/1967/99 1810/1836/99 1904/1930/99

f 1903/1929/99 1904/1930/99 1810/1836/99

v 40.6465 61.7886 -10
vt 1600.25 2432.62
f 1903/1929/99 1810/1836/99 1942/1968/99

v 40.6465 64.222 -10
vt 1600.25 2528.42
f 1943/1969/94 1942/1968/94 1810/1836/94 1811/1837/94 

v 37.1865 61.7886 -10
vt 1464.04 2432.62
f 1943/1969/99 1944/1970/99 1942/1968/99

v 37.1865 64.222 -10
vt 1464.04 2528.42
f 1944/1970/99 1943/1969/99 1945/1971/99

f 1943/1969/99 1812/1838/99 1945/1971/99

f 1811/1837/99 1812/1838/99 1943/1969/99

f 1945/1971/99 1812/1838/99 1902/1928/99

f 1901/1927/99 1902/1928/99 1812/1838/99

v 40.6465 67.6819 -10
vt 1600.25 2664.64
f 1901/1927/99 1812/1838/99 1946/1972/99

v 40.6465 70.1154 -10
vt 1600.25 2760.45
f 1813/1839/94 1947/1973/94 1946/1972/94 1812/1838/94 

f 1813/1839/99 1814/1840/99 1947/1973/99

v 37.1865 70.1154 -10
vt 1464.04 2760.45
f 1947/1973/99 1814/1840/99 1948/1974/99

f 1948/1974/99 1814/1840/99 1900/1926/99

f 1899/1925/99 1900/1926/99 1814/1840/99

v 40.6465 73.5753 -10
vt 1600.25 2896.67
f 1899/1925/99 1814/1840/99 1949/1975/99

v 40.6465 76.0088 -10
vt 1600.25 2992.47
f 1815/1841/94 1950/1976/94 1949/1975/94 1814/1840/94 

f 1815/1841/99 1816/1842/99 1950/1976/99

v 37.1865 76.0088 -10
vt 1464.04 2992.47
f 1950/1976/99 1816/1842/99 1951/1977/99

f 1951/1977/99 1816/1842/99 1898/1924/99

f 1897/1923/99 1898/1924/99 1816/1842/99

v 40.6465 79.4687 -10
vt 1600.25 3128.69
f 1897/1923/99 1816/1842/99 1952/1978/99

v 40.6465 81.9022 -10
vt 1600.25 3224.49
f 1816/1842/94 1817/1843/94 1953/1979/94 1952/1978/94 

f 1817/1843/99 1818/1844/99 1953/1979/99

v 37.1865 81.9022 -10
vt 1464.04 3224.49
f 1953/1979/99 1818/1844/99 1954/1980/99

f 1954/1980/99 1818/1844/99 1896/1922/99

f 1895/1921/99 1896/1922/99 1818/1844/99

v 40.6465 85.3621 -10
vt 1600.25 3360.71
f 1895/1921/99 1818/1844/99 1955/1981/99

v 40.6465 87.7956 -10
vt 1600.25 3456.52
f 1818/1844/94 1819/1845/94 1956/1982/94 1955/1981/94 

f 1819/1845/99 1820/1846/99 1956/1982/99

v 37.1865 87.7956 -10
vt 1464.04 3456.52
f 1956/1982/99 1820/1846/99 1957/1983/99

f 1957/1983/99 1820/1846/99 1894/1920/99

f 1893/1919/99 1894/1920/99 1820/1846/99

v 40.6465 91.2555 -10
vt 1600.25 3592.74
f 1893/1919/99 1820/1846/99 1958/1984/99

v 40.6465 93.6889 -10
vt 1600.25 3688.54
f 1820/1846/94 1821/1847/94 1959/1985/94 1958/1984/94 

f 1821/1847/99 1822/1848/99 1959/1985/99

v 37.1865 93.6889 -10
vt 1464.04 3688.54
f 1959/1985/99 1822/1848/99 1960/1986/99

f 1960/1986/99 1822/1848/99 1892/1918/99

f 1891/1917/99 1892/1918/99 1822/1848/99

v 40.6465 97.1489 -10
vt 1600.25 3824.76
f 1891/1917/99 1822/1848/99 1961/1987/99

v 40.6465 99.5823 -10
vt 1600.25 3920.56
f 1823/1849/94 1962/1988/94 1961/1987/94 1822/1848/94 

f 1823/1849/99 1824/1850/99 1962/1988/99

v 37.1865 99.5823 -10
vt 1464.04 3920.56
f 1962/1988/99 1824/1850/99 1963/1989/99

f 1963/1989/99 1824/1850/99 1890/1916/99

f 1889/1915/99 1890/1916/99 1824/1850/99

v 40.6465 103.042 -10
vt 1600.25 4056.78
f 1889/1915/99 1824/1850/99 1964/1990/99

v 40.6465 105.476 -10
vt 1600.25 4152.59
f 1824/1850/94 1825/1851/94 1965/1991/94 1964/1990/94 

f 1825/1851/99 1826/1852/99 1965/1991/99

v 37.1865 105.476 -10
vt 1464.04 4152.59
f 1965/1991/99 1826/1852/99 1966/1992/99

f 1966/1992/99 1826/1852/99 1888/1914/99

f 1887/1913/99 1888/1914/99 1826/1852/99

v 40.6465 108.936 -10
vt 1600.25 4288.81
f 1887/1913/99 1826/1852/99 1967/1993/99

v 40.6465 111.369 -10
vt 1600.25 4384.61
f 1827/1853/94 1968/1994/94 1967/1993/94 1826/1852/94 

f 1827/1853/99 1828/1854/99 1968/1994/99

v 37.1865 111.369 -10
vt 1464.04 4384.61
f 1968/1994/99 1828/1854/99 1969/1995/99

f 1969/1995/99 1828/1854/99 1886/1912/99

f 1885/1911/99 1886/1912/99 1828/1854/99

v 40.6465 114.829 -10
vt 1600.25 4520.83
f 1885/1911/99 1828/1854/99 1970/1996/99

v 40.6465 117.263 -10
vt 1600.25 4616.63
f 1828/1854/94 1829/1855/94 1971/1997/94 1970/1996/94 

f 1829/1855/99 1830/1856/99 1971/1997/99

v 37.1865 117.263 -10
vt 1464.04 4616.63
f 1971/1997/99 1830/1856/99 1972/1998/99

f 1972/1998/99 1830/1856/99 1884/1910/99

f 1883/1909/99 1884/1910/99 1830/1856/99

v 40.6465 120.722 -10
vt 1600.25 4752.85
f 1883/1909/99 1830/1856/99 1973/1999/99

v 40.6465 123.156 -10
vt 1600.25 4848.66
f 1830/1856/94 1831/1857/94 1974/2000/94 1973/1999/94 

f 1831/1857/99 1832/1858/99 1974/2000/99

v 37.1865 123.156 -10
vt 1464.04 4848.66
f 1974/2000/99 1832/1858/99 1975/2001/99

f 1975/2001/99 1832/1858/99 1882/1908/99

f 1881/1907/99 1882/1908/99 1832/1858/99

v 40.6465 126.616 -10
vt 1600.25 4984.88
f 1881/1907/99 1832/1858/99 1976/2002/99

v 40.6465 129.049 -10
vt 1600.25 5080.68
f 1833/1859/94 1977/2003/94 1976/2002/94 1832/1858/94 

f 1833/1859/99 1834/1860/99 1977/2003/99

v 37.1865 129.049 -10
vt 1464.04 5080.68
f 1977/2003/99 1834/1860/99 1978/2004/99

f 1978/2004/99 1834/1860/99 1880/1906/99

f 1879/1905/99 1880/1906/99 1834/1860/99

v 40.6465 132.509 -10
vt 1600.25 5216.9
f 1879/1905/99 1834/1860/99 1979/2005/99

v 40.6465 134.943 -10
vt 1600.25 5312.7
f 1834/1860/94 1835/1861/94 1980/2006/94 1979/2005/94 

f 1835/1861/99 1836/1862/99 1980/2006/99

v 37.1865 134.943 -10
vt 1464.04 5312.7
f 1980/2006/99 1836/1862/99 1981/2007/99

f 1981/2007/99 1836/1862/99 1878/1904/99

f 1877/1903/99 1878/1904/99 1836/1862/99

v 40.6465 138.403 -10
vt 1600.25 5448.92
f 1877/1903/99 1836/1862/99 1982/2008/99

v 40.6465 140.836 -10
vt 1600.25 5544.73
f 1836/1862/94 1837/1863/94 1983/2009/94 1982/2008/94 

f 1837/1863/99 1838/1864/99 1983/2009/99

v 37.1865 140.836 -10
vt 1464.04 5544.73
f 1983/2009/99 1838/1864/99 1984/2010/99

f 1984/2010/99 1838/1864/99 1876/1902/99

f 1875/1901/99 1876/1902/99 1838/1864/99

v 40.6465 144.296 -10
vt 1600.25 5680.95
f 1875/1901/99 1838/1864/99 1985/2011/99

v 40.6465 146.729 -10
vt 1600.25 5776.75
f 1838/1864/94 1839/1865/94 1986/2012/94 1985/2011/94 

f 1839/1865/99 1840/1866/99 1986/2012/99

v 37.1865 146.729 -10
vt 1464.04 5776.75
f 1986/2012/99 1840/1866/99 1987/2013/99

f 1987/2013/99 1840/1866/99 1874/1900/99

f 1873/1899/99 1874/1900/99 1840/1866/99

v 40.6465 150.189 -10
vt 1600.25 5912.97
f 1873/1899/99 1840/1866/99 1988/2014/99

v 40.6465 152.623 -10
vt 1600.25 6008.77
f 1840/1866/94 1841/1867/94 1989/2015/94 1988/2014/94 

f 1841/1867/99 1842/1868/99 1989/2015/99

v 37.1865 152.623 -10
vt 1464.04 6008.77
f 1989/2015/99 1842/1868/99 1990/2016/99

f 1990/2016/99 1842/1868/99 1872/1898/99

f 1871/1897/99 1872/1898/99 1842/1868/99

v 40.6465 156.083 -10
vt 1600.25 6144.99
f 1871/1897/99 1842/1868/99 1991/2017/99

v 40.6465 158.516 -10
vt 1600.25 6240.8
f 1991/2017/94 1842/1868/94 1843/1869/94 1992/2018/94 

f 1843/1869/99 1844/1870/99 1992/2018/99

v 37.1865 158.516 -10
vt 1464.04 6240.8
f 1992/2018/99 1844/1870/99 1993/2019/99

f 1993/2019/99 1844/1870/99 1870/1896/99

f 1869/1895/99 1870/1896/99 1844/1870/99

v 40.6465 161.976 -10
vt 1600.25 6377.02
f 1869/1895/99 1844/1870/99 1994/2020/99

v 40.6465 164.41 -10
vt 1600.25 6472.82
f 1995/2021/94 1994/2020/94 1844/1870/94 1845/1871/94 

v 37.1865 161.976 -10
vt 1464.04 6377.02
f 1995/2021/99 1996/2022/99 1994/2020/99

v 37.1865 164.41 -10
vt 1464.04 6472.82
f 1996/2022/99 1995/2021/99 1997/2023/99

f 1995/2021/99 1846/1872/99 1997/2023/99

f 1845/1871/99 1846/1872/99 1995/2021/99

f 1997/2023/99 1846/1872/99 1868/1894/99

f 1867/1893/99 1868/1894/99 1846/1872/99

v 40.6465 167.87 -10
vt 1600.25 6609.04
f 1867/1893/99 1846/1872/99 1998/2024/99

v 40.6465 170.303 -10
vt 1600.25 6704.84
f 1998/2024/94 1846/1872/94 1847/1873/94 1999/2025/94 

f 1847/1873/99 1848/1874/99 1999/2025/99

v 37.1865 170.303 -10
vt 1464.04 6704.84
f 1999/2025/99 1848/1874/99 2000/2026/99

f 2000/2026/99 1848/1874/99 1866/1892/99

f 1865/1891/99 1866/1892/99 1848/1874/99

v 40.6465 173.763 -10
vt 1600.25 6841.06
f 1865/1891/99 1848/1874/99 2001/2027/99

v 40.6465 176.196 -10
vt 1600.25 6936.87
f 2001/2027/94 1848/1874/94 1849/1875/94 2002/2028/94 

f 1849/1875/99 1850/1876/99 2002/2028/99

v 37.1865 176.196 -10
vt 1464.04 6936.87
f 2002/2028/99 1850/1876/99 2003/2029/99

f 2003/2029/99 1850/1876/99 1864/1890/99

f 1863/1889/99 1864/1890/99 1850/1876/99

v 40.6465 179.656 -10
vt 1600.25 7073.09
f 1863/1889/99 1850/1876/99 2004/2030/99

v 40.6465 182.09 -10
vt 1600.25 7168.89
f 1851/1877/94 2005/2031/94 2004/2030/94 1850/1876/94 

f 1851/1877/99 1852/1878/99 2005/2031/99

v 37.1865 182.09 -10
vt 1464.04 7168.89
f 2005/2031/99 1852/1878/99 2006/2032/99

f 2006/2032/99 1852/1878/99 1862/1888/99

f 1861/1887/99 1862/1888/99 1852/1878/99

v 40.6465 185.55 -10
vt 1600.25 7305.11
f 1861/1887/99 1852/1878/99 2007/2033/99

v 40.6465 187.983 -10
vt 1600.25 7400.91
f 1853/1879/94 2008/2034/94 2007/2033/94 1852/1878/94 

f 1853/1879/99 1854/1880/99 2008/2034/99

v 37.1865 187.983 -10
vt 1464.04 7400.91
f 2008/2034/99 1854/1880/99 2009/2035/99

f 2009/2035/99 1854/1880/99 1860/1886/99

f 1859/1885/99 1860/1886/99 1854/1880/99

v 40.6465 191.443 -10
vt 1600.25 7537.13
f 1859/1885/99 1854/1880/99 2010/2036/99

f 1855/1881/94 1856/1882/94 2010/2036/94 1854/1880/94 

v 37.1865 191.443 -10
vt 1464.04 7537.13
f 1856/1882/99 2011/2037/99 2010/2036/99

f 2011/2037/99 1856/1882/99 1857/1883/99

f 1857/1883/94 1858/1884/94 1859/1885/94 2011/2037/94 

f 1859/1885/99 2010/2036/99 2011/2037/99

v 37.1865 185.55 -10
vt 1464.04 7305.11
f 2009/2035/94 1860/1886/94 1861/1887/94 2012/2038/94 

f 1861/1887/99 2007/2033/99 2012/2038/99

f 2008/2034/99 2012/2038/99 2007/2033/99

f 2012/2038/99 2008/2034/99 2009/2035/99

v 37.1865 179.656 -10
vt 1464.04 7073.09
f 2006/2032/94 1862/1888/94 1863/1889/94 2013/2039/94 

f 1863/1889/99 2004/2030/99 2013/2039/99

f 2005/2031/99 2013/2039/99 2004/2030/99

f 2013/2039/99 2005/2031/99 2006/2032/99

v 37.1865 173.763 -10
vt 1464.04 6841.06
f 1865/1891/94 2014/2040/94 2003/2029/94 1864/1890/94 

f 1865/1891/99 2001/2027/99 2014/2040/99

f 2002/2028/99 2014/2040/99 2001/2027/99

f 2014/2040/99 2002/2028/99 2003/2029/99

v 37.1865 167.87 -10
vt 1464.04 6609.04
f 1867/1893/94 2015/2041/94 2000/2026/94 1866/1892/94 

f 1867/1893/99 1998/2024/99 2015/2041/99

f 1999/2025/99 2015/2041/99 1998/2024/99

f 2015/2041/99 1999/2025/99 2000/2026/99

f 1868/1894/94 1869/1895/94 1996/2022/94 1997/2023/94 

f 1869/1895/99 1994/2020/99 1996/2022/99

v 37.1865 156.083 -10
vt 1464.04 6144.99
f 1871/1897/94 2016/2042/94 1993/2019/94 1870/1896/94 

f 1871/1897/99 1991/2017/99 2016/2042/99

f 1992/2018/99 2016/2042/99 1991/2017/99

f 2016/2042/99 1992/2018/99 1993/2019/99

v 37.1865 150.189 -10
vt 1464.04 5912.97
f 2017/2043/94 1990/2016/94 1872/1898/94 1873/1899/94 

f 2017/2043/99 1989/2015/99 1990/2016/99

f 1989/2015/99 2017/2043/99 1988/2014/99

f 1873/1899/99 1988/2014/99 2017/2043/99

v 37.1865 144.296 -10
vt 1464.04 5680.95
f 2018/2044/94 1987/2013/94 1874/1900/94 1875/1901/94 

f 2018/2044/99 1986/2012/99 1987/2013/99

f 1986/2012/99 2018/2044/99 1985/2011/99

f 1875/1901/99 1985/2011/99 2018/2044/99

v 37.1865 138.403 -10
vt 1464.04 5448.92
f 2019/2045/94 1984/2010/94 1876/1902/94 1877/1903/94 

f 2019/2045/99 1983/2009/99 1984/2010/99

f 1983/2009/99 2019/2045/99 1982/2008/99

f 1877/1903/99 1982/2008/99 2019/2045/99

v 37.1865 132.509 -10
vt 1464.04 5216.9
f 2020/2046/94 1981/2007/94 1878/1904/94 1879/1905/94 

f 2020/2046/99 1980/2006/99 1981/2007/99

f 1980/2006/99 2020/2046/99 1979/2005/99

f 1879/1905/99 1979/2005/99 2020/2046/99

v 37.1865 126.616 -10
vt 1464.04 4984.88
f 1978/2004/94 1880/1906/94 1881/1907/94 2021/2047/94 

f 1881/1907/99 1976/2002/99 2021/2047/99

f 1977/2003/99 2021/2047/99 1976/2002/99

f 2021/2047/99 1977/2003/99 1978/2004/99

v 37.1865 120.722 -10
vt 1464.04 4752.85
f 2022/2048/94 1975/2001/94 1882/1908/94 1883/1909/94 

f 2022/2048/99 1974/2000/99 1975/2001/99

f 1974/2000/99 2022/2048/99 1973/1999/99

f 1883/1909/99 1973/1999/99 2022/2048/99

v 37.1865 114.829 -10
vt 1464.04 4520.83
f 2023/2049/94 1972/1998/94 1884/1910/94 1885/1911/94 

f 2023/2049/99 1971/1997/99 1972/1998/99

f 1971/1997/99 2023/2049/99 1970/1996/99

f 1885/1911/99 1970/1996/99 2023/2049/99

v 37.1865 108.936 -10
vt 1464.04 4288.81
f 1969/1995/94 1886/1912/94 1887/1913/94 2024/2050/94 

f 1887/1913/99 1967/1993/99 2024/2050/99

f 1968/1994/99 2024/2050/99 1967/1993/99

f 2024/2050/99 1968/1994/99 1969/1995/99

v 37.1865 103.042 -10
vt 1464.04 4056.78
f 2025/2051/94 1966/1992/94 1888/1914/94 1889/1915/94 

f 2025/2051/99 1965/1991/99 1966/1992/99

f 1965/1991/99 2025/2051/99 1964/1990/99

f 1889/1915/99 1964/1990/99 2025/2051/99

v 37.1865 97.1489 -10
vt 1464.04 3824.76
f 1963/1989/94 1890/1916/94 1891/1917/94 2026/2052/94 

f 1891/1917/99 1961/1987/99 2026/2052/99

f 1962/1988/99 2026/2052/99 1961/1987/99

f 2026/2052/99 1962/1988/99 1963/1989/99

v 37.1865 91.2555 -10
vt 1464.04 3592.74
f 2027/2053/94 1960/1986/94 1892/1918/94 1893/1919/94 

f 2027/2053/99 1959/1985/99 1960/1986/99

f 1959/1985/99 2027/2053/99 1958/1984/99

f 1893/1919/99 1958/1984/99 2027/2053/99

v 37.1865 85.3621 -10
vt 1464.04 3360.71
f 2028/2054/94 1957/1983/94 1894/1920/94 1895/1921/94 

f 2028/2054/99 1956/1982/99 1957/1983/99

f 1956/1982/99 2028/2054/99 1955/1981/99

f 1895/1921/99 1955/1981/99 2028/2054/99

v 37.1865 79.4687 -10
vt 1464.04 3128.69
f 2029/2055/94 1954/1980/94 1896/1922/94 1897/1923/94 

f 2029/2055/99 1953/1979/99 1954/1980/99

f 1953/1979/99 2029/2055/99 1952/1978/99

f 1897/1923/99 1952/1978/99 2029/2055/99

v 37.1865 73.5753 -10
vt 1464.04 2896.67
f 1951/1977/94 1898/1924/94 1899/1925/94 2030/2056/94 

f 1899/1925/99 1949/1975/99 2030/2056/99

f 1950/1976/99 2030/2056/99 1949/1975/99

f 2030/2056/99 1950/1976/99 1951/1977/99

v 37.1865 67.6819 -10
vt 1464.04 2664.64
f 1948/1974/94 1900/1926/94 1901/1927/94 2031/2057/94 

f 1901/1927/99 1946/1972/99 2031/2057/99

f 1947/1973/99 2031/2057/99 1946/1972/99

f 2031/2057/99 1947/1973/99 1948/1974/99

f 1902/1928/94 1903/1929/94 1944/1970/94 1945/1971/94 

f 1903/1929/99 1942/1968/99 1944/1970/99

v 37.1865 55.8952 -10
vt 1464.03 2200.6
f 1941/1967/94 1904/1930/94 1905/1931/94 2032/2058/94 

f 1905/1931/99 1939/1965/99 2032/2058/99

f 1940/1966/99 2032/2058/99 1939/1965/99

f 2032/2058/99 1940/1966/99 1941/1967/99

v 37.1865 50.0018 -10
vt 1464.03 1968.57
f 1938/1964/94 1906/1932/94 1907/1933/94 2033/2059/94 

f 1907/1933/99 1936/1962/99 2033/2059/99

f 1937/1963/99 2033/2059/99 1936/1962/99

f 2033/2059/99 1937/1963/99 1938/1964/99

v 37.1865 44.1084 -10
vt 1464.03 1736.55
f 2034/2060/94 1935/1961/94 1908/1934/94 1909/1935/94 

f 2034/2060/99 1934/1960/99 1935/1961/99

f 1934/1960/99 2034/2060/99 1933/1959/99

f 1909/1935/99 1933/1959/99 2034/2060/99

f 1910/1936/94 1911/1937/94 1931/1957/94 1932/1958/94 

f 1911/1937/99 1929/1955/99 1931/1957/99

v 37.1865 32.3216 -10
vt 1464.03 1272.5
f 1913/1939/94 2035/2061/94 1928/1954/94 1912/1938/94 

f 1913/1939/99 1926/1952/99 2035/2061/99

f 1927/1953/99 2035/2061/99 1926/1952/99

f 2035/2061/99 1927/1953/99 1928/1954/99

f 1914/1940/94 1915/1941/94 1924/1950/94 1925/1951/94 

f 1915/1941/99 1922/1948/99 1924/1950/99

f 1916/1942/94 1917/1943/94 1920/1946/94 1921/1947/94 

f 1917/1943/99 1918/1944/99 1920/1946/99

v 51.2871 201.5 -10.3493
vt 2019.18 407.454
vn 0 1 -0
vt 1051.44 393.701
vt 2012.85 393.701
f 2036/2062/100 1789/2063/100 1784/2064/100

v 26.5459 201.5 -10.3493
vt 1045.11 407.454
f 2037/2065/100 1789/2063/100 2036/2062/100

v 23.3765 201.5 -7
vt 920.334 275.591
f 2037/2065/100 2038/2066/100 1789/2063/100

v 22.9887 201.5 -7.1447
vt 905.068 281.287
f 2039/2067/100 2038/2066/100 2037/2065/100

v 23.3765 201.5 -4
vt 920.334 157.48
f 2039/2067/100 2040/2068/100 2038/2066/100

v 22.9887 201.5 -4.1447
vt 905.068 163.177
f 2041/2069/100 2040/2068/100 2039/2067/100

v 18.9365 201.5 -0
vt 745.53 0
f 2041/2069/100 2042/2070/100 2040/2068/100

v 18.7759 201.5 -0.349326
vt 739.207 13.753
f 2043/2071/100 2042/2070/100 2041/2069/100

v 4.66709 201.5 -0.349326
vt 183.744 13.753
f 2044/2072/100 2042/2070/100 2043/2071/100

v 4.50647 201.5 -0
vt 177.42 0
f 2044/2072/100 2045/2073/100 2042/2070/100

v 0.454226 201.5 -4.1447
vt 17.8829 163.177
f 2046/2074/100 2045/2073/100 2044/2072/100

v 0.0664745 201.5 -4
vt 2.61711 157.48
f 2046/2074/100 2047/2075/100 2045/2073/100

v 0.0664745 201.5 -66
vt 2.61711 2598.43
f 2047/2075/100 2046/2074/100 2048/2076/100

v 0.454226 201.5 -65.8553
vt 17.8829 2592.73
f 2049/2077/100 2048/2076/100 2046/2074/100

v 4.50647 201.5 -70
vt 177.42 2755.91
f 2048/2076/100 2049/2077/100 2050/2078/100

v 4.66709 201.5 -69.6507
vt 183.744 2742.15
f 2050/2078/100 2049/2077/100 2051/2079/100

v 0.454226 200 -65.8553
vt 1748.69 7874.02
vn 0.669334 0 0.742961
v 4.66709 200 -69.6507
vt 1971.93 7874.02
vt 1971.93 7933.07
vt 1748.69 7933.07
f 2052/2080/101 2053/2081/101 2051/2082/101 2049/2083/101 

v 4.48626 200 -64.3507
vt 176.625 2533.49
f 2052/2077/100 2054/2084/100 2053/2079/100

v 4.48626 200 -15.9299
vt 176.625 627.162
f 2054/2084/100 2052/2077/100 2055/2085/100

v 4.66709 200 -0.349326
f 2052/2077/100 2056/2072/100 2055/2085/100

v 0.454226 200 -4.1447
f 2056/2072/100 2052/2077/100 2057/2074/100

vt 163.177 7874.02
vn 1 0 8.11572e-19
vt 2592.73 7874.02
vt 2592.73 7933.07
vt 163.177 7933.07
f 2057/2086/102 2052/2087/102 2049/2088/102 2046/2089/102 

vt -127.309 7874.02
vn 0.669334 0 -0.742961
vt 95.9337 7874.02
vt 95.9337 7933.07
vt -127.309 7933.07
f 2056/2090/103 2057/2091/103 2046/2092/103 2044/2093/103 

v 18.7759 200 -0.349326
vt -739.207 7874.02
vn 0 0 -1
vt -183.744 7874.02
vt -183.744 7933.07
vt -739.207 7933.07
f 2058/2094/104 2056/2095/104 2044/2096/104 2043/2097/104 

v 6.33721 200 -14.2624
vt 249.496 561.511
f 2059/2098/100 2056/2072/100 2058/2071/100

f 2055/2085/100 2056/2072/100 2059/2098/100

vt -288.556 7874.02
vn -0.669334 0 0.742961
vt -190.473 7874.02
v 6.33721 300 -14.2624
vt -190.473 11811
v 4.48626 300 -15.9299
vt -288.556 11811
f 2055/2099/105 2059/2100/105 2060/2101/105 2061/2102/105 

vt 249.496 7874.02
vn 1.97888e-15 1.0479e-15 1
v 7.91764 208.632 -14.2624
vt 311.718 8213.86
vt 249.496 11811
f 2059/2103/106 2062/2104/106 2060/2105/106

v 15.5302 208.632 -14.2624
vt 611.424 8213.86
f 2062/2104/106 2059/2103/106 2063/2106/106

v 17.1057 200 -14.2624
vt 673.454 7874.02
f 2064/2107/106 2063/2106/106 2059/2103/106

v 17.1057 300 -14.2624
vt 673.454 11811
f 2063/2106/106 2064/2107/106 2065/2108/106

v 18.9567 200 -15.9299
vt 974.272 7874.02
vn 0.669334 -8.75584e-17 0.742961
v 18.9567 300 -15.9299
vt 974.272 11811
vt 876.189 11811
vt 876.189 7874.02
f 2066/2109/107 2067/2110/107 2065/2111/107 2064/2112/107 

v 18.9567 200 -25.7099
vt 1012.2 7874.02
vn 1 -3.99044e-16 -2.16524e-15
v 18.9567 300 -25.7099
vt 1012.2 11811
vt 627.162 11811
vt 627.162 7874.02
f 2068/2113/108 2069/2114/108 2067/2115/108 2066/2116/108 

vt 1231.99 7874.02
vn 0.669334 3.73737e-19 0.742961
v 21.0505 208.632 -27.5963
vt 1342.95 8213.86
vt 1231.99 11811
f 2068/2117/109 2070/2118/109 2069/2119/109

v 26.7063 208.632 -32.6916
vt 1642.65 8213.86
f 2070/2118/109 2068/2117/109 2071/2120/109

v 28.8002 200 -34.5779
vt 1753.61 7874.02
f 2072/2121/109 2071/2120/109 2068/2117/109

v 28.8002 300 -34.5779
vt 1753.61 11811
f 2071/2120/109 2072/2121/109 2073/2122/109

vt 1133.87 7874.02
vn 2.38883e-15 1.37959e-15 1
v 30.3306 208.632 -34.5779
vt 1194.12 8213.86
vt 1133.87 11811
f 2072/2123/110 2074/2124/110 2073/2125/110

v 47.4976 208.632 -34.5779
vt 1869.99 8213.86
f 2074/2124/110 2072/2123/110 2075/2126/110

v 49.0328 200 -34.5779
vt 1930.42 7874.02
f 2076/2127/110 2075/2126/110 2072/2123/110

v 49.0328 300 -34.5779
vt 1930.42 11811
f 2075/2126/110 2076/2127/110 2077/2128/110

vt 523.041 7874.02
vn -0.669334 3.96663e-16 0.742961
v 51.1266 208.632 -32.6916
vt 633.995 8213.86
vt 523.041 11811
f 2076/2129/111 2078/2130/111 2077/2131/111

v 56.7824 208.632 -27.5963
vt 933.701 8213.86
f 2078/2130/111 2076/2129/111 2079/2132/111

v 58.8763 200 -25.7099
vt 1044.66 7874.02
f 2080/2133/111 2079/2132/111 2076/2129/111

v 58.8763 300 -25.7099
vt 1044.66 11811
f 2079/2132/111 2080/2133/111 2081/2134/111

v 58.8763 300 -15.9299
vt -627.162 11811
vn -1 -2.49402e-17 7.87361e-16
vt -1012.2 11811
vt -1012.2 7874.02
v 58.8763 200 -15.9299
vt -627.162 7874.02
f 2082/2135/112 2081/2136/112 2080/2137/112 2083/2138/112 

v 69.26 300 -34.5723
vt 2726.77 1361.12
vt 2317.96 1012.2
vt 2317.96 627.162
f 2084/2139/100 2081/2140/100 2082/2141/100

v 57.65 300 -34.5723
vt 2269.68 1361.12
f 2085/2142/100 2081/2140/100 2084/2139/100

vt 1930.42 1361.34
f 2081/2140/100 2085/2142/100 2077/2143/100

v 57.65 300 -44.1323
vt 2269.68 1737.49
f 2086/2144/100 2077/2143/100 2085/2142/100

v 57.7493 300 -50.3871
vt 2273.59 1983.74
f 2087/2145/100 2077/2143/100 2086/2144/100

v 41.5757 300 -50.3871
vt 1636.84 1983.74
f 2088/2146/100 2077/2143/100 2087/2145/100

v 40.3257 300 -50.6871
vt 1587.63 1995.55
f 2089/2147/100 2077/2143/100 2088/2146/100

v 40.3257 300 -50.3871
vt 1587.63 1983.74
f 2090/2148/100 2077/2143/100 2089/2147/100

v 35.1893 300 -50.3871
vt 1385.4 1983.74
f 2091/2149/100 2077/2143/100 2090/2148/100

vt 1133.87 1361.34
f 2077/2143/100 2091/2149/100 2073/2150/100

v 35.1893 300 -61.1871
vt 1385.4 2408.94
f 2092/2151/100 2073/2150/100 2091/2149/100

vt 746.326 1012.2
f 2092/2151/100 2069/2152/100 2073/2150/100

v 6.33721 300 -66.0182
vt 249.496 2599.14
f 2093/2153/100 2069/2152/100 2092/2151/100

vt 673.454 561.511
f 2093/2153/100 2065/2154/100 2069/2152/100

f 2093/2153/100 2060/2098/100 2065/2154/100

v 4.48626 300 -64.3507
f 2094/2084/100 2060/2098/100 2093/2153/100

f 2060/2098/100 2094/2084/100 2061/2085/100

vt -2533.49 7874.02
vt -2533.49 11811
f 2054/2155/95 2055/2138/95 2061/2135/95 2094/2156/95 

v 6.33721 200 -66.0182
vt -1925.06 7874.02
vn -0.669334 0 -0.742961
vt -1826.98 7874.02
vt -1826.98 11811
vt -1925.06 11811
f 2095/2157/113 2054/2158/113 2094/2159/113 2093/2160/113 

f 2053/2079/100 2054/2084/100 2095/2153/100

v 73.1659 200 -69.6507
vt 2880.55 2742.15
f 2053/2079/100 2095/2153/100 2096/2161/100

v 71.4957 200 -66.0182
vt 2814.79 2599.14
f 2096/2161/100 2095/2153/100 2097/2162/100

vt -2814.79 7874.02
vt -249.496 7874.02
vt -249.496 11811
v 71.4957 300 -66.0182
vt -2814.79 11811
f 2097/2163/104 2095/2164/104 2093/2165/104 2098/2166/104 

f 2093/2153/100 2092/2151/100 2098/2162/100

v 57.7493 300 -61.1871
vt 2273.59 2408.94
f 2098/2162/100 2092/2151/100 2099/2167/100

vt -2273.59 11811
vt -1385.4 11811
v 35.1893 303.5 -61.1871
vt -1385.4 11948.8
v 57.7493 303.5 -61.1871
vt -2273.59 11948.8
f 2099/2168/104 2092/2169/104 2100/2170/104 2101/2171/104 

vt -2408.94 11811
v 35.1893 301.7 -58.8312
vt -2316.19 11878
vt -2408.94 11948.8
f 2092/2172/95 2102/2173/95 2100/2174/95

v 35.1893 301.7 -52.6912
vt -2074.46 11878
f 2092/2172/95 2103/2175/95 2102/2173/95

vt -1983.74 11811
f 2091/2176/95 2103/2175/95 2092/2172/95

v 35.1893 302.61 -52.6912
vt -2074.46 11913.8
f 2103/2175/95 2091/2176/95 2104/2177/95

v 35.1893 303.5 -50.3871
vt -1983.74 11948.8
f 2105/2178/95 2104/2177/95 2091/2176/95

f 2104/2177/95 2105/2178/95 2100/2174/95

vt -1983.74 10593.3
vn -0.820237 0.572024 -5.50155e-19
v 35.3985 303.8 -50.5963
vt -1991.98 10607.7
v 35.3985 303.8 -60.9778
vt -2400.7 10607.7
vt -2408.94 10593.3
f 2105/2179/114 2106/2180/114 2107/2181/114 2100/2182/114 

vt 1201.73 10803.4
vn -0.0742952 0.604784 0.792917
vt 1194.3 10788.6
v 57.5401 306.52 -50.5963
vt 2069.65 10937.9
f 2106/2183/115 2105/2184/115 2108/2185/115

v 57.7493 303.5 -50.3871
vt 2273.59 12057.3
vn 9.99734e-19 0.0691114 0.997609
vt 2265.36 12176.5
vt 1385.4 12057.3
f 2109/2186/116 2108/2187/116 2105/2188/116

vt 1983.74 11763.1
vn 0.997609 0.0691114 5.6567e-19
vt 2408.94 11763.1
v 57.5401 306.52 -60.9778
vt 2400.7 11882.3
vt 1991.98 11882.3
f 2109/2189/117 2101/2190/117 2110/2191/117 2108/2192/117 

vt 1983.74 11948.8
v 57.7493 302.521 -52.7559
vt 2077 11910.3
vt 2408.94 11948.8
f 2109/2193/96 2111/2194/96 2101/2195/96

v 57.7493 301.611 -52.7559
vt 2077 11874.5
f 2111/2194/96 2109/2193/96 2112/2196/96

vt 1983.74 11811
f 2087/2197/96 2112/2196/96 2109/2193/96

vt 2408.94 11811
f 2112/2196/96 2087/2197/96 2099/2198/96

v 69.26 300 -44.1323
vt 2726.77 1737.49
f 2087/2145/100 2113/2199/100 2099/2167/100

f 2087/2145/100 2086/2144/100 2113/2199/100

vt -2726.77 11811
vt -2269.68 11811
v 57.65 303.5 -44.1323
vt -2269.68 11948.8
v 69.26 303.5 -44.1323
vt -2726.77 11948.8
f 2113/2200/104 2086/2201/104 2114/2202/104 2115/2203/104 

vt -1737.49 11811
v 57.65 300 -37.7
vt -1484.25 11811
v 57.65 302.2 -37.7
vt -1484.25 11897.6
v 57.65 302.2 -36.45
vt -1435.04 11897.6
v 57.65 300 -36.45
vt -1435.04 11811
vt -1361.12 11811
v 57.65 303.5 -34.5723
vt -1361.12 11948.8
vt -1737.49 11948.8
f 2086/2204/95 2116/2205/95 2117/2206/95 2118/2207/95 2119/2208/95 2085/2209/95 2120/2210/95 2114/2211/95 

vt 2269.68 1435.04
vt 2269.68 1484.25
f 2086/2144/100 2119/2212/100 2116/2213/100

f 2086/2144/100 2085/2142/100 2119/2212/100

v 57.95 300 -36.45
vt 2281.49 1435.04
f 2121/2214/100 2116/2213/100 2119/2212/100

v 57.95 300 -37.7
vt 2281.49 1484.25
f 2116/2213/100 2121/2214/100 2122/2215/100

v 57.95 302.2 -36.45
v 57.95 302.2 -37.7
f 2122/2205/95 2121/2208/95 2123/2207/95 2124/2206/95 

vt -2269.68 11897.6
vt -2281.49 11897.6
vt -2281.49 11811
f 2119/2201/104 2118/2216/104 2123/2217/104 2121/2218/104 

vt -2269.68 1435.04
vt -2269.68 1484.25
vt -2281.49 1484.25
vt -2281.49 1435.04
f 2118/2219/93 2117/2220/93 2124/2221/93 2123/2222/93 

vt 2269.68 11897.6
vt 2269.68 11811
vt 2281.49 11811
vt 2281.49 11897.6
f 2117/2223/94 2116/2224/94 2122/2225/94 2124/2226/94 

v 58.3339 301.914 -34.5723
vt 2296.61 11886.4
vt 2269.68 11948.8
f 2085/2224/94 2125/2227/94 2120/2228/94

v 68.1981 301.914 -34.5723
vt 2684.96 11886.4
f 2125/2227/94 2085/2224/94 2126/2229/94

vt 2726.77 11811
f 2084/2230/94 2126/2229/94 2085/2224/94

v 69.26 303.5 -34.5723
vt 2726.77 11948.8
f 2126/2229/94 2084/2230/94 2127/2231/94

vt 1361.12 11811
v 69.26 301.793 -36.2631
vt 1427.68 11881.6
vt 1361.12 11948.8
f 2084/2232/96 2128/2233/96 2127/2234/96

vt 1737.49 11811
f 2128/2233/96 2084/2232/96 2113/2235/96

v 71.4957 300 -14.2624
vt 2814.79 561.511
f 2084/2139/100 2129/2236/100 2113/2199/100

v 60.7272 300 -14.2624
vt 2390.84 561.511
f 2084/2139/100 2130/2237/100 2129/2236/100

f 2084/2139/100 2082/2141/100 2130/2237/100

vt 1400.46 11811
vn -0.669334 5.22737e-19 0.742961
vt 1302.38 11811
vt 1302.38 7874.02
v 60.7272 200 -14.2624
vt 1400.46 7874.02
f 2130/2238/118 2082/2239/118 2083/2240/118 2131/2241/118 

v 59.0571 200 -0.349326
vt 2325.08 13.753
f 2083/2141/100 2132/2242/100 2131/2237/100

v 54.8442 200 -7.1447
vt 2159.22 281.287
f 2133/2243/100 2132/2242/100 2083/2141/100

v 54.8442 200 -4.1447
vt 2159.22 163.177
f 2132/2242/100 2133/2243/100 2134/2244/100

vt 281.287 7874.02
v 54.8442 201.5 -7.1447
vt 281.287 7933.07
v 54.8442 201.5 -4.1447
f 2134/2086/96 2133/2245/96 2135/2246/96 2136/2089/96 

vt -1415.94 7874.02
v 51.2871 200 -10.3493
vt -1227.45 7874.02
vt -1227.45 7933.07
vt -1415.94 7933.07
f 2133/2247/103 2137/2248/103 2036/2249/103 2135/2250/103 

f 2080/2140/100 2137/2062/100 2133/2243/100

f 2076/2143/100 2137/2062/100 2080/2140/100

v 49.0328 200 -26.1437
vt 1930.42 1029.28
f 2138/2251/100 2137/2062/100 2076/2143/100

v 49.0328 200 -17.7095
vt 1930.42 697.226
f 2139/2252/100 2137/2062/100 2138/2251/100

v 31.9234 200 -17.7095
vt 1256.83 697.226
f 2140/2253/100 2137/2062/100 2139/2252/100

v 30.6234 200 -18.0095
vt 1205.64 709.037
f 2141/2254/100 2137/2062/100 2140/2253/100

v 30.6234 200 -17.7095
vt 1205.64 697.226
f 2142/2255/100 2137/2062/100 2141/2254/100

v 28.8002 200 -17.7095
vt 1133.87 697.226
f 2143/2256/100 2137/2062/100 2142/2255/100

v 26.5459 200 -10.3493
f 2137/2062/100 2143/2256/100 2144/2065/100

f 2072/2150/100 2144/2065/100 2143/2256/100

v 22.9887 200 -7.1447
f 2072/2150/100 2145/2067/100 2144/2065/100

f 2068/2152/100 2145/2067/100 2072/2150/100

v 22.9887 200 -4.1447
f 2068/2152/100 2146/2069/100 2145/2067/100

vt 746.326 627.162
f 2066/2257/100 2146/2069/100 2068/2152/100

f 2066/2257/100 2058/2071/100 2146/2069/100

f 2064/2154/100 2058/2071/100 2066/2257/100

f 2059/2098/100 2058/2071/100 2064/2154/100

vt -781.65 7874.02
vt -558.408 7874.02
vt -558.408 7933.07
vt -781.65 7933.07
f 2146/2258/113 2058/2259/113 2043/2260/113 2041/2261/113 

vt -281.287 7874.02
vt -163.177 7874.02
vt -163.177 7933.07
vt -281.287 7933.07
f 2145/2262/95 2146/2263/95 2041/2264/95 2039/2265/95 

vt -1049.2 7874.02
vt -860.706 7874.02
vt -860.706 7933.07
vt -1049.2 7933.07
f 2144/2266/113 2145/2267/113 2039/2268/113 2037/2269/113 

vt -2019.18 7874.02
vt -1045.11 7874.02
vt -1045.11 7933.07
vt -2019.18 7933.07
f 2137/2270/104 2144/2271/104 2037/2272/104 2036/2273/104 

v 28.8002 200 -26.1437
vt 1133.87 1029.28
f 2072/2150/100 2143/2256/100 2147/2274/100

vt -1029.28 7874.02
vt -697.226 7874.02
v 28.8002 206 -17.7095
vt -697.226 8110.24
v 28.8002 206 -26.1437
vt -1029.28 8110.24
f 2147/2275/95 2143/2276/95 2148/2277/95 2149/2278/95 

v 30.6234 202.2 -17.7095
vt 1205.64 7960.63
vt 1133.87 8110.24
f 2143/2123/94 2150/2279/94 2148/2280/94

vt 1205.64 7874.02
f 2150/2279/94 2143/2123/94 2142/2281/94

vt 697.226 7960.63
vt 697.226 7874.02
vt 709.037 7874.02
v 30.6234 202.2 -18.0095
vt 709.037 7960.63
f 2150/2282/96 2142/2283/96 2141/2284/96 2151/2285/96 

v 31.9234 200 -18.0095
vt 1256.83 7874.02
v 31.9234 202.2 -18.0095
vt 1256.83 7960.63
f 2141/2281/94 2152/2286/94 2153/2287/94 2151/2279/94 

vt 1256.83 709.037
f 2152/2288/100 2141/2254/100 2140/2253/100

v 31.9234 202.2 -17.7095
vt -697.226 7960.63
vt -709.037 7960.63
vt -709.037 7874.02
f 2140/2276/95 2154/2289/95 2153/2290/95 2152/2291/95 

v 46.6908 204.042 -17.7095
vt 1838.22 8033.15
f 2140/2286/94 2155/2292/94 2154/2287/94

f 2139/2127/94 2155/2292/94 2140/2286/94

v 49.0328 206 -17.7095
vt 1930.42 8110.24
f 2155/2292/94 2139/2127/94 2156/2293/94

vt 1029.28 7874.02
v 49.0328 206 -26.1437
vt 1029.28 8110.24
vt 697.226 8110.24
f 2139/2283/96 2138/2294/96 2157/2295/96 2156/2296/96 

vt -1930.42 7874.02
vn 2.85445e-16 0 -1
vt -1133.87 7874.02
vt -1133.87 8110.24
vt -1930.42 8110.24
f 2138/2297/119 2147/2298/119 2149/2299/119 2157/2300/119 

f 2072/2150/100 2147/2274/100 2138/2251/100

f 2072/2150/100 2138/2251/100 2076/2143/100

vn 3.56235e-15 1 -7.77543e-16
v 44.4463 206 -22.9664
vt 1749.85 904.187
f 2149/2274/120 2158/2301/120 2157/2251/120

v 44.4463 206 -20.5016
vt 1749.85 807.149
f 2158/2301/120 2149/2274/120 2159/2302/120

f 2149/2274/120 2156/2252/120 2159/2302/120

f 2156/2252/120 2149/2274/120 2148/2256/120

v 29.8422 204.958 -17.7095
vt 1174.89 8069.21
f 2148/2280/94 2160/2303/94 2156/2293/94

v 29.8422 204.042 -17.7095
vt 1174.89 8033.15
f 2148/2280/94 2161/2304/94 2160/2303/94

f 2148/2280/94 2150/2279/94 2161/2304/94

f 2161/2304/94 2150/2279/94 2155/2292/94

f 2154/2287/94 2155/2292/94 2150/2279/94

vt -1256.83 697.226
vt -1205.64 697.226
vt -1205.64 709.037
vt -1256.83 709.037
f 2154/2305/93 2150/2306/93 2151/2307/93 2153/2308/93 

v 42.2764 204.042 -17.7095
vt 1664.43 8033.15
f 2161/2304/94 2155/2292/94 2162/2309/94

vt 1664.43 697.226
vt 1838.22 697.226
v 46.6908 204.042 -18.0095
vt 1838.22 709.037
v 42.2764 204.042 -18.0095
vt 1664.43 709.037
f 2162/2310/100 2155/2311/100 2163/2312/100 2164/2313/100 

vt -697.226 8033.15
v 46.6908 204.958 -17.7095
vt -697.226 8069.21
v 46.6908 204.958 -18.0095
vt -709.037 8069.21
vt -709.037 8033.15
f 2155/2314/95 2165/2315/95 2166/2316/95 2163/2317/95 

vt 1838.22 8069.21
f 2155/2292/94 2156/2293/94 2165/2318/94

v 42.2764 204.958 -17.7095
vt 1664.43 8069.21
f 2165/2318/94 2156/2293/94 2167/2319/94

v 41.9515 204.958 -17.7095
vt 1651.63 8069.21
f 2167/2319/94 2156/2293/94 2168/2320/94

v 37.8639 204.958 -17.7095
vt 1490.7 8069.21
f 2168/2320/94 2156/2293/94 2169/2321/94

v 37.539 204.958 -17.7095
vt 1477.91 8069.21
f 2169/2321/94 2156/2293/94 2170/2322/94

v 33.7348 204.958 -17.7095
vt 1328.14 8069.21
f 2170/2322/94 2156/2293/94 2171/2323/94

v 33.4099 204.958 -17.7095
vt 1315.35 8069.21
f 2171/2323/94 2156/2293/94 2172/2324/94

f 2172/2324/94 2156/2293/94 2160/2303/94

vt -1315.35 697.226
vt -1174.89 697.226
v 29.8422 204.958 -18.0095
vt -1174.89 709.037
v 33.4099 204.958 -18.0095
vt -1315.35 709.037
f 2172/2325/93 2160/2326/93 2173/2327/93 2174/2328/93 

vt 697.226 8069.21
vt 697.226 8033.15
v 29.8422 204.042 -18.0095
vt 709.037 8033.15
vt 709.037 8069.21
f 2160/2329/96 2161/2330/96 2175/2331/96 2173/2332/96 

vt 1174.89 697.226
v 33.4099 204.042 -17.7095
vt 1315.35 697.226
v 33.4099 204.042 -18.0095
vt 1315.35 709.037
vt 1174.89 709.037
f 2161/2333/100 2176/2334/100 2177/2335/100 2175/2336/100 

v 33.7348 204.042 -17.7095
vt 1328.14 8033.15
vt 1315.35 8033.15
f 2161/2304/94 2178/2337/94 2176/2338/94

v 37.539 204.042 -17.7095
vt 1477.91 8033.15
f 2161/2304/94 2179/2339/94 2178/2337/94

v 37.8639 204.042 -17.7095
vt 1490.7 8033.15
f 2161/2304/94 2180/2340/94 2179/2339/94

v 41.9515 204.042 -17.7095
vt 1651.63 8033.15
f 2161/2304/94 2181/2341/94 2180/2340/94

f 2161/2304/94 2162/2309/94 2181/2341/94

f 2167/2319/94 2181/2341/94 2162/2309/94

f 2181/2341/94 2167/2319/94 2168/2320/94

v 41.9515 204.958 -18.0095
v 41.9515 204.042 -18.0095
f 2181/2314/95 2168/2315/95 2182/2316/95 2183/2317/95 

vt -1651.63 697.226
vt -1490.7 697.226
v 37.8639 204.958 -18.0095
vt -1490.7 709.037
vt -1651.63 709.037
f 2168/2342/93 2169/2343/93 2184/2344/93 2182/2345/93 

v 37.8639 204.042 -18.0095
f 2169/2329/96 2180/2330/96 2185/2331/96 2184/2332/96 

f 2169/2321/94 2179/2339/94 2180/2340/94

f 2179/2339/94 2169/2321/94 2170/2322/94

v 37.539 204.958 -18.0095
v 37.539 204.042 -18.0095
f 2179/2314/95 2170/2315/95 2186/2316/95 2187/2317/95 

vt -1477.91 697.226
vt -1328.14 697.226
v 33.7348 204.958 -18.0095
vt -1328.14 709.037
vt -1477.91 709.037
f 2170/2346/93 2171/2347/93 2188/2348/93 2186/2349/93 

v 33.7348 204.042 -18.0095
f 2171/2329/96 2178/2330/96 2189/2331/96 2188/2332/96 

f 2171/2323/94 2176/2338/94 2178/2337/94

f 2176/2338/94 2171/2323/94 2172/2324/94

f 2176/2314/95 2172/2315/95 2174/2316/95 2177/2317/95 

f 2175/2304/94 2177/2338/94 2174/2324/94 2173/2303/94 

vt 1328.14 697.226
vt 1477.91 697.226
vt 1477.91 709.037
vt 1328.14 709.037
f 2178/2350/100 2179/2351/100 2187/2352/100 2189/2353/100 

f 2189/2337/94 2187/2339/94 2186/2322/94 2188/2323/94 

vt 1490.7 697.226
vt 1651.63 697.226
vt 1651.63 709.037
vt 1490.7 709.037
f 2180/2354/100 2181/2355/100 2183/2356/100 2185/2357/100 

f 2185/2340/94 2183/2341/94 2182/2320/94 2184/2321/94 

v 42.2764 204.958 -18.0095
f 2167/2329/96 2162/2330/96 2164/2331/96 2190/2332/96 

f 2166/2318/94 2190/2319/94 2164/2309/94 2163/2292/94 

vt -1838.22 697.226
vt -1664.43 697.226
vt -1664.43 709.037
vt -1838.22 709.037
f 2165/2358/93 2167/2359/93 2190/2360/93 2166/2361/93 

v 46.911 206 -20.5016
vt 1846.89 807.149
f 2159/2302/120 2156/2252/120 2191/2362/120

v 46.911 206 -22.9664
vt 1846.89 904.187
f 2191/2362/120 2156/2252/120 2192/2363/120

f 2157/2251/120 2192/2363/120 2156/2252/120

f 2157/2251/120 2158/2301/120 2192/2363/120

vt -1749.85 8110.24
v 44.4463 210.002 -22.9664
vt -1749.85 8267.78
v 46.911 210.002 -22.9664
vt -1846.89 8267.78
vt -1846.89 8110.24
f 2158/2364/104 2193/2365/104 2194/2366/104 2192/2367/104 

vt -807.149 8110.24
v 44.4463 210.002 -20.5016
vt -807.149 8267.78
vt -904.187 8267.78
vt -904.187 8110.24
f 2159/2368/95 2195/2369/95 2193/2370/95 2158/2371/95 

vt 1846.89 8110.24
v 46.911 210.002 -20.5016
vt 1846.89 8267.78
vt 1749.85 8267.78
vt 1749.85 8110.24
f 2191/2372/94 2196/2373/94 2195/2374/94 2159/2375/94 

vt 904.187 8110.24
vt 904.187 8267.78
vt 807.149 8267.78
vt 807.149 8110.24
f 2192/2376/96 2194/2377/96 2196/2378/96 2191/2379/96 

vt 807.149 6196.58
vn 0.565204 -0.824951 -4.24616e-19
vt 904.187 6196.58
v 47.1575 210.171 -23.2128
vt 913.891 6208.34
v 47.1575 210.171 -20.2551
vt 797.445 6208.34
f 2196/2380/121 2194/2381/121 2197/2382/121 2198/2383/121 

vt -1749.85 5418.89
vn 6.16206e-19 -0.824951 -0.565204
v 44.1998 210.171 -23.2128
vt -1740.15 5430.65
vt -1856.6 5430.65
vt -1846.89 5418.89
f 2193/2384/122 2199/2385/122 2197/2386/122 2194/2387/122 

v 44.1998 210.171 -20.2551
vt -797.445 3241.2
vn -0.565204 -0.824951 -4.24616e-19
vt -913.891 3241.2
vt -904.187 3229.44
vt -807.149 3229.44
f 2200/2388/123 2199/2389/123 2193/2390/123 2195/2391/123 

v 44.1998 211.355 -23.2128
vt -913.891 8321.06
vt -913.891 8274.43
vt -797.445 8274.43
v 44.1998 211.355 -20.2551
vt -797.445 8321.06
f 2201/2392/95 2199/2393/95 2200/2394/95 2202/2395/95 

v 47.1575 211.355 -23.2128
vt -1856.6 8321.06
vt -1856.6 8274.43
vt -1740.15 8274.43
vt -1740.15 8321.06
f 2203/2396/104 2197/2397/104 2199/2398/104 2201/2399/104 

v 47.1575 211.355 -20.2551
vt 797.445 8321.06
vt 797.445 8274.43
vt 913.891 8274.43
vt 913.891 8321.06
f 2204/2400/96 2198/2401/96 2197/2402/96 2203/2403/96 

vt 1740.15 8321.06
vt 1740.15 8274.43
vt 1856.6 8274.43
vt 1856.6 8321.06
f 2202/2404/94 2200/2405/94 2198/2406/94 2204/2407/94 

vt 1846.89 4007.12
vn -9.43939e-19 -0.824951 0.565204
vt 1856.6 4018.88
vt 1740.15 4018.88
vt 1749.85 4007.12
f 2196/2408/124 2198/2409/124 2200/2410/124 2195/2411/124 

vt 1740.15 5505.47
vn -1.76095e-18 0.81188 0.583825
vt 1856.6 5505.47
v 46.911 211.532 -20.5016
vt 1846.89 5517.42
v 44.4463 211.532 -20.5016
vt 1749.85 5517.42
f 2202/2412/125 2204/2413/125 2205/2414/125 2206/2415/125 

vt 807.149 3362.66
vn 0.583825 0.81188 1.56126e-18
vt 797.445 3350.71
vt 913.891 3350.71
v 46.911 211.532 -22.9664
vt 904.187 3362.66
f 2205/2416/126 2204/2417/126 2203/2418/126 2207/2419/126 

vt -1740.15 4116.07
vn -3.3725e-18 0.81188 -0.583825
v 44.4463 211.532 -22.9664
vt -1749.85 4128.02
vt -1846.89 4128.02
vt -1856.6 4116.07
f 2201/2420/127 2208/2421/127 2207/2422/127 2203/2423/127 

vt -797.445 6270.83
vn -0.583825 0.81188 -6.79785e-19
vt -807.149 6282.78
vt -904.187 6282.78
vt -913.891 6270.83
f 2202/2424/128 2206/2425/128 2208/2426/128 2201/2427/128 

v 44.4463 211.975 -20.5016
vt -807.149 8345.48
v 44.4463 211.975 -22.9664
vt -904.187 8345.48
vt -904.187 8328.03
vt -807.149 8328.03
f 2209/2428/95 2210/2429/95 2208/2430/95 2206/2431/95 

v 46.911 211.975 -20.5016
v 46.911 211.975 -22.9664
f 2210/2301/100 2209/2302/100 2211/2362/100 2212/2363/100 

vt 1846.89 8328.03
vt 1846.89 8345.48
vt 1749.85 8345.48
vt 1749.85 8328.03
f 2205/2432/94 2211/2433/94 2209/2434/94 2206/2435/94 

vt 807.149 8328.03
vt 904.187 8328.03
vt 904.187 8345.48
vt 807.149 8345.48
f 2205/2436/96 2207/2437/96 2212/2438/96 2211/2439/96 

f 2206/2302/100 2205/2362/100 2207/2363/100 2208/2301/100 

vt -1749.85 8328.03
vt -1749.85 8345.48
vt -1846.89 8345.48
vt -1846.89 8328.03
f 2208/2440/104 2210/2441/104 2212/2442/104 2207/2443/104 

f 2133/2243/100 2083/2141/100 2080/2140/100

vt 2143.96 275.591
f 2036/2062/100 1779/2444/100 2135/2243/100

f 2036/2062/100 1784/2064/100 1779/2444/100

f 2135/2243/100 1779/2444/100 2136/2244/100

vt 2143.96 157.48
f 1783/2445/100 2136/2244/100 1779/2444/100

v 58.8965 201.5 -0
vt 2318.76 0
f 2136/2244/100 1783/2445/100 2213/2446/100

vt 1722.75 7933.07
vn -0.669334 1.98187e-18 0.742961
vt 1487.47 7933.07
vt 1487.47 330.093
vt 1487.47 3.07592e-15
vt 1722.75 3.07592e-15
f 2213/2447/129 1783/2448/129 1781/2449/129 1753/2450/129 1752/2451/129 

vt 2318.76 1.32162e-31
vn -2.18038e-17 2.61408e-18 1
v 60.6265 14.6414 5.60619e-16
vt 2386.87 576.434
vt 2318.76 7933.07
f 1752/2452/130 2214/2453/130 2213/2454/130

v 71.5965 14.6414 8.49114e-16
vt 2818.76 576.434
f 2214/2453/130 1752/2452/130 2215/2455/130

vt 2886.87 1.64542e-31
f 1751/2456/130 2215/2455/130 1752/2452/130

v 73.3265 201.5 -0
vt 2886.87 7933.07
f 2215/2455/130 1751/2456/130 2216/2457/130

vt 2380.11 0
v 77.7665 201.5 -4
vt 2380.11 7933.07
vt 2144.83 7933.07
vt 2144.83 0
f 1750/2458/101 2217/2459/101 2216/2460/101 1751/2461/101 

vt 157.48 0
vt 2598.43 0
v 77.7665 201.5 -66
vt 2598.43 7933.07
vt 157.48 7933.07
f 1750/2462/96 1749/2463/96 2218/2464/96 2217/2465/96 

vt -535.488 0
vt -300.209 0
v 73.3265 201.5 -70
vt -300.209 7933.07
vt -535.488 7933.07
f 1749/2466/103 1748/2467/103 2219/2468/103 2218/2469/103 

vt -177.42 7933.07
vt -2886.87 7933.07
f 1747/1744/104 2050/2470/104 2219/2471/104 1748/1751/104 

vt -1741.16 0
vt -1741.16 7933.07
vt -1976.44 7933.07
vt -1976.44 0
f 1746/2472/113 2048/2473/113 2050/2474/113 1747/2475/113 

vt -2598.43 7933.07
vt -2598.43 0
f 1745/1804/95 2047/1805/95 2048/2476/95 1746/2477/95 

vt -103.463 0
vt 131.816 0
vt 131.816 7933.07
vt -103.463 7933.07
f 1745/2478/105 1744/2479/105 2045/2480/105 2047/2481/105 

vt 177.42 1.01502e-33
vn -1.01724e-17 5.62402e-19 1
v 6.23647 14.6414 6.05327e-16
vt 245.53 576.434
vt 177.42 7933.07
f 1744/2482/131 2220/2483/131 2045/2484/131

v 17.2065 14.6414 1.00407e-15
vt 677.42 576.434
f 2220/2483/131 1744/2482/131 2221/2485/131

vt 745.53 4.26516e-33
f 1743/2486/131 2221/2485/131 1744/2482/131

vt 745.53 7933.07
f 2221/2485/131 1743/2486/131 2042/2487/131

v 23.3765 8.38437 -4
vt 789.179 330.093
vn 0.669334 2.18006e-18 0.742961
vt 789.179 7933.07
vt 553.9 7933.07
vt 553.9 -1.08787e-15
vt 789.179 -1.08787e-15
f 2222/2488/132 2040/2489/132 2042/2490/132 1743/2491/132 1742/2492/132 

vt 157.48 330.093
vn 1 9.8085e-18 -6.57245e-17
v 23.3765 12.9114 -7
vt 275.591 508.324
vt 275.591 7933.07
v 23.3765 8.38437 -4
vt 157.48 -9.02709e-15
vt 275.591 -9.02709e-15
v 23.3765 7.88437 -7
vt 275.591 310.408
f 2222/2493/133 2223/2494/133 2038/2495/133 2040/2465/133 2224/2493/133 1742/2496/133 1741/2497/133 2225/2498/133 

v 26.7065 8.38437 -7
vt 965.638 75.727
vn 0.600498 0.441712 0.666553
vt 1044.69 274.389
vt 868.234 274.389
vt 789.179 75.727
f 2226/2499/134 1787/2500/134 2223/2501/134 2222/2502/134 

v 51.1265 8.38437 -7
vt 2012.85 427.395
vn 2.29658e-17 0.552398 0.83358
vt 2012.85 641.209
vt 1051.44 641.209
vt 1051.44 427.395
f 2227/2503/135 1785/2504/135 1787/2505/135 2226/2506/135 

vt 1487.47 981.694
vn -0.600498 0.441712 0.666553
vt 1408.41 1180.36
vt 1231.95 1180.36
vt 1311.01 981.694
f 1781/2507/136 1780/2508/136 1785/2509/136 2227/2510/136 

vt 1408.41 -1532.07
vn -0.146509 -0.97575 0.162625
vt 1487.47 -1442.14
vt 1311.01 -1442.14
vt 1231.95 -1532.07
f 1778/2511/137 1781/2512/137 2227/2513/137 1777/2514/137 

vt 2012.85 -337.313
vn -6.47046e-19 -0.986394 0.164399
vt 2012.85 -217.574
vt 1051.44 -217.574
v 26.7065 7.88437 -10
vt 1051.44 -337.313
f 1777/2515/138 2227/2516/138 2226/2517/138 2228/2518/138 

vt 1044.69 469.229
vn 0.146509 -0.97575 0.162625
vt 965.638 559.162
vt 789.179 559.162
vt 868.234 469.229
f 2228/2519/139 2226/2520/139 2222/2521/139 2225/2522/139 

vt 1044.69 1.0388e-13
vn 0.669334 -2.52592e-16 0.742961
vt 1044.69 310.408
vt 868.234 310.408
vt 868.234 1.0388e-13
f 1740/2523/140 2228/2524/140 2225/2525/140 1741/2526/140 

v 27.8465 2.2 -10
vt 1096.32 86.6142
vt 1051.44 310.408
f 1740/1766/94 2229/2527/94 2228/2528/94

f 2229/2527/94 1740/1766/94 1764/1765/94

vt 1096.32 393.701
vt 1410.49 393.701
v 35.8265 2.2 -10.3
vt 1410.49 405.512
v 27.8465 2.2 -10.3
vt 1096.32 405.512
f 2229/2529/100 1764/2530/100 2230/2531/100 2231/2532/100 

vt -393.701 86.6142
v 35.8265 3.3 -10
v 35.8265 3.3 -10.3
vt -405.512 129.921
vt -405.512 86.6142
f 1764/2533/95 2232/1768/95 2233/2534/95 2230/2535/95 

vt 1410.49 129.921
f 1764/1765/94 1765/1767/94 2232/2536/94

f 1765/1767/94 1777/1794/94 2232/2536/94

f 1774/1777/94 1777/1794/94 1765/1767/94

v 42.0165 3.3 -10
vt 1654.19 129.921
f 2234/2537/94 1777/1794/94 1774/1777/94

v 49.9965 3.3 -10
vt 1968.37 129.921
f 2235/2538/94 1777/1794/94 2234/2537/94

f 1776/1792/94 1777/1794/94 2235/2538/94

v 49.9965 3.3 -10.3
v 49.9965 2.2 -10.3
f 1776/2533/95 2235/1768/95 2236/2534/95 2237/2535/95 

vt -1968.37 393.701
vt -1654.19 393.701
v 42.0165 3.3 -10.3
vt -1654.19 405.512
vt -1968.37 405.512
f 2235/2539/93 2234/2540/93 2238/2541/93 2236/2542/93 

vt 393.701 86.6142
v 42.0165 2.2 -10.3
vt 405.512 86.6142
vt 405.512 129.921
f 2234/1789/96 1775/2543/96 2239/2544/96 2238/2545/96 

f 1774/1777/94 1775/1791/94 2234/2537/94

vt 1654.19 393.701
vt 1968.37 393.701
vt 1968.37 405.512
vt 1654.19 405.512
f 1775/2546/100 1776/2547/100 2237/2548/100 2239/2549/100 

f 2236/2538/94 2238/2537/94 2239/1791/94 2237/1792/94 

vt 1610.88 393.701
vt 1453.8 393.701
vt 1453.8 387.795
vt 1610.88 387.795
f 1774/2550/100 1765/2551/100 1766/2552/100 1770/2553/100 

v 27.8465 3.3 -10
vt 1096.32 129.921
f 2232/2536/94 1777/1794/94 2240/2554/94

f 2228/2528/94 2240/2554/94 1777/1794/94

f 2228/2528/94 2229/2527/94 2240/2554/94

v 27.8465 3.3 -10.3
f 2240/1789/96 2229/2543/96 2231/2544/96 2241/2545/96 

f 2233/2536/94 2241/2554/94 2231/2527/94 2230/1765/94 

vt -1410.49 393.701
vt -1096.32 393.701
vt -1096.32 405.512
vt -1410.49 405.512
f 2232/2555/93 2240/2556/93 2241/2557/93 2233/2558/93 

vt 868.234 7933.07
vn 0.669334 1.39687e-17 0.742961
vt 868.234 508.324
vt 1044.69 508.324
vt 1044.69 7933.07
f 2038/2559/141 2223/2560/141 1787/2561/141 1789/2562/141 

v 17.2065 22.9682 9.68215e-16
vt 677.42 904.261
f 2221/2485/131 2042/2487/131 2242/2563/131

v 17.2065 26.4282 9.40451e-16
vt 677.42 1040.48
f 2242/2563/131 2042/2487/131 2243/2564/131

v 17.2065 34.755 9.04592e-16
vt 677.42 1368.31
f 2243/2564/131 2042/2487/131 2244/2565/131

v 17.2065 38.215 8.76829e-16
vt 677.42 1504.53
f 2244/2565/131 2042/2487/131 2245/2566/131

v 17.2065 46.5418 8.4097e-16
vt 677.42 1832.35
f 2245/2566/131 2042/2487/131 2246/2567/131

v 17.2065 50.0018 8.13207e-16
vt 677.42 1968.57
f 2246/2567/131 2042/2487/131 2247/2568/131

v 17.2065 58.3286 7.77348e-16
vt 677.42 2296.4
f 2247/2568/131 2042/2487/131 2248/2569/131

v 17.2065 61.7886 7.49585e-16
vt 677.42 2432.62
f 2248/2569/131 2042/2487/131 2249/2570/131

v 17.2065 70.1154 7.13726e-16
vt 677.42 2760.45
f 2249/2570/131 2042/2487/131 2250/2571/131

v 17.2065 73.5754 6.85963e-16
vt 677.42 2896.67
f 2250/2571/131 2042/2487/131 2251/2572/131

v 17.2065 81.9021 6.50104e-16
vt 677.42 3224.49
f 2251/2572/131 2042/2487/131 2252/2573/131

v 17.2065 85.3621 6.2234e-16
vt 677.42 3360.71
f 2252/2573/131 2042/2487/131 2253/2574/131

v 17.2065 93.6889 5.86481e-16
vt 677.42 3688.54
f 2253/2574/131 2042/2487/131 2254/2575/131

v 17.2065 97.1489 5.58718e-16
vt 677.42 3824.76
f 2254/2575/131 2042/2487/131 2255/2576/131

v 17.2065 105.476 5.22859e-16
vt 677.42 4152.59
f 2255/2576/131 2042/2487/131 2256/2577/131

v 17.2065 108.936 4.95096e-16
vt 677.42 4288.81
f 2256/2577/131 2042/2487/131 2257/2578/131

v 17.2065 117.263 4.59237e-16
vt 677.42 4616.63
f 2257/2578/131 2042/2487/131 2258/2579/131

v 17.2065 120.723 4.31474e-16
vt 677.42 4752.85
f 2258/2579/131 2042/2487/131 2259/2580/131

v 17.2065 129.049 3.95615e-16
vt 677.42 5080.68
f 2259/2580/131 2042/2487/131 2260/2581/131

v 17.2065 132.509 3.67852e-16
vt 677.42 5216.9
f 2260/2581/131 2042/2487/131 2261/2582/131

v 17.2065 140.836 3.31993e-16
vt 677.42 5544.73
f 2261/2582/131 2042/2487/131 2262/2583/131

v 17.2065 144.296 3.04229e-16
vt 677.42 5680.95
f 2262/2583/131 2042/2487/131 2263/2584/131

v 17.2065 152.623 2.6837e-16
vt 677.42 6008.77
f 2263/2584/131 2042/2487/131 2264/2585/131

v 17.2065 156.083 2.40607e-16
vt 677.42 6144.99
f 2264/2585/131 2042/2487/131 2265/2586/131

v 17.2065 164.41 2.04748e-16
vt 677.42 6472.82
f 2265/2586/131 2042/2487/131 2266/2587/131

v 17.2065 167.87 1.76985e-16
vt 677.42 6609.04
f 2266/2587/131 2042/2487/131 2267/2588/131

v 17.2065 176.196 1.41126e-16
vt 677.42 6936.87
f 2267/2588/131 2042/2487/131 2268/2589/131

v 17.2065 179.656 1.13363e-16
vt 677.42 7073.09
f 2268/2589/131 2042/2487/131 2269/2590/131

v 17.2065 187.983 7.75038e-17
vt 677.42 7400.91
f 2269/2590/131 2042/2487/131 2270/2591/131

v 17.2065 191.443 4.97406e-17
vt 677.42 7537.13
f 2270/2591/131 2042/2487/131 2271/2592/131

v 17.2065 193.87 1.38816e-17
vt 677.42 7632.68
f 2271/2592/131 2042/2487/131 2272/2593/131

v 6.23647 193.87 1.01879e-18
vt 245.53 7632.68
f 2272/2593/131 2042/2487/131 2273/2594/131

f 2045/2484/131 2273/2594/131 2042/2487/131

v 6.23647 191.443 3.68778e-17
vt 245.53 7537.13
f 2045/2484/131 2274/2595/131 2273/2594/131

v 6.23647 187.983 3.89154e-17
vt 245.53 7400.91
f 2045/2484/131 2275/2596/131 2274/2595/131

v 6.23647 179.656 7.47744e-17
vt 245.53 7073.09
f 2045/2484/131 2276/2597/131 2275/2596/131

v 6.23647 176.196 7.6812e-17
vt 245.53 6936.87
f 2045/2484/131 2277/2598/131 2276/2597/131

v 6.23647 167.87 1.12671e-16
vt 245.53 6609.04
f 2045/2484/131 2278/2599/131 2277/2598/131

v 6.23647 164.41 1.14709e-16
vt 245.53 6472.82
f 2045/2484/131 2279/2600/131 2278/2599/131

v 6.23647 156.083 1.50568e-16
vt 245.53 6144.99
f 2045/2484/131 2280/2601/131 2279/2600/131

v 6.23647 152.623 1.52605e-16
vt 245.53 6008.77
f 2045/2484/131 2281/2602/131 2280/2601/131

v 6.23647 144.296 1.88464e-16
vt 245.53 5680.95
f 2045/2484/131 2282/2603/131 2281/2602/131

v 6.23647 140.836 1.90502e-16
vt 245.53 5544.73
f 2045/2484/131 2283/2604/131 2282/2603/131

v 6.23647 132.509 2.26361e-16
vt 245.53 5216.9
f 2045/2484/131 2284/2605/131 2283/2604/131

v 6.23647 129.049 2.28398e-16
vt 245.53 5080.68
f 2045/2484/131 2285/2606/131 2284/2605/131

v 6.23647 120.723 2.64257e-16
vt 245.53 4752.85
f 2045/2484/131 2286/2607/131 2285/2606/131

v 6.23647 117.263 2.66295e-16
vt 245.53 4616.63
f 2045/2484/131 2287/2608/131 2286/2607/131

v 6.23647 108.936 3.02154e-16
vt 245.53 4288.81
f 2045/2484/131 2288/2609/131 2287/2608/131

v 6.23647 105.476 3.04192e-16
vt 245.53 4152.59
f 2045/2484/131 2289/2610/131 2288/2609/131

v 6.23647 97.1489 3.40051e-16
vt 245.53 3824.76
f 2045/2484/131 2290/2611/131 2289/2610/131

v 6.23647 93.6889 3.42088e-16
vt 245.53 3688.54
f 2045/2484/131 2291/2612/131 2290/2611/131

v 6.23647 85.3621 3.77947e-16
vt 245.53 3360.71
f 2045/2484/131 2292/2613/131 2291/2612/131

v 6.23647 81.9021 3.79985e-16
vt 245.53 3224.49
f 2045/2484/131 2293/2614/131 2292/2613/131

v 6.23647 73.5754 4.15844e-16
vt 245.53 2896.67
f 2045/2484/131 2294/2615/131 2293/2614/131

v 6.23647 70.1154 4.17881e-16
vt 245.53 2760.45
f 2045/2484/131 2295/2616/131 2294/2615/131

v 6.23647 61.7886 4.5374e-16
vt 245.53 2432.62
f 2045/2484/131 2296/2617/131 2295/2616/131

v 6.23647 58.3286 4.55778e-16
vt 245.53 2296.4
f 2045/2484/131 2297/2618/131 2296/2617/131

v 6.23647 50.0018 4.91637e-16
vt 245.53 1968.57
f 2045/2484/131 2298/2619/131 2297/2618/131

v 6.23647 46.5418 4.93675e-16
vt 245.53 1832.35
f 2045/2484/131 2299/2620/131 2298/2619/131

v 6.23647 38.215 5.29534e-16
vt 245.53 1504.53
f 2045/2484/131 2300/2621/131 2299/2620/131

v 6.23647 34.755 5.31571e-16
vt 245.53 1368.31
f 2045/2484/131 2301/2622/131 2300/2621/131

v 6.23647 26.4282 5.6743e-16
vt 245.53 1040.48
f 2045/2484/131 2302/2623/131 2301/2622/131

v 6.23647 22.9682 5.69468e-16
vt 245.53 904.261
f 2045/2484/131 2303/2624/131 2302/2623/131

f 2045/2484/131 2220/2483/131 2303/2624/131

vn -3.63488e-17 4.30647e-18 1
f 2242/2563/142 2303/2624/142 2220/2483/142 2221/2485/142 

f 2242/2563/131 2243/2564/131 2303/2624/131

f 2302/2623/131 2303/2624/131 2243/2564/131

vn -3.40038e-17 4.30647e-18 1
f 2301/2622/143 2302/2623/143 2243/2564/143 2244/2565/143 

f 2244/2565/131 2245/2566/131 2301/2622/131

f 2300/2621/131 2301/2622/131 2245/2566/131

vn -3.16587e-17 4.30647e-18 1
f 2300/2621/144 2245/2566/144 2246/2567/144 2299/2620/144 

f 2246/2567/131 2247/2568/131 2299/2620/131

f 2298/2619/131 2299/2620/131 2247/2568/131

vn -2.93136e-17 4.30647e-18 1
f 2298/2619/145 2247/2568/145 2248/2569/145 2297/2618/145 

f 2248/2569/131 2249/2570/131 2297/2618/131

f 2296/2617/131 2297/2618/131 2249/2570/131

vn -2.69685e-17 4.30647e-18 1
f 2296/2617/146 2249/2570/146 2250/2571/146 2295/2616/146 

f 2250/2571/131 2251/2572/131 2295/2616/131

f 2294/2615/131 2295/2616/131 2251/2572/131

vn -2.46234e-17 4.30647e-18 1
f 2252/2573/147 2293/2614/147 2294/2615/147 2251/2572/147 

f 2252/2573/131 2253/2574/131 2293/2614/131

f 2292/2613/131 2293/2614/131 2253/2574/131

vn -2.22783e-17 4.30647e-18 1
f 2254/2575/148 2291/2612/148 2292/2613/148 2253/2574/148 

f 2254/2575/131 2255/2576/131 2291/2612/131

f 2290/2611/131 2291/2612/131 2255/2576/131

vn -1.99332e-17 4.30647e-18 1
f 2290/2611/149 2255/2576/149 2256/2577/149 2289/2610/149 

f 2256/2577/131 2257/2578/131 2289/2610/131

f 2288/2609/131 2289/2610/131 2257/2578/131

vn -1.75881e-17 4.30647e-18 1
f 2287/2608/150 2288/2609/150 2257/2578/150 2258/2579/150 

f 2258/2579/131 2259/2580/131 2287/2608/131

f 2286/2607/131 2287/2608/131 2259/2580/131

vn -1.52431e-17 4.30647e-18 1
f 2285/2606/151 2286/2607/151 2259/2580/151 2260/2581/151 

f 2260/2581/131 2261/2582/131 2285/2606/131

f 2284/2605/131 2285/2606/131 2261/2582/131

vn -1.2898e-17 4.30647e-18 1
f 2284/2605/152 2261/2582/152 2262/2583/152 2283/2604/152 

f 2262/2583/131 2263/2584/131 2283/2604/131

f 2282/2603/131 2283/2604/131 2263/2584/131

vn -1.05529e-17 4.30647e-18 1
f 2282/2603/153 2263/2584/153 2264/2585/153 2281/2602/153 

f 2264/2585/131 2265/2586/131 2281/2602/131

f 2280/2601/131 2281/2602/131 2265/2586/131

vn -8.2078e-18 4.30647e-18 1
f 2266/2587/154 2279/2600/154 2280/2601/154 2265/2586/154 

f 2266/2587/131 2267/2588/131 2279/2600/131

f 2278/2599/131 2279/2600/131 2267/2588/131

vn -5.86272e-18 4.30647e-18 1
f 2278/2599/155 2267/2588/155 2268/2589/155 2277/2598/155 

f 2268/2589/131 2269/2590/131 2277/2598/131

f 2276/2597/131 2277/2598/131 2269/2590/131

vn -3.51763e-18 4.30647e-18 1
f 2270/2591/156 2275/2596/156 2276/2597/156 2269/2590/156 

f 2270/2591/131 2271/2592/131 2275/2596/131

f 2274/2595/131 2275/2596/131 2271/2592/131

vn -1.17254e-18 1.47763e-17 1
f 2271/2592/157 2272/2593/157 2273/2594/157 2274/2595/157 

vt 2886.87 2755.91
f 2050/2078/100 2051/2079/100 2219/2625/100

v 73.1659 201.5 -69.6507
f 2219/2625/100 2051/2079/100 2304/2161/100

vt 183.744 7874.02
vt 2880.55 7874.02
vt 2880.55 7933.07
vt 183.744 7933.07
f 2053/2626/94 2096/2627/94 2304/2628/94 2051/2629/94 

vt 304.717 7874.02
v 77.3787 200 -65.8553
vt 527.959 7874.02
v 77.3787 201.5 -65.8553
vt 527.959 7933.07
vt 304.717 7933.07
f 2096/2630/105 2305/2631/105 2306/2632/105 2304/2633/105 

v 73.3467 200 -64.3507
vt 2887.66 2533.49
vt 3046.41 2592.73
f 2096/2161/100 2307/2634/100 2305/2635/100

f 2096/2161/100 2097/2162/100 2307/2634/100

vt -449.67 7874.02
vt -351.587 7874.02
vt -351.587 11811
v 73.3467 300 -64.3507
vt -449.67 11811
f 2307/2636/103 2097/2637/103 2098/2638/103 2308/2639/103 

v 73.3467 300 -15.9299
vt 2887.66 627.162
f 2098/2162/100 2309/2640/100 2308/2634/100

f 2098/2162/100 2129/2236/100 2309/2640/100

f 2098/2162/100 2113/2199/100 2129/2236/100

f 2098/2162/100 2099/2167/100 2113/2199/100

v 71.4957 200 -14.2624
vt 2467.12 7874.02
v 73.3467 200 -15.9299
vt 2565.2 7874.02
vt 2565.2 11811
vt 2467.12 11811
f 2310/2641/101 2311/2642/101 2309/2643/101 2129/2644/101 

v 73.1659 200 -0.349326
vt 2880.55 13.753
f 2310/2236/100 2312/2645/100 2311/2640/100

f 2131/2237/100 2312/2645/100 2310/2236/100

f 2131/2237/100 2132/2242/100 2312/2645/100

vt -2880.55 7874.02
vt -2325.08 7874.02
v 59.0571 201.5 -0.349326
vt -2325.08 7933.07
v 73.1659 201.5 -0.349326
vt -2880.55 7933.07
f 2312/2646/104 2132/2647/104 2313/2648/104 2314/2649/104 

vt -1718.24 7874.02
vt -1495 7874.02
vt -1495 7933.07
vt -1718.24 7933.07
f 2132/2650/103 2134/2651/103 2136/2652/103 2313/2653/103 

f 2136/2244/100 2213/2446/100 2313/2242/100

vt 2886.87 0
f 2313/2242/100 2213/2446/100 2216/2654/100

v 60.6265 193.87 -2.94091e-16
vt 2386.87 7632.68
f 2213/2454/130 2315/2655/130 2216/2457/130

v 60.6265 191.443 -2.54842e-16
vt 2386.87 7537.13
f 2213/2454/130 2316/2656/130 2315/2655/130

v 60.6265 187.983 -2.4797e-16
vt 2386.87 7400.91
f 2213/2454/130 2317/2657/130 2316/2656/130

v 60.6265 179.656 -2.00478e-16
vt 2386.87 7073.09
f 2213/2454/130 2318/2658/130 2317/2657/130

v 60.6265 176.196 -1.93606e-16
vt 2386.87 6936.87
f 2213/2454/130 2319/2659/130 2318/2658/130

v 60.6265 167.87 -1.46114e-16
vt 2386.87 6609.04
f 2213/2454/130 2320/2660/130 2319/2659/130

v 60.6265 164.41 -1.39242e-16
vt 2386.87 6472.82
f 2213/2454/130 2321/2661/130 2320/2660/130

v 60.6265 156.083 -9.17494e-17
vt 2386.87 6144.99
f 2213/2454/130 2322/2662/130 2321/2661/130

v 60.6265 152.623 -8.48779e-17
vt 2386.87 6008.77
f 2213/2454/130 2323/2663/130 2322/2662/130

v 60.6265 144.296 -3.73854e-17
vt 2386.87 5680.95
f 2213/2454/130 2324/2664/130 2323/2663/130

v 60.6265 140.836 -3.05138e-17
vt 2386.87 5544.73
f 2213/2454/130 2325/2665/130 2324/2664/130

v 60.6265 132.509 1.69787e-17
vt 2386.87 5216.9
f 2213/2454/130 2326/2666/130 2325/2665/130

v 60.6265 129.049 2.38503e-17
vt 2386.87 5080.68
f 2213/2454/130 2327/2667/130 2326/2666/130

v 60.6265 120.723 7.13428e-17
vt 2386.87 4752.85
f 2213/2454/130 2328/2668/130 2327/2667/130

v 60.6265 117.263 7.82143e-17
vt 2386.87 4616.63
f 2213/2454/130 2329/2669/130 2328/2668/130

v 60.6265 108.936 1.25707e-16
vt 2386.87 4288.81
f 2213/2454/130 2330/2670/130 2329/2669/130

v 60.6265 105.476 1.32578e-16
vt 2386.87 4152.59
f 2213/2454/130 2331/2671/130 2330/2670/130

v 60.6265 97.1489 1.80071e-16
vt 2386.87 3824.76
f 2213/2454/130 2332/2672/130 2331/2671/130

v 60.6265 93.6889 1.86942e-16
vt 2386.87 3688.54
f 2213/2454/130 2333/2673/130 2332/2672/130

v 60.6265 85.3621 2.34435e-16
vt 2386.87 3360.71
f 2213/2454/130 2334/2674/130 2333/2673/130

v 60.6265 81.9021 2.41307e-16
vt 2386.87 3224.49
f 2213/2454/130 2335/2675/130 2334/2674/130

v 60.6265 73.5754 2.88799e-16
vt 2386.87 2896.67
f 2213/2454/130 2336/2676/130 2335/2675/130

v 60.6265 70.1154 2.95671e-16
vt 2386.87 2760.45
f 2213/2454/130 2337/2677/130 2336/2676/130

v 60.6265 61.7886 3.43163e-16
vt 2386.87 2432.62
f 2213/2454/130 2338/2678/130 2337/2677/130

v 60.6265 58.3286 3.50035e-16
vt 2386.87 2296.4
f 2213/2454/130 2339/2679/130 2338/2678/130

v 60.6265 50.0018 3.97527e-16
vt 2386.87 1968.57
f 2213/2454/130 2340/2680/130 2339/2679/130

v 60.6265 46.5418 4.04399e-16
vt 2386.87 1832.35
f 2213/2454/130 2341/2681/130 2340/2680/130

v 60.6265 38.215 4.51891e-16
vt 2386.87 1504.53
f 2213/2454/130 2342/2682/130 2341/2681/130

v 60.6265 34.755 4.58763e-16
vt 2386.87 1368.31
f 2213/2454/130 2343/2683/130 2342/2682/130

v 60.6265 26.4282 5.06255e-16
vt 2386.87 1040.48
f 2213/2454/130 2344/2684/130 2343/2683/130

v 60.6265 22.9682 5.13127e-16
vt 2386.87 904.261
f 2213/2454/130 2345/2685/130 2344/2684/130

f 2213/2454/130 2214/2453/130 2345/2685/130

v 71.5965 22.9682 8.01621e-16
vt 2818.76 904.261
vn -2.62985e-17 5.70358e-18 1
f 2346/2686/158 2345/2685/158 2214/2453/158 2215/2455/158 

v 71.5965 26.4282 7.69024e-16
vt 2818.76 1040.48
f 2346/2686/130 2347/2687/130 2345/2685/130

f 2346/2686/130 2216/2457/130 2347/2687/130

f 2215/2455/130 2216/2457/130 2346/2686/130

v 71.5965 34.755 7.21532e-16
vt 2818.76 1368.31
f 2347/2687/130 2216/2457/130 2348/2688/130

v 71.5965 38.215 6.88935e-16
vt 2818.76 1504.53
f 2348/2688/130 2216/2457/130 2349/2689/130

v 71.5965 46.5418 6.41442e-16
vt 2818.76 1832.35
f 2349/2689/130 2216/2457/130 2350/2690/130

v 71.5965 50.0018 6.08845e-16
vt 2818.76 1968.57
f 2350/2690/130 2216/2457/130 2351/2691/130

v 71.5965 58.3286 5.61352e-16
vt 2818.76 2296.4
f 2351/2691/130 2216/2457/130 2352/2692/130

v 71.5965 61.7886 5.28755e-16
vt 2818.76 2432.62
f 2352/2692/130 2216/2457/130 2353/2693/130

v 71.5965 70.1154 4.81263e-16
vt 2818.76 2760.45
f 2353/2693/130 2216/2457/130 2354/2694/130

v 71.5965 73.5754 4.48666e-16
vt 2818.76 2896.67
f 2354/2694/130 2216/2457/130 2355/2695/130

v 71.5965 81.9021 4.01173e-16
vt 2818.76 3224.49
f 2355/2695/130 2216/2457/130 2356/2696/130

v 71.5965 85.3621 3.68576e-16
vt 2818.76 3360.71
f 2356/2696/130 2216/2457/130 2357/2697/130

v 71.5965 93.6889 3.21083e-16
vt 2818.76 3688.54
f 2357/2697/130 2216/2457/130 2358/2698/130

v 71.5965 97.1489 2.88486e-16
vt 2818.76 3824.76
f 2358/2698/130 2216/2457/130 2359/2699/130

v 71.5965 105.476 2.40994e-16
vt 2818.76 4152.59
f 2359/2699/130 2216/2457/130 2360/2700/130

v 71.5965 108.936 2.08397e-16
vt 2818.76 4288.81
f 2360/2700/130 2216/2457/130 2361/2701/130

v 71.5965 117.263 1.60904e-16
vt 2818.76 4616.63
f 2361/2701/130 2216/2457/130 2362/2702/130

v 71.5965 120.723 1.28307e-16
vt 2818.76 4752.85
f 2362/2702/130 2216/2457/130 2363/2703/130

v 71.5965 129.049 8.08144e-17
vt 2818.76 5080.68
f 2363/2703/130 2216/2457/130 2364/2704/130

v 71.5965 132.509 4.82172e-17
vt 2818.76 5216.9
f 2364/2704/130 2216/2457/130 2365/2705/130

v 71.5965 140.836 7.24733e-19
vt 2818.76 5544.73
f 2365/2705/130 2216/2457/130 2366/2706/130

v 71.5965 144.296 -3.18725e-17
vt 2818.76 5680.95
f 2366/2706/130 2216/2457/130 2367/2707/130

v 71.5965 152.623 -7.93649e-17
vt 2818.76 6008.77
f 2367/2707/130 2216/2457/130 2368/2708/130

v 71.5965 156.083 -1.11962e-16
vt 2818.76 6144.99
f 2368/2708/130 2216/2457/130 2369/2709/130

v 71.5965 164.41 -1.59455e-16
vt 2818.76 6472.82
f 2369/2709/130 2216/2457/130 2370/2710/130

v 71.5965 167.87 -1.92052e-16
vt 2818.76 6609.04
f 2370/2710/130 2216/2457/130 2371/2711/130

v 71.5965 176.196 -2.39544e-16
vt 2818.76 6936.87
f 2371/2711/130 2216/2457/130 2372/2712/130

v 71.5965 179.656 -2.72141e-16
vt 2818.76 7073.09
f 2372/2712/130 2216/2457/130 2373/2713/130

v 71.5965 187.983 -3.19634e-16
vt 2818.76 7400.91
f 2373/2713/130 2216/2457/130 2374/2714/130

v 71.5965 191.443 -3.52231e-16
vt 2818.76 7537.13
f 2374/2714/130 2216/2457/130 2375/2715/130

v 71.5965 193.87 -3.91481e-16
vt 2818.76 7632.68
f 2375/2715/130 2216/2457/130 2376/2716/130

f 2376/2716/130 2216/2457/130 2315/2655/130

vn 8.8778e-18 1.61735e-17 1
f 2375/2715/159 2376/2716/159 2315/2655/159 2316/2656/159 

f 2316/2656/130 2317/2657/130 2375/2715/130

f 2374/2714/130 2375/2715/130 2317/2657/130

vn 6.53271e-18 5.70358e-18 1
f 2374/2714/160 2317/2657/160 2318/2658/160 2373/2713/160 

f 2318/2658/130 2319/2659/130 2373/2713/130

f 2372/2712/130 2373/2713/130 2319/2659/130

vn 4.18763e-18 5.70358e-18 1
f 2320/2660/161 2371/2711/161 2372/2712/161 2319/2659/161 

f 2320/2660/130 2321/2661/130 2371/2711/130

f 2370/2710/130 2371/2711/130 2321/2661/130

vn 1.84254e-18 5.70358e-18 1
f 2370/2710/162 2321/2661/162 2322/2662/162 2369/2709/162 

f 2322/2662/130 2323/2663/130 2369/2709/130

f 2368/2708/130 2369/2709/130 2323/2663/130

vn -5.02546e-19 5.70358e-18 1
f 2324/2664/163 2367/2707/163 2368/2708/163 2323/2663/163 

f 2324/2664/130 2325/2665/130 2367/2707/130

f 2366/2706/130 2367/2707/130 2325/2665/130

vn -2.84763e-18 5.70358e-18 1
f 2326/2666/164 2365/2705/164 2366/2706/164 2325/2665/164 

f 2326/2666/130 2327/2667/130 2365/2705/130

f 2364/2704/130 2365/2705/130 2327/2667/130

vn -5.19272e-18 5.70358e-18 1
f 2327/2667/165 2328/2668/165 2363/2703/165 2364/2704/165 

f 2328/2668/130 2329/2669/130 2363/2703/130

f 2362/2702/130 2363/2703/130 2329/2669/130

vn -7.53781e-18 5.70358e-18 1
f 2329/2669/166 2330/2670/166 2361/2701/166 2362/2702/166 

f 2330/2670/130 2331/2671/130 2361/2701/130

f 2360/2700/130 2361/2701/130 2331/2671/130

vn -9.88289e-18 5.70358e-18 1
f 2332/2672/167 2359/2699/167 2360/2700/167 2331/2671/167 

f 2332/2672/130 2333/2673/130 2359/2699/130

f 2358/2698/130 2359/2699/130 2333/2673/130

vn -1.2228e-17 5.70358e-18 1
f 2358/2698/168 2333/2673/168 2334/2674/168 2357/2697/168 

f 2334/2674/130 2335/2675/130 2357/2697/130

f 2356/2696/130 2357/2697/130 2335/2675/130

vn -1.45731e-17 5.70358e-18 1
f 2356/2696/169 2335/2675/169 2336/2676/169 2355/2695/169 

f 2336/2676/130 2337/2677/130 2355/2695/130

f 2354/2694/130 2355/2695/130 2337/2677/130

vn -1.69182e-17 5.70358e-18 1
f 2338/2678/170 2353/2693/170 2354/2694/170 2337/2677/170 

f 2338/2678/130 2339/2679/130 2353/2693/130

f 2352/2692/130 2353/2693/130 2339/2679/130

vn -1.92632e-17 5.70358e-18 1
f 2340/2680/171 2351/2691/171 2352/2692/171 2339/2679/171 

f 2340/2680/130 2341/2681/130 2351/2691/130

f 2350/2690/130 2351/2691/130 2341/2681/130

vn -2.16083e-17 5.70358e-18 1
f 2342/2682/172 2349/2689/172 2350/2690/172 2341/2681/172 

f 2342/2682/130 2343/2683/130 2349/2689/130

f 2348/2688/130 2349/2689/130 2343/2683/130

vn -2.39534e-17 5.70358e-18 1
f 2343/2683/173 2344/2684/173 2347/2687/173 2348/2688/173 

f 2344/2684/130 2345/2685/130 2347/2687/130

f 2313/2242/100 2216/2654/100 2314/2645/100

v 77.3787 201.5 -4.1447
vt 3046.41 163.177
f 2314/2645/100 2216/2654/100 2377/2717/100

vt 3061.67 157.48
f 2377/2717/100 2216/2654/100 2217/2718/100

f 2377/2717/100 2217/2718/100 2306/2635/100

vt 3061.67 2598.43
f 2218/2719/100 2306/2635/100 2217/2718/100

f 2219/2625/100 2306/2635/100 2218/2719/100

f 2219/2625/100 2304/2161/100 2306/2635/100

vt -2592.73 7874.02
v 77.3787 200 -4.1447
vt -2592.73 7933.07
f 2305/2720/95 2378/2263/95 2377/2264/95 2306/2721/95 

f 2305/2635/100 2307/2634/100 2378/2717/100

f 2311/2640/100 2378/2717/100 2307/2634/100

f 2311/2640/100 2312/2645/100 2378/2717/100

vt -2372.58 7874.02
vt -2149.34 7874.02
vt -2149.34 7933.07
vt -2372.58 7933.07
f 2378/2722/113 2312/2723/113 2314/2724/113 2377/2725/113 

vt 2533.49 7874.02
vt 2533.49 11811
f 2311/2116/96 2307/2726/96 2308/2727/96 2309/2115/96 

vt 2814.79 7874.02
vn 1.69197e-15 2.13803e-15 1
v 69.9177 208.632 -14.2624
vt 2752.67 8213.86
vt 2390.84 7874.02
f 2310/2728/174 2379/2729/174 2131/2730/174

vt 2814.79 11811
f 2379/2729/174 2310/2728/174 2129/2731/174

v 69.9177 211.065 -14.2624
vt 2752.67 8309.66
f 2379/2729/174 2129/2731/174 2380/2732/174

v 69.8879 214.556 -14.2624
vt 2751.49 8447.07
f 2380/2732/174 2129/2731/174 2381/2733/174

v 69.8879 222.882 -14.2624
vt 2751.49 8774.89
f 2381/2733/174 2129/2731/174 2382/2734/174

v 69.8879 226.342 -14.2624
vt 2751.49 8911.11
f 2382/2734/174 2129/2731/174 2383/2735/174

v 69.8879 234.669 -14.2624
vt 2751.49 9238.94
f 2383/2735/174 2129/2731/174 2384/2736/174

v 69.8879 238.129 -14.2624
vt 2751.49 9375.16
f 2384/2736/174 2129/2731/174 2385/2737/174

v 69.8879 246.456 -14.2624
vt 2751.49 9702.99
f 2385/2737/174 2129/2731/174 2386/2738/174

v 69.8879 249.916 -14.2624
vt 2751.49 9839.21
f 2386/2738/174 2129/2731/174 2387/2739/174

v 69.8879 258.243 -14.2624
vt 2751.49 10167
f 2387/2739/174 2129/2731/174 2388/2740/174

v 69.8879 261.703 -14.2624
vt 2751.49 10303.3
f 2388/2740/174 2129/2731/174 2389/2741/174

v 69.8879 270.029 -14.2624
vt 2751.49 10631.1
f 2389/2741/174 2129/2731/174 2390/2742/174

v 69.8879 273.489 -14.2624
vt 2751.49 10767.3
f 2390/2742/174 2129/2731/174 2391/2743/174

v 69.8879 281.816 -14.2624
vt 2751.49 11095.1
f 2391/2743/174 2129/2731/174 2392/2744/174

v 69.8879 285.276 -14.2624
vt 2751.49 11231.3
f 2392/2744/174 2129/2731/174 2393/2745/174

v 69.8879 293.603 -14.2624
vt 2751.49 11559.2
f 2393/2745/174 2129/2731/174 2394/2746/174

v 62.3351 293.603 -14.2624
vt 2454.14 11559.2
f 2394/2746/174 2129/2731/174 2395/2747/174

vt 2390.84 11811
f 2130/2748/174 2395/2747/174 2129/2731/174

v 62.3351 285.276 -14.2624
vt 2454.14 11231.3
f 2130/2748/174 2396/2749/174 2395/2747/174

v 62.3351 281.816 -14.2624
vt 2454.14 11095.1
f 2130/2748/174 2397/2750/174 2396/2749/174

v 62.3351 273.489 -14.2624
vt 2454.14 10767.3
f 2130/2748/174 2398/2751/174 2397/2750/174

v 62.3351 270.029 -14.2624
vt 2454.14 10631.1
f 2130/2748/174 2399/2752/174 2398/2751/174

v 62.3351 261.703 -14.2624
vt 2454.14 10303.3
f 2130/2748/174 2400/2753/174 2399/2752/174

v 62.3351 258.243 -14.2624
vt 2454.14 10167
f 2130/2748/174 2401/2754/174 2400/2753/174

v 62.3351 249.916 -14.2624
vt 2454.14 9839.21
f 2130/2748/174 2402/2755/174 2401/2754/174

v 62.3351 246.456 -14.2624
vt 2454.14 9702.99
f 2130/2748/174 2403/2756/174 2402/2755/174

v 62.3351 238.129 -14.2624
vt 2454.14 9375.16
f 2130/2748/174 2404/2757/174 2403/2756/174

v 62.3351 234.669 -14.2624
vt 2454.14 9238.94
f 2130/2748/174 2405/2758/174 2404/2757/174

v 62.3351 226.342 -14.2624
vt 2454.14 8911.11
f 2130/2748/174 2406/2759/174 2405/2758/174

v 62.3351 222.882 -14.2624
vt 2454.14 8774.89
f 2130/2748/174 2407/2760/174 2406/2759/174

v 62.3351 214.556 -14.2624
vt 2454.14 8447.07
f 2130/2748/174 2408/2761/174 2407/2760/174

v 62.3052 211.065 -14.2624
vt 2452.96 8309.66
f 2130/2748/174 2409/2762/174 2408/2761/174

v 62.3052 208.632 -14.2624
vt 2452.96 8213.86
f 2130/2748/174 2410/2763/174 2409/2762/174

f 2131/2730/174 2410/2763/174 2130/2748/174

f 2410/2763/174 2131/2730/174 2379/2729/174

vn -1.89664e-15 1.53079e-13 1
f 2379/2729/175 2380/2732/175 2409/2762/175 2410/2763/175 

f 2380/2732/174 2381/2733/174 2409/2762/174

f 2408/2761/174 2409/2762/174 2381/2733/174

vn -2.29395e-15 1.00569e-14 1
f 2407/2760/176 2408/2761/176 2381/2733/176 2382/2734/176 

f 2382/2734/174 2383/2735/174 2407/2760/174

f 2406/2759/174 2407/2760/174 2383/2735/174

vn -2.29395e-15 -1.76863e-14 1
f 2405/2758/177 2406/2759/177 2383/2735/177 2384/2736/177 

f 2384/2736/174 2385/2737/174 2405/2758/174

f 2404/2757/174 2405/2758/174 2385/2737/174

vn -2.29395e-15 -6.58901e-15 1
f 2404/2757/178 2385/2737/178 2386/2738/178 2403/2756/178 

f 2386/2738/174 2387/2739/174 2403/2756/174

f 2402/2755/174 2403/2756/174 2387/2739/174

f 2402/2755/177 2387/2739/177 2388/2740/177 2401/2754/177 

f 2388/2740/174 2389/2741/174 2401/2754/174

f 2400/2753/174 2401/2754/174 2389/2741/174

vn -2.29395e-15 -1.04037e-15 1
f 2390/2742/179 2399/2752/179 2400/2753/179 2389/2741/179 

f 2390/2742/174 2391/2743/174 2399/2752/174

f 2398/2751/174 2399/2752/174 2391/2743/174

f 2398/2751/178 2391/2743/178 2392/2744/178 2397/2750/178 

f 2392/2744/174 2393/2745/174 2397/2750/174

f 2396/2749/174 2397/2750/174 2393/2745/174

f 2394/2746/179 2395/2747/179 2396/2749/179 2393/2745/179 

v 69.26 301.793 -42.4031
vt 1669.41 11881.6
f 2128/2233/96 2113/2235/96 2411/2764/96

v 69.26 302.703 -42.4031
vt 1669.41 11917.5
f 2411/2764/96 2113/2235/96 2412/2765/96

vt 1737.49 11948.8
f 2115/2766/96 2412/2765/96 2113/2235/96

v 69.26 302.703 -36.2631
vt 1427.68 11917.5
f 2115/2766/96 2413/2767/96 2412/2765/96

f 2127/2234/96 2413/2767/96 2115/2766/96

f 2413/2767/96 2127/2234/96 2128/2233/96

vt -2726.77 11917.5
vt -2726.77 11881.6
v 68.96 301.793 -36.2631
vt -2714.96 11881.6
v 68.96 302.703 -36.2631
vt -2714.96 11917.5
f 2413/2768/104 2128/2769/104 2414/2770/104 2415/2771/104 

vt 2726.77 1427.68
vt 2726.77 1669.41
v 68.96 301.793 -42.4031
vt 2714.96 1669.41
vt 2714.96 1427.68
f 2128/2772/100 2411/2773/100 2416/2774/100 2414/2775/100 

vt 2726.77 11881.6
vt 2726.77 11917.5
v 68.96 302.703 -42.4031
vt 2714.96 11917.5
vt 2714.96 11881.6
f 2411/2776/94 2412/2777/94 2417/2778/94 2416/2779/94 

vt -2726.77 1669.41
vt -2726.77 1427.68
vt -2714.96 1427.68
vt -2714.96 1669.41
f 2412/2780/93 2413/2781/93 2415/2782/93 2417/2783/93 

f 2415/2767/96 2414/2233/96 2416/2764/96 2417/2765/96 

vt 1361.12 11388.9
vn 0.988158 0.153438 8.72812e-19
vt 1737.49 11388.9
v 68.8904 305.88 -44.1011
vt 1736.26 11483.8
v 68.8904 305.88 -34.6036
vt 1362.35 11483.8
f 2127/2784/180 2115/2785/180 2418/2786/180 2419/2787/180 

vt -2726.77 11925
vn 0 0.0131408 -0.999914
vt -2269.68 11925
vt -2712.22 12018.7
f 2115/2788/181 2114/2789/181 2418/2790/181

v 58.0195 303.8 -44.1011
vt -2328.76 11624.5
vn -0.0258525 0.135115 -0.990493
vt -2756.6 11707.1
vt -2314.25 11612.6
f 2420/2791/182 2418/2792/182 2114/2793/182

v 58.0195 303.8 -34.6036
vt -1362.35 4491.27
vn -0.187928 0.982183 -1.16017e-17
vt -1362.35 4927.02
vt -1736.26 4927.02
vt -1736.26 4491.27
f 2421/2794/183 2419/2795/183 2418/2796/183 2420/2797/183 

vt 2708.89 12059
vn -0.00244178 0.0127617 0.999916
vt 2280.9 11977.1
vt 2723.44 11965.3
f 2419/2798/184 2421/2799/184 2127/2800/184

vt 2726.77 12025.5
vn -3.72445e-19 0.103698 0.994609
vt 2284.23 12037.4
vt 2269.68 12025.5
f 2127/2801/185 2421/2802/185 2120/2803/185

vt -1361.12 9292.96
vn -0.630255 0.776388 -1.01824e-18
vt -1362.35 9311.7
vt -1736.26 9311.7
vt -1737.49 9292.96
f 2120/2804/186 2421/2805/186 2420/2806/186 2114/2807/186 

v 58.3339 302.836 -34.5723
vt 2296.61 11922.7
f 2120/2228/94 2422/2808/94 2127/2231/94

f 2120/2228/94 2125/2227/94 2422/2808/94

vt 1361.12 11922.7
vt 1361.12 11886.4
v 58.3339 301.914 -34.8723
vt 1372.93 11886.4
v 58.3339 302.836 -34.8723
vt 1372.93 11922.7
f 2422/2809/96 2125/2810/96 2423/2811/96 2424/2812/96 

vt 2296.61 1361.12
v 59.4061 301.914 -34.5723
vt 2338.82 1361.12
v 59.4061 301.914 -34.8723
vt 2338.82 1372.93
vt 2296.61 1372.93
f 2125/2813/100 2425/2814/100 2426/2815/100 2423/2816/100 

v 60.4383 301.914 -34.5723
vt 2379.46 11886.4
vt 2338.82 11886.4
f 2125/2227/94 2427/2817/94 2425/2818/94

v 61.5105 301.914 -34.5723
vt 2421.67 11886.4
f 2125/2227/94 2428/2819/94 2427/2817/94

v 62.6797 301.914 -34.5723
vt 2467.7 11886.4
f 2125/2227/94 2429/2820/94 2428/2819/94

v 63.7519 301.914 -34.5723
vt 2509.92 11886.4
f 2125/2227/94 2430/2821/94 2429/2820/94

v 64.9228 301.914 -34.5723
vt 2556.01 11886.4
f 2125/2227/94 2431/2822/94 2430/2821/94

v 65.995 301.914 -34.5723
vt 2598.23 11886.4
f 2125/2227/94 2432/2823/94 2431/2822/94

v 67.1259 301.914 -34.5723
vt 2642.75 11886.4
f 2125/2227/94 2433/2824/94 2432/2823/94

f 2125/2227/94 2126/2229/94 2433/2824/94

vt 2642.75 1361.12
vt 2684.96 1361.12
v 68.1981 301.914 -34.8723
vt 2684.96 1372.93
v 67.1259 301.914 -34.8723
vt 2642.75 1372.93
f 2433/2825/100 2126/2826/100 2434/2827/100 2435/2828/100 

vt -1361.12 11886.4
v 68.1981 302.836 -34.5723
vt -1361.12 11922.7
v 68.1981 302.836 -34.8723
vt -1372.93 11922.7
vt -1372.93 11886.4
f 2126/2829/95 2436/2830/95 2437/2831/95 2434/2832/95 

vt 2684.96 11922.7
f 2126/2229/94 2127/2231/94 2436/2833/94

v 67.1259 302.836 -34.5723
vt 2642.75 11922.7
f 2436/2833/94 2127/2231/94 2438/2834/94

v 65.995 302.836 -34.5723
vt 2598.23 11922.7
f 2438/2834/94 2127/2231/94 2439/2835/94

v 64.9228 302.836 -34.5723
vt 2556.01 11922.7
f 2439/2835/94 2127/2231/94 2440/2836/94

v 63.7519 302.836 -34.5723
vt 2509.92 11922.7
f 2440/2836/94 2127/2231/94 2441/2837/94

v 62.6797 302.836 -34.5723
vt 2467.7 11922.7
f 2441/2837/94 2127/2231/94 2442/2838/94

v 61.5105 302.836 -34.5723
vt 2421.67 11922.7
f 2442/2838/94 2127/2231/94 2443/2839/94

v 60.4383 302.836 -34.5723
vt 2379.46 11922.7
f 2443/2839/94 2127/2231/94 2444/2840/94

v 59.4061 302.836 -34.5723
vt 2338.82 11922.7
f 2444/2840/94 2127/2231/94 2445/2841/94

f 2445/2841/94 2127/2231/94 2422/2808/94

vt -2338.82 1361.12
vt -2296.61 1361.12
vt -2296.61 1372.93
v 59.4061 302.836 -34.8723
vt -2338.82 1372.93
f 2445/2842/93 2422/2843/93 2424/2844/93 2446/2845/93 

f 2423/2227/94 2426/2818/94 2446/2841/94 2424/2808/94 

f 2425/2829/95 2445/2830/95 2446/2831/95 2426/2832/95 

f 2425/2818/94 2444/2840/94 2445/2841/94

f 2444/2840/94 2425/2818/94 2427/2817/94

v 60.4383 301.914 -34.8723
v 60.4383 302.836 -34.8723
f 2444/2809/96 2427/2810/96 2447/2811/96 2448/2812/96 

vt 2379.46 1361.12
vt 2421.67 1361.12
v 61.5105 301.914 -34.8723
vt 2421.67 1372.93
vt 2379.46 1372.93
f 2427/2846/100 2428/2847/100 2449/2848/100 2447/2849/100 

v 61.5105 302.836 -34.8723
f 2428/2829/95 2443/2830/95 2450/2831/95 2449/2832/95 

f 2428/2819/94 2442/2838/94 2443/2839/94

f 2442/2838/94 2428/2819/94 2429/2820/94

v 62.6797 301.914 -34.8723
v 62.6797 302.836 -34.8723
f 2442/2809/96 2429/2810/96 2451/2811/96 2452/2812/96 

vt 2467.7 1361.12
vt 2509.92 1361.12
v 63.7519 301.914 -34.8723
vt 2509.92 1372.93
vt 2467.7 1372.93
f 2429/2850/100 2430/2851/100 2453/2852/100 2451/2853/100 

v 63.7519 302.836 -34.8723
f 2430/2829/95 2441/2830/95 2454/2831/95 2453/2832/95 

f 2430/2821/94 2440/2836/94 2441/2837/94

f 2440/2836/94 2430/2821/94 2431/2822/94

v 64.9228 301.914 -34.8723
v 64.9228 302.836 -34.8723
f 2440/2809/96 2431/2810/96 2455/2811/96 2456/2812/96 

vt 2556.01 1361.12
vt 2598.23 1361.12
v 65.995 301.914 -34.8723
vt 2598.23 1372.93
vt 2556.01 1372.93
f 2431/2854/100 2432/2855/100 2457/2856/100 2455/2857/100 

v 65.995 302.836 -34.8723
f 2432/2829/95 2439/2830/95 2458/2831/95 2457/2832/95 

f 2432/2823/94 2438/2834/94 2439/2835/94

f 2438/2834/94 2432/2823/94 2433/2824/94

v 67.1259 302.836 -34.8723
f 2438/2809/96 2433/2810/96 2435/2811/96 2459/2812/96 

f 2435/2824/94 2434/2229/94 2437/2833/94 2459/2834/94 

vt -2684.96 1361.12
vt -2642.75 1361.12
vt -2642.75 1372.93
vt -2684.96 1372.93
f 2436/2858/93 2438/2859/93 2459/2860/93 2437/2861/93 

vt -2598.23 1361.12
vt -2556.01 1361.12
vt -2556.01 1372.93
vt -2598.23 1372.93
f 2439/2862/93 2440/2863/93 2456/2864/93 2458/2865/93 

f 2455/2822/94 2457/2823/94 2458/2835/94 2456/2836/94 

vt -2509.92 1361.12
vt -2467.7 1361.12
vt -2467.7 1372.93
vt -2509.92 1372.93
f 2441/2866/93 2442/2867/93 2452/2868/93 2454/2869/93 

f 2451/2820/94 2453/2821/94 2454/2837/94 2452/2838/94 

vt -2421.67 1361.12
vt -2379.46 1361.12
vt -2379.46 1372.93
vt -2421.67 1372.93
f 2443/2870/93 2444/2871/93 2448/2872/93 2450/2873/93 

f 2447/2817/94 2449/2819/94 2450/2839/94 2448/2840/94 

v 57.7493 301.611 -58.8959
vt 2318.73 11874.5
f 2112/2196/96 2099/2198/96 2460/2874/96

v 57.7493 302.521 -58.8959
vt 2318.73 11910.3
f 2460/2874/96 2099/2198/96 2461/2875/96

f 2101/2195/96 2461/2875/96 2099/2198/96

f 2101/2195/96 2111/2194/96 2461/2875/96

f 2111/2194/96 2112/2196/96 2460/2874/96 2461/2875/96 

v 55.9363 301.693 -50.3871
vt 2202.22 11877.7
vt 2273.59 11811
vt 2273.59 11948.8
f 2462/2876/94 2087/2877/94 2109/2878/94

vt 1636.84 11811
f 2087/2877/94 2462/2876/94 2088/2879/94

v 42.6624 301.693 -50.3871
vt 1679.62 11877.7
f 2463/2880/94 2088/2879/94 2462/2876/94

v 41.5757 302.2 -50.3871
vt 1636.84 11897.6
f 2088/2879/94 2463/2880/94 2464/2881/94

v 42.6624 302.615 -50.3871
vt 1679.62 11914
f 2464/2881/94 2463/2880/94 2465/2882/94

vt 1983.74 11914
vt 1983.74 11877.7
v 42.6624 301.693 -50.6871
vt 1995.55 11877.7
v 42.6624 302.615 -50.6871
vt 1995.55 11914
f 2465/2883/96 2463/2884/96 2466/2885/96 2467/2886/96 

vt 1679.62 1983.74
v 43.7346 301.693 -50.3871
vt 1721.84 1983.74
v 43.7346 301.693 -50.6871
vt 1721.84 1995.55
vt 1679.62 1995.55
f 2463/2887/100 2468/2888/100 2469/2889/100 2466/2890/100 

v 45.1211 301.693 -50.3871
vt 1776.42 11877.7
vt 1721.84 11877.7
f 2463/2880/94 2470/2891/94 2468/2892/94

v 46.1934 301.693 -50.3871
vt 1818.64 11877.7
f 2463/2880/94 2471/2893/94 2470/2891/94

v 47.4701 301.693 -50.3871
vt 1868.9 11877.7
f 2463/2880/94 2472/2894/94 2471/2893/94

v 48.5424 301.693 -50.3871
vt 1911.12 11877.7
f 2463/2880/94 2473/2895/94 2472/2894/94

v 49.9442 301.693 -50.3871
vt 1966.31 11877.7
f 2463/2880/94 2474/2896/94 2473/2895/94

v 51.0165 301.693 -50.3871
vt 2008.52 11877.7
f 2463/2880/94 2475/2897/94 2474/2896/94

v 52.5127 301.693 -50.3871
vt 2067.43 11877.7
f 2463/2880/94 2476/2898/94 2475/2897/94

v 53.5849 301.693 -50.3871
vt 2109.64 11877.7
f 2463/2880/94 2477/2899/94 2476/2898/94

v 54.8641 301.693 -50.3871
vt 2160 11877.7
f 2463/2880/94 2478/2900/94 2477/2899/94

f 2463/2880/94 2462/2876/94 2478/2900/94

vt 2160 1983.74
vt 2202.22 1983.74
v 55.9363 301.693 -50.6871
vt 2202.22 1995.55
v 54.8641 301.693 -50.6871
vt 2160 1995.55
f 2478/2901/100 2462/2902/100 2479/2903/100 2480/2904/100 

vt -1983.74 11877.7
v 55.9363 302.615 -50.3871
vt -1983.74 11914
v 55.9363 302.615 -50.6871
vt -1995.55 11914
vt -1995.55 11877.7
f 2462/2905/95 2481/2906/95 2482/2907/95 2479/2908/95 

vt 2202.22 11914
f 2462/2876/94 2109/2878/94 2481/2909/94

v 54.8641 302.615 -50.3871
vt 2160 11914
f 2481/2909/94 2109/2878/94 2483/2910/94

v 53.5849 302.615 -50.3871
vt 2109.64 11914
f 2483/2910/94 2109/2878/94 2484/2911/94

v 52.5127 302.615 -50.3871
vt 2067.43 11914
f 2484/2911/94 2109/2878/94 2485/2912/94

v 51.0165 302.615 -50.3871
vt 2008.52 11914
f 2485/2912/94 2109/2878/94 2486/2913/94

v 49.9442 302.615 -50.3871
vt 1966.31 11914
f 2486/2913/94 2109/2878/94 2487/2914/94

v 48.5424 302.615 -50.3871
vt 1911.12 11914
f 2487/2914/94 2109/2878/94 2488/2915/94

v 47.4701 302.615 -50.3871
vt 1868.9 11914
f 2488/2915/94 2109/2878/94 2489/2916/94

v 46.1934 302.615 -50.3871
vt 1818.64 11914
f 2489/2916/94 2109/2878/94 2490/2917/94

v 45.1211 302.615 -50.3871
vt 1776.42 11914
f 2490/2917/94 2109/2878/94 2491/2918/94

v 43.7346 302.615 -50.3871
vt 1721.84 11914
f 2491/2918/94 2109/2878/94 2492/2919/94

f 2492/2919/94 2109/2878/94 2465/2882/94

v 38.0119 302.615 -50.3871
vt 1496.53 11914
f 2465/2882/94 2109/2878/94 2493/2920/94

v 36.9397 302.615 -50.3871
vt 1454.32 11914
f 2493/2920/94 2109/2878/94 2494/2921/94

vt 1385.4 11948.8
f 2105/2922/94 2494/2921/94 2109/2878/94

v 36.9397 301.693 -50.3871
vt 1454.32 11877.7
f 2105/2922/94 2495/2923/94 2494/2921/94

vt 1385.4 11811
f 2091/2924/94 2495/2923/94 2105/2922/94

v 38.0119 301.693 -50.3871
vt 1496.53 11877.7
f 2495/2923/94 2091/2924/94 2496/2925/94

v 40.3257 302.2 -50.3871
vt 1587.63 11897.6
f 2091/2924/94 2497/2926/94 2496/2925/94

vt 1587.63 11811
f 2497/2926/94 2091/2924/94 2090/2927/94

vt 1983.74 11897.6
vt 1995.55 11811
v 40.3257 302.2 -50.6871
vt 1995.55 11897.6
f 2497/2928/96 2090/2197/96 2089/2929/96 2498/2930/96 

v 41.5757 300 -50.6871
v 41.5757 302.2 -50.6871
f 2089/2927/94 2499/2879/94 2500/2881/94 2498/2926/94 

vt 1636.84 1995.55
f 2499/2931/100 2089/2147/100 2088/2146/100

vt -1983.74 11897.6
vt -1995.55 11897.6
vt -1995.55 11811
f 2088/2176/95 2464/2932/95 2500/2933/95 2499/2934/95 

vt -1636.84 1983.74
vt -1587.63 1983.74
vt -1587.63 1995.55
vt -1636.84 1995.55
f 2464/2935/93 2497/2936/93 2498/2937/93 2500/2938/93 

f 2464/2881/94 2465/2882/94 2497/2926/94

f 2493/2920/94 2497/2926/94 2465/2882/94

f 2496/2925/94 2497/2926/94 2493/2920/94

v 38.0119 302.615 -50.6871
v 38.0119 301.693 -50.6871
f 2496/2905/95 2493/2906/95 2501/2907/95 2502/2908/95 

vt -1496.53 1983.74
vt -1454.32 1983.74
v 36.9397 302.615 -50.6871
vt -1454.32 1995.55
vt -1496.53 1995.55
f 2493/2939/93 2494/2940/93 2503/2941/93 2501/2942/93 

v 36.9397 301.693 -50.6871
f 2494/2883/96 2495/2884/96 2504/2885/96 2503/2886/96 

vt 1454.32 1983.74
vt 1496.53 1983.74
vt 1496.53 1995.55
vt 1454.32 1995.55
f 2495/2943/100 2496/2944/100 2502/2945/100 2504/2946/100 

f 2504/2923/94 2502/2925/94 2501/2920/94 2503/2921/94 

vt -1721.84 1983.74
vt -1679.62 1983.74
vt -1679.62 1995.55
v 43.7346 302.615 -50.6871
vt -1721.84 1995.55
f 2492/2947/93 2465/2948/93 2467/2949/93 2505/2950/93 

f 2466/2880/94 2469/2892/94 2505/2919/94 2467/2882/94 

f 2468/2905/95 2492/2906/95 2505/2907/95 2469/2908/95 

f 2468/2892/94 2491/2918/94 2492/2919/94

f 2491/2918/94 2468/2892/94 2470/2891/94

v 45.1211 301.693 -50.6871
v 45.1211 302.615 -50.6871
f 2491/2883/96 2470/2884/96 2506/2885/96 2507/2886/96 

vt 1776.42 1983.74
vt 1818.64 1983.74
v 46.1934 301.693 -50.6871
vt 1818.64 1995.55
vt 1776.42 1995.55
f 2470/2951/100 2471/2952/100 2508/2953/100 2506/2954/100 

v 46.1934 302.615 -50.6871
f 2471/2905/95 2490/2906/95 2509/2907/95 2508/2908/95 

f 2471/2893/94 2489/2916/94 2490/2917/94

f 2489/2916/94 2471/2893/94 2472/2894/94

v 47.4701 301.693 -50.6871
v 47.4701 302.615 -50.6871
f 2489/2883/96 2472/2884/96 2510/2885/96 2511/2886/96 

vt 1868.9 1983.74
vt 1911.12 1983.74
v 48.5424 301.693 -50.6871
vt 1911.12 1995.55
vt 1868.9 1995.55
f 2472/2955/100 2473/2956/100 2512/2957/100 2510/2958/100 

v 48.5424 302.615 -50.6871
f 2473/2905/95 2488/2906/95 2513/2907/95 2512/2908/95 

f 2473/2895/94 2487/2914/94 2488/2915/94

f 2487/2914/94 2473/2895/94 2474/2896/94

v 49.9442 301.693 -50.6871
v 49.9442 302.615 -50.6871
f 2487/2883/96 2474/2884/96 2514/2885/96 2515/2886/96 

vt 1966.31 1983.74
vt 2008.52 1983.74
v 51.0165 301.693 -50.6871
vt 2008.52 1995.55
vt 1966.31 1995.55
f 2474/2959/100 2475/2960/100 2516/2961/100 2514/2962/100 

v 51.0165 302.615 -50.6871
f 2475/2905/95 2486/2906/95 2517/2907/95 2516/2908/95 

f 2475/2897/94 2485/2912/94 2486/2913/94

f 2485/2912/94 2475/2897/94 2476/2898/94

v 52.5127 301.693 -50.6871
v 52.5127 302.615 -50.6871
f 2485/2883/96 2476/2884/96 2518/2885/96 2519/2886/96 

vt 2067.43 1983.74
vt 2109.64 1983.74
v 53.5849 301.693 -50.6871
vt 2109.64 1995.55
vt 2067.43 1995.55
f 2476/2963/100 2477/2964/100 2520/2965/100 2518/2966/100 

v 53.5849 302.615 -50.6871
f 2477/2905/95 2484/2906/95 2521/2907/95 2520/2908/95 

f 2477/2899/94 2483/2910/94 2484/2911/94

f 2483/2910/94 2477/2899/94 2478/2900/94

v 54.8641 302.615 -50.6871
f 2483/2883/96 2478/2884/96 2480/2885/96 2522/2886/96 

f 2480/2900/94 2479/2876/94 2482/2909/94 2522/2910/94 

vt -2202.22 1983.74
vt -2160 1983.74
vt -2160 1995.55
vt -2202.22 1995.55
f 2481/2967/93 2483/2968/93 2522/2969/93 2482/2970/93 

vt -2109.64 1983.74
vt -2067.43 1983.74
vt -2067.43 1995.55
vt -2109.64 1995.55
f 2484/2971/93 2485/2972/93 2519/2973/93 2521/2974/93 

f 2518/2898/94 2520/2899/94 2521/2911/94 2519/2912/94 

vt -2008.52 1983.74
vt -1966.31 1983.74
vt -1966.31 1995.55
vt -2008.52 1995.55
f 2486/2975/93 2487/2976/93 2515/2977/93 2517/2978/93 

f 2514/2896/94 2516/2897/94 2517/2913/94 2515/2914/94 

vt -1911.12 1983.74
vt -1868.9 1983.74
vt -1868.9 1995.55
vt -1911.12 1995.55
f 2488/2979/93 2489/2980/93 2511/2981/93 2513/2982/93 

f 2510/2894/94 2512/2895/94 2513/2915/94 2511/2916/94 

vt -1818.64 1983.74
vt -1776.42 1983.74
vt -1776.42 1995.55
vt -1818.64 1995.55
f 2490/2983/93 2491/2984/93 2507/2985/93 2509/2986/93 

f 2506/2891/94 2508/2893/94 2509/2917/94 2507/2918/94 

vt -2285.53 11876.1
vn -0.00841845 0.0685285 -0.997614
vt -2293.84 11757
vt -1413.85 11768.8
f 2110/2987/187 2101/2988/187 2107/2989/187

vt -1385.4 8422.89
vn 6.50766e-19 0.572024 -0.820237
vt -1393.64 8437.29
vt -2273.59 8422.89
f 2100/2990/188 2107/2991/188 2101/2992/188

vt -1991.98 2841.59
vn -0.121929 0.992539 -0
vt -1991.98 3719.86
vt -2400.7 3719.86
vt -2400.7 2841.59
f 2106/2993/189 2108/2994/189 2110/2995/189 2107/2996/189 

v 35.1893 302.61 -58.8312
vt -2316.19 11913.8
f 2104/2177/95 2100/2174/95 2523/2997/95

f 2523/2997/95 2100/2174/95 2102/2173/95

vt 1385.4 11913.8
vt 1385.4 11878
v 35.4893 301.7 -58.8312
vt 1397.22 11878
v 35.4893 302.61 -58.8312
vt 1397.22 11913.8
f 2523/2998/94 2102/2999/94 2524/3000/94 2525/3001/94 

vt 1385.4 2316.19
vt 1385.4 2074.46
v 35.4893 301.7 -52.6912
vt 1397.22 2074.46
vt 1397.22 2316.19
f 2102/3002/100 2103/3003/100 2526/3004/100 2524/3005/100 

vt -1385.4 11878
vt -1385.4 11913.8
v 35.4893 302.61 -52.6912
vt -1397.22 11913.8
vt -1397.22 11878
f 2103/3006/104 2104/3007/104 2527/3008/104 2526/3009/104 

vt -1385.4 2074.46
vt -1385.4 2316.19
vt -1397.22 2316.19
vt -1397.22 2074.46
f 2104/3010/93 2523/3011/93 2525/3012/93 2527/3013/93 

f 2525/2997/95 2524/2173/95 2526/2175/95 2527/2177/95 

v 7.94749 293.603 -14.2624
vt 312.893 11559.2
f 2060/2105/106 2528/3014/106 2065/2108/106

v 7.94749 285.276 -14.2624
vt 312.893 11231.3
f 2060/2105/106 2529/3015/106 2528/3014/106

v 7.94749 281.816 -14.2624
vt 312.893 11095.1
f 2060/2105/106 2530/3016/106 2529/3015/106

v 7.94749 273.489 -14.2624
vt 312.893 10767.3
f 2060/2105/106 2531/3017/106 2530/3016/106

v 7.94749 270.029 -14.2624
vt 312.893 10631.1
f 2060/2105/106 2532/3018/106 2531/3017/106

v 7.94749 261.703 -14.2624
vt 312.893 10303.3
f 2060/2105/106 2533/3019/106 2532/3018/106

v 7.94749 258.243 -14.2624
vt 312.893 10167
f 2060/2105/106 2534/3020/106 2533/3019/106

v 7.94749 249.916 -14.2624
vt 312.893 9839.21
f 2060/2105/106 2535/3021/106 2534/3020/106

v 7.94749 246.456 -14.2624
vt 312.893 9702.99
f 2060/2105/106 2536/3022/106 2535/3021/106

v 7.94749 238.129 -14.2624
vt 312.893 9375.16
f 2060/2105/106 2537/3023/106 2536/3022/106

v 7.94749 234.669 -14.2624
vt 312.893 9238.94
f 2060/2105/106 2538/3024/106 2537/3023/106

v 7.94749 226.342 -14.2624
vt 312.893 8911.11
f 2060/2105/106 2539/3025/106 2538/3024/106

v 7.94749 222.882 -14.2624
vt 312.893 8774.89
f 2060/2105/106 2540/3026/106 2539/3025/106

v 7.94749 214.556 -14.2624
vt 312.893 8447.07
f 2060/2105/106 2541/3027/106 2540/3026/106

v 7.91764 211.065 -14.2624
vt 311.718 8309.66
f 2060/2105/106 2542/3028/106 2541/3027/106

f 2060/2105/106 2062/2104/106 2542/3028/106

vn 3.79328e-16 1.54068e-13 1
v 15.5302 211.065 -14.2624
vt 611.424 8309.66
f 2063/2106/190 2543/3029/190 2542/3028/190 2062/2104/190 

f 2063/2106/106 2065/2108/106 2543/3029/106

v 15.5003 214.556 -14.2624
vt 610.249 8447.07
f 2543/3029/106 2065/2108/106 2544/3030/106

v 15.5003 222.882 -14.2624
vt 610.249 8774.89
f 2544/3030/106 2065/2108/106 2545/3031/106

v 15.5003 226.342 -14.2624
vt 610.249 8911.11
f 2545/3031/106 2065/2108/106 2546/3032/106

v 15.5003 234.669 -14.2624
vt 610.249 9238.94
f 2546/3032/106 2065/2108/106 2547/3033/106

v 15.5003 238.129 -14.2624
vt 610.249 9375.16
f 2547/3033/106 2065/2108/106 2548/3034/106

v 15.5003 246.456 -14.2624
vt 610.249 9702.99
f 2548/3034/106 2065/2108/106 2549/3035/106

v 15.5003 249.916 -14.2624
vt 610.249 9839.21
f 2549/3035/106 2065/2108/106 2550/3036/106

v 15.5003 258.243 -14.2624
vt 610.249 10167
f 2550/3036/106 2065/2108/106 2551/3037/106

v 15.5003 261.703 -14.2624
vt 610.249 10303.3
f 2551/3037/106 2065/2108/106 2552/3038/106

v 15.5003 270.029 -14.2624
vt 610.249 10631.1
f 2552/3038/106 2065/2108/106 2553/3039/106

v 15.5003 273.489 -14.2624
vt 610.249 10767.3
f 2553/3039/106 2065/2108/106 2554/3040/106

v 15.5003 281.816 -14.2624
vt 610.249 11095.1
f 2554/3040/106 2065/2108/106 2555/3041/106

v 15.5003 285.276 -14.2624
vt 610.249 11231.3
f 2555/3041/106 2065/2108/106 2556/3042/106

v 15.5003 293.603 -14.2624
vt 610.249 11559.2
f 2556/3042/106 2065/2108/106 2557/3043/106

f 2557/3043/106 2065/2108/106 2528/3014/106

f 2557/3043/94 2528/3014/94 2529/3015/94 2556/3042/94 

f 2529/3015/106 2530/3016/106 2556/3042/106

f 2555/3041/106 2556/3042/106 2530/3016/106

vn 0 -5.54864e-15 1
f 2531/3017/191 2554/3040/191 2555/3041/191 2530/3016/191 

f 2531/3017/106 2532/3018/106 2554/3040/106

f 2553/3039/106 2554/3040/106 2532/3018/106

f 2553/3039/94 2532/3018/94 2533/3019/94 2552/3038/94 

f 2533/3019/106 2534/3020/106 2552/3038/106

f 2551/3037/106 2552/3038/106 2534/3020/106

vn -6.8488e-31 -1.66459e-14 1
f 2535/3021/192 2550/3036/192 2551/3037/192 2534/3020/192 

f 2535/3021/106 2536/3022/106 2550/3036/106

f 2549/3035/106 2550/3036/106 2536/3022/106

vn -2.28293e-31 -5.54864e-15 1
f 2537/3023/193 2548/3034/193 2549/3035/193 2536/3022/193 

f 2537/3023/106 2538/3024/106 2548/3034/106

f 2547/3033/106 2548/3034/106 2538/3024/106

f 2538/3024/192 2539/3025/192 2546/3032/192 2547/3033/192 

f 2539/3025/106 2540/3026/106 2546/3032/106

f 2545/3031/106 2546/3032/106 2540/3026/106

vn -4.56586e-31 1.10973e-14 1
f 2540/3026/194 2541/3027/194 2544/3030/194 2545/3031/194 

f 2541/3027/106 2542/3028/106 2544/3030/106

f 2543/3029/106 2544/3030/106 2542/3028/106

f 2069/2152/100 2065/2154/100 2067/2257/100

v 21.0505 293.603 -27.5963
vt 1342.95 11559.2
f 2069/2119/109 2558/3044/109 2073/2122/109

v 21.0505 291.17 -27.5963
vt 1342.95 11463.4
f 2069/2119/109 2559/3045/109 2558/3044/109

v 21.0505 287.71 -27.5963
vt 1342.95 11327.2
f 2069/2119/109 2560/3046/109 2559/3045/109

v 21.0505 285.276 -27.5963
vt 1342.95 11231.3
f 2069/2119/109 2561/3047/109 2560/3046/109

v 21.0505 281.816 -27.5963
vt 1342.95 11095.1
f 2069/2119/109 2562/3048/109 2561/3047/109

v 21.0505 279.383 -27.5963
vt 1342.95 10999.3
f 2069/2119/109 2563/3049/109 2562/3048/109

v 21.0505 275.923 -27.5963
vt 1342.95 10863.1
f 2069/2119/109 2564/3050/109 2563/3049/109

v 21.0505 273.489 -27.5963
vt 1342.95 10767.3
f 2069/2119/109 2565/3051/109 2564/3050/109

v 21.0505 270.029 -27.5963
vt 1342.95 10631.1
f 2069/2119/109 2566/3052/109 2565/3051/109

v 21.0505 267.596 -27.5963
vt 1342.95 10535.3
f 2069/2119/109 2567/3053/109 2566/3052/109

v 21.0505 264.136 -27.5963
vt 1342.95 10399.1
f 2069/2119/109 2568/3054/109 2567/3053/109

v 21.0505 261.703 -27.5963
vt 1342.95 10303.3
f 2069/2119/109 2569/3055/109 2568/3054/109

v 21.0505 258.243 -27.5963
vt 1342.95 10167
f 2069/2119/109 2570/3056/109 2569/3055/109

v 21.0505 255.809 -27.5963
vt 1342.95 10071.2
f 2069/2119/109 2571/3057/109 2570/3056/109

v 21.0505 252.349 -27.5963
vt 1342.95 9935.01
f 2069/2119/109 2572/3058/109 2571/3057/109

v 21.0505 249.916 -27.5963
vt 1342.95 9839.21
f 2069/2119/109 2573/3059/109 2572/3058/109

v 21.0505 246.456 -27.5963
vt 1342.95 9702.99
f 2069/2119/109 2574/3060/109 2573/3059/109

v 21.0505 244.022 -27.5963
vt 1342.95 9607.18
f 2069/2119/109 2575/3061/109 2574/3060/109

v 21.0505 240.562 -27.5963
vt 1342.95 9470.96
f 2069/2119/109 2576/3062/109 2575/3061/109

v 21.0505 238.129 -27.5963
vt 1342.95 9375.16
f 2069/2119/109 2577/3063/109 2576/3062/109

v 21.0505 234.669 -27.5963
vt 1342.95 9238.94
f 2069/2119/109 2578/3064/109 2577/3063/109

v 21.0505 232.236 -27.5963
vt 1342.95 9143.14
f 2069/2119/109 2579/3065/109 2578/3064/109

v 21.0505 228.776 -27.5963
vt 1342.95 9006.92
f 2069/2119/109 2580/3066/109 2579/3065/109

v 21.0505 226.342 -27.5963
vt 1342.95 8911.11
f 2069/2119/109 2581/3067/109 2580/3066/109

v 21.0505 222.872 -27.5963
vt 1342.95 8774.5
f 2069/2119/109 2582/3068/109 2581/3067/109

v 21.0505 220.439 -27.5963
vt 1342.95 8678.69
f 2069/2119/109 2583/3069/109 2582/3068/109

v 21.0505 216.969 -27.5963
vt 1342.95 8542.08
f 2069/2119/109 2584/3070/109 2583/3069/109

v 21.0505 214.535 -27.5963
vt 1342.95 8446.28
f 2069/2119/109 2585/3071/109 2584/3070/109

v 21.0505 211.065 -27.5963
vt 1342.95 8309.66
f 2069/2119/109 2586/3072/109 2585/3071/109

f 2069/2119/109 2070/2118/109 2586/3072/109

v 26.7063 211.065 -32.6916
vt 1642.65 8309.66
vn 0.669334 1.53388e-13 0.742961
f 2587/3073/195 2586/3072/195 2070/2118/195 2071/2120/195 

v 26.7063 214.535 -32.6916
vt 1642.65 8446.28
f 2587/3073/109 2588/3074/109 2586/3072/109

f 2587/3073/109 2073/2122/109 2588/3074/109

f 2071/2120/109 2073/2122/109 2587/3073/109

v 26.7063 216.969 -32.6916
vt 1642.65 8542.08
f 2588/3074/109 2073/2122/109 2589/3075/109

v 26.7063 220.439 -32.6916
vt 1642.65 8678.69
f 2589/3075/109 2073/2122/109 2590/3076/109

v 26.7063 222.872 -32.6916
vt 1642.65 8774.5
f 2590/3076/109 2073/2122/109 2591/3077/109

v 26.7063 226.342 -32.6916
vt 1642.65 8911.11
f 2591/3077/109 2073/2122/109 2592/3078/109

v 26.7063 228.776 -32.6916
vt 1642.65 9006.92
f 2592/3078/109 2073/2122/109 2593/3079/109

v 26.7063 232.236 -32.6916
vt 1642.65 9143.14
f 2593/3079/109 2073/2122/109 2594/3080/109

v 26.7063 234.669 -32.6916
vt 1642.65 9238.94
f 2594/3080/109 2073/2122/109 2595/3081/109

v 26.7063 238.129 -32.6916
vt 1642.65 9375.16
f 2595/3081/109 2073/2122/109 2596/3082/109

v 26.7063 240.562 -32.6916
vt 1642.65 9470.96
f 2596/3082/109 2073/2122/109 2597/3083/109

v 26.7063 244.022 -32.6916
vt 1642.65 9607.18
f 2597/3083/109 2073/2122/109 2598/3084/109

v 26.7063 246.456 -32.6916
vt 1642.65 9702.99
f 2598/3084/109 2073/2122/109 2599/3085/109

v 26.7063 249.916 -32.6916
vt 1642.65 9839.21
f 2599/3085/109 2073/2122/109 2600/3086/109

v 26.7063 252.349 -32.6916
vt 1642.65 9935.01
f 2600/3086/109 2073/2122/109 2601/3087/109

v 26.7063 255.809 -32.6916
vt 1642.65 10071.2
f 2601/3087/109 2073/2122/109 2602/3088/109

v 26.7063 258.243 -32.6916
vt 1642.65 10167
f 2602/3088/109 2073/2122/109 2603/3089/109

v 26.7063 261.703 -32.6916
vt 1642.65 10303.3
f 2603/3089/109 2073/2122/109 2604/3090/109

v 26.7063 264.136 -32.6916
vt 1642.65 10399.1
f 2604/3090/109 2073/2122/109 2605/3091/109

v 26.7063 267.596 -32.6916
vt 1642.65 10535.3
f 2605/3091/109 2073/2122/109 2606/3092/109

v 26.7063 270.029 -32.6916
vt 1642.65 10631.1
f 2606/3092/109 2073/2122/109 2607/3093/109

v 26.7063 273.489 -32.6916
vt 1642.65 10767.3
f 2607/3093/109 2073/2122/109 2608/3094/109

v 26.7063 275.923 -32.6916
vt 1642.65 10863.1
f 2608/3094/109 2073/2122/109 2609/3095/109

v 26.7063 279.383 -32.6916
vt 1642.65 10999.3
f 2609/3095/109 2073/2122/109 2610/3096/109

v 26.7063 281.816 -32.6916
vt 1642.65 11095.1
f 2610/3096/109 2073/2122/109 2611/3097/109

v 26.7063 285.276 -32.6916
vt 1642.65 11231.3
f 2611/3097/109 2073/2122/109 2612/3098/109

v 26.7063 287.71 -32.6916
vt 1642.65 11327.2
f 2612/3098/109 2073/2122/109 2613/3099/109

v 26.7063 291.17 -32.6916
vt 1642.65 11463.4
f 2613/3099/109 2073/2122/109 2614/3100/109

v 26.7063 293.603 -32.6916
vt 1642.65 11559.2
f 2614/3100/109 2073/2122/109 2615/3101/109

f 2615/3101/109 2073/2122/109 2558/3044/109

vn 0.669334 -1.5289e-13 0.742961
f 2615/3101/196 2558/3044/196 2559/3045/196 2614/3100/196 

f 2559/3045/109 2560/3046/109 2614/3100/109

f 2613/3099/109 2614/3100/109 2560/3046/109

vn 0.669334 -1.67934e-15 0.742961
f 2613/3099/197 2560/3046/197 2561/3047/197 2612/3098/197 

f 2561/3047/109 2562/3048/109 2612/3098/109

f 2611/3097/109 2612/3098/109 2562/3048/109

vn 0.669334 -1.5194e-13 0.742961
f 2611/3097/198 2562/3048/198 2563/3049/198 2610/3096/198 

f 2563/3049/109 2564/3050/109 2610/3096/109

f 2609/3095/109 2610/3096/109 2564/3050/109

vn 0.669334 -2.56278e-15 0.742961
f 2565/3051/199 2608/3094/199 2609/3095/199 2564/3050/199 

f 2565/3051/109 2566/3052/109 2608/3094/109

f 2607/3093/109 2608/3094/109 2566/3052/109

vn 0.669334 -1.55055e-13 0.742961
f 2567/3053/200 2606/3092/200 2607/3093/200 2566/3052/200 

f 2567/3053/109 2568/3054/109 2606/3092/109

f 2605/3091/109 2606/3092/109 2568/3054/109

f 2568/3054/101 2569/3055/101 2604/3090/101 2605/3091/101 

f 2569/3055/109 2570/3056/109 2604/3090/109

f 2603/3089/109 2604/3090/109 2570/3056/109

vn 0.669334 -3.75662e-15 0.742961
f 2571/3057/201 2602/3088/201 2603/3089/201 2570/3056/201 

f 2571/3057/109 2572/3058/109 2602/3088/109

f 2601/3087/109 2602/3088/109 2572/3058/109

f 2600/3086/101 2601/3087/101 2572/3058/101 2573/3059/101 

f 2573/3059/109 2574/3060/109 2600/3086/109

f 2599/3085/109 2600/3086/109 2574/3060/109

f 2598/3084/201 2599/3085/201 2574/3060/201 2575/3061/201 

f 2575/3061/109 2576/3062/109 2598/3084/109

f 2597/3083/109 2598/3084/109 2576/3062/109

f 2596/3082/101 2597/3083/101 2576/3062/101 2577/3063/101 

f 2577/3063/109 2578/3064/109 2596/3082/109

f 2595/3081/109 2596/3082/109 2578/3064/109

vn 0.669334 -2.16483e-15 0.742961
f 2594/3080/202 2595/3081/202 2578/3064/202 2579/3065/202 

f 2579/3065/109 2580/3066/109 2594/3080/109

f 2593/3079/109 2594/3080/109 2580/3066/109

vn 0.669334 1.49471e-13 0.742961
f 2593/3079/203 2580/3066/203 2581/3067/203 2592/3078/203 

f 2581/3067/109 2582/3068/109 2592/3078/109

f 2591/3077/109 2592/3078/109 2582/3068/109

vn 0.669334 1.51151e-13 0.742961
f 2591/3077/204 2582/3068/204 2583/3069/204 2590/3076/204 

f 2583/3069/109 2584/3070/109 2590/3076/109

f 2589/3075/109 2590/3076/109 2584/3070/109

f 2589/3075/204 2584/3070/204 2585/3071/204 2588/3074/204 

f 2585/3071/109 2586/3072/109 2588/3074/109

v 30.3306 293.603 -34.5779
vt 1194.12 11559.2
f 2073/2125/110 2616/3102/110 2077/2128/110

v 30.3306 291.17 -34.5779
vt 1194.12 11463.4
f 2073/2125/110 2617/3103/110 2616/3102/110

v 30.3306 287.71 -34.5779
vt 1194.12 11327.2
f 2073/2125/110 2618/3104/110 2617/3103/110

v 30.3306 285.276 -34.5779
vt 1194.12 11231.3
f 2073/2125/110 2619/3105/110 2618/3104/110

v 30.3306 281.816 -34.5779
vt 1194.12 11095.1
f 2073/2125/110 2620/3106/110 2619/3105/110

v 30.3306 279.383 -34.5779
vt 1194.12 10999.3
f 2073/2125/110 2621/3107/110 2620/3106/110

v 30.3306 275.923 -34.5779
vt 1194.12 10863.1
f 2073/2125/110 2622/3108/110 2621/3107/110

v 30.3306 273.489 -34.5779
vt 1194.12 10767.3
f 2073/2125/110 2623/3109/110 2622/3108/110

v 30.3306 270.029 -34.5779
vt 1194.12 10631.1
f 2073/2125/110 2624/3110/110 2623/3109/110

v 30.3306 267.596 -34.5779
vt 1194.12 10535.3
f 2073/2125/110 2625/3111/110 2624/3110/110

v 30.3306 264.136 -34.5779
vt 1194.12 10399.1
f 2073/2125/110 2626/3112/110 2625/3111/110

v 30.3306 261.703 -34.5779
vt 1194.12 10303.3
f 2073/2125/110 2627/3113/110 2626/3112/110

v 30.3306 258.243 -34.5779
vt 1194.12 10167
f 2073/2125/110 2628/3114/110 2627/3113/110

v 30.3306 255.809 -34.5779
vt 1194.12 10071.2
f 2073/2125/110 2629/3115/110 2628/3114/110

v 30.3306 252.349 -34.5779
vt 1194.12 9935.01
f 2073/2125/110 2630/3116/110 2629/3115/110

v 30.3306 249.916 -34.5779
vt 1194.12 9839.21
f 2073/2125/110 2631/3117/110 2630/3116/110

v 30.3306 246.456 -34.5779
vt 1194.12 9702.99
f 2073/2125/110 2632/3118/110 2631/3117/110

v 30.3306 244.022 -34.5779
vt 1194.12 9607.18
f 2073/2125/110 2633/3119/110 2632/3118/110

v 30.3306 240.562 -34.5779
vt 1194.12 9470.96
f 2073/2125/110 2634/3120/110 2633/3119/110

v 30.3306 238.129 -34.5779
vt 1194.12 9375.16
f 2073/2125/110 2635/3121/110 2634/3120/110

v 30.3306 234.669 -34.5779
vt 1194.12 9238.94
f 2073/2125/110 2636/3122/110 2635/3121/110

v 30.3306 232.236 -34.5779
vt 1194.12 9143.14
f 2073/2125/110 2637/3123/110 2636/3122/110

v 30.3306 228.776 -34.5779
vt 1194.12 9006.92
f 2073/2125/110 2638/3124/110 2637/3123/110

v 30.3306 226.342 -34.5779
vt 1194.12 8911.11
f 2073/2125/110 2639/3125/110 2638/3124/110

v 30.3306 222.872 -34.5779
vt 1194.12 8774.5
f 2073/2125/110 2640/3126/110 2639/3125/110

v 30.3306 220.439 -34.5779
vt 1194.12 8678.69
f 2073/2125/110 2641/3127/110 2640/3126/110

v 30.3306 216.969 -34.5779
vt 1194.12 8542.08
f 2073/2125/110 2642/3128/110 2641/3127/110

v 30.3306 214.535 -34.5779
vt 1194.12 8446.28
f 2073/2125/110 2643/3129/110 2642/3128/110

v 30.3306 211.065 -34.5779
vt 1194.12 8309.66
f 2073/2125/110 2644/3130/110 2643/3129/110

f 2073/2125/110 2074/2124/110 2644/3130/110

v 37.9431 211.065 -34.5779
vt 1493.82 8309.66
vn 2.95972e-15 1.53272e-13 1
v 37.9431 208.632 -34.5779
vt 1493.82 8213.86
f 2645/3131/205 2644/3130/205 2074/2124/205 2646/3132/205 

v 47.4976 214.535 -34.5779
vt 1869.99 8446.28
f 2645/3131/110 2647/3133/110 2644/3130/110

v 39.8851 211.065 -34.5779
vt 1570.28 8309.66
f 2648/3134/110 2647/3133/110 2645/3131/110

v 47.4976 211.065 -34.5779
vt 1869.99 8309.66
f 2649/3135/110 2647/3133/110 2648/3134/110

f 2649/3135/110 2077/2128/110 2647/3133/110

f 2075/2126/110 2077/2128/110 2649/3135/110

v 39.8851 208.632 -34.5779
vt 1570.28 8213.86
f 2649/3135/205 2648/3134/205 2650/3136/205 2075/2126/205 

f 2648/3134/110 2646/3132/110 2650/3136/110

f 2646/3132/110 2648/3134/110 2645/3131/110

f 2074/2124/110 2650/3136/110 2646/3132/110

f 2074/2124/110 2075/2126/110 2650/3136/110

v 47.4976 216.969 -34.5779
vt 1869.99 8542.08
f 2647/3133/110 2077/2128/110 2651/3137/110

v 47.4976 220.439 -34.5779
vt 1869.99 8678.69
f 2651/3137/110 2077/2128/110 2652/3138/110

v 47.4976 222.872 -34.5779
vt 1869.99 8774.5
f 2652/3138/110 2077/2128/110 2653/3139/110

v 47.4976 226.342 -34.5779
vt 1869.99 8911.11
f 2653/3139/110 2077/2128/110 2654/3140/110

v 47.4976 228.776 -34.5779
vt 1869.99 9006.92
f 2654/3140/110 2077/2128/110 2655/3141/110

v 47.4976 232.236 -34.5779
vt 1869.99 9143.14
f 2655/3141/110 2077/2128/110 2656/3142/110

v 47.4976 234.669 -34.5779
vt 1869.99 9238.94
f 2656/3142/110 2077/2128/110 2657/3143/110

v 47.4976 238.129 -34.5779
vt 1869.99 9375.16
f 2657/3143/110 2077/2128/110 2658/3144/110

v 47.4976 240.562 -34.5779
vt 1869.99 9470.96
f 2658/3144/110 2077/2128/110 2659/3145/110

v 47.4976 244.022 -34.5779
vt 1869.99 9607.18
f 2659/3145/110 2077/2128/110 2660/3146/110

v 47.4976 246.456 -34.5779
vt 1869.99 9702.99
f 2660/3146/110 2077/2128/110 2661/3147/110

v 47.4976 249.916 -34.5779
vt 1869.99 9839.21
f 2661/3147/110 2077/2128/110 2662/3148/110

v 47.4976 252.349 -34.5779
vt 1869.99 9935.01
f 2662/3148/110 2077/2128/110 2663/3149/110

v 47.4976 255.809 -34.5779
vt 1869.99 10071.2
f 2663/3149/110 2077/2128/110 2664/3150/110

v 47.4976 258.243 -34.5779
vt 1869.99 10167
f 2664/3150/110 2077/2128/110 2665/3151/110

v 47.4976 261.703 -34.5779
vt 1869.99 10303.3
f 2665/3151/110 2077/2128/110 2666/3152/110

v 47.4976 264.136 -34.5779
vt 1869.99 10399.1
f 2666/3152/110 2077/2128/110 2667/3153/110

v 47.4976 267.596 -34.5779
vt 1869.99 10535.3
f 2667/3153/110 2077/2128/110 2668/3154/110

v 47.4976 270.029 -34.5779
vt 1869.99 10631.1
f 2668/3154/110 2077/2128/110 2669/3155/110

v 47.4976 273.489 -34.5779
vt 1869.99 10767.3
f 2669/3155/110 2077/2128/110 2670/3156/110

v 47.4976 275.923 -34.5779
vt 1869.99 10863.1
f 2670/3156/110 2077/2128/110 2671/3157/110

v 47.4976 279.383 -34.5779
vt 1869.99 10999.3
f 2671/3157/110 2077/2128/110 2672/3158/110

v 47.4976 281.816 -34.5779
vt 1869.99 11095.1
f 2672/3158/110 2077/2128/110 2673/3159/110

v 47.4976 285.276 -34.5779
vt 1869.99 11231.3
f 2673/3159/110 2077/2128/110 2674/3160/110

v 47.4976 287.71 -34.5779
vt 1869.99 11327.2
f 2674/3160/110 2077/2128/110 2675/3161/110

v 47.4976 291.17 -34.5779
vt 1869.99 11463.4
f 2675/3161/110 2077/2128/110 2676/3162/110

v 47.4976 293.603 -34.5779
vt 1869.99 11559.2
f 2676/3162/110 2077/2128/110 2677/3163/110

v 39.8851 293.603 -34.5779
vt 1570.28 11559.2
f 2677/3163/110 2077/2128/110 2678/3164/110

v 37.9431 293.603 -34.5779
vt 1493.82 11559.2
f 2678/3164/110 2077/2128/110 2679/3165/110

f 2679/3165/110 2077/2128/110 2616/3102/110

vn 0 -1.51892e-13 1
v 37.9431 291.17 -34.5779
vt 1493.82 11463.4
f 2679/3165/206 2616/3102/206 2617/3103/206 2680/3166/206 

v 39.8851 291.17 -34.5779
vt 1570.28 11463.4
f 2617/3103/110 2681/3167/110 2680/3166/110

f 2617/3103/110 2676/3162/110 2681/3167/110

f 2617/3103/110 2618/3104/110 2676/3162/110

v 37.9431 287.71 -34.5779
vt 1493.82 11327.2
f 2682/3168/110 2676/3162/110 2618/3104/110

v 39.8851 287.71 -34.5779
vt 1570.28 11327.2
f 2683/3169/110 2676/3162/110 2682/3168/110

f 2675/3161/110 2676/3162/110 2683/3169/110

v 39.8851 285.276 -34.5779
vt 1570.28 11231.3
f 2675/3161/94 2683/3169/94 2684/3170/94 2674/3160/94 

v 37.9431 285.276 -34.5779
vt 1493.82 11231.3
f 2683/3169/110 2685/3171/110 2684/3170/110

f 2685/3171/110 2683/3169/110 2682/3168/110

f 2682/3168/94 2618/3104/94 2619/3105/94 2685/3171/94 

f 2619/3105/110 2684/3170/110 2685/3171/110

f 2619/3105/110 2674/3160/110 2684/3170/110

f 2619/3105/110 2620/3106/110 2674/3160/110

v 37.9431 281.816 -34.5779
vt 1493.82 11095.1
f 2686/3172/110 2674/3160/110 2620/3106/110

v 39.8851 281.816 -34.5779
vt 1570.28 11095.1
f 2687/3173/110 2674/3160/110 2686/3172/110

f 2673/3159/110 2674/3160/110 2687/3173/110

v 39.8851 279.383 -34.5779
vt 1570.28 10999.3
f 2673/3159/206 2687/3173/206 2688/3174/206 2672/3158/206 

v 37.9431 279.383 -34.5779
vt 1493.82 10999.3
f 2687/3173/110 2689/3175/110 2688/3174/110

f 2689/3175/110 2687/3173/110 2686/3172/110

f 2686/3172/206 2620/3106/206 2621/3107/206 2689/3175/206 

f 2621/3107/110 2688/3174/110 2689/3175/110

f 2621/3107/110 2672/3158/110 2688/3174/110

f 2621/3107/110 2622/3108/110 2672/3158/110

v 37.9431 275.923 -34.5779
vt 1493.82 10863.1
f 2690/3176/110 2672/3158/110 2622/3108/110

v 39.8851 275.923 -34.5779
vt 1570.28 10863.1
f 2691/3177/110 2672/3158/110 2690/3176/110

f 2671/3157/110 2672/3158/110 2691/3177/110

v 39.8851 273.489 -34.5779
vt 1570.28 10767.3
f 2692/3178/94 2670/3156/94 2671/3157/94 2691/3177/94 

f 2623/3109/110 2670/3156/110 2692/3178/110

f 2623/3109/110 2624/3110/110 2670/3156/110

v 37.9431 270.029 -34.5779
vt 1493.82 10631.1
f 2693/3179/110 2670/3156/110 2624/3110/110

v 39.8851 270.029 -34.5779
vt 1570.28 10631.1
f 2694/3180/110 2670/3156/110 2693/3179/110

f 2669/3155/110 2670/3156/110 2694/3180/110

v 39.8851 267.596 -34.5779
vt 1570.28 10535.3
f 2695/3181/206 2668/3154/206 2669/3155/206 2694/3180/206 

f 2625/3111/110 2668/3154/110 2695/3181/110

f 2625/3111/110 2626/3112/110 2668/3154/110

v 37.9431 264.136 -34.5779
vt 1493.82 10399.1
f 2696/3182/110 2668/3154/110 2626/3112/110

v 39.8851 264.136 -34.5779
vt 1570.28 10399.1
f 2697/3183/110 2668/3154/110 2696/3182/110

f 2667/3153/110 2668/3154/110 2697/3183/110

v 39.8851 261.703 -34.5779
vt 1570.28 10303.3
f 2697/3183/94 2698/3184/94 2666/3152/94 2667/3153/94 

v 37.9431 261.703 -34.5779
vt 1493.82 10303.3
f 2697/3183/110 2699/3185/110 2698/3184/110

f 2699/3185/110 2697/3183/110 2696/3182/110

f 2626/3112/94 2627/3113/94 2699/3185/94 2696/3182/94 

f 2627/3113/110 2698/3184/110 2699/3185/110

f 2627/3113/110 2666/3152/110 2698/3184/110

f 2627/3113/110 2628/3114/110 2666/3152/110

v 37.9431 258.243 -34.5779
vt 1493.82 10167
f 2700/3186/110 2666/3152/110 2628/3114/110

v 39.8851 258.243 -34.5779
vt 1570.28 10167
f 2701/3187/110 2666/3152/110 2700/3186/110

f 2665/3151/110 2666/3152/110 2701/3187/110

v 39.8851 255.809 -34.5779
vt 1570.28 10071.2
f 2702/3188/94 2664/3150/94 2665/3151/94 2701/3187/94 

f 2629/3115/110 2664/3150/110 2702/3188/110

f 2629/3115/110 2630/3116/110 2664/3150/110

v 37.9431 252.349 -34.5779
vt 1493.82 9935.01
f 2703/3189/110 2664/3150/110 2630/3116/110

v 39.8851 252.349 -34.5779
vt 1570.28 9935.01
f 2704/3190/110 2664/3150/110 2703/3189/110

f 2663/3149/110 2664/3150/110 2704/3190/110

v 39.8851 249.916 -34.5779
vt 1570.28 9839.21
f 2662/3148/94 2663/3149/94 2704/3190/94 2705/3191/94 

v 37.9431 249.916 -34.5779
vt 1493.82 9839.21
f 2704/3190/110 2706/3192/110 2705/3191/110

f 2706/3192/110 2704/3190/110 2703/3189/110

f 2706/3192/94 2703/3189/94 2630/3116/94 2631/3117/94 

f 2631/3117/110 2705/3191/110 2706/3192/110

f 2631/3117/110 2662/3148/110 2705/3191/110

f 2631/3117/110 2632/3118/110 2662/3148/110

v 37.9431 246.456 -34.5779
vt 1493.82 9702.99
f 2707/3193/110 2662/3148/110 2632/3118/110

v 39.8851 246.456 -34.5779
vt 1570.28 9702.99
f 2708/3194/110 2662/3148/110 2707/3193/110

f 2661/3147/110 2662/3148/110 2708/3194/110

v 39.8851 244.022 -34.5779
vt 1570.28 9607.18
f 2660/3146/94 2661/3147/94 2708/3194/94 2709/3195/94 

v 37.9431 244.022 -34.5779
vt 1493.82 9607.18
f 2708/3194/110 2710/3196/110 2709/3195/110

f 2710/3196/110 2708/3194/110 2707/3193/110

f 2710/3196/94 2707/3193/94 2632/3118/94 2633/3119/94 

f 2633/3119/110 2709/3195/110 2710/3196/110

f 2633/3119/110 2660/3146/110 2709/3195/110

f 2633/3119/110 2634/3120/110 2660/3146/110

v 37.9431 240.562 -34.5779
vt 1493.82 9470.96
f 2711/3197/110 2660/3146/110 2634/3120/110

v 39.8851 240.562 -34.5779
vt 1570.28 9470.96
f 2712/3198/110 2660/3146/110 2711/3197/110

f 2659/3145/110 2660/3146/110 2712/3198/110

v 39.8851 238.129 -34.5779
vt 1570.28 9375.16
f 2658/3144/94 2659/3145/94 2712/3198/94 2713/3199/94 

v 37.9431 238.129 -34.5779
vt 1493.82 9375.16
f 2712/3198/110 2714/3200/110 2713/3199/110

f 2714/3200/110 2712/3198/110 2711/3197/110

f 2714/3200/94 2711/3197/94 2634/3120/94 2635/3121/94 

f 2635/3121/110 2713/3199/110 2714/3200/110

f 2635/3121/110 2658/3144/110 2713/3199/110

f 2635/3121/110 2636/3122/110 2658/3144/110

v 37.9431 234.669 -34.5779
vt 1493.82 9238.94
f 2715/3201/110 2658/3144/110 2636/3122/110

v 39.8851 234.669 -34.5779
vt 1570.28 9238.94
f 2716/3202/110 2658/3144/110 2715/3201/110

f 2657/3143/110 2658/3144/110 2716/3202/110

v 39.8851 232.236 -34.5779
vt 1570.28 9143.14
f 2656/3142/94 2657/3143/94 2716/3202/94 2717/3203/94 

v 37.9431 232.236 -34.5779
vt 1493.82 9143.14
f 2716/3202/110 2718/3204/110 2717/3203/110

f 2718/3204/110 2716/3202/110 2715/3201/110

f 2718/3204/94 2715/3201/94 2636/3122/94 2637/3123/94 

f 2637/3123/110 2717/3203/110 2718/3204/110

f 2637/3123/110 2656/3142/110 2717/3203/110

f 2637/3123/110 2638/3124/110 2656/3142/110

v 37.9431 228.776 -34.5779
vt 1493.82 9006.92
f 2719/3205/110 2656/3142/110 2638/3124/110

v 39.8851 228.776 -34.5779
vt 1570.28 9006.92
f 2720/3206/110 2656/3142/110 2719/3205/110

f 2655/3141/110 2656/3142/110 2720/3206/110

vn 0 1.51892e-13 1
v 39.8851 226.342 -34.5779
vt 1570.28 8911.11
f 2655/3141/207 2720/3206/207 2721/3207/207 2654/3140/207 

v 37.9431 226.342 -34.5779
vt 1493.82 8911.11
f 2720/3206/110 2722/3208/110 2721/3207/110

f 2722/3208/110 2720/3206/110 2719/3205/110

f 2719/3205/207 2638/3124/207 2639/3125/207 2722/3208/207 

f 2639/3125/110 2721/3207/110 2722/3208/110

f 2639/3125/110 2654/3140/110 2721/3207/110

f 2639/3125/110 2640/3126/110 2654/3140/110

v 37.9431 222.872 -34.5779
vt 1493.82 8774.5
f 2723/3209/110 2654/3140/110 2640/3126/110

v 39.8851 222.872 -34.5779
vt 1570.28 8774.5
f 2724/3210/110 2654/3140/110 2723/3209/110

f 2653/3139/110 2654/3140/110 2724/3210/110

v 39.8851 220.439 -34.5779
vt 1570.28 8678.69
f 2653/3139/207 2724/3210/207 2725/3211/207 2652/3138/207 

v 37.9431 220.439 -34.5779
vt 1493.82 8678.69
f 2724/3210/110 2726/3212/110 2725/3211/110

f 2726/3212/110 2724/3210/110 2723/3209/110

f 2723/3209/207 2640/3126/207 2641/3127/207 2726/3212/207 

f 2641/3127/110 2725/3211/110 2726/3212/110

f 2641/3127/110 2652/3138/110 2725/3211/110

f 2641/3127/110 2642/3128/110 2652/3138/110

v 37.9431 216.969 -34.5779
vt 1493.82 8542.08
f 2727/3213/110 2652/3138/110 2642/3128/110

v 39.8851 216.969 -34.5779
vt 1570.28 8542.08
f 2728/3214/110 2652/3138/110 2727/3213/110

f 2651/3137/110 2652/3138/110 2728/3214/110

v 39.8851 214.535 -34.5779
vt 1570.28 8446.28
f 2651/3137/205 2728/3214/205 2729/3215/205 2647/3133/205 

v 37.9431 214.535 -34.5779
vt 1493.82 8446.28
f 2728/3214/110 2730/3216/110 2729/3215/110

f 2730/3216/110 2728/3214/110 2727/3213/110

f 2727/3213/205 2642/3128/205 2643/3129/205 2730/3216/205 

f 2643/3129/110 2729/3215/110 2730/3216/110

f 2643/3129/110 2647/3133/110 2729/3215/110

f 2643/3129/110 2644/3130/110 2647/3133/110

v 37.9431 255.809 -34.5779
vt 1493.82 10071.2
f 2629/3115/110 2702/3188/110 2731/3217/110

f 2701/3187/110 2731/3217/110 2702/3188/110

f 2731/3217/110 2701/3187/110 2700/3186/110

f 2629/3115/94 2731/3217/94 2700/3186/94 2628/3114/94 

v 37.9431 267.596 -34.5779
vt 1493.82 10535.3
f 2625/3111/110 2695/3181/110 2732/3218/110

f 2694/3180/110 2732/3218/110 2695/3181/110

f 2732/3218/110 2694/3180/110 2693/3179/110

f 2625/3111/206 2732/3218/206 2693/3179/206 2624/3110/206 

v 37.9431 273.489 -34.5779
vt 1493.82 10767.3
f 2623/3109/110 2692/3178/110 2733/3219/110

f 2691/3177/110 2733/3219/110 2692/3178/110

f 2733/3219/110 2691/3177/110 2690/3176/110

f 2623/3109/94 2733/3219/94 2690/3176/94 2622/3108/94 

f 2677/3163/206 2678/3164/206 2681/3167/206 2676/3162/206 

f 2678/3164/110 2680/3166/110 2681/3167/110

f 2680/3166/110 2678/3164/110 2679/3165/110

v 51.1266 293.603 -32.6916
vt 633.995 11559.2
f 2077/2131/111 2734/3220/111 2081/2134/111

v 51.1266 291.17 -32.6916
vt 633.995 11463.4
f 2077/2131/111 2735/3221/111 2734/3220/111

v 51.1266 287.71 -32.6916
vt 633.995 11327.2
f 2077/2131/111 2736/3222/111 2735/3221/111

v 51.1266 285.276 -32.6916
vt 633.995 11231.3
f 2077/2131/111 2737/3223/111 2736/3222/111

v 51.1266 281.816 -32.6916
vt 633.995 11095.1
f 2077/2131/111 2738/3224/111 2737/3223/111

v 51.1266 279.383 -32.6916
vt 633.995 10999.3
f 2077/2131/111 2739/3225/111 2738/3224/111

v 51.1266 275.923 -32.6916
vt 633.995 10863.1
f 2077/2131/111 2740/3226/111 2739/3225/111

v 51.1266 273.489 -32.6916
vt 633.995 10767.3
f 2077/2131/111 2741/3227/111 2740/3226/111

v 51.1266 270.029 -32.6916
vt 633.995 10631.1
f 2077/2131/111 2742/3228/111 2741/3227/111

v 51.1266 267.596 -32.6916
vt 633.995 10535.3
f 2077/2131/111 2743/3229/111 2742/3228/111

v 51.1266 264.136 -32.6916
vt 633.995 10399.1
f 2077/2131/111 2744/3230/111 2743/3229/111

v 51.1266 261.703 -32.6916
vt 633.995 10303.3
f 2077/2131/111 2745/3231/111 2744/3230/111

v 51.1266 258.243 -32.6916
vt 633.995 10167
f 2077/2131/111 2746/3232/111 2745/3231/111

v 51.1266 255.809 -32.6916
vt 633.995 10071.2
f 2077/2131/111 2747/3233/111 2746/3232/111

v 51.1266 252.349 -32.6916
vt 633.995 9935.01
f 2077/2131/111 2748/3234/111 2747/3233/111

v 51.1266 249.916 -32.6916
vt 633.995 9839.21
f 2077/2131/111 2749/3235/111 2748/3234/111

v 51.1266 246.456 -32.6916
vt 633.995 9702.99
f 2077/2131/111 2750/3236/111 2749/3235/111

v 51.1266 244.022 -32.6916
vt 633.995 9607.18
f 2077/2131/111 2751/3237/111 2750/3236/111

v 51.1266 240.562 -32.6916
vt 633.995 9470.96
f 2077/2131/111 2752/3238/111 2751/3237/111

v 51.1266 238.129 -32.6916
vt 633.995 9375.16
f 2077/2131/111 2753/3239/111 2752/3238/111

v 51.1266 234.669 -32.6916
vt 633.995 9238.94
f 2077/2131/111 2754/3240/111 2753/3239/111

v 51.1266 232.236 -32.6916
vt 633.995 9143.14
f 2077/2131/111 2755/3241/111 2754/3240/111

v 51.1266 228.776 -32.6916
vt 633.995 9006.92
f 2077/2131/111 2756/3242/111 2755/3241/111

v 51.1266 226.342 -32.6916
vt 633.995 8911.11
f 2077/2131/111 2757/3243/111 2756/3242/111

v 51.1266 222.872 -32.6916
vt 633.995 8774.5
f 2077/2131/111 2758/3244/111 2757/3243/111

v 51.1266 220.439 -32.6916
vt 633.995 8678.69
f 2077/2131/111 2759/3245/111 2758/3244/111

v 51.1266 216.969 -32.6916
vt 633.995 8542.08
f 2077/2131/111 2760/3246/111 2759/3245/111

v 51.1266 214.535 -32.6916
vt 633.995 8446.28
f 2077/2131/111 2761/3247/111 2760/3246/111

v 51.1266 211.065 -32.6916
vt 633.995 8309.66
f 2077/2131/111 2762/3248/111 2761/3247/111

f 2077/2131/111 2078/2130/111 2762/3248/111

v 56.7824 211.065 -27.5963
vt 933.701 8309.66
vn -0.669334 1.63805e-13 0.742961
f 2763/3249/208 2762/3248/208 2078/2130/208 2079/2132/208 

v 56.7824 214.535 -27.5963
vt 933.701 8446.28
f 2763/3249/111 2764/3250/111 2762/3248/111

f 2763/3249/111 2081/2134/111 2764/3250/111

f 2079/2132/111 2081/2134/111 2763/3249/111

v 56.7824 216.969 -27.5963
vt 933.701 8542.08
f 2764/3250/111 2081/2134/111 2765/3251/111

v 56.7824 220.439 -27.5963
vt 933.701 8678.69
f 2765/3251/111 2081/2134/111 2766/3252/111

v 56.7824 222.872 -27.5963
vt 933.701 8774.5
f 2766/3252/111 2081/2134/111 2767/3253/111

v 56.7824 226.342 -27.5963
vt 933.701 8911.11
f 2767/3253/111 2081/2134/111 2768/3254/111

v 56.7824 228.776 -27.5963
vt 933.701 9006.92
f 2768/3254/111 2081/2134/111 2769/3255/111

v 56.7824 232.236 -27.5963
vt 933.701 9143.14
f 2769/3255/111 2081/2134/111 2770/3256/111

v 56.7824 234.669 -27.5963
vt 933.701 9238.94
f 2770/3256/111 2081/2134/111 2771/3257/111

v 56.7824 238.129 -27.5963
vt 933.701 9375.16
f 2771/3257/111 2081/2134/111 2772/3258/111

v 56.7824 240.562 -27.5963
vt 933.701 9470.96
f 2772/3258/111 2081/2134/111 2773/3259/111

v 56.7824 244.022 -27.5963
vt 933.701 9607.18
f 2773/3259/111 2081/2134/111 2774/3260/111

v 56.7824 246.456 -27.5963
vt 933.701 9702.99
f 2774/3260/111 2081/2134/111 2775/3261/111

v 56.7824 249.916 -27.5963
vt 933.701 9839.21
f 2775/3261/111 2081/2134/111 2776/3262/111

v 56.7824 252.349 -27.5963
vt 933.701 9935.01
f 2776/3262/111 2081/2134/111 2777/3263/111

v 56.7824 255.809 -27.5963
vt 933.701 10071.2
f 2777/3263/111 2081/2134/111 2778/3264/111

v 56.7824 258.243 -27.5963
vt 933.701 10167
f 2778/3264/111 2081/2134/111 2779/3265/111

v 56.7824 261.703 -27.5963
vt 933.701 10303.3
f 2779/3265/111 2081/2134/111 2780/3266/111

v 56.7824 264.136 -27.5963
vt 933.701 10399.1
f 2780/3266/111 2081/2134/111 2781/3267/111

v 56.7824 267.596 -27.5963
vt 933.701 10535.3
f 2781/3267/111 2081/2134/111 2782/3268/111

v 56.7824 270.029 -27.5963
vt 933.701 10631.1
f 2782/3268/111 2081/2134/111 2783/3269/111

v 56.7824 273.489 -27.5963
vt 933.701 10767.3
f 2783/3269/111 2081/2134/111 2784/3270/111

v 56.7824 275.923 -27.5963
vt 933.701 10863.1
f 2784/3270/111 2081/2134/111 2785/3271/111

v 56.7824 279.383 -27.5963
vt 933.701 10999.3
f 2785/3271/111 2081/2134/111 2786/3272/111

v 56.7824 281.816 -27.5963
vt 933.701 11095.1
f 2786/3272/111 2081/2134/111 2787/3273/111

v 56.7824 285.276 -27.5963
vt 933.701 11231.3
f 2787/3273/111 2081/2134/111 2788/3274/111

v 56.7824 287.71 -27.5963
vt 933.701 11327.2
f 2788/3274/111 2081/2134/111 2789/3275/111

v 56.7824 291.17 -27.5963
vt 933.701 11463.4
f 2789/3275/111 2081/2134/111 2790/3276/111

v 56.7824 293.603 -27.5963
vt 933.701 11559.2
f 2790/3276/111 2081/2134/111 2791/3277/111

f 2791/3277/111 2081/2134/111 2734/3220/111

vn -0.669334 -1.43697e-13 0.742961
f 2791/3277/209 2734/3220/209 2735/3221/209 2790/3276/209 

f 2735/3221/111 2736/3222/111 2790/3276/111

f 2789/3275/111 2790/3276/111 2736/3222/111

vn -0.669334 6.71734e-15 0.742961
f 2789/3275/210 2736/3222/210 2737/3223/210 2788/3274/210 

f 2737/3223/111 2738/3224/111 2788/3274/111

f 2787/3273/111 2788/3274/111 2738/3224/111

f 2787/3273/209 2738/3224/209 2739/3225/209 2786/3272/209 

f 2739/3225/111 2740/3226/111 2786/3272/111

f 2785/3271/111 2786/3272/111 2740/3226/111

vn -0.669334 6.65102e-15 0.742961
f 2741/3227/211 2784/3270/211 2785/3271/211 2740/3226/211 

f 2741/3227/111 2742/3228/111 2784/3270/111

f 2783/3269/111 2784/3270/111 2742/3228/111

vn -0.669334 -1.44581e-13 0.742961
f 2743/3229/212 2782/3268/212 2783/3269/212 2742/3228/212 

f 2743/3229/111 2744/3230/111 2782/3268/111

f 2781/3267/111 2782/3268/111 2744/3230/111

vn -0.669334 8.25673e-15 0.742961
f 2744/3230/213 2745/3231/213 2780/3266/213 2781/3267/213 

f 2745/3231/111 2746/3232/111 2780/3266/111

f 2779/3265/111 2780/3266/111 2746/3232/111

vn -0.669334 9.19257e-15 0.742961
f 2747/3233/214 2778/3264/214 2779/3265/214 2746/3232/214 

f 2747/3233/111 2748/3234/111 2778/3264/111

f 2777/3263/111 2778/3264/111 2748/3234/111

vn -0.669334 9.28012e-15 0.742961
f 2776/3262/215 2777/3263/215 2748/3234/215 2749/3235/215 

f 2749/3235/111 2750/3236/111 2776/3262/111

f 2775/3261/111 2776/3262/111 2750/3236/111

f 2774/3260/211 2775/3261/211 2750/3236/211 2751/3237/211 

f 2751/3237/111 2752/3238/111 2774/3260/111

f 2773/3259/111 2774/3260/111 2752/3238/111

f 2772/3258/215 2773/3259/215 2752/3238/215 2753/3239/215 

f 2753/3239/111 2754/3240/111 2772/3258/111

f 2771/3257/111 2772/3258/111 2754/3240/111

vn -0.669334 7.60078e-15 0.742961
f 2770/3256/216 2771/3257/216 2754/3240/216 2755/3241/216 

f 2755/3241/111 2756/3242/111 2770/3256/111

f 2769/3255/111 2770/3256/111 2756/3242/111

vn -0.669334 1.60491e-13 0.742961
f 2769/3255/217 2756/3242/217 2757/3243/217 2768/3254/217 

f 2757/3243/111 2758/3244/111 2768/3254/111

f 2767/3253/111 2768/3254/111 2758/3244/111

vn -0.669334 1.62096e-13 0.742961
f 2767/3253/218 2758/3244/218 2759/3245/218 2766/3252/218 

f 2759/3245/111 2760/3246/111 2766/3252/111

f 2765/3251/111 2766/3252/111 2760/3246/111

vn -0.669334 1.60343e-13 0.742961
f 2765/3251/219 2760/3246/219 2761/3247/219 2764/3250/219 

f 2761/3247/111 2762/3248/111 2764/3250/111

