# Blender 4.0.2
# www.blender.org
o tree02
v -0.136343 0.000000 0.136343
v -0.000000 0.000000 0.192818
v 0.136343 0.000000 0.136343
v 0.192818 0.000000 0.000000
v 0.136343 0.000000 -0.136343
v 0.000000 0.000000 -0.192818
v -0.136343 0.000000 -0.136343
v -0.192818 0.000000 -0.000000
v -0.134781 0.205408 0.130424
v -0.001558 0.207171 0.185598
v 0.131671 0.207424 0.130411
v 0.186862 0.206018 -0.002809
v 0.131685 0.203778 -0.136024
v -0.001538 0.202015 -0.191197
v -0.134767 0.201762 -0.136010
v -0.189958 0.203167 -0.002790
v -0.133213 0.408871 0.124516
v -0.003098 0.408191 0.178410
v 0.127018 0.408094 0.124514
v 0.180915 0.408636 -0.005601
v 0.127021 0.409500 -0.135715
v -0.003095 0.410180 -0.189609
v -0.133211 0.410277 -0.135713
v -0.187108 0.409735 -0.005598
v -0.127042 0.634915 0.126932
v -0.000123 0.628798 0.179385
v 0.126868 0.627936 0.126758
v 0.179542 0.632834 -0.000123
v 0.127042 0.640623 -0.126932
v 0.000123 0.646740 -0.179385
v -0.126868 0.647601 -0.126757
v -0.179542 0.642703 0.000123
v -0.114900 0.852240 0.140261
v 0.008692 0.840888 0.191037
v 0.132540 0.839292 0.139644
v 0.184096 0.848387 0.016188
v 0.133158 0.862846 -0.107012
v 0.009565 0.874198 -0.157788
v -0.114283 0.875794 -0.106396
v -0.165838 0.866699 0.017061
v -0.099440 1.046208 0.159592
v 0.020911 1.032810 0.208846
v 0.141624 1.030875 0.158705
v 0.191989 1.041536 0.038541
v 0.142501 1.058549 -0.081256
v 0.022151 1.071948 -0.130510
v -0.098563 1.073883 -0.080369
v -0.148928 1.063221 0.039796
v -0.082198 1.265641 0.181796
v 0.035071 1.252915 0.229818
v 0.152668 1.250944 0.180959
v 0.201705 1.260881 0.063841
v 0.153458 1.276906 -0.052930
v 0.036189 1.289631 -0.100951
v -0.081407 1.291603 -0.052093
v -0.130445 1.281666 0.065025
v -0.065857 1.480680 0.201688
v 0.048323 1.468502 0.248462
v 0.162801 1.466479 0.200884
v 0.210519 1.475797 0.086826
v 0.163524 1.490998 -0.026899
v 0.049344 1.503177 -0.073672
v -0.065134 1.505200 -0.026095
v -0.112852 1.495881 0.087963
v -0.050620 1.671861 0.219341
v 0.060483 1.660442 0.264889
v 0.171856 1.658580 0.218616
v 0.218260 1.667365 0.107628
v 0.172511 1.681650 -0.003059
v 0.061409 1.693069 -0.048607
v -0.049965 1.694931 -0.002334
v -0.096369 1.686146 0.108654
v -0.035329 1.886967 0.237696
v 0.072750 1.877326 0.282116
v 0.181039 1.876004 0.237184
v 0.226104 1.883777 0.129221
v 0.181546 1.896090 0.021471
v 0.073467 1.905731 -0.022949
v -0.034823 1.907052 0.021983
v -0.079887 1.899280 0.129946
v -0.022507 2.102059 0.253213
v 0.082533 2.094129 0.296481
v 0.187732 2.093330 0.252883
v 0.231467 2.100130 0.147958
v 0.188118 2.110546 0.043169
v 0.083079 2.118476 -0.000100
v -0.022120 2.119276 0.043498
v -0.065855 2.112475 0.148424
v -0.012080 2.293764 0.264993
v 0.089852 2.286104 0.306984
v 0.191934 2.285219 0.264667
v 0.234367 2.291628 0.162831
v 0.192294 2.301576 0.061130
v 0.090362 2.309237 0.019139
v -0.011720 2.310122 0.061456
v -0.054153 2.303713 0.163292
v 0.000906 2.508996 0.279777
v 0.099666 2.500206 0.320373
v 0.198600 2.498620 0.279285
v 0.239755 2.505167 0.180582
v 0.199022 2.516012 0.082084
v 0.100262 2.524803 0.041488
v 0.001327 2.526389 0.082576
v -0.039827 2.519842 0.181279
v 0.016926 2.725833 0.296922
v 0.112503 2.716006 0.336119
v 0.208285 2.713761 0.296259
v 0.248164 2.720415 0.200689
v 0.208779 2.732069 0.105395
v 0.113201 2.741897 0.066197
v 0.017419 2.744141 0.106058
v -0.022459 2.737487 0.201627
v 0.032990 2.918360 0.312808
v 0.125457 2.908756 0.350724
v 0.218128 2.906569 0.312156
v 0.256716 2.913080 0.219697
v 0.218617 2.924475 0.127509
v 0.126150 2.934079 0.089593
v 0.033480 2.936266 0.128161
v -0.005108 2.929755 0.220620
v 0.049296 3.135473 0.330439
v 0.138664 3.126254 0.367087
v 0.228202 3.123803 0.329782
v 0.265460 3.129557 0.240376
v 0.228612 3.140145 0.151242
v 0.139244 3.149365 0.114593
v 0.049706 3.151816 0.151898
v 0.012448 3.146062 0.241304
v 0.067601 3.351479 0.346284
v 0.153861 3.342523 0.381655
v 0.240260 3.339713 0.345606
v 0.276186 3.344694 0.259253
v 0.240594 3.354549 0.173182
v 0.154333 3.363505 0.137811
v 0.067935 3.366315 0.173861
v 0.032009 3.361334 0.260213
v 0.083328 3.540289 0.359124
v 0.166622 3.534287 0.393452
v 0.250057 3.534364 0.358943
v 0.284758 3.540474 0.275812
v 0.250398 3.549039 0.192756
v 0.167104 3.555041 0.158428
v 0.083669 3.554964 0.192937
v 0.048968 3.548854 0.276068
v 0.087454 3.747252 0.374960
v 0.167642 3.745839 0.408472
v 0.247967 3.752680 0.375973
v 0.281376 3.763769 0.296500
v 0.248298 3.772609 0.216607
v 0.168111 3.774022 0.183095
v 0.087786 3.767181 0.215594
v 0.054377 3.756093 0.295067
v 0.075135 3.954910 0.404758
v 0.151930 3.957606 0.437559
v 0.228682 3.970737 0.407271
v 0.260430 3.986612 0.331636
v 0.228578 3.995931 0.254959
v 0.151783 3.993236 0.222158
v 0.075031 3.980104 0.252446
v 0.043282 3.964229 0.328081
v 0.051558 4.150165 0.435180
v 0.124722 4.157210 0.467216
v 0.198413 4.169525 0.438114
v 0.229464 4.179896 0.364921
v 0.199685 4.182249 0.290512
v 0.126521 4.175204 0.258476
v 0.052830 4.162889 0.287578
v 0.021779 4.152517 0.360772
v 0.025041 4.379981 0.431622
v 0.094532 4.391524 0.462244
v 0.165955 4.396675 0.434458
v 0.197473 4.392416 0.364541
v 0.170622 4.381242 0.293449
v 0.101132 4.369699 0.262827
v 0.029708 4.364548 0.290612
v -0.001810 4.368807 0.360530
v 0.005738 4.598805 0.378970
v 0.071685 4.614426 0.407265
v 0.140638 4.613216 0.382015
v 0.172206 4.595885 0.318009
v 0.147897 4.572585 0.252743
v 0.081950 4.556964 0.224447
v 0.012997 4.558174 0.249698
v -0.018571 4.575505 0.313703
v -0.008443 4.778710 0.301004
v 0.054279 4.795632 0.327262
v 0.120275 4.792373 0.303941
v 0.150885 4.770842 0.244700
v 0.128178 4.743652 0.184243
v 0.065455 4.726731 0.157984
v -0.000541 4.729990 0.181306
v -0.031150 4.751521 0.240546
v -0.023955 4.972017 0.218589
v 0.035882 4.986786 0.244094
v 0.098568 4.985081 0.221363
v 0.127381 4.967901 0.163711
v 0.105445 4.945311 0.104911
v 0.045608 4.930542 0.079406
v -0.017078 4.932247 0.102137
v -0.045892 4.949427 0.159789
v -0.036591 0.652998 0.175182
v 0.098183 0.659306 0.148849
v 0.175442 0.652998 0.035322
v 0.149931 0.637769 -0.098896
v 0.036591 0.622540 -0.175182
v -0.098183 0.616231 -0.148849
v -0.175442 0.622540 -0.035322
v -0.149931 0.637769 0.098896
v -0.049590 0.855719 0.150190
v 0.081865 0.862094 0.124480
v 0.157229 0.855964 0.013733
v 0.132355 0.840921 -0.117176
v 0.021814 0.825776 -0.191562
v -0.109641 0.819402 -0.165852
v -0.185006 0.825532 -0.055106
v -0.160132 0.840575 0.075803
v -0.062571 1.058165 0.125225
v 0.065601 1.064079 0.100192
v 0.139074 1.058071 -0.007768
v 0.114808 1.043660 -0.135413
v 0.007018 1.029289 -0.207970
v -0.121154 1.023374 -0.182937
v -0.194627 1.029382 -0.074976
v -0.170361 1.043793 0.052668
v -0.075978 1.284536 0.098510
v 0.048933 1.289608 0.074189
v 0.120513 1.283742 -0.030987
v 0.096831 1.270374 -0.155407
v -0.008241 1.257336 -0.226188
v -0.133152 1.252264 -0.201868
v -0.204732 1.258130 -0.096692
v -0.181049 1.271497 0.027729
v -0.086979 1.498272 0.074214
v 0.034666 1.502526 0.050601
v 0.104352 1.496809 -0.051791
v 0.081258 1.484469 -0.172983
v -0.021087 1.472735 -0.241982
v -0.142731 1.468481 -0.218369
v -0.212417 1.474199 -0.115976
v -0.189324 1.486539 0.005216
v -0.095646 1.689171 0.052684
v 0.022706 1.693045 0.029737
v 0.090509 1.687281 -0.069854
v 0.068044 1.675257 -0.187750
v -0.031529 1.664016 -0.254889
v -0.149881 1.660142 -0.231942
v -0.217683 1.665905 -0.132351
v -0.195218 1.677930 -0.014455
v -0.105799 1.904329 0.028004
v 0.009236 1.908290 0.005680
v 0.075168 1.902233 -0.091085
v 0.053374 1.889707 -0.205607
v -0.043378 1.878049 -0.270801
v -0.158413 1.874088 -0.248477
v -0.224345 1.880144 -0.151711
v -0.202552 1.892671 -0.037189
v -0.117034 2.120261 0.001268
v -0.005315 2.124296 -0.020434
v 0.058746 2.117963 -0.114372
v 0.037625 2.104973 -0.225518
v -0.056308 2.092934 -0.288765
v -0.168026 2.088900 -0.267062
v -0.232088 2.095233 -0.173125
v -0.210967 2.108223 -0.061978
v -0.127115 2.311277 -0.023781
v -0.018692 2.315009 -0.044822
v 0.043472 2.308903 -0.135984
v 0.022962 2.296537 -0.243867
v -0.068207 2.285154 -0.305273
v -0.176630 2.281423 -0.284233
v -0.238794 2.287528 -0.193070
v -0.218284 2.299894 -0.085188
v -0.137348 2.525147 -0.049510
v -0.032201 2.528172 -0.069850
v 0.028042 2.522746 -0.158281
v 0.008092 2.512048 -0.263001
v -0.080365 2.502344 -0.322667
v -0.185512 2.499319 -0.302326
v -0.245755 2.504745 -0.213895
v -0.225805 2.515444 -0.109175
v -0.145364 2.738661 -0.072296
v -0.043499 2.740999 -0.091945
v 0.014830 2.736213 -0.177636
v -0.004547 2.727108 -0.279173
v -0.090278 2.719018 -0.337076
v -0.192143 2.716680 -0.317428
v -0.250471 2.721465 -0.231737
v -0.231095 2.730570 -0.130200
v -0.151350 2.929745 -0.091537
v -0.052802 2.932237 -0.110566
v 0.003623 2.927836 -0.193493
v -0.015128 2.919118 -0.291740
v -0.098071 2.911192 -0.347755
v -0.196619 2.908700 -0.328726
v -0.253044 2.913101 -0.245799
v -0.234293 2.921818 -0.147552
v -0.160349 3.144953 -0.113892
v -0.065255 3.149987 -0.132508
v -0.010771 3.146575 -0.212724
v -0.028813 3.136716 -0.307550
v -0.108811 3.126184 -0.361439
v -0.203905 3.121150 -0.342823
v -0.258390 3.124563 -0.262608
v -0.240348 3.134422 -0.167781
v -0.180166 3.361429 -0.139289
v -0.088610 3.368999 -0.157517
v -0.036097 3.366616 -0.235033
v -0.053388 3.355676 -0.326431
v -0.130356 3.342588 -0.378170
v -0.221912 3.335018 -0.359942
v -0.274425 3.337401 -0.282425
v -0.257134 3.348341 -0.191027
v -0.200449 3.554276 -0.163526
v -0.111859 3.557381 -0.180685
v -0.061065 3.552902 -0.255198
v -0.077821 3.543463 -0.343416
v -0.152312 3.534593 -0.393663
v -0.240902 3.531487 -0.376504
v -0.291696 3.535966 -0.301991
v -0.274940 3.545405 -0.213773
v -0.199187 3.769016 -0.187276
v -0.114036 3.761398 -0.202975
v -0.065184 3.753415 -0.274423
v -0.081246 3.749743 -0.359767
v -0.152815 3.752534 -0.409014
v -0.237966 3.760152 -0.393316
v -0.286819 3.768135 -0.321867
v -0.270756 3.771806 -0.236523
v -0.165029 3.981122 -0.196881
v -0.084646 3.963729 -0.211601
v -0.038168 3.952750 -0.280157
v -0.052823 3.954617 -0.362391
v -0.120025 3.968236 -0.410131
v -0.200408 3.985629 -0.395412
v -0.246885 3.996608 -0.326855
v -0.232231 3.994741 -0.244621
v -0.111406 4.175677 -0.202546
v -0.035177 4.155092 -0.216485
v 0.008061 4.138727 -0.281995
v -0.007022 4.136168 -0.360703
v -0.071589 4.148914 -0.406502
v -0.147819 4.169498 -0.392564
v -0.191056 4.185863 -0.327053
v -0.175974 4.188423 -0.248345
v -0.057779 4.397333 -0.242042
v 0.015588 4.379112 -0.255648
v 0.055154 4.355300 -0.317028
v 0.037742 4.339847 -0.390225
v -0.026449 4.341805 -0.432363
v -0.099817 4.360026 -0.418757
v -0.139383 4.383837 -0.357377
v -0.121970 4.399291 -0.284179
v -0.024326 4.598390 -0.319558
v 0.046035 4.582197 -0.332999
v 0.082546 4.551808 -0.389008
v 0.063818 4.525023 -0.454777
v 0.000823 4.517534 -0.491777
v -0.069539 4.533727 -0.478336
v -0.106049 4.564116 -0.422327
v -0.087322 4.590900 -0.356559
v -0.002776 4.761588 -0.412158
v 0.064360 4.746162 -0.424994
v 0.098766 4.714014 -0.476885
v 0.080287 4.683975 -0.537434
v 0.019748 4.673642 -0.571172
v -0.047388 4.689067 -0.558336
v -0.081794 4.721216 -0.506445
v -0.063315 4.751255 -0.445896
v 0.020325 4.935616 -0.509681
v 0.084230 4.920917 -0.521891
v 0.117262 4.892412 -0.572344
v 0.100070 4.866800 -0.631484
v 0.042726 4.859084 -0.664668
v -0.021179 4.873784 -0.652458
v -0.054211 4.902289 -0.602005
v -0.037019 4.927900 -0.542865
v 0.260376 3.798565 0.345418
v 0.259197 3.814569 0.261322
v 0.204524 3.798565 0.197413
v 0.128383 3.759931 0.191129
v 0.075376 3.721296 0.246149
v 0.076555 3.705293 0.330245
v 0.131229 3.721296 0.394154
v 0.207370 3.759931 0.400438
v 0.162396 3.969759 0.389121
v 0.159150 3.989090 0.309196
v 0.105458 3.975836 0.248256
v 0.032770 3.937761 0.241999
v -0.016332 3.897169 0.294090
v -0.013087 3.877838 0.374015
v 0.040606 3.891092 0.434956
v 0.113293 3.929167 0.441213
v 0.063342 4.142970 0.433275
v 0.063067 4.156168 0.355411
v 0.013070 4.140563 0.296302
v -0.057360 4.105295 0.290574
v -0.106967 4.071024 0.341581
v -0.106691 4.057826 0.419445
v -0.056695 4.073431 0.478553
v 0.013735 4.108699 0.484282
v -0.038900 4.345199 0.448218
v -0.033175 4.345340 0.372779
v -0.077841 4.323650 0.315698
v -0.146734 4.292835 0.310411
v -0.199497 4.270945 0.360016
v -0.205223 4.270803 0.435455
v -0.160557 4.292493 0.492536
v -0.091664 4.323308 0.497823
v -0.092968 4.467954 0.428385
v -0.082403 4.455698 0.357881
v -0.122366 4.428278 0.304180
v -0.189445 4.401759 0.298739
v -0.244348 4.391673 0.344746
v -0.254912 4.403929 0.415249
v -0.214950 4.431348 0.468950
v -0.147870 4.457868 0.474391
v -0.134352 4.575524 0.391787
v -0.122497 4.558929 0.325852
v -0.159669 4.530127 0.275333
v -0.224092 4.505988 0.269825
v -0.278029 4.500653 0.312554
v -0.289884 4.517248 0.378490
v -0.252713 4.546051 0.429008
v -0.188289 4.570190 0.434516
v -0.180017 4.694685 0.352270
v -0.169900 4.682153 0.288576
v -0.205914 4.656495 0.239987
v -0.266962 4.632741 0.234964
v -0.317283 4.624807 0.276451
v -0.327399 4.637340 0.340145
v -0.291385 4.662998 0.388734
v -0.230337 4.686751 0.393757
v -0.256543 3.792936 -0.367770
v -0.276782 3.806257 -0.286170
v -0.237985 3.792936 -0.211586
v -0.162879 3.760775 -0.187707
v -0.095459 3.728614 -0.228521
v -0.075220 3.715292 -0.310120
v -0.114017 3.728614 -0.384705
v -0.189124 3.760775 -0.408584
v -0.167185 3.978368 -0.365636
v -0.187996 3.988182 -0.287117
v -0.152296 3.971864 -0.215326
v -0.080998 3.938973 -0.192318
v -0.015867 3.908776 -0.231570
v 0.004944 3.898962 -0.310089
v -0.030756 3.915280 -0.381879
v -0.102054 3.948171 -0.404888
v -0.082013 4.154530 -0.363191
v -0.100171 4.167980 -0.287992
v -0.063779 4.157055 -0.219277
v 0.005842 4.128155 -0.197297
v 0.067912 4.098209 -0.234929
v 0.086069 4.084759 -0.310129
v 0.049677 4.095684 -0.378844
v -0.019944 4.124584 -0.400824
v 0.000971 4.345870 -0.387882
v -0.012684 4.367870 -0.317258
v 0.026570 4.368110 -0.253093
v 0.095737 4.346449 -0.232972
v 0.154301 4.315576 -0.268683
v 0.167955 4.293576 -0.339307
v 0.128702 4.293336 -0.403473
v 0.059534 4.314998 -0.423593
v 0.050850 4.478383 -0.429853
v 0.040878 4.508141 -0.365142
v 0.082030 4.518616 -0.307096
v 0.150201 4.503671 -0.289718
v 0.205456 4.472061 -0.323188
v 0.215428 4.442302 -0.387899
v 0.174276 4.431827 -0.445945
v 0.106105 4.446772 -0.463323
v 0.090208 4.599058 -0.486665
v 0.081747 4.630838 -0.426439
v 0.122249 4.644810 -0.372837
v 0.187987 4.632790 -0.357258
v 0.240455 4.601818 -0.388828
v 0.248916 4.570037 -0.449055
v 0.208414 4.556065 -0.502657
v 0.142676 4.568086 -0.518236
v 0.136840 4.742895 -0.553637
v 0.128092 4.770887 -0.495270
v 0.165830 4.781534 -0.443028
v 0.227949 4.768598 -0.427513
v 0.278060 4.739657 -0.457814
v 0.286808 4.711665 -0.516181
v 0.249069 4.701018 -0.568423
v 0.186951 4.713954 -0.583938
v -0.200458 3.213345 -0.271395
v -0.201545 3.213586 -0.220874
v -0.166592 3.213345 -0.184379
v -0.116073 3.212762 -0.183290
v -0.079583 3.212179 -0.218243
v -0.078496 3.211938 -0.268764
v -0.113450 3.212180 -0.305259
v -0.163968 3.212762 -0.306348
v -0.192372 3.327174 -0.272506
v -0.193363 3.328407 -0.225368
v -0.160741 3.328106 -0.191305
v -0.113617 3.326449 -0.190272
v -0.079595 3.324406 -0.222873
v -0.078605 3.323174 -0.270011
v -0.111226 3.323474 -0.304073
v -0.158350 3.325131 -0.305107
v -0.184328 3.439013 -0.273592
v -0.185273 3.438850 -0.229807
v -0.154979 3.438668 -0.198178
v -0.111194 3.438575 -0.197234
v -0.079565 3.438624 -0.227527
v -0.078621 3.438788 -0.271312
v -0.108914 3.438969 -0.302941
v -0.152699 3.439063 -0.303885
v -0.184182 3.562434 -0.267773
v -0.184931 3.559218 -0.227482
v -0.156975 3.559229 -0.198279
v -0.116691 3.562461 -0.197272
v -0.087675 3.567020 -0.225050
v -0.086926 3.570236 -0.265342
v -0.114881 3.570226 -0.294544
v -0.155166 3.566994 -0.295552
v -0.195838 3.679913 -0.251392
v -0.196168 3.674124 -0.214790
v -0.170562 3.674294 -0.188002
v -0.134020 3.680325 -0.186720
v -0.107949 3.688682 -0.211694
v -0.107620 3.694471 -0.248295
v -0.133225 3.694301 -0.275083
v -0.169767 3.688271 -0.276366
v -0.213566 3.784501 -0.229816
v -0.213794 3.778839 -0.196607
v -0.190543 3.779144 -0.172230
v -0.157434 3.785238 -0.170965
v -0.133862 3.793551 -0.193552
v -0.133634 3.799214 -0.226761
v -0.156885 3.798909 -0.251138
v -0.189994 3.792814 -0.252404
v -0.230185 3.904079 -0.210248
v -0.230613 3.900257 -0.180173
v -0.209751 3.900892 -0.158180
v -0.179819 3.905614 -0.157153
v -0.158350 3.911655 -0.177693
v -0.157921 3.915478 -0.207768
v -0.178783 3.914843 -0.229761
v -0.208716 3.910121 -0.230788
v -0.244443 4.025198 -0.196278
v -0.244986 4.022878 -0.169432
v -0.226494 4.023794 -0.149847
v -0.199800 4.027409 -0.148995
v -0.180541 4.031606 -0.167375
v -0.179998 4.033926 -0.194220
v -0.198490 4.033010 -0.213806
v -0.225184 4.029395 -0.214658
v -0.254106 4.135113 -0.187187
v -0.254690 4.134184 -0.163630
v -0.238464 4.134522 -0.146521
v -0.214933 4.135928 -0.145882
v -0.197880 4.137579 -0.162087
v -0.197296 4.138508 -0.185644
v -0.213522 4.138171 -0.202753
v -0.237053 4.136765 -0.203392
v -0.249674 4.260095 -0.184214
v -0.250147 4.260629 -0.164013
v -0.236268 4.259541 -0.149358
v -0.216168 4.257468 -0.148833
v -0.201621 4.255624 -0.162746
v -0.201149 4.255090 -0.182947
v -0.215028 4.256178 -0.197602
v -0.235128 4.258251 -0.198127
v -0.220568 4.381231 -0.189508
v -0.220753 4.382777 -0.172735
v -0.209405 4.380719 -0.160458
v -0.193171 4.376264 -0.159868
v -0.181561 4.372021 -0.171311
v -0.181376 4.370475 -0.188083
v -0.192723 4.372533 -0.200360
v -0.208957 4.376988 -0.200950
v -0.180514 4.483123 -0.200148
v -0.180585 4.484642 -0.186758
v -0.171430 4.483276 -0.176965
v -0.158412 4.479827 -0.176504
v -0.149156 4.476314 -0.185647
v -0.149084 4.474795 -0.199036
v -0.158239 4.476160 -0.208830
v -0.171258 4.479609 -0.209290
v -0.154429 4.598825 -0.210380
v -0.154531 4.599680 -0.200310
v -0.147476 4.599771 -0.193074
v -0.137397 4.599044 -0.192911
v -0.130198 4.597926 -0.199916
v -0.130096 4.597070 -0.209985
v -0.137151 4.596979 -0.217221
v -0.147231 4.597706 -0.217385
v -0.155266 4.718163 -0.216461
v -0.155330 4.718550 -0.209734
v -0.150642 4.719362 -0.204964
v -0.143947 4.720126 -0.204944
v -0.139168 4.720392 -0.209686
v -0.139104 4.720006 -0.216413
v -0.143793 4.719193 -0.221183
v -0.150487 4.718430 -0.221203
v -0.171364 4.825516 -0.220249
v -0.171392 4.825685 -0.216885
v -0.169070 4.826238 -0.214508
v -0.165757 4.826852 -0.214511
v -0.163395 4.827167 -0.216892
v -0.163367 4.826999 -0.220256
v -0.165689 4.826445 -0.222633
v -0.169002 4.825831 -0.222630
v -0.189331 4.946659 -0.224816
v -0.189331 4.946659 -0.224816
v -0.189331 4.946659 -0.224816
v -0.189331 4.946659 -0.224816
v -0.189331 4.946659 -0.224816
v -0.189331 4.946659 -0.224816
v -0.189331 4.946659 -0.224816
v -0.189331 4.946659 -0.224816
v -0.190261 3.215738 -0.288220
v -0.206136 3.216040 -0.240181
v -0.183397 3.215738 -0.194984
v -0.135363 3.215007 -0.179105
v -0.090172 3.214276 -0.201847
v -0.074296 3.213974 -0.249887
v -0.097036 3.214276 -0.295083
v -0.145070 3.215007 -0.310962
v -0.182123 3.323687 -0.286490
v -0.196915 3.324825 -0.241658
v -0.175698 3.324330 -0.199473
v -0.130901 3.322491 -0.184646
v -0.088765 3.320385 -0.205863
v -0.073974 3.319247 -0.250695
v -0.095191 3.319743 -0.292880
v -0.139988 3.321582 -0.307707
v -0.174048 3.429341 -0.284748
v -0.187810 3.429287 -0.243114
v -0.168102 3.429104 -0.203943
v -0.126468 3.428898 -0.190182
v -0.087297 3.428790 -0.209890
v -0.073535 3.428844 -0.251525
v -0.093244 3.429027 -0.290695
v -0.134877 3.429233 -0.304457
v -0.174925 3.545783 -0.280022
v -0.187508 3.543136 -0.241642
v -0.169343 3.543557 -0.205473
v -0.131071 3.546800 -0.192702
v -0.095111 3.550965 -0.210810
v -0.082529 3.553612 -0.249190
v -0.100693 3.553190 -0.285359
v -0.138965 3.549948 -0.298131
v -0.189215 3.656901 -0.270631
v -0.200389 3.652064 -0.235582
v -0.183819 3.652993 -0.202397
v -0.149212 3.659144 -0.190516
v -0.116840 3.666914 -0.206897
v -0.105666 3.671751 -0.241946
v -0.122236 3.670822 -0.275131
v -0.156843 3.664671 -0.287013
v -0.210500 3.756337 -0.258983
v -0.220581 3.751581 -0.227147
v -0.205565 3.752650 -0.196962
v -0.174250 3.758919 -0.186109
v -0.144978 3.766714 -0.200946
v -0.134897 3.771470 -0.232782
v -0.149912 3.770401 -0.262967
v -0.181228 3.764132 -0.273820
v -0.230620 3.870324 -0.248505
v -0.239930 3.867208 -0.219779
v -0.226441 3.868290 -0.192605
v -0.198054 3.872938 -0.182900
v -0.171398 3.878428 -0.196351
v -0.162088 3.881544 -0.225077
v -0.175578 3.880462 -0.252251
v -0.203964 3.875814 -0.261955
v -0.245168 3.985389 -0.241800
v -0.253604 3.983621 -0.216229
v -0.241634 3.984715 -0.192069
v -0.216271 3.988029 -0.183473
v -0.192372 3.991622 -0.195476
v -0.183936 3.993389 -0.221047
v -0.195906 3.992296 -0.245207
v -0.221269 3.988982 -0.253803
v -0.254405 4.088925 -0.237493
v -0.261857 4.088019 -0.215107
v -0.251346 4.088632 -0.193973
v -0.229028 4.090405 -0.186472
v -0.207978 4.092300 -0.196997
v -0.200525 4.093206 -0.219383
v -0.211037 4.092593 -0.240517
v -0.233355 4.090819 -0.248018
v -0.256451 4.206032 -0.233250
v -0.262866 4.205958 -0.214055
v -0.253830 4.205807 -0.195947
v -0.234636 4.205667 -0.189532
v -0.216527 4.205621 -0.198569
v -0.210112 4.205695 -0.217764
v -0.219148 4.205846 -0.235872
v -0.238343 4.205985 -0.242287
v -0.246521 4.322467 -0.230392
v -0.251836 4.323020 -0.214396
v -0.244334 4.322338 -0.199306
v -0.228410 4.320820 -0.193963
v -0.213391 4.319355 -0.201496
v -0.208077 4.318801 -0.217492
v -0.215579 4.319484 -0.232582
v -0.231503 4.321002 -0.237925
v -0.229283 4.424659 -0.228010
v -0.233556 4.424892 -0.215214
v -0.227587 4.424031 -0.203145
v -0.214871 4.422579 -0.198872
v -0.202859 4.421388 -0.204899
v -0.198586 4.421154 -0.217694
v -0.204555 4.422016 -0.229763
v -0.217270 4.423467 -0.234036
v -0.216755 4.538839 -0.220469
v -0.220012 4.538284 -0.210904
v -0.215546 4.537495 -0.201858
v -0.205971 4.536936 -0.198631
v -0.196898 4.536933 -0.203111
v -0.193641 4.537488 -0.212676
v -0.198108 4.538277 -0.221721
v -0.207682 4.538836 -0.224949
v -0.214687 4.653031 -0.206202
v -0.216858 4.652177 -0.199872
v -0.213880 4.651552 -0.193851
v -0.207497 4.651522 -0.191667
v -0.201449 4.652105 -0.194598
v -0.199278 4.652959 -0.200928
v -0.202256 4.653584 -0.206948
v -0.208639 4.653614 -0.209133
v -0.217842 4.754333 -0.188561
v -0.218923 4.753811 -0.185408
v -0.217433 4.753471 -0.182402
v -0.214244 4.753511 -0.181302
v -0.211225 4.753910 -0.182753
v -0.210145 4.754433 -0.185905
v -0.211635 4.754773 -0.188912
v -0.214824 4.754732 -0.190012
v -0.221560 4.868247 -0.169297
v -0.221560 4.868247 -0.169297
v -0.221560 4.868247 -0.169297
v -0.221560 4.868247 -0.169297
v -0.221560 4.868247 -0.169297
v -0.221560 4.868247 -0.169297
v -0.221560 4.868247 -0.169297
v -0.221560 4.868247 -0.169297
v 0.102539 3.232331 0.197691
v 0.079208 3.235705 0.242696
v 0.094012 3.232331 0.291179
v 0.138281 3.224187 0.314740
v 0.186082 3.216043 0.299577
v 0.209414 3.212669 0.254572
v 0.194609 3.216043 0.206089
v 0.150340 3.224187 0.182528
v 0.125182 3.347093 0.194332
v 0.103914 3.353167 0.236276
v 0.118300 3.353285 0.281459
v 0.159912 3.347378 0.303414
v 0.204375 3.338906 0.289280
v 0.225643 3.332832 0.247336
v 0.211257 3.332714 0.202153
v 0.169645 3.338621 0.180198
v 0.149283 3.470224 0.190870
v 0.128863 3.472019 0.229839
v 0.141472 3.467834 0.271818
v 0.179723 3.460122 0.292217
v 0.221210 3.453400 0.279087
v 0.241630 3.451605 0.240118
v 0.229021 3.455790 0.198138
v 0.190770 3.463502 0.177739
v 0.177142 3.608041 0.215489
v 0.156772 3.601228 0.249994
v 0.166741 3.588072 0.287136
v 0.201211 3.576280 0.305156
v 0.239988 3.572759 0.293500
v 0.260359 3.579571 0.258995
v 0.250389 3.592727 0.221854
v 0.215919 3.604520 0.203833
v 0.202225 3.728682 0.276263
v 0.182193 3.715106 0.304592
v 0.189844 3.695021 0.335024
v 0.220696 3.680191 0.349734
v 0.256676 3.679305 0.340103
v 0.276708 3.692881 0.311774
v 0.269057 3.712966 0.281341
v 0.238205 3.727795 0.266632
v 0.222915 3.820237 0.351314
v 0.204315 3.805948 0.375748
v 0.210768 3.785183 0.401717
v 0.238496 3.770107 0.414008
v 0.271255 3.769551 0.405422
v 0.289856 3.783840 0.380988
v 0.283402 3.804604 0.355019
v 0.255674 3.819681 0.342728
v 0.249138 3.920752 0.428413
v 0.232833 3.909699 0.451677
v 0.238898 3.892076 0.475799
v 0.263780 3.878204 0.486647
v 0.292903 3.876210 0.477868
v 0.309208 3.887262 0.454604
v 0.303143 3.904886 0.430482
v 0.278261 3.918758 0.419634
v 0.283927 4.024606 0.495656
v 0.269898 4.016348 0.517317
v 0.275541 4.001532 0.539291
v 0.297549 3.988835 0.548704
v 0.323031 3.985696 0.540044
v 0.337060 3.993953 0.518383
v 0.331418 4.008770 0.496409
v 0.309409 4.021467 0.486996
v 0.318813 4.116413 0.552690
v 0.306687 4.109674 0.571917
v 0.311903 4.097616 0.591653
v 0.331405 4.087302 0.600338
v 0.353770 4.084774 0.592883
v 0.365895 4.091513 0.573655
v 0.360679 4.103571 0.553919
v 0.341177 4.113885 0.545235
v 0.347883 4.224231 0.610002
v 0.337463 4.218336 0.626423
v 0.342248 4.209392 0.644033
v 0.359436 4.202636 0.652514
v 0.378957 4.202027 0.646900
v 0.389378 4.207922 0.630479
v 0.384592 4.216866 0.612869
v 0.367405 4.223622 0.604388
v 0.360954 4.337900 0.663130
v 0.352258 4.332869 0.676763
v 0.356371 4.326612 0.691953
v 0.370884 4.322796 0.699802
v 0.387295 4.323655 0.695712
v 0.395991 4.328686 0.682078
v 0.391878 4.334942 0.666888
v 0.377365 4.338758 0.659039
v 0.364032 4.443784 0.705650
v 0.357102 4.440377 0.716782
v 0.360426 4.436114 0.729205
v 0.372055 4.433493 0.735642
v 0.385179 4.434047 0.732322
v 0.392108 4.437454 0.721189
v 0.388784 4.441717 0.708766
v 0.377155 4.444339 0.702330
v 0.376315 4.565627 0.745739
v 0.371204 4.564030 0.754375
v 0.373728 4.561188 0.763798
v 0.382409 4.558765 0.768489
v 0.392163 4.558181 0.765700
v 0.397275 4.559778 0.757065
v 0.394750 4.562620 0.747642
v 0.386069 4.565042 0.742951
v 0.402695 4.687385 0.777586
v 0.399404 4.686965 0.783492
v 0.401132 4.685319 0.789832
v 0.406866 4.683411 0.792892
v 0.413248 4.682359 0.790879
v 0.416539 4.682779 0.784973
v 0.414811 4.684425 0.778633
v 0.409077 4.686333 0.775574
v 0.434020 4.795816 0.798841
v 0.432408 4.795744 0.801819
v 0.433289 4.794991 0.805001
v 0.436147 4.793996 0.806524
v 0.439307 4.793344 0.805495
v 0.440918 4.793416 0.802517
v 0.440038 4.794169 0.799334
v 0.437180 4.795164 0.797812
v 0.468564 4.917832 0.822650
v 0.468564 4.917832 0.822650
v 0.468564 4.917832 0.822650
v 0.468564 4.917832 0.822650
v 0.468564 4.917832 0.822650
v 0.468564 4.917832 0.822650
v 0.468564 4.917832 0.822650
v 0.468564 4.917832 0.822650
v -0.207099 3.229483 -0.235842
v -0.180449 3.230186 -0.192419
v -0.130905 3.229483 -0.180536
v -0.087490 3.227783 -0.207154
v -0.075635 3.226084 -0.256680
v -0.102285 3.225380 -0.300103
v -0.151829 3.226084 -0.311986
v -0.195244 3.227783 -0.285369
v -0.199080 3.343308 -0.242964
v -0.174184 3.344801 -0.202471
v -0.127949 3.343951 -0.191372
v -0.087457 3.341255 -0.216168
v -0.076430 3.338293 -0.262334
v -0.101325 3.336801 -0.302826
v -0.147561 3.337651 -0.313925
v -0.188052 3.340347 -0.289129
v -0.191116 3.454950 -0.249998
v -0.168026 3.455252 -0.212357
v -0.125086 3.454713 -0.202060
v -0.087452 3.453650 -0.225139
v -0.077168 3.452686 -0.268074
v -0.100259 3.452384 -0.305715
v -0.143198 3.452923 -0.316011
v -0.180833 3.453986 -0.292933
v -0.186480 3.578304 -0.248299
v -0.165160 3.576028 -0.213630
v -0.125525 3.576106 -0.204108
v -0.090792 3.578494 -0.225310
v -0.081307 3.581791 -0.264817
v -0.102627 3.584068 -0.299486
v -0.142262 3.583989 -0.309008
v -0.176995 3.581601 -0.287805
v -0.187280 3.696361 -0.232702
v -0.167641 3.691896 -0.201228
v -0.131331 3.692503 -0.192431
v -0.099619 3.697825 -0.211464
v -0.091082 3.704745 -0.247177
v -0.110720 3.709209 -0.278651
v -0.147031 3.708603 -0.287448
v -0.178743 3.703281 -0.268416
v -0.191017 3.802368 -0.209944
v -0.173143 3.797991 -0.181392
v -0.140140 3.798656 -0.173373
v -0.111342 3.803973 -0.190585
v -0.103617 3.810829 -0.222946
v -0.121491 3.815206 -0.251499
v -0.154493 3.814541 -0.259518
v -0.183292 3.809223 -0.242305
v -0.193752 3.923652 -0.190042
v -0.177754 3.921136 -0.164111
v -0.148061 3.921879 -0.156870
v -0.122066 3.925446 -0.172561
v -0.114997 3.929746 -0.201992
v -0.130995 3.932262 -0.227923
v -0.160688 3.931519 -0.235164
v -0.186683 3.927953 -0.219473
v -0.196195 4.046098 -0.179100
v -0.182042 4.045122 -0.155922
v -0.155657 4.045959 -0.149467
v -0.132497 4.048121 -0.163518
v -0.126128 4.050341 -0.189843
v -0.140281 4.051318 -0.213022
v -0.166665 4.050480 -0.219476
v -0.189825 4.048318 -0.205425
v -0.196539 4.156703 -0.174274
v -0.184159 4.156014 -0.153984
v -0.161050 4.155818 -0.148386
v -0.140748 4.156230 -0.160759
v -0.135146 4.157009 -0.183855
v -0.147526 4.157698 -0.204144
v -0.170635 4.157894 -0.209743
v -0.190937 4.157482 -0.197370
v -0.186666 4.281557 -0.172718
v -0.176103 4.280124 -0.155346
v -0.156417 4.277810 -0.150598
v -0.139141 4.275971 -0.161254
v -0.134395 4.275684 -0.181073
v -0.144958 4.277117 -0.198445
v -0.164643 4.279430 -0.203193
v -0.181919 4.281269 -0.192537
v -0.159511 4.403598 -0.172457
v -0.150833 4.401688 -0.157983
v -0.134742 4.397958 -0.154030
v -0.120663 4.394594 -0.162915
v -0.116844 4.393566 -0.179433
v -0.125522 4.395476 -0.193908
v -0.141614 4.399206 -0.197860
v -0.155693 4.402570 -0.188975
v -0.125536 4.507820 -0.175750
v -0.118465 4.506856 -0.164187
v -0.105532 4.504132 -0.161033
v -0.094314 4.501244 -0.168135
v -0.091382 4.499882 -0.181333
v -0.098454 4.500846 -0.192895
v -0.111387 4.503570 -0.196049
v -0.122605 4.506458 -0.188947
v -0.101626 4.624822 -0.186077
v -0.096134 4.625335 -0.177508
v -0.086209 4.624774 -0.175265
v -0.077665 4.623468 -0.180663
v -0.075506 4.622181 -0.190539
v -0.080998 4.621667 -0.199108
v -0.090924 4.622228 -0.201351
v -0.099468 4.623535 -0.195953
v -0.097515 4.743660 -0.203877
v -0.093844 4.744830 -0.198282
v -0.087214 4.745440 -0.196927
v -0.081511 4.745132 -0.200606
v -0.080074 4.744088 -0.207163
v -0.083746 4.742918 -0.212759
v -0.090375 4.742309 -0.214114
v -0.096079 4.742616 -0.210435
v -0.105124 4.849813 -0.226005
v -0.103302 4.850568 -0.223238
v -0.100003 4.851061 -0.222596
v -0.097159 4.851004 -0.224453
v -0.096437 4.850431 -0.227723
v -0.098259 4.849677 -0.230489
v -0.101558 4.849184 -0.231131
v -0.104401 4.849241 -0.229274
v -0.113723 4.969539 -0.250576
v -0.113723 4.969539 -0.250576
v -0.113723 4.969539 -0.250576
v -0.113723 4.969539 -0.250576
v -0.113723 4.969539 -0.250576
v -0.113723 4.969539 -0.250576
v -0.113723 4.969539 -0.250576
v -0.113723 4.969539 -0.250576
v -0.001940 4.969501 0.236954
v 0.064207 4.973990 0.244271
v 0.116610 4.969501 0.203248
v 0.124572 4.958664 0.137916
v 0.083430 4.947826 0.086546
v 0.017283 4.943337 0.079229
v -0.035120 4.947826 0.120252
v -0.043082 4.958664 0.185584
v -0.012090 5.195084 0.187639
v 0.049612 5.199942 0.194346
v 0.098547 5.195273 0.156146
v 0.106050 5.183812 0.095417
v 0.067726 5.172272 0.047733
v 0.006024 5.167414 0.041027
v -0.042911 5.172083 0.079227
v -0.050414 5.183545 0.139956
v -0.022080 5.417608 0.138879
v 0.035259 5.421252 0.145262
v 0.080667 5.417539 0.109679
v 0.087544 5.408643 0.052975
v 0.051862 5.399776 0.008366
v -0.005477 5.396133 0.001984
v -0.050884 5.399846 0.037566
v -0.057761 5.408741 0.094270
v -0.027649 5.665316 0.101583
v 0.025349 5.665637 0.107786
v 0.067217 5.664243 0.074732
v 0.073429 5.661950 0.021784
v 0.040345 5.660101 -0.020043
v -0.012653 5.659780 -0.026247
v -0.054521 5.661174 0.006807
v -0.060732 5.663467 0.059756
v -0.017045 5.910730 0.106922
v 0.031472 5.908090 0.112555
v 0.069893 5.908763 0.082291
v 0.075713 5.912356 0.033857
v 0.045521 5.916763 -0.004374
v -0.002996 5.919404 -0.010008
v -0.041418 5.918730 0.020256
v -0.047237 5.915138 0.068690
v -0.000859 6.139196 0.128389
v 0.043304 6.139048 0.133582
v 0.078202 6.138430 0.106030
v 0.083392 6.137705 0.061872
v 0.055834 6.137297 0.026976
v 0.011671 6.137445 0.021783
v -0.023227 6.138063 0.049335
v -0.028417 6.138788 0.093492
v -0.010369 6.388067 0.085907
v 0.028880 6.395061 0.089414
v 0.060466 6.391964 0.065033
v 0.065886 6.380591 0.027047
v 0.041966 6.367604 -0.002293
v 0.002717 6.360610 -0.005799
v -0.028869 6.363707 0.018582
v -0.034289 6.375080 0.056568
v -0.065638 6.607457 -0.032629
v -0.032130 6.619400 -0.032342
v -0.003613 6.614818 -0.053110
v 0.003208 6.596394 -0.082767
v -0.015662 6.574921 -0.103941
v -0.049170 6.562978 -0.104228
v -0.077687 6.567560 -0.083460
v -0.084508 6.585984 -0.053803
v -0.136424 6.768039 -0.188549
v -0.107226 6.778828 -0.188589
v -0.081253 6.771983 -0.204320
v -0.073719 6.751512 -0.226526
v -0.089038 6.729408 -0.242199
v -0.118235 6.718619 -0.242159
v -0.144208 6.725464 -0.226429
v -0.151742 6.745935 -0.204223
v -0.178576 6.930196 -0.385408
v -0.152873 6.936611 -0.382234
v -0.129776 6.927249 -0.391761
v -0.122816 6.907595 -0.408408
v -0.136069 6.889163 -0.422424
v -0.161771 6.882748 -0.425598
v -0.184868 6.892110 -0.416071
v -0.191828 6.911764 -0.399424
v -0.161759 7.081886 -0.586281
v -0.140456 7.085067 -0.580768
v -0.121355 7.074547 -0.585103
v -0.115644 7.056487 -0.596746
v -0.126670 7.041467 -0.608878
v -0.147973 7.038286 -0.614391
v -0.167075 7.048806 -0.610056
v -0.172785 7.066866 -0.598413
v -0.113523 7.192876 -0.777590
v -0.096517 7.195292 -0.772971
v -0.081466 7.186063 -0.775127
v -0.077185 7.170595 -0.782795
v -0.086184 7.157949 -0.791484
v -0.103190 7.155533 -0.796103
v -0.118242 7.164762 -0.793947
v -0.122522 7.180230 -0.786279
v -0.076330 7.297930 -1.000964
v -0.063397 7.300390 -0.998806
v -0.052048 7.293685 -1.000862
v -0.048932 7.281744 -1.005926
v -0.055873 7.271560 -1.011032
v -0.068806 7.269100 -1.013189
v -0.080154 7.275804 -1.011134
v -0.083271 7.287746 -1.006070
v -0.069527 7.385144 -1.232040
v -0.060877 7.387138 -1.231497
v -0.053303 7.382776 -1.233141
v -0.051241 7.374614 -1.236009
v -0.055900 7.367433 -1.238421
v -0.064550 7.365439 -1.238964
v -0.072124 7.369801 -1.237320
v -0.074186 7.377963 -1.234452
v -0.076332 7.443480 -1.445440
v -0.072012 7.444530 -1.445330
v -0.068225 7.442351 -1.446158
v -0.067189 7.438221 -1.447439
v -0.069511 7.434558 -1.448422
v -0.073831 7.433509 -1.448532
v -0.077618 7.435688 -1.447704
v -0.078654 7.439818 -1.446423
v -0.083803 7.510334 -1.684447
v -0.083803 7.510334 -1.684447
v -0.083803 7.510334 -1.684447
v -0.083803 7.510334 -1.684447
v -0.083803 7.510334 -1.684447
v -0.083803 7.510334 -1.684447
v -0.083803 7.510334 -1.684447
v -0.083803 7.510334 -1.684447
v -0.044184 4.916002 -0.548249
v 0.008054 4.923728 -0.507498
v 0.074041 4.916002 -0.513421
v 0.115123 4.897350 -0.562547
v 0.107235 4.878699 -0.626100
v 0.054998 4.870973 -0.666851
v -0.010989 4.878699 -0.660928
v -0.052072 4.897350 -0.611802
v -0.001486 5.148664 -0.634686
v 0.047110 5.154607 -0.596231
v 0.108175 5.143229 -0.600378
v 0.145939 5.121196 -0.644696
v 0.138279 5.101414 -0.703225
v 0.089683 5.095471 -0.741679
v 0.028618 5.106849 -0.737533
v -0.009146 5.128882 -0.693215
v 0.039467 5.366417 -0.716274
v 0.084777 5.373618 -0.681105
v 0.142091 5.368581 -0.686725
v 0.177833 5.354259 -0.729841
v 0.171068 5.339039 -0.785198
v 0.125758 5.331838 -0.820367
v 0.068444 5.336874 -0.814748
v 0.032702 5.351197 -0.771631
v 0.036162 5.606102 -0.769636
v 0.077758 5.616635 -0.737913
v 0.129891 5.625038 -0.745591
v 0.162023 5.626389 -0.788172
v 0.155331 5.619896 -0.840712
v 0.113736 5.609364 -0.872435
v 0.061603 5.600961 -0.864757
v 0.029471 5.599610 -0.822176
v -0.031443 5.832742 -0.770078
v 0.005632 5.845932 -0.741026
v 0.049872 5.865544 -0.748153
v 0.075362 5.880090 -0.787286
v 0.067169 5.881048 -0.835500
v 0.030093 5.867858 -0.864552
v -0.014147 5.848246 -0.857424
v -0.039636 5.833700 -0.818292
v -0.137422 6.035786 -0.735861
v -0.104179 6.048771 -0.709334
v -0.065193 6.069251 -0.715505
v -0.043302 6.085228 -0.750760
v -0.051329 6.087345 -0.794446
v -0.084572 6.074359 -0.820972
v -0.123558 6.053880 -0.814801
v -0.145449 6.037902 -0.779547
v -0.244855 6.281637 -0.714636
v -0.214735 6.292873 -0.690799
v -0.177970 6.307557 -0.696664
v -0.156097 6.317086 -0.728795
v -0.161928 6.315878 -0.768371
v -0.192048 6.304642 -0.792208
v -0.228812 6.289958 -0.786343
v -0.250686 6.280429 -0.754211
v -0.324399 6.535804 -0.727894
v -0.297514 6.545470 -0.706698
v -0.263697 6.555246 -0.711832
v -0.242757 6.559406 -0.740288
v -0.246961 6.555512 -0.775397
v -0.273846 6.545846 -0.796594
v -0.307663 6.536070 -0.791460
v -0.328603 6.531910 -0.763004
v -0.380263 6.763622 -0.755355
v -0.356405 6.770782 -0.736688
v -0.326164 6.776808 -0.740947
v -0.307257 6.778170 -0.765636
v -0.310757 6.774070 -0.796293
v -0.334616 6.766911 -0.814960
v -0.364856 6.760884 -0.810701
v -0.383763 6.759522 -0.786012
v -0.417277 7.022988 -0.786753
v -0.396485 7.026967 -0.770513
v -0.370117 7.029300 -0.773848
v -0.353618 7.028621 -0.794804
v -0.356653 7.025327 -0.821106
v -0.377445 7.021348 -0.837346
v -0.403813 7.019015 -0.834011
v -0.420312 7.019694 -0.813055
v -0.423667 7.283508 -0.819975
v -0.406256 7.285015 -0.806231
v -0.384168 7.284531 -0.808726
v -0.370342 7.282341 -0.826001
v -0.372878 7.279726 -0.847934
v -0.390289 7.278218 -0.861678
v -0.412377 7.278702 -0.859183
v -0.426203 7.280893 -0.841909
v -0.404617 7.513807 -0.851306
v -0.390714 7.514112 -0.840216
v -0.373063 7.513058 -0.842143
v -0.362004 7.511264 -0.855958
v -0.364014 7.509779 -0.873568
v -0.377917 7.509475 -0.884659
v -0.395568 7.510528 -0.882732
v -0.406628 7.512322 -0.868917
v -0.389423 7.771630 -0.868679
v -0.379003 7.771619 -0.860349
v -0.365746 7.771445 -0.861825
v -0.357417 7.771212 -0.872244
v -0.358896 7.771054 -0.885501
v -0.369316 7.771066 -0.893831
v -0.382573 7.771239 -0.892354
v -0.390901 7.771473 -0.881936
v -0.388436 8.030152 -0.863706
v -0.381489 8.029969 -0.858157
v -0.372653 8.030248 -0.859131
v -0.367105 8.030823 -0.866058
v -0.368095 8.031358 -0.874880
v -0.375043 8.031541 -0.880430
v -0.383878 8.031262 -0.879455
v -0.389426 8.030687 -0.872528
v -0.390969 8.260678 -0.844157
v -0.387493 8.260528 -0.841387
v -0.383077 8.260718 -0.841870
v -0.380307 8.261139 -0.845323
v -0.380806 8.261544 -0.849724
v -0.384281 8.261695 -0.852493
v -0.388697 8.261504 -0.852010
v -0.391467 8.261084 -0.848557
v -0.394274 8.519953 -0.822511
v -0.394274 8.519953 -0.822511
v -0.394274 8.519953 -0.822511
v -0.394274 8.519953 -0.822511
v -0.394274 8.519953 -0.822511
v -0.394274 8.519953 -0.822511
v -0.394274 8.519953 -0.822511
v -0.394274 8.519953 -0.822511
v -0.235067 4.675511 0.397639
v -0.180529 4.682041 0.361593
v -0.165896 4.675511 0.297878
v -0.199739 4.659746 0.243819
v -0.262233 4.643981 0.231082
v -0.316770 4.637451 0.267128
v -0.331403 4.643981 0.330842
v -0.297561 4.659746 0.384902
v -0.283033 4.866760 0.359831
v -0.232286 4.873521 0.326081
v -0.218513 4.866928 0.266694
v -0.249780 4.850845 0.216459
v -0.307773 4.834692 0.204802
v -0.358519 4.827931 0.238552
v -0.372293 4.834524 0.297938
v -0.341025 4.850607 0.348174
v -0.330278 5.054881 0.322520
v -0.282959 5.060294 0.291317
v -0.270317 5.054819 0.236071
v -0.299757 5.041662 0.189143
v -0.354034 5.028532 0.178024
v -0.401353 5.023118 0.209227
v -0.413995 5.028594 0.264474
v -0.384555 5.041750 0.311401
v -0.369537 5.267796 0.289653
v -0.325509 5.270803 0.261106
v -0.314016 5.266759 0.209979
v -0.341791 5.258032 0.166221
v -0.392564 5.249735 0.155464
v -0.436592 5.246727 0.184011
v -0.448085 5.250772 0.235138
v -0.420309 5.259498 0.278896
v -0.391758 5.476888 0.264397
v -0.351201 5.477757 0.238405
v -0.340762 5.474962 0.191454
v -0.366555 5.470140 0.151048
v -0.413471 5.466115 0.140856
v -0.454027 5.465245 0.166848
v -0.464467 5.468040 0.213799
v -0.438674 5.472863 0.254205
v -0.399831 5.664442 0.248160
v -0.362940 5.664774 0.224554
v -0.353525 5.663788 0.181790
v -0.377102 5.662063 0.144919
v -0.419860 5.660608 0.135539
v -0.456751 5.660276 0.159145
v -0.466166 5.661262 0.201908
v -0.442589 5.662988 0.238780
v -0.404498 5.875284 0.242090
v -0.371318 5.876687 0.220854
v -0.362900 5.878529 0.182388
v -0.384176 5.879731 0.149225
v -0.422683 5.879590 0.140793
v -0.455863 5.878187 0.162029
v -0.464280 5.876344 0.200495
v -0.443004 5.875142 0.233657
v -0.407542 6.085897 0.255838
v -0.378054 6.088140 0.237044
v -0.370587 6.092282 0.203061
v -0.389514 6.095896 0.173796
v -0.423748 6.096865 0.166392
v -0.453236 6.094622 0.185185
v -0.460703 6.090480 0.219168
v -0.441776 6.086866 0.248433
v -0.406002 6.277298 0.279360
v -0.380206 6.278524 0.262835
v -0.373679 6.281320 0.233009
v -0.390244 6.284048 0.207354
v -0.420197 6.285110 0.200899
v -0.445992 6.283884 0.217424
v -0.452519 6.281089 0.247250
v -0.435955 6.278361 0.272904
v -0.403562 6.496892 0.282748
v -0.381492 6.495622 0.268539
v -0.375967 6.494020 0.242897
v -0.390223 6.493022 0.220843
v -0.415909 6.493215 0.215296
v -0.437979 6.494485 0.229505
v -0.443505 6.496088 0.255147
v -0.429249 6.497085 0.277201
v -0.399304 6.712723 0.242825
v -0.380958 6.709712 0.231252
v -0.376432 6.705043 0.210340
v -0.388377 6.701452 0.192340
v -0.409796 6.701041 0.187796
v -0.428142 6.704052 0.199369
v -0.432668 6.708721 0.220281
v -0.420723 6.712312 0.238281
v -0.394871 6.897398 0.185797
v -0.380187 6.895345 0.176463
v -0.376561 6.891888 0.159676
v -0.386117 6.889050 0.145268
v -0.403256 6.888494 0.141680
v -0.417939 6.890547 0.151014
v -0.421565 6.894005 0.167802
v -0.412010 6.896842 0.182210
v -0.397673 7.105425 0.152540
v -0.386680 7.105582 0.145345
v -0.383987 7.105311 0.132487
v -0.391171 7.104773 0.121498
v -0.404025 7.104282 0.118816
v -0.415018 7.104125 0.126012
v -0.417711 7.104396 0.138869
v -0.410527 7.104935 0.149858
v -0.410608 7.316220 0.163061
v -0.403339 7.317451 0.158329
v -0.401626 7.318810 0.149847
v -0.406472 7.319501 0.142582
v -0.415038 7.319120 0.140791
v -0.422307 7.317890 0.145523
v -0.424020 7.316531 0.154005
v -0.419174 7.315839 0.161270
v -0.429238 7.503651 0.197728
v -0.425622 7.504482 0.195401
v -0.424790 7.505451 0.191211
v -0.427229 7.505989 0.187613
v -0.431511 7.505781 0.186715
v -0.435127 7.504950 0.189042
v -0.435959 7.503981 0.193231
v -0.433520 7.503443 0.196829
v -0.449788 7.714978 0.236347
v -0.449788 7.714978 0.236347
v -0.449788 7.714978 0.236347
v -0.449788 7.714978 0.236347
v -0.449788 7.714978 0.236347
v -0.449788 7.714978 0.236347
v -0.449788 7.714978 0.236347
v -0.449788 7.714978 0.236347
v 0.125244 4.761838 -0.495567
v 0.160073 4.770356 -0.440967
v 0.222655 4.761838 -0.424302
v 0.276330 4.741276 -0.455334
v 0.289656 4.720713 -0.515884
v 0.254826 4.712196 -0.570484
v 0.192244 4.720713 -0.587149
v 0.138569 4.741276 -0.556117
v 0.171821 4.953773 -0.572549
v 0.205280 4.966181 -0.523119
v 0.263992 4.959650 -0.508051
v 0.313565 4.938005 -0.536173
v 0.324960 4.913925 -0.591011
v 0.291501 4.901516 -0.640441
v 0.232789 4.908048 -0.655509
v 0.183216 4.929693 -0.627387
v 0.218022 5.143946 -0.648949
v 0.247820 5.149517 -0.601139
v 0.301934 5.141560 -0.586539
v 0.348666 5.124735 -0.613704
v 0.360640 5.108898 -0.666719
v 0.330842 5.103327 -0.714530
v 0.276728 5.111284 -0.729129
v 0.229996 5.128109 -0.701965
v 0.270792 5.361035 -0.674714
v 0.295283 5.351946 -0.629456
v 0.344359 5.340469 -0.615653
v 0.389273 5.333327 -0.641391
v 0.403715 5.334704 -0.691594
v 0.379224 5.343793 -0.736852
v 0.330148 5.355270 -0.750655
v 0.285234 5.362412 -0.724917
v 0.317447 5.563732 -0.615005
v 0.337244 5.542508 -0.576897
v 0.381471 5.528294 -0.565213
v 0.424220 5.529417 -0.586796
v 0.440450 5.545218 -0.629003
v 0.420653 5.566443 -0.667111
v 0.376426 5.580657 -0.678795
v 0.333677 5.579534 -0.657212
v 0.357827 5.734931 -0.507721
v 0.375227 5.712893 -0.474435
v 0.415060 5.698261 -0.464659
v 0.453993 5.699605 -0.484119
v 0.469220 5.716138 -0.521417
v 0.451821 5.738175 -0.554704
v 0.411988 5.752808 -0.564480
v 0.373055 5.751463 -0.545019
v 0.417563 5.937420 -0.415926
v 0.434493 5.922176 -0.384036
v 0.470136 5.908259 -0.375552
v 0.503611 5.903822 -0.395445
v 0.515310 5.911463 -0.432062
v 0.498379 5.926706 -0.463953
v 0.462737 5.940623 -0.472436
v 0.429261 5.945061 -0.452543
v 0.499815 6.146527 -0.380660
v 0.516322 6.137064 -0.351477
v 0.547720 6.123898 -0.344098
v 0.575619 6.114742 -0.362847
v 0.583674 6.114959 -0.396740
v 0.567168 6.124422 -0.425923
v 0.535769 6.137588 -0.433301
v 0.507871 6.146744 -0.414552
v 0.583635 6.328741 -0.376283
v 0.598714 6.322092 -0.350639
v 0.626444 6.311229 -0.344139
v 0.650582 6.302516 -0.360591
v 0.656987 6.301055 -0.390358
v 0.641908 6.307704 -0.416002
v 0.614178 6.318567 -0.422502
v 0.590041 6.327281 -0.406050
v 0.660420 6.535751 -0.369441
v 0.673430 6.530304 -0.347447
v 0.697785 6.522727 -0.341782
v 0.719219 6.517459 -0.355765
v 0.725176 6.517587 -0.381204
v 0.712166 6.523034 -0.403199
v 0.687810 6.530611 -0.408864
v 0.666377 6.535879 -0.394881
v 0.718505 6.747972 -0.347059
v 0.729399 6.743642 -0.328711
v 0.750057 6.738765 -0.323857
v 0.768377 6.736198 -0.335340
v 0.773628 6.737444 -0.356434
v 0.762733 6.741774 -0.374783
v 0.742076 6.746651 -0.379637
v 0.723756 6.749218 -0.368153
v 0.757726 6.940895 -0.325949
v 0.766631 6.938510 -0.311170
v 0.783371 6.935822 -0.307174
v 0.798139 6.934404 -0.316301
v 0.802284 6.935087 -0.333206
v 0.793379 6.937471 -0.347985
v 0.776639 6.940159 -0.351981
v 0.761871 6.941577 -0.342854
v 0.788022 7.161180 -0.318503
v 0.794851 7.160728 -0.307375
v 0.807518 7.159710 -0.304345
v 0.818603 7.158724 -0.311189
v 0.821612 7.158347 -0.323896
v 0.814782 7.158800 -0.335024
v 0.802115 7.159817 -0.338053
v 0.791030 7.160803 -0.331210
v 0.805517 7.382311 -0.332205
v 0.810117 7.382910 -0.324834
v 0.818597 7.382913 -0.322850
v 0.825990 7.382319 -0.327415
v 0.827965 7.381476 -0.335856
v 0.823365 7.380877 -0.343227
v 0.814885 7.380874 -0.345211
v 0.807492 7.381468 -0.340646
v 0.809107 7.579494 -0.359185
v 0.811408 7.579993 -0.355522
v 0.815649 7.580158 -0.354549
v 0.819346 7.579893 -0.356835
v 0.820333 7.579352 -0.361042
v 0.818032 7.578853 -0.364705
v 0.813790 7.578688 -0.365678
v 0.810094 7.578953 -0.363392
v 0.813011 7.801366 -0.388768
v 0.813011 7.801366 -0.388768
v 0.813011 7.801366 -0.388768
v 0.813011 7.801366 -0.388768
v 0.813011 7.801366 -0.388768
v 0.813011 7.801366 -0.388768
v 0.813011 7.801366 -0.388768
v 0.813011 7.801366 -0.388768
v 0.195482 3.609036 0.297755
v 0.231031 3.616756 0.289000
v 0.253420 3.609036 0.260032
v 0.249534 3.590400 0.227820
v 0.221649 3.571763 0.211234
v 0.186099 3.564044 0.219990
v 0.163710 3.571763 0.248958
v 0.167596 3.590400 0.281169
v 0.165665 3.690356 0.248708
v 0.198082 3.697904 0.240426
v 0.218562 3.690947 0.213808
v 0.215110 3.673558 0.184446
v 0.189747 3.655925 0.169540
v 0.157330 3.648377 0.177822
v 0.136849 3.655334 0.204440
v 0.140302 3.672723 0.233803
v 0.135960 3.771364 0.199830
v 0.165644 3.777626 0.192625
v 0.184316 3.771150 0.168508
v 0.181040 3.755730 0.141606
v 0.157733 3.740398 0.127678
v 0.128049 3.734136 0.134882
v 0.109377 3.740612 0.159000
v 0.112654 3.756033 0.185902
v 0.107598 3.865409 0.146914
v 0.134575 3.870229 0.140868
v 0.151588 3.863750 0.119512
v 0.148672 3.849768 0.095356
v 0.127535 3.836474 0.082550
v 0.100559 3.831654 0.088596
v 0.083545 3.838133 0.109952
v 0.086461 3.852114 0.134109
v 0.081595 3.956548 0.090490
v 0.105768 3.960148 0.085493
v 0.121066 3.953770 0.066851
v 0.118527 3.941152 0.045483
v 0.099640 3.929685 0.033907
v 0.075467 3.926085 0.038904
v 0.060170 3.932463 0.057547
v 0.062708 3.945081 0.078914
v 0.063355 4.036168 0.042196
v 0.084830 4.037688 0.038603
v 0.098076 4.032809 0.021956
v 0.095334 4.024389 0.002006
v 0.078210 4.017361 -0.009559
v 0.056735 4.015841 -0.005966
v 0.043489 4.020720 0.010681
v 0.046231 4.029140 0.030631
v 0.059540 4.131536 0.011952
v 0.078052 4.130422 0.009486
v 0.089320 4.128210 -0.005283
v 0.086745 4.126197 -0.023704
v 0.071834 4.125561 -0.034985
v 0.053322 4.126676 -0.032519
v 0.042054 4.128887 -0.017750
v 0.044629 4.130900 0.000671
v 0.074274 4.230837 0.011924
v 0.089430 4.227843 0.009827
v 0.099042 4.227690 -0.002447
v 0.097479 4.230468 -0.017708
v 0.085657 4.234549 -0.027017
v 0.070501 4.237542 -0.024920
v 0.060889 4.237695 -0.012646
v 0.062452 4.234918 0.002615
v 0.102846 4.320060 0.033880
v 0.114735 4.316786 0.032017
v 0.122493 4.316919 0.022252
v 0.121575 4.320382 0.010305
v 0.112518 4.325146 0.003175
v 0.100628 4.328420 0.005039
v 0.092870 4.328286 0.014804
v 0.093789 4.324823 0.026750
v 0.137262 4.422706 0.054619
v 0.146155 4.420174 0.053205
v 0.151797 4.419714 0.045758
v 0.150883 4.421597 0.036641
v 0.143948 4.424718 0.031194
v 0.135055 4.427251 0.032608
v 0.129413 4.427711 0.040055
v 0.130327 4.425828 0.049173
v 0.169133 4.525541 0.062100
v 0.175040 4.523784 0.061148
v 0.178685 4.523106 0.056134
v 0.177933 4.523904 0.049995
v 0.173224 4.525710 0.046327
v 0.167317 4.527466 0.047279
v 0.163671 4.528144 0.052293
v 0.164423 4.527347 0.058432
v 0.199513 4.616118 0.064707
v 0.202454 4.615201 0.064228
v 0.204257 4.614801 0.061716
v 0.203866 4.615152 0.058642
v 0.201510 4.616050 0.056808
v 0.198569 4.616967 0.057287
v 0.196765 4.617367 0.059799
v 0.197157 4.617016 0.062873
v 0.233375 4.717731 0.068266
v 0.233375 4.717731 0.068266
v 0.233375 4.717731 0.068266
v 0.233375 4.717731 0.068266
v 0.233375 4.717731 0.068266
v 0.233375 4.717731 0.068266
v 0.233375 4.717731 0.068266
v 0.233375 4.717731 0.068266
v 0.045517 4.139007 -0.002501
v 0.060834 4.143339 0.007330
v 0.078993 4.139007 0.006120
v 0.089358 4.128549 -0.005421
v 0.085857 4.118090 -0.020532
v 0.070540 4.113758 -0.030363
v 0.052381 4.118090 -0.029153
v 0.042016 4.128549 -0.017612
v 0.064925 4.234909 -0.073828
v 0.077706 4.238616 -0.065706
v 0.092885 4.235265 -0.066902
v 0.101571 4.226820 -0.076716
v 0.098675 4.218226 -0.089398
v 0.085893 4.214520 -0.097519
v 0.070714 4.217870 -0.096323
v 0.062029 4.226315 -0.086510
v 0.084489 4.331677 -0.145786
v 0.094694 4.334534 -0.139209
v 0.106785 4.331565 -0.139955
v 0.113679 4.324508 -0.147587
v 0.111337 4.317497 -0.157633
v 0.101132 4.314640 -0.164209
v 0.089041 4.317609 -0.163463
v 0.082147 4.324666 -0.155832
v 0.112936 4.436072 -0.229528
v 0.120545 4.438031 -0.224452
v 0.129493 4.435311 -0.224627
v 0.134539 4.429506 -0.229950
v 0.132726 4.424015 -0.237304
v 0.125117 4.422056 -0.242379
v 0.116169 4.424776 -0.242204
v 0.111123 4.430582 -0.236881
v 0.149267 4.530447 -0.314013
v 0.154300 4.531635 -0.310528
v 0.160159 4.529505 -0.310372
v 0.163412 4.525304 -0.313638
v 0.162153 4.521494 -0.318412
v 0.157120 4.520307 -0.321898
v 0.151261 4.522437 -0.322053
v 0.148009 4.526638 -0.318787
v 0.187790 4.609440 -0.391415
v 0.190297 4.610011 -0.389650
v 0.193201 4.608882 -0.389514
v 0.194800 4.606716 -0.391086
v 0.194158 4.604781 -0.393446
v 0.191652 4.604210 -0.395210
v 0.188748 4.605339 -0.395346
v 0.187149 4.607505 -0.393774
v 0.230329 4.698464 -0.477953
v 0.230329 4.698464 -0.477953
v 0.230329 4.698464 -0.477953
v 0.230329 4.698464 -0.477953
v 0.230329 4.698464 -0.477953
v 0.230329 4.698464 -0.477953
v 0.230329 4.698464 -0.477953
v 0.230329 4.698464 -0.477953
v 0.046100 6.396325 0.003412
v 0.007292 6.403983 -0.002669
v -0.026533 6.396325 0.017303
v -0.035560 6.377836 0.051630
v -0.014503 6.359347 0.080203
v 0.024305 6.351688 0.086284
v 0.058130 6.359347 0.066312
v 0.067158 6.377836 0.031985
v 0.061823 6.597152 0.125882
v 0.027296 6.603652 0.120300
v -0.002824 6.596318 0.137750
v -0.010893 6.579446 0.168011
v 0.007816 6.562919 0.193356
v 0.042342 6.556418 0.198939
v 0.072462 6.563752 0.181488
v 0.080531 6.580625 0.151227
v 0.077381 6.796378 0.247434
v 0.047210 6.802441 0.242764
v 0.020922 6.796668 0.258402
v 0.013917 6.782439 0.285186
v 0.030298 6.768091 0.307428
v 0.060470 6.762028 0.312098
v 0.086758 6.767802 0.296460
v 0.093763 6.782030 0.269676
v 0.104484 7.022054 0.374619
v 0.078765 7.028249 0.371158
v 0.056421 7.024631 0.385284
v 0.050543 7.013319 0.408721
v 0.064573 7.000939 0.427742
v 0.090292 6.994744 0.431202
v 0.112636 6.998363 0.417076
v 0.118514 7.009675 0.393639
v 0.146730 7.241020 0.491824
v 0.125471 7.247054 0.489383
v 0.107077 7.245174 0.501732
v 0.102324 7.236481 0.521636
v 0.113997 7.226067 0.537437
v 0.135256 7.220033 0.539878
v 0.153650 7.221912 0.527529
v 0.158402 7.230606 0.507625
v 0.192821 7.438204 0.590037
v 0.175755 7.442769 0.587963
v 0.161113 7.441594 0.597994
v 0.157472 7.435368 0.614253
v 0.166965 7.427738 0.627217
v 0.184031 7.423173 0.629290
v 0.198673 7.424348 0.619260
v 0.202314 7.430574 0.603001
v 0.232028 7.668741 0.685654
v 0.219061 7.671213 0.683728
v 0.208045 7.670134 0.691174
v 0.205432 7.666135 0.703630
v 0.212753 7.661559 0.713799
v 0.225720 7.659086 0.715725
v 0.236737 7.660165 0.708280
v 0.239349 7.664165 0.695824
v 0.251853 7.907819 0.764687
v 0.243142 7.908818 0.763201
v 0.235784 7.907970 0.768125
v 0.234091 7.905774 0.776575
v 0.239053 7.903514 0.783601
v 0.247764 7.902516 0.785087
v 0.255122 7.903363 0.780163
v 0.256815 7.905560 0.771713
v 0.257546 8.126148 0.821745
v 0.253184 8.126516 0.820968
v 0.249504 8.126080 0.823426
v 0.248664 8.125094 0.827680
v 0.251154 8.124138 0.831238
v 0.255517 8.123770 0.832014
v 0.259196 8.124207 0.829556
v 0.260037 8.125192 0.825302
v 0.264864 8.371496 0.885923
v 0.264864 8.371496 0.885923
v 0.264864 8.371496 0.885923
v 0.264864 8.371496 0.885923
v 0.264864 8.371496 0.885923
v 0.264864 8.371496 0.885923
v 0.264864 8.371496 0.885923
v 0.264864 8.371496 0.885923
v -0.149509 6.920560 -0.371733
v -0.129770 6.925067 -0.389108
v -0.126170 6.920560 -0.415158
v -0.140819 6.909679 -0.434622
v -0.165136 6.898798 -0.436099
v -0.184875 6.894291 -0.418724
v -0.188474 6.898798 -0.392674
v -0.173825 6.909679 -0.373210
v -0.241238 7.124522 -0.425005
v -0.224825 7.128359 -0.439503
v -0.221832 7.124619 -0.461215
v -0.234014 7.115493 -0.477421
v -0.254234 7.106326 -0.478629
v -0.270648 7.102489 -0.464131
v -0.273640 7.106228 -0.442419
v -0.261458 7.115355 -0.426212
v -0.332937 7.328413 -0.478260
v -0.319767 7.331391 -0.489838
v -0.317365 7.328382 -0.507203
v -0.327139 7.321146 -0.520184
v -0.343363 7.313923 -0.521176
v -0.356534 7.310945 -0.509598
v -0.358936 7.313954 -0.492233
v -0.349161 7.321190 -0.479252
v -0.432011 7.558032 -0.537553
v -0.422065 7.560105 -0.546198
v -0.420251 7.557817 -0.559215
v -0.427630 7.552506 -0.568977
v -0.439881 7.547285 -0.569767
v -0.449827 7.545212 -0.561121
v -0.451641 7.547501 -0.548105
v -0.444262 7.552811 -0.538342
v -0.523283 7.781192 -0.595400
v -0.516609 7.782464 -0.601139
v -0.515390 7.780917 -0.609811
v -0.520342 7.777456 -0.616338
v -0.528563 7.774109 -0.616896
v -0.535237 7.772837 -0.611158
v -0.536456 7.774384 -0.602485
v -0.531504 7.777845 -0.595958
v -0.601675 7.980792 -0.647794
v -0.598329 7.981405 -0.650657
v -0.597718 7.980627 -0.654993
v -0.600200 7.978913 -0.658260
v -0.604322 7.977268 -0.658545
v -0.607668 7.976655 -0.655682
v -0.608279 7.977433 -0.651346
v -0.605796 7.979147 -0.648079
v -0.689731 8.205243 -0.705987
v -0.689731 8.205243 -0.705987
v -0.689731 8.205243 -0.705987
v -0.689731 8.205243 -0.705987
v -0.689731 8.205243 -0.705987
v -0.689731 8.205243 -0.705987
v -0.689731 8.205243 -0.705987
v -0.689731 8.205243 -0.705987
v 0.041166 5.643732 -0.835790
v 0.045451 5.656462 -0.784147
v 0.079198 5.643732 -0.744821
v 0.122639 5.612999 -0.740849
v 0.150327 5.582267 -0.774558
v 0.146043 5.569537 -0.826201
v 0.112296 5.582267 -0.865527
v 0.068855 5.612999 -0.869499
v 0.194968 5.839725 -0.887087
v 0.198084 5.850302 -0.839431
v 0.228195 5.837526 -0.803062
v 0.267663 5.808880 -0.799284
v 0.293369 5.781145 -0.830310
v 0.290253 5.770567 -0.877966
v 0.260142 5.783344 -0.914335
v 0.220674 5.811990 -0.918113
v 0.346810 6.033076 -0.937609
v 0.350670 6.044079 -0.894697
v 0.379086 6.033872 -0.862052
v 0.415412 6.008433 -0.858796
v 0.438370 5.982664 -0.886837
v 0.434511 5.971661 -0.929749
v 0.406095 5.981869 -0.962394
v 0.369768 6.007308 -0.965650
v 0.503909 6.246273 -1.015441
v 0.509690 6.259560 -0.978136
v 0.537937 6.254293 -0.950278
v 0.572104 6.233559 -0.948187
v 0.592176 6.209503 -0.973088
v 0.586396 6.196216 -1.010394
v 0.558149 6.201482 -1.038251
v 0.523982 6.222216 -1.040342
v 0.628203 6.456240 -1.126624
v 0.635144 6.471133 -1.095071
v 0.662367 6.470067 -1.072195
v 0.693924 6.453666 -1.071396
v 0.711331 6.431538 -1.093142
v 0.704390 6.416645 -1.124694
v 0.677168 6.417711 -1.147570
v 0.645610 6.434112 -1.148369
v 0.730623 6.646858 -1.248406
v 0.736675 6.659853 -1.220776
v 0.759819 6.657763 -1.200066
v 0.786497 6.641812 -1.198408
v 0.801083 6.621345 -1.216773
v 0.795031 6.608350 -1.244403
v 0.771887 6.610440 -1.265113
v 0.745208 6.626390 -1.266771
v 0.891333 6.845477 -1.360418
v 0.894252 6.853766 -1.335227
v 0.910264 6.847169 -1.314930
v 0.929987 6.829548 -1.311417
v 0.941869 6.811225 -1.326746
v 0.938949 6.802936 -1.351938
v 0.922938 6.809533 -1.372235
v 0.903214 6.827154 -1.375747
v 1.106209 7.018859 -1.409578
v 1.106162 7.023647 -1.387866
v 1.115386 7.014628 -1.369758
v 1.128479 6.997086 -1.365861
v 1.137770 6.981296 -1.378458
v 1.137817 6.976508 -1.400170
v 1.128593 6.985527 -1.418278
v 1.115500 7.003069 -1.422175
v 1.323301 7.144025 -1.422584
v 1.324215 7.148463 -1.405384
v 1.331323 7.141075 -1.390849
v 1.340461 7.126187 -1.387493
v 1.346275 7.112522 -1.397283
v 1.345360 7.108084 -1.414483
v 1.338252 7.115472 -1.429018
v 1.329115 7.130360 -1.432374
v 1.554189 7.261991 -1.493735
v 1.557860 7.266941 -1.481903
v 1.565411 7.262605 -1.471797
v 1.572419 7.251523 -1.469335
v 1.574777 7.240187 -1.475961
v 1.571105 7.235238 -1.487792
v 1.563554 7.239573 -1.497899
v 1.556547 7.250655 -1.500360
v 1.756725 7.356637 -1.640930
v 1.760972 7.360805 -1.634320
v 1.767324 7.358549 -1.628518
v 1.772059 7.351192 -1.626923
v 1.772405 7.343043 -1.630468
v 1.768158 7.338876 -1.637078
v 1.761806 7.341131 -1.642881
v 1.757071 7.348488 -1.644476
v 1.919319 7.414529 -1.815346
v 1.921762 7.416746 -1.812363
v 1.925146 7.415705 -1.809673
v 1.927490 7.412017 -1.808851
v 1.927420 7.407841 -1.810379
v 1.924978 7.405625 -1.813362
v 1.921594 7.406665 -1.816052
v 1.919250 7.410354 -1.816874
v 2.102653 7.481290 -2.010009
v 2.102653 7.481290 -2.010009
v 2.102653 7.481290 -2.010009
v 2.102653 7.481290 -2.010009
v 2.102653 7.481290 -2.010009
v 2.102653 7.481290 -2.010009
v 2.102653 7.481290 -2.010009
v 2.102653 7.481290 -2.010009
v 0.893499 6.838470 -1.319517
v 0.918713 6.842662 -1.311866
v 0.942689 6.838470 -1.322793
v 0.951384 6.828351 -1.345899
v 0.939702 6.818232 -1.367647
v 0.914488 6.814040 -1.375299
v 0.890512 6.818232 -1.364371
v 0.881818 6.828351 -1.341266
v 0.891187 7.063968 -1.428764
v 0.912197 7.067486 -1.422399
v 0.932182 7.063842 -1.431437
v 0.939434 7.055170 -1.450582
v 0.929705 7.046550 -1.468621
v 0.908694 7.043032 -1.474985
v 0.888709 7.046676 -1.465948
v 0.881458 7.055348 -1.446803
v 0.888892 7.288826 -1.537720
v 0.905702 7.291612 -1.532615
v 0.921685 7.288865 -1.539922
v 0.927479 7.282195 -1.555359
v 0.919689 7.275507 -1.569885
v 0.902880 7.272721 -1.574989
v 0.886897 7.275468 -1.567683
v 0.881103 7.282138 -1.552245
v 0.883797 7.543912 -1.650742
v 0.896406 7.545952 -1.646892
v 0.908382 7.544193 -1.652499
v 0.912711 7.539665 -1.664277
v 0.906856 7.535021 -1.675328
v 0.894247 7.532981 -1.679177
v 0.882270 7.534741 -1.673571
v 0.877942 7.539268 -1.661793
v 0.876320 7.794512 -1.749133
v 0.884728 7.795837 -1.746554
v 0.892703 7.794871 -1.750369
v 0.895574 7.792179 -1.758345
v 0.891659 7.789339 -1.765808
v 0.883252 7.788013 -1.768388
v 0.875277 7.788980 -1.764572
v 0.872406 7.791672 -1.756597
v 0.868229 8.020586 -1.829746
v 0.872433 8.021241 -1.828454
v 0.876419 8.020802 -1.830377
v 0.877851 8.019525 -1.834388
v 0.875891 8.018158 -1.838139
v 0.871687 8.017503 -1.839431
v 0.867701 8.017942 -1.837508
v 0.866269 8.019219 -1.833497
v 0.858738 8.274800 -1.920200
v 0.858738 8.274800 -1.920200
v 0.858738 8.274800 -1.920200
v 0.858738 8.274800 -1.920200
v 0.858738 8.274800 -1.920200
v 0.858738 8.274800 -1.920200
v 0.858738 8.274800 -1.920200
v 0.858738 8.274800 -1.920200
v 0.296686 5.377402 -0.646648
v 0.341650 5.389635 -0.637471
v 0.384039 5.377402 -0.655055
v 0.399021 5.347870 -0.689099
v 0.377820 5.318337 -0.719660
v 0.332857 5.306105 -0.728837
v 0.290468 5.318337 -0.711253
v 0.275486 5.347870 -0.677209
v 0.286367 5.525921 -0.788302
v 0.327572 5.537270 -0.780014
v 0.366431 5.526024 -0.796103
v 0.380180 5.498773 -0.827145
v 0.360767 5.471478 -0.854956
v 0.319562 5.460130 -0.863245
v 0.280703 5.471375 -0.847155
v 0.266953 5.498627 -0.816113
v 0.276079 5.674086 -0.929633
v 0.313553 5.684231 -0.921942
v 0.348876 5.674048 -0.936606
v 0.361355 5.649503 -0.965035
v 0.343681 5.624973 -0.990575
v 0.306207 5.614828 -0.998266
v 0.270885 5.625010 -0.983602
v 0.258405 5.649556 -0.955174
v 0.265610 5.842786 -1.084038
v 0.299334 5.851952 -1.077147
v 0.331098 5.843073 -1.090598
v 0.342297 5.821351 -1.116511
v 0.326370 5.799509 -1.139707
v 0.292646 5.790343 -1.146598
v 0.260881 5.799222 -1.133147
v 0.249682 5.820944 -1.107234
v 0.251723 6.006785 -1.232244
v 0.281693 6.015003 -1.226180
v 0.309902 6.007390 -1.238379
v 0.319825 5.988406 -1.261695
v 0.305650 5.969171 -1.282469
v 0.275680 5.960953 -1.288532
v 0.247471 5.968565 -1.276333
v 0.237548 5.987550 -1.253018
v 0.240333 6.155144 -1.362349
v 0.266635 6.161242 -1.356140
v 0.291350 6.154130 -1.366442
v 0.300000 6.137977 -1.387221
v 0.287518 6.122242 -1.406304
v 0.261216 6.116145 -1.412513
v 0.236501 6.123256 -1.402211
v 0.227851 6.139410 -1.381432
v 0.245041 6.330105 -1.498673
v 0.267536 6.333094 -1.491679
v 0.288693 6.325750 -1.499576
v 0.296117 6.312376 -1.517739
v 0.285460 6.300804 -1.535528
v 0.262965 6.297815 -1.542522
v 0.241808 6.305159 -1.534625
v 0.234384 6.318533 -1.516462
v 0.277855 6.511549 -1.621959
v 0.296313 6.512084 -1.614844
v 0.313781 6.504864 -1.620703
v 0.320028 6.494120 -1.636102
v 0.311393 6.486145 -1.652022
v 0.292935 6.485611 -1.659137
v 0.275466 6.492831 -1.653278
v 0.269220 6.503575 -1.637878
v 0.323757 6.676479 -1.721098
v 0.338498 6.676786 -1.715335
v 0.352509 6.671185 -1.720125
v 0.357582 6.662957 -1.732663
v 0.350744 6.656922 -1.745603
v 0.336003 6.656615 -1.751366
v 0.321992 6.662216 -1.746576
v 0.316919 6.670444 -1.734038
v 0.356294 6.863503 -1.832868
v 0.367499 6.864787 -1.829156
v 0.378140 6.861531 -1.833296
v 0.381984 6.855642 -1.842863
v 0.376779 6.850570 -1.852252
v 0.365575 6.849286 -1.855964
v 0.354934 6.852542 -1.851824
v 0.351089 6.858431 -1.842257
v 0.360424 7.050878 -1.948690
v 0.367907 7.052426 -1.946623
v 0.375012 7.050882 -1.949751
v 0.377578 7.047149 -1.956242
v 0.374102 7.043414 -1.962294
v 0.366620 7.041865 -1.964361
v 0.359514 7.043409 -1.961233
v 0.356948 7.047143 -1.954741
v 0.348472 7.218403 -2.052112
v 0.352205 7.219302 -2.051152
v 0.355750 7.218651 -2.052788
v 0.357030 7.216832 -2.056061
v 0.355295 7.214910 -2.059055
v 0.351562 7.214011 -2.060015
v 0.348018 7.214662 -2.058379
v 0.346738 7.216482 -2.055106
v 0.335317 7.407099 -2.168061
v 0.335317 7.407099 -2.168061
v 0.335317 7.407099 -2.168061
v 0.335317 7.407099 -2.168061
v 0.335317 7.407099 -2.168061
v 0.335317 7.407099 -2.168061
v 0.335317 7.407099 -2.168061
v 0.335317 7.407099 -2.168061
vn -0.7044 0.0258 0.7093
vn -0.7070 0.0259 0.7068
vn -0.9999 0.0139 -0.0001
vn -0.9999 0.0141 0.0032
vn 0.0017 0.0349 0.9994
vn -0.0001 0.0353 0.9994
vn 0.7059 0.0362 0.7073
vn 0.7067 0.0366 0.7066
vn 0.9996 0.0290 0.0031
vn 0.9996 0.0291 -0.0002
vn 0.7095 0.0173 -0.7045
vn 0.7069 0.0172 -0.7071
vn 0.0018 0.0080 -1.0000
vn -0.0001 0.0078 -1.0000
vn -0.7078 0.0067 -0.7064
vn -0.7071 0.0065 -0.7071
vn -0.7104 0.0189 0.7035
vn -0.9997 0.0232 -0.0044
vn -0.0025 0.0157 0.9999
vn 0.7080 0.0152 0.7060
vn 0.9998 0.0178 -0.0045
vn 0.7035 0.0220 -0.7104
vn -0.0024 0.0254 -0.9997
vn -0.7059 0.0259 -0.7079
vn -0.7115 0.0043 0.7027
vn -0.9989 0.0469 -0.0045
vn -0.0036 -0.0295 0.9996
vn 0.7082 -0.0343 0.7052
vn 1.0000 -0.0072 -0.0060
vn 0.7029 0.0356 -0.7104
vn -0.0021 0.0689 -0.9976
vn -0.7043 0.0736 -0.7060
vn -0.7104 -0.0085 0.7037
vn -0.9973 0.0734 -0.0004
vn -0.0041 -0.0734 0.9973
vn 0.7065 -0.0825 0.7029
vn 0.9995 -0.0305 -0.0054
vn 0.7050 0.0516 -0.7073
vn 0.0009 0.1155 -0.9933
vn -0.7021 0.1245 -0.7011
vn -0.7068 -0.0151 0.7072
vn -0.9964 0.0843 0.0060
vn -0.0024 -0.0935 0.9956
vn 0.7042 -0.1048 0.7022
vn 0.9991 -0.0424 -0.0013
vn 0.7093 0.0571 -0.7026
vn 0.0048 0.1353 -0.9908
vn -0.7016 0.1466 -0.6973
vn -0.7060 -0.0140 0.7080
vn -0.9966 0.0823 0.0068
vn -0.0018 -0.0904 0.9959
vn 0.7041 -0.1022 0.7027
vn 0.9991 -0.0426 -0.0003
vn 0.7099 0.0537 -0.7023
vn 0.0050 0.1303 -0.9915
vn -0.7023 0.1422 -0.6976
vn -0.7067 -0.0104 0.7075
vn -0.9965 0.0835 0.0056
vn -0.0021 -0.0856 0.9963
vn 0.7047 -0.0981 0.7027
vn 0.9992 -0.0405 -0.0014
vn 0.7089 0.0533 -0.7033
vn 0.0043 0.1285 -0.9917
vn -0.7020 0.1410 -0.6981
vn -0.7056 -0.0097 0.7086
vn -0.9967 0.0810 0.0065
vn -0.0009 -0.0822 0.9966
vn 0.7048 -0.0940 0.7032
vn 0.9993 -0.0383 -0.0000
vn 0.7100 0.0524 -0.7023
vn 0.0050 0.1250 -0.9921
vn -0.7024 0.1369 -0.6985
vn -0.7052 -0.0097 0.7089
vn -0.9975 0.0708 0.0059
vn 0.0001 -0.0727 0.9974
vn 0.7053 -0.0813 0.7042
vn 0.9995 -0.0306 0.0011
vn 0.7102 0.0498 -0.7022
vn 0.0048 0.1131 -0.9936
vn -0.7035 0.1218 -0.7002
vn -0.7057 -0.0071 0.7084
vn -0.9980 0.0630 0.0045
vn -0.0001 -0.0604 0.9982
vn 0.7058 -0.0657 0.7053
vn 0.9998 -0.0201 0.0013
vn 0.7095 0.0500 -0.7029
vn 0.0036 0.1034 -0.9946
vn -0.7042 0.1088 -0.7016
vn -0.7074 -0.0054 0.7068
vn -0.9980 0.0634 0.0027
vn -0.0017 -0.0584 0.9983
vn 0.7058 -0.0646 0.7054
vn 0.9998 -0.0201 -0.0005
vn 0.7077 0.0487 -0.7048
vn 0.0018 0.1017 -0.9948
vn -0.7043 0.1077 -0.7017
vn -0.7079 -0.0047 0.7063
vn -0.9974 0.0726 0.0030
vn -0.0027 -0.0674 0.9977
vn 0.7053 -0.0788 0.7045
vn 0.9995 -0.0319 -0.0019
vn 0.7071 0.0455 -0.7056
vn 0.0015 0.1080 -0.9941
vn -0.7036 0.1192 -0.7005
vn -0.7068 -0.0016 0.7074
vn -0.9964 0.0842 0.0048
vn -0.0022 -0.0740 0.9973
vn 0.7049 -0.0906 0.7035
vn 0.9991 -0.0415 -0.0021
vn 0.7079 0.0444 -0.7049
vn 0.0029 0.1168 -0.9932
vn -0.7025 0.1332 -0.6991
vn -0.7054 -0.0021 0.7088
vn -0.9964 0.0848 0.0059
vn -0.0005 -0.0753 0.9972
vn 0.7052 -0.0919 0.7030
vn 0.9991 -0.0423 -0.0011
vn 0.7093 0.0446 -0.7035
vn 0.0048 0.1178 -0.9930
vn -0.7021 0.1345 -0.6993
vn -0.7059 0.0017 0.7083
vn -0.9964 0.0851 0.0064
vn -0.0021 -0.0710 0.9975
vn 0.7041 -0.0904 0.7043
vn 0.9990 -0.0450 -0.0009
vn 0.7083 0.0387 -0.7049
vn 0.0025 0.1114 -0.9938
vn -0.7036 0.1306 -0.6985
vn -0.7049 0.0091 0.7093
vn -0.9960 0.0897 0.0062
vn -0.0002 -0.0643 0.9979
vn 0.7054 -0.0873 0.7034
vn 0.9989 -0.0466 -0.0017
vn 0.7085 0.0339 -0.7049
vn 0.0037 0.1072 -0.9942
vn -0.7026 0.1303 -0.6996
vn -0.7038 -0.0150 0.7102
vn -0.9983 0.0580 0.0023
vn 0.0059 -0.0663 0.9978
vn 0.7097 -0.0659 0.7014
vn 0.9999 -0.0144 -0.0001
vn 0.7119 0.0579 -0.6999
vn 0.0104 0.1091 -0.9940
vn -0.7000 0.1094 -0.7057
vn -0.7078 -0.0906 0.7005
vn -0.9999 -0.0119 -0.0118
vn 0.0073 -0.1031 0.9946
vn 0.7132 -0.0426 0.6997
vn 0.9985 0.0540 0.0011
vn 0.7081 0.1307 -0.6939
vn 0.0104 0.1439 -0.9895
vn -0.6971 0.0854 -0.7118
vn -0.7017 -0.1666 0.6927
vn -0.9966 -0.0807 -0.0147
vn 0.0061 -0.1410 0.9900
vn 0.7061 -0.0209 0.7078
vn 0.9922 0.1232 0.0171
vn 0.7026 0.2085 -0.6803
vn 0.0045 0.1857 -0.9826
vn -0.7007 0.0662 -0.7104
vn -0.7002 -0.1317 0.7017
vn -0.9938 -0.1110 0.0023
vn -0.0120 -0.0651 0.9978
vn 0.6817 0.0501 0.7299
vn 0.9878 0.1500 0.0420
vn 0.7140 0.1766 -0.6775
vn 0.0053 0.1101 -0.9939
vn -0.7083 -0.0109 -0.7059
vn -0.7164 0.0150 0.6975
vn -0.9955 -0.0946 0.0041
vn -0.0375 0.1267 0.9912
vn 0.6618 0.1788 0.7281
vn 0.9890 0.1409 0.0450
vn 0.7350 0.0312 -0.6773
vn 0.0274 -0.0865 -0.9959
vn -0.6969 -0.1384 -0.7036
vn -0.7327 0.1596 0.6615
vn -0.9968 -0.0793 -0.0085
vn -0.0555 0.3174 0.9466
vn 0.6521 0.3078 0.6928
vn 0.9905 0.1331 0.0360
vn 0.7485 -0.1110 -0.6537
vn 0.0512 -0.2782 -0.9592
vn -0.6787 -0.2633 -0.6856
vn -0.7475 0.2113 0.6297
vn -0.9958 -0.0856 -0.0311
vn -0.0629 0.3957 0.9162
vn 0.6574 0.3604 0.6618
vn 0.9920 0.1254 0.0143
vn 0.7436 -0.1718 -0.6462
vn 0.0591 -0.3565 -0.9324
vn -0.6611 -0.3208 -0.6783
vn -0.7533 0.2058 0.6246
vn -0.9949 -0.0912 -0.0422
vn -0.0625 0.3930 0.9174
vn 0.6645 0.3563 0.6569
vn 0.9928 0.1198 0.0031
vn 0.7378 -0.1734 -0.6523
vn 0.0590 -0.3541 -0.9333
vn -0.6547 -0.3213 -0.6842
vn -0.2047 0.1068 0.9730
vn -0.2052 0.1068 0.9729
vn -0.8359 0.0204 0.5484
vn -0.8357 0.0205 0.5488
vn 0.5451 0.1431 0.8260
vn 0.5449 0.1432 0.8262
vn 0.9749 0.1082 0.1944
vn 0.9750 0.1082 0.1942
vn 0.8333 0.0224 -0.5524
vn 0.8330 0.0224 -0.5527
vn 0.2028 -0.0640 -0.9771
vn 0.2023 -0.0641 -0.9772
vn -0.5476 -0.1004 -0.8307
vn -0.5478 -0.1004 -0.8305
vn -0.9779 -0.0654 -0.1984
vn -0.9779 -0.0655 -0.1986
vn -0.2057 0.1047 0.9730
vn -0.8363 0.0205 0.5479
vn 0.5450 0.1395 0.8268
vn 0.9754 0.1043 0.1944
vn 0.8329 0.0198 -0.5530
vn 0.2017 -0.0644 -0.9773
vn -0.5482 -0.0990 -0.8305
vn -0.9779 -0.0638 -0.1989
vn -0.2057 0.1014 0.9734
vn -0.8365 0.0229 0.5474
vn 0.5455 0.1320 0.8276
vn 0.9760 0.0967 0.1950
vn 0.8331 0.0162 -0.5529
vn 0.2013 -0.0621 -0.9775
vn -0.5485 -0.0926 -0.8310
vn -0.9782 -0.0574 -0.1997
vn -0.2052 0.1003 0.9736
vn -0.8365 0.0278 0.5473
vn 0.5460 0.1267 0.8282
vn 0.9764 0.0914 0.1958
vn 0.8334 0.0151 -0.5525
vn 0.2014 -0.0573 -0.9778
vn -0.5488 -0.0836 -0.8317
vn -0.9785 -0.0483 -0.2003
vn -0.2042 0.1013 0.9737
vn -0.8359 0.0300 0.5481
vn 0.5462 0.1259 0.8281
vn 0.9764 0.0894 0.1967
vn 0.8342 0.0131 -0.5513
vn 0.2025 -0.0582 -0.9776
vn -0.5487 -0.0828 -0.8319
vn -0.9788 -0.0462 -0.1998
vn -0.2040 0.1059 0.9732
vn -0.8355 0.0300 0.5486
vn 0.5459 0.1317 0.8274
vn 0.9761 0.0923 0.1968
vn 0.8347 0.0107 -0.5506
vn 0.2034 -0.0654 -0.9769
vn -0.5483 -0.0913 -0.8313
vn -0.9787 -0.0517 -0.1989
vn -0.2049 0.1132 0.9722
vn -0.8361 0.0324 0.5477
vn 0.5453 0.1403 0.8264
vn 0.9758 0.0978 0.1957
vn 0.8343 0.0106 -0.5512
vn 0.2031 -0.0704 -0.9766
vn -0.5480 -0.0975 -0.8308
vn -0.9784 -0.0549 -0.1991
vn -0.2059 0.1119 0.9722
vn -0.8370 0.0329 0.5462
vn 0.5456 0.1378 0.8266
vn 0.9762 0.0954 0.1946
vn 0.8334 0.0097 -0.5526
vn 0.2020 -0.0692 -0.9769
vn -0.5480 -0.0950 -0.8311
vn -0.9782 -0.0528 -0.2007
vn -0.2060 0.1017 0.9733
vn -0.8373 0.0321 0.5457
vn 0.5464 0.1235 0.8284
vn 0.9771 0.0845 0.1954
vn 0.8332 0.0079 -0.5529
vn 0.2011 -0.0614 -0.9777
vn -0.5485 -0.0830 -0.8320
vn -0.9784 -0.0443 -0.2018
vn -0.2049 0.0940 0.9743
vn -0.8368 0.0342 0.5464
vn 0.5472 0.1113 0.8296
vn 0.9775 0.0759 0.1968
vn 0.8337 0.0086 -0.5521
vn 0.2014 -0.0510 -0.9782
vn -0.5489 -0.0682 -0.8331
vn -0.9788 -0.0330 -0.2021
vn -0.2027 0.0923 0.9749
vn -0.8355 0.0321 0.5486
vn 0.5477 0.1111 0.8293
vn 0.9771 0.0776 0.1980
vn 0.8349 0.0113 -0.5502
vn 0.2033 -0.0491 -0.9779
vn -0.5485 -0.0680 -0.8334
vn -0.9791 -0.0343 -0.2007
vn -0.1986 0.0946 0.9755
vn -0.8330 0.0119 0.5532
vn 0.5487 0.1335 0.8253
vn 0.9749 0.1065 0.1953
vn 0.8352 0.0294 -0.5492
vn 0.2078 -0.0533 -0.9767
vn -0.5447 -0.0932 -0.8335
vn -0.9779 -0.0662 -0.1982
vn -0.2036 0.0984 0.9741
vn -0.8336 -0.0085 0.5523
vn 0.5436 0.1602 0.8239
vn 0.9713 0.1409 0.1917
vn 0.8312 0.0517 -0.5536
vn 0.2034 -0.0554 -0.9775
vn -0.5458 -0.1175 -0.8296
vn -0.9758 -0.0979 -0.1954
vn -0.2176 0.1039 0.9705
vn -0.8408 0.0282 0.5406
vn 0.5370 0.1325 0.8331
vn 0.9757 0.0953 0.1974
vn 0.8293 0.0134 -0.5586
vn 0.1896 -0.0629 -0.9798
vn -0.5564 -0.0885 -0.8262
vn -0.9787 -0.0507 -0.1992
vn -0.2226 0.0942 0.9703
vn -0.8415 0.1162 0.5276
vn 0.5369 0.0282 0.8432
vn 0.9781 -0.0432 0.2035
vn 0.8263 -0.0760 -0.5581
vn 0.1869 -0.0513 -0.9810
vn -0.5528 0.0145 -0.8332
vn -0.9734 0.0832 -0.2135
vn -0.2149 0.0829 0.9731
vn -0.8225 0.2046 0.5308
vn 0.5259 -0.0768 0.8471
vn 0.9602 -0.1793 0.2143
vn 0.8208 -0.1609 -0.5480
vn 0.1970 -0.0344 -0.9798
vn -0.5335 0.1225 -0.8369
vn -0.9515 0.2203 -0.2147
vn -0.1779 0.1463 0.9731
vn -0.7922 0.2683 0.5481
vn 0.5381 -0.0468 0.8416
vn 0.9522 -0.2023 0.2288
vn 0.8206 -0.2290 -0.5236
vn 0.2025 -0.1063 -0.9735
vn -0.5375 0.0934 -0.8381
vn -0.9478 0.2482 -0.2004
vn -0.1402 0.2931 0.9457
vn -0.7774 0.3177 0.5428
vn 0.5745 0.1147 0.8104
vn 0.9695 -0.1177 0.2149
vn 0.8134 -0.2732 -0.5135
vn 0.1742 -0.2568 -0.9506
vn -0.5752 -0.0714 -0.8149
vn -0.9680 0.1692 -0.1851
vn -0.1213 0.4395 0.8900
vn -0.7742 0.3674 0.5154
vn 0.5995 0.2733 0.7523
vn 0.9829 -0.0373 0.1802
vn 0.8010 -0.3177 -0.5075
vn 0.1415 -0.4004 -0.9053
vn -0.6047 -0.2289 -0.7629
vn -0.9815 0.0923 -0.1676
vn -0.1202 0.4997 0.8578
vn -0.7814 0.3872 0.4893
vn 0.6124 0.3314 0.7177
vn 0.9883 -0.0194 0.1510
vn 0.7863 -0.3475 -0.5108
vn 0.1251 -0.4604 -0.8789
vn -0.6073 -0.2921 -0.7388
vn -0.9832 0.0591 -0.1724
vn -0.1249 0.4975 0.8584
vn -0.7879 0.3823 0.4827
vn 0.6155 0.3274 0.7169
vn 0.9894 -0.0260 0.1430
vn 0.7802 -0.3508 -0.5179
vn 0.1213 -0.4588 -0.8802
vn -0.6040 -0.2921 -0.7415
vn -0.9820 0.0542 -0.1810
vn 0.8252 0.3613 0.4342
vn 0.8211 0.3560 0.4463
vn 0.3642 -0.0217 0.9311
vn 0.3710 -0.0175 0.9285
vn 0.7866 0.5353 -0.3078
vn 0.7903 0.5357 -0.2975
vn 0.2902 0.4103 -0.8645
vn 0.2911 0.4125 -0.8632
vn -0.3769 0.0619 -0.9242
vn -0.3838 0.0590 -0.9216
vn -0.8364 -0.3137 -0.4495
vn -0.8407 -0.3188 -0.4377
vn -0.8150 -0.4985 0.2955
vn -0.8108 -0.4989 0.3062
vn -0.3132 -0.3766 0.8718
vn -0.3115 -0.3755 0.8729
vn 0.8094 0.3602 0.4638
vn 0.3264 0.0289 0.9448
vn 0.8179 0.4957 -0.2920
vn 0.3301 0.3466 -0.8780
vn -0.3641 -0.0023 -0.9314
vn -0.8408 -0.3364 -0.4242
vn -0.8262 -0.4585 0.3275
vn -0.3446 -0.3066 0.8873
vn 0.7910 0.3945 0.4677
vn 0.2567 0.1700 0.9514
vn 0.8646 0.4056 -0.2967
vn 0.4100 0.1859 -0.8929
vn -0.3042 -0.1341 -0.9431
vn -0.8333 -0.3554 -0.4234
vn -0.8740 -0.3519 0.3351
vn -0.4244 -0.1354 0.8953
vn 0.7786 0.4341 0.4531
vn 0.1985 0.3212 0.9260
vn 0.9034 0.3116 -0.2945
vn 0.4798 0.0184 -0.8772
vn -0.2439 -0.2671 -0.9323
vn -0.8224 -0.3712 -0.4311
vn -0.9192 -0.2400 0.3121
vn -0.4971 0.0444 0.8665
vn 0.7852 0.4458 0.4297
vn 0.1872 0.3859 0.9034
vn 0.9167 0.2618 -0.3018
vn 0.5048 -0.0576 -0.8613
vn -0.2087 -0.3248 -0.9225
vn -0.8070 -0.3839 -0.4488
vn -0.9380 -0.2002 0.2828
vn -0.5259 0.1184 0.8423
vn 0.7922 0.4429 0.4199
vn 0.1950 0.3855 0.9019
vn 0.9149 0.2582 -0.3104
vn 0.5029 -0.0571 -0.8624
vn -0.2026 -0.3227 -0.9246
vn -0.8003 -0.3862 -0.4586
vn -0.9394 -0.2060 0.2741
vn -0.5268 0.1154 0.8421
vn -0.6949 0.3423 -0.6324
vn -0.6981 0.3449 -0.6275
vn -0.0896 0.0628 -0.9940
vn -0.0921 0.0625 -0.9938
vn -0.8944 0.4369 0.0953
vn -0.8933 0.4367 0.1067
vn -0.5664 0.2873 0.7725
vn -0.5594 0.2841 0.7787
vn 0.1054 -0.0227 0.9942
vn 0.1075 -0.0235 0.9939
vn 0.7203 -0.3077 0.6216
vn 0.7165 -0.3059 0.6269
vn 0.9099 -0.3972 -0.1193
vn 0.9112 -0.3977 -0.1078
vn 0.5698 -0.2422 -0.7853
vn 0.5768 -0.2448 -0.7794
vn -0.7268 0.2973 -0.6192
vn -0.1138 0.0019 -0.9935
vn -0.8971 0.4247 0.1223
vn -0.5352 0.3137 0.7843
vn 0.1363 0.0345 0.9901
vn 0.7336 -0.2535 0.6305
vn 0.9175 -0.3866 -0.0936
vn 0.5713 -0.2832 -0.7704
vn -0.7779 0.1817 -0.6016
vn -0.1712 -0.1386 -0.9754
vn -0.9064 0.4026 0.1282
vn -0.4982 0.3974 0.7707
vn 0.1950 0.1776 0.9646
vn 0.7812 -0.1303 0.6105
vn 0.9303 -0.3538 -0.0964
vn 0.5426 -0.3611 -0.7585
vn -0.8188 0.0643 -0.5704
vn -0.2229 -0.2778 -0.9344
vn -0.9160 0.3807 0.1267
vn -0.4712 0.4847 0.7369
vn 0.2448 0.3240 0.9139
vn 0.8251 -0.0063 0.5650
vn 0.9402 -0.3204 -0.1152
vn 0.5112 -0.4363 -0.7405
vn -0.8301 0.0089 -0.5576
vn -0.2455 -0.3363 -0.9092
vn -0.9246 0.3634 0.1140
vn -0.4728 0.5190 0.7121
vn 0.2599 0.3846 0.8857
vn 0.8445 0.0397 0.5340
vn 0.9392 -0.3144 -0.1378
vn 0.4873 -0.4702 -0.7358
vn -0.8273 0.0067 -0.5618
vn -0.2469 -0.3346 -0.9094
vn -0.9274 0.3589 0.1055
vn -0.4807 0.5169 0.7084
vn 0.2573 0.3830 0.8872
vn 0.8468 0.0345 0.5308
vn 0.9362 -0.3197 -0.1462
vn 0.4803 -0.4705 -0.7402
vn -0.9160 0.0612 -0.3964
vn -0.9133 0.0614 -0.4028
vn -0.3617 0.0282 -0.9319
vn -0.3686 0.0286 -0.9292
vn -0.9280 0.0805 0.3637
vn -0.9289 0.0814 0.3613
vn -0.4034 0.0757 0.9119
vn -0.4004 0.0765 0.9131
vn 0.3567 0.0496 0.9329
vn 0.3634 0.0496 0.9303
vn 0.9127 0.0169 0.4083
vn 0.9156 0.0164 0.4018
vn 0.9328 -0.0032 -0.3604
vn 0.9318 -0.0036 -0.3628
vn 0.3996 0.0017 -0.9167
vn 0.4027 0.0013 -0.9153
vn -0.9108 0.0411 -0.4107
vn -0.3532 0.0408 -0.9347
vn -0.9324 0.0393 0.3593
vn -0.3980 0.0360 0.9167
vn 0.3717 0.0332 0.9278
vn 0.9186 0.0330 0.3938
vn 0.9301 0.0354 -0.3655
vn 0.4064 0.0386 -0.9129
vn -0.9097 -0.0057 -0.4153
vn -0.3528 0.0790 -0.9324
vn -0.9324 -0.0667 0.3553
vn -0.3947 -0.0665 0.9164
vn 0.3756 -0.0053 0.9268
vn 0.9159 0.0793 0.3935
vn 0.9224 0.1379 -0.3607
vn 0.4014 0.1378 -0.9055
vn -0.9090 -0.0504 -0.4137
vn -0.3647 0.1211 -0.9232
vn -0.9218 -0.1714 0.3478
vn -0.3870 -0.1678 0.9067
vn 0.3729 -0.0419 0.9269
vn 0.9049 0.1293 0.4055
vn 0.9062 0.2460 -0.3440
vn 0.3838 0.2427 -0.8909
vn -0.9138 -0.0669 -0.4005
vn -0.3811 0.1222 -0.9164
vn -0.9159 -0.1948 0.3509
vn -0.3906 -0.1879 0.9012
vn 0.3580 -0.0503 0.9324
vn 0.8956 0.1386 0.4227
vn 0.9038 0.2682 -0.3336
vn 0.3735 0.2615 -0.8900
vn -0.9142 -0.0615 -0.4005
vn -0.3744 0.0917 -0.9227
vn -0.9209 -0.1575 0.3565
vn -0.3962 -0.1414 0.9072
vn 0.3548 -0.0229 0.9346
vn 0.8979 0.1298 0.4206
vn 0.9127 0.2275 -0.3395
vn 0.3848 0.2119 -0.8984
vn -0.9139 -0.0541 -0.4024
vn -0.3691 0.0655 -0.9271
vn -0.9262 -0.1197 0.3575
vn -0.4033 -0.0939 0.9102
vn 0.3514 0.0085 0.9362
vn 0.8996 0.1284 0.4174
vn 0.9177 0.1953 -0.3459
vn 0.3914 0.1692 -0.9045
vn -0.9189 -0.0033 -0.3944
vn -0.3764 0.0507 -0.9251
vn -0.9327 -0.0331 0.3593
vn -0.4165 -0.0224 0.9088
vn 0.3411 0.0234 0.9397
vn 0.9041 0.0788 0.4199
vn 0.9286 0.1106 -0.3543
vn 0.3919 0.0984 -0.9147
vn -0.9121 0.1200 -0.3921
vn -0.3786 0.0533 -0.9240
vn -0.9240 0.1387 0.3563
vn -0.4149 0.0996 0.9044
vn 0.3379 0.0238 0.9409
vn 0.9053 -0.0459 0.4224
vn 0.9305 -0.0667 -0.3603
vn 0.3873 -0.0246 -0.9216
vn -0.8809 0.2472 -0.4037
vn -0.3654 0.0584 -0.9290
vn -0.8842 0.3143 0.3456
vn -0.3806 0.2240 0.8972
vn 0.3515 0.0253 0.9359
vn 0.8905 -0.1693 0.4224
vn 0.9047 -0.2418 -0.3509
vn 0.3775 -0.1458 -0.9144
vn -0.8768 0.2292 -0.4228
vn -0.3399 0.0262 -0.9401
vn -0.8819 0.3170 0.3490
vn -0.3509 0.2360 0.9062
vn 0.3889 0.0379 0.9205
vn 0.9027 -0.1591 0.3999
vn 0.9052 -0.2436 -0.3482
vn 0.3973 -0.1686 -0.9020
vn -0.9076 0.0696 -0.4140
vn -0.3432 -0.0172 -0.9391
vn -0.9192 0.1366 0.3693
vn -0.3645 0.1415 0.9204
vn 0.3999 0.0834 0.9127
vn 0.9250 -0.0010 0.3801
vn 0.9293 -0.0641 -0.3638
vn 0.4140 -0.0714 -0.9075
vn -0.9144 -0.0880 -0.3952
vn -0.3584 -0.0566 -0.9319
vn -0.9233 -0.0435 0.3817
vn -0.3778 0.0500 0.9245
vn 0.3836 0.1353 0.9135
vn 0.9130 0.1632 0.3739
vn 0.9187 0.1198 -0.3763
vn 0.3999 0.0298 -0.9161
vn -0.9116 -0.1499 -0.3829
vn -0.3752 -0.0784 -0.9236
vn -0.9180 -0.1117 0.3806
vn -0.3909 0.0139 0.9203
vn 0.3616 0.1533 0.9197
vn 0.8977 0.2247 0.3789
vn 0.9041 0.1864 -0.3844
vn 0.3772 0.0610 -0.9241
vn -0.9115 -0.1496 -0.3831
vn -0.3749 -0.0798 -0.9236
vn -0.9180 -0.1112 0.3807
vn -0.3905 0.0131 0.9205
vn 0.3619 0.1503 0.9200
vn 0.8986 0.2202 0.3795
vn 0.9051 0.1817 -0.3845
vn 0.3775 0.0575 -0.9242
vn -0.7586 0.0676 -0.6480
vn -0.7545 0.0679 -0.6527
vn -0.0723 0.0337 -0.9968
vn -0.0795 0.0342 -0.9963
vn -0.9935 0.0854 0.0747
vn -0.9936 0.0864 0.0730
vn -0.6533 0.0776 0.7532
vn -0.6504 0.0783 0.7556
vn 0.0676 0.0486 0.9965
vn 0.0747 0.0485 0.9960
vn 0.7533 0.0148 0.6575
vn 0.7575 0.0143 0.6527
vn 0.9974 -0.0037 -0.0717
vn 0.9973 -0.0041 -0.0735
vn 0.6506 0.0044 -0.7594
vn 0.6536 0.0039 -0.7569
vn -0.7507 0.0447 -0.6592
vn -0.0635 0.0416 -0.9971
vn -0.9965 0.0448 0.0710
vn -0.6487 0.0413 0.7600
vn 0.0832 0.0365 0.9959
vn 0.7622 0.0336 0.6465
vn 0.9966 0.0340 -0.0756
vn 0.6568 0.0373 -0.7531
vn -0.7487 -0.0093 -0.6629
vn -0.0634 0.0680 -0.9957
vn -0.9959 -0.0594 0.0685
vn -0.6462 -0.0514 0.7615
vn 0.0861 0.0096 0.9962
vn 0.7590 0.0864 0.6453
vn 0.9882 0.1344 -0.0738
vn 0.6508 0.1269 -0.7486
vn -0.7475 -0.0612 -0.6614
vn -0.0756 0.0984 -0.9923
vn -0.9846 -0.1621 0.0657
vn -0.6383 -0.1426 0.7564
vn 0.0816 -0.0148 0.9966
vn 0.7444 0.1437 0.6521
vn 0.9683 0.2409 -0.0657
vn 0.6313 0.2224 -0.7429
vn -0.7545 -0.0793 -0.6514
vn -0.0923 0.0976 -0.9909
vn -0.9800 -0.1866 0.0689
vn -0.6411 -0.1625 0.7501
vn 0.0659 -0.0210 0.9976
vn 0.7310 0.1561 0.6643
vn 0.9625 0.2648 -0.0589
vn 0.6207 0.2406 -0.7462
vn -0.7572 -0.0659 -0.6499
vn -0.0875 0.0729 -0.9935
vn -0.9870 -0.1440 0.0721
vn -0.6487 -0.1168 0.7520
vn 0.0617 -0.0003 0.9981
vn 0.7347 0.1387 0.6641
vn 0.9739 0.2186 -0.0612
vn 0.6323 0.1914 -0.7507
vn -0.7566 -0.0491 -0.6520
vn -0.0805 0.0532 -0.9953
vn -0.9925 -0.0991 0.0714
vn -0.6545 -0.0682 0.7530
vn 0.0613 0.0257 0.9978
vn 0.7397 0.1282 0.6606
vn 0.9817 0.1792 -0.0651
vn 0.6413 0.1480 -0.7529
vn -0.7591 -0.0153 -0.6508
vn -0.0823 0.0463 -0.9955
vn -0.9966 -0.0445 0.0694
vn -0.6611 -0.0248 0.7499
vn 0.0576 0.0329 0.9978
vn 0.7443 0.0954 0.6610
vn 0.9897 0.1255 -0.0690
vn 0.6443 0.1050 -0.7575
vn -0.7602 0.0451 -0.6482
vn -0.0826 0.0442 -0.9956
vn -0.9966 0.0420 0.0708
vn -0.6614 0.0367 0.7492
vn 0.0577 0.0322 0.9978
vn 0.7482 0.0312 0.6627
vn 0.9970 0.0344 -0.0693
vn 0.6488 0.0398 -0.7599
vn -0.7521 0.1106 -0.6497
vn -0.0765 0.0453 -0.9960
vn -0.9883 0.1350 0.0703
vn -0.6534 0.1049 0.7497
vn 0.0638 0.0372 0.9973
vn 0.7502 -0.0293 0.6605
vn 0.9960 -0.0547 -0.0704
vn 0.6503 -0.0235 -0.7593
vn -0.7392 0.1324 -0.6603
vn -0.0573 0.0644 -0.9963
vn -0.9870 0.1467 0.0659
vn -0.6476 0.0978 0.7556
vn 0.0787 0.0148 0.9968
vn 0.7584 -0.0529 0.6496
vn 0.9950 -0.0660 -0.0743
vn 0.6579 -0.0175 -0.7529
vn -0.7403 0.1107 -0.6631
vn -0.0518 0.1091 -0.9927
vn -0.9956 0.0693 0.0629
vn -0.6547 0.0090 0.7558
vn 0.0779 -0.0337 0.9964
vn 0.7600 -0.0338 0.6490
vn 0.9975 0.0077 -0.0705
vn 0.6630 0.0665 -0.7457
vn -0.7459 0.0937 -0.6594
vn -0.0590 0.1587 -0.9856
vn -0.9982 -0.0031 0.0594
vn -0.6593 -0.0746 0.7481
vn 0.0705 -0.0778 0.9945
vn 0.7548 -0.0114 0.6559
vn 0.9946 0.0846 -0.0603
vn 0.6584 0.1547 -0.7367
vn -0.7526 0.0880 -0.6526
vn -0.0681 0.1783 -0.9816
vn -0.9976 -0.0304 0.0621
vn -0.6597 -0.1076 0.7438
vn 0.0632 -0.0983 0.9932
vn 0.7476 -0.0080 0.6640
vn 0.9926 0.1104 -0.0507
vn 0.6547 0.1876 -0.7322
vn -0.7525 0.0859 -0.6530
vn -0.0680 0.1752 -0.9822
vn -0.9976 -0.0317 0.0619
vn -0.6597 -0.1086 0.7437
vn 0.0633 -0.0999 0.9930
vn 0.7478 -0.0105 0.6638
vn 0.9929 0.1070 -0.0511
vn 0.6550 0.1840 -0.7329
vn -0.6407 0.1040 -0.7607
vn -0.6324 0.1022 -0.7679
vn 0.0847 -0.0343 -0.9958
vn 0.0870 -0.0350 -0.9956
vn -0.9768 0.2013 -0.0727
vn -0.9756 0.2002 -0.0902
vn -0.7338 0.1996 0.6494
vn -0.7422 0.2021 0.6390
vn -0.0701 0.1039 0.9921
vn -0.0718 0.1072 0.9916
vn 0.6356 -0.0298 0.7714
vn 0.6437 -0.0292 0.7647
vn 0.9862 -0.1270 0.1059
vn 0.9878 -0.1277 0.0887
vn 0.7652 -0.1306 -0.6304
vn 0.7560 -0.1298 -0.6415
vn -0.6081 0.1780 -0.7737
vn 0.0988 0.0632 -0.9931
vn -0.9709 0.2123 -0.1112
vn -0.7659 0.1446 0.6265
vn -0.0922 0.0109 0.9957
vn 0.6429 -0.1095 0.7581
vn 0.9877 -0.1415 0.0668
vn 0.7545 -0.0683 -0.6527
vn -0.5699 0.3620 -0.7377
vn 0.1407 0.2948 -0.9451
vn -0.9637 0.2443 -0.1080
vn -0.7977 0.0004 0.6031
vn -0.1355 -0.2287 0.9640
vn 0.6166 -0.2957 0.7296
vn 0.9849 -0.1621 0.0611
vn 0.7775 0.0817 -0.6235
vn -0.5404 0.5374 -0.6474
vn 0.1820 0.5161 -0.8370
vn -0.9594 0.2711 -0.0784
vn -0.8193 -0.1415 0.5556
vn -0.1773 -0.4561 0.8721
vn 0.5789 -0.4719 0.6650
vn 0.9805 -0.1842 0.0693
vn 0.8067 0.2229 -0.5473
vn -0.5433 0.5991 -0.5882
vn 0.1966 0.5883 -0.7844
vn -0.9606 0.2757 -0.0354
vn -0.8136 -0.1918 0.5489
vn -0.1908 -0.5311 0.8255
vn 0.5476 -0.5451 0.6348
vn 0.9713 -0.2227 0.0834
vn 0.8258 0.2481 -0.5064
vn -0.5517 0.5847 -0.5947
vn 0.1827 0.5393 -0.8221
vn -0.9528 0.3033 -0.0096
vn -0.7972 -0.1355 0.5883
vn -0.1804 -0.4800 0.8585
vn 0.5467 -0.5332 0.6457
vn 0.9637 -0.2590 0.0649
vn 0.8155 0.1875 -0.5475
vn -0.5463 0.5790 -0.6052
vn 0.1733 0.4924 -0.8529
vn -0.9388 0.3445 0.0057
vn -0.7794 -0.0722 0.6224
vn -0.1619 -0.4296 0.8884
vn 0.5571 -0.5197 0.6477
vn 0.9571 -0.2874 0.0362
vn 0.7983 0.1329 -0.5874
vn -0.5522 0.5427 -0.6328
vn 0.1765 0.4574 -0.8716
vn -0.9466 0.3224 -0.0055
vn -0.7713 -0.0704 0.6326
vn -0.1394 -0.4009 0.9055
vn 0.5750 -0.4796 0.6628
vn 0.9631 -0.2647 0.0494
vn 0.8021 0.1213 -0.5848
vn -0.5720 0.4510 -0.6852
vn 0.1712 0.4228 -0.8899
vn -0.9723 0.2264 -0.0579
vn -0.7828 -0.1156 0.6114
vn -0.1286 -0.3677 0.9210
vn 0.5968 -0.3868 0.7030
vn 0.9814 -0.1676 0.0932
vn 0.8098 0.1652 -0.5629
vn -0.5900 0.3569 -0.7243
vn 0.1593 0.3935 -0.9054
vn -0.9868 0.1267 -0.1010
vn -0.7930 -0.1580 0.5883
vn -0.1337 -0.3282 0.9351
vn 0.5999 -0.2881 0.7464
vn 0.9884 -0.0634 0.1378
vn 0.8104 0.2178 -0.5439
vn -0.6041 0.3077 -0.7351
vn 0.1386 0.3418 -0.9295
vn -0.9879 0.1142 -0.1054
vn -0.7986 -0.1244 0.5889
vn -0.1493 -0.2716 0.9508
vn 0.5895 -0.2423 0.7705
vn 0.9882 -0.0505 0.1445
vn 0.8029 0.1929 -0.5640
vn -0.6040 0.3122 -0.7332
vn 0.1298 0.2717 -0.9536
vn -0.9781 0.1902 -0.0840
vn -0.7882 -0.0212 0.6151
vn -0.1455 -0.2019 0.9685
vn 0.5883 -0.2481 0.7697
vn 0.9844 -0.1288 0.1198
vn 0.7945 0.0883 -0.6008
vn -0.5972 0.3192 -0.7358
vn 0.1253 0.2021 -0.9713
vn -0.9607 0.2692 -0.0677
vn -0.7638 0.0844 0.6399
vn -0.1242 -0.1288 0.9839
vn 0.5946 -0.2483 0.7647
vn 0.9742 -0.2026 0.0996
vn 0.7810 -0.0154 -0.6243
vn -0.5879 0.3140 -0.7455
vn 0.1258 0.1666 -0.9780
vn -0.9519 0.2977 -0.0729
vn -0.7529 0.1275 0.6456
vn -0.1078 -0.0970 0.9894
vn 0.6059 -0.2443 0.7571
vn 0.9700 -0.2282 0.0844
vn 0.7710 -0.0579 -0.6342
vn -0.5884 0.3121 -0.7459
vn 0.1256 0.1659 -0.9781
vn -0.9528 0.2947 -0.0736
vn -0.7540 0.1238 0.6451
vn -0.1085 -0.1004 0.9890
vn 0.6055 -0.2466 0.7567
vn 0.9697 -0.2291 0.0844
vn 0.7710 -0.0583 -0.6342
vn -0.9839 0.0794 0.1602
vn -0.9848 0.0795 0.1542
vn -0.8079 0.0318 -0.5885
vn -0.8119 0.0323 -0.5829
vn -0.5830 0.1027 0.8059
vn -0.5844 0.1035 0.8048
vn 0.1550 0.0892 0.9839
vn 0.1585 0.0899 0.9833
vn 0.8057 0.0467 0.5905
vn 0.8097 0.0465 0.5850
vn 0.9885 -0.0007 -0.1515
vn 0.9875 -0.0012 -0.1576
vn 0.5886 -0.0249 -0.8080
vn 0.5871 -0.0252 -0.8091
vn -0.1602 -0.0111 -0.9870
vn -0.1566 -0.0116 -0.9876
vn -0.9874 0.0575 0.1476
vn -0.8026 0.0395 -0.5952
vn -0.5881 0.0637 0.8063
vn 0.1623 0.0541 0.9853
vn 0.8147 0.0344 0.5788
vn 0.9861 0.0169 -0.1653
vn 0.5856 0.0114 -0.8105
vn -0.1515 0.0207 -0.9882
vn -0.9895 0.0049 0.1444
vn -0.8008 0.0654 -0.5953
vn -0.5908 -0.0377 0.8060
vn 0.1642 -0.0363 0.9858
vn 0.8167 0.0081 0.5770
vn 0.9839 0.0683 -0.1650
vn 0.5830 0.1094 -0.8051
vn -0.1505 0.1082 -0.9827
vn -0.9883 -0.0458 0.1455
vn -0.8056 0.0952 -0.5847
vn -0.5871 -0.1382 0.7976
vn 0.1640 -0.1256 0.9784
vn 0.8138 -0.0158 0.5810
vn 0.9807 0.1245 -0.1509
vn 0.5781 0.2137 -0.7875
vn -0.1573 0.2018 -0.9667
vn -0.9856 -0.0586 0.1586
vn -0.8157 0.0960 -0.5705
vn -0.5827 -0.1566 0.7975
vn 0.1562 -0.1418 0.9775
vn 0.8041 -0.0226 0.5940
vn 0.9821 0.1322 -0.1341
vn 0.5801 0.2317 -0.7809
vn -0.1668 0.2167 -0.9619
vn -0.9858 -0.0416 0.1629
vn -0.8149 0.0667 -0.5758
vn -0.5829 -0.1042 0.8058
vn 0.1543 -0.0857 0.9843
vn 0.8020 0.0031 0.5973
vn 0.9844 0.1113 -0.1360
vn 0.5870 0.1757 -0.7903
vn -0.1618 0.1573 -0.9742
vn -0.9870 -0.0221 0.1593
vn -0.8118 0.0408 -0.5826
vn -0.5876 -0.0496 0.8076
vn 0.1511 -0.0261 0.9882
vn 0.8018 0.0350 0.5966
vn 0.9848 0.0982 -0.1431
vn 0.5876 0.1263 -0.7992
vn -0.1589 0.1024 -0.9820
vn -0.9870 0.0327 0.1577
vn -0.8125 0.0580 -0.5800
vn -0.5938 0.0107 0.8046
vn 0.1437 0.0048 0.9896
vn 0.8015 0.0189 0.5976
vn 0.9877 0.0447 -0.1501
vn 0.5843 0.0668 -0.8088
vn -0.1649 0.0721 -0.9837
vn -0.9771 0.1450 0.1558
vn -0.8048 0.1351 -0.5780
vn -0.5907 0.0928 0.8015
vn 0.1411 0.0076 0.9900
vn 0.7999 -0.0616 0.5970
vn 0.9848 -0.0726 -0.1577
vn 0.5777 -0.0180 -0.8161
vn -0.1667 0.0683 -0.9836
vn -0.9520 0.2623 0.1580
vn -0.7857 0.2179 -0.5789
vn -0.5674 0.1778 0.8040
vn 0.1516 0.0119 0.9884
vn 0.7917 -0.1403 0.5946
vn 0.9699 -0.1878 -0.1552
vn 0.5728 -0.1005 -0.8135
vn -0.1582 0.0686 -0.9850
vn -0.9511 0.2617 0.1643
vn -0.7867 0.1851 -0.5889
vn -0.5433 0.2045 0.8143
vn 0.1839 0.0503 0.9817
vn 0.8056 -0.1104 0.5820
vn 0.9708 -0.1863 -0.1509
vn 0.5828 -0.1337 -0.8015
vn -0.1452 0.0198 -0.9892
vn -0.9750 0.1374 0.1748
vn -0.8118 0.0390 -0.5827
vn -0.5471 0.1739 0.8188
vn 0.1979 0.1291 0.9717
vn 0.8241 0.0316 0.5655
vn 0.9849 -0.0632 -0.1613
vn 0.5877 -0.1020 -0.8026
vn -0.1549 -0.0608 -0.9861
vn -0.9821 0.0161 0.1876
vn -0.8209 -0.1033 -0.5616
vn -0.5577 0.1478 0.8168
vn 0.1880 0.2138 0.9586
vn 0.8191 0.1783 0.5452
vn 0.9813 0.0629 -0.1820
vn 0.5792 -0.0676 -0.8124
vn -0.1675 -0.1376 -0.9762
vn -0.9821 -0.0320 0.1857
vn -0.8194 -0.1610 -0.5501
vn -0.5718 0.1377 0.8087
vn 0.1712 0.2487 0.9533
vn 0.8111 0.2359 0.5352
vn 0.9738 0.1070 -0.2006
vn 0.5637 -0.0627 -0.8236
vn -0.1793 -0.1738 -0.9683
vn -0.9820 -0.0324 0.1860
vn -0.8194 -0.1609 -0.5502
vn -0.5717 0.1359 0.8091
vn 0.1713 0.2452 0.9542
vn 0.8117 0.2316 0.5362
vn 0.9743 0.1030 -0.2001
vn 0.5639 -0.0652 -0.8232
vn -0.1791 -0.1745 -0.9682
vn -0.4877 0.1655 0.8572
vn -0.4916 0.1650 0.8550
vn -0.9628 0.0232 0.2691
vn -0.9612 0.0244 0.2747
vn 0.2669 0.2244 0.9373
vn 0.2665 0.2247 0.9373
vn 0.8658 0.1677 0.4715
vn 0.8677 0.1674 0.4681
vn 0.9617 0.0276 -0.2726
vn 0.9601 0.0265 -0.2782
vn 0.4931 -0.1147 -0.8624
vn 0.4892 -0.1154 -0.8645
vn -0.2689 -0.1750 -0.9471
vn -0.2693 -0.1751 -0.9470
vn -0.8727 -0.1171 -0.4740
vn -0.8707 -0.1177 -0.4774
vn -0.4955 0.1416 0.8570
vn -0.9648 0.0230 0.2618
vn 0.2680 0.1910 0.9443
vn 0.8719 0.1409 0.4689
vn 0.9584 0.0218 -0.2846
vn 0.4828 -0.0953 -0.8705
vn -0.2712 -0.1428 -0.9519
vn -0.8690 -0.0943 -0.4858
vn -0.5032 0.0606 0.8620
vn -0.9677 0.0327 0.2502
vn 0.2704 0.0661 0.9605
vn 0.8802 0.0452 0.4725
vn 0.9556 0.0111 -0.2946
vn 0.4735 -0.0157 -0.8807
vn -0.2742 -0.0203 -0.9615
vn -0.8663 -0.0005 -0.4995
vn -0.4944 -0.0219 0.8690
vn -0.9635 0.0471 0.2636
vn 0.2702 -0.0633 0.9607
vn 0.8746 -0.0528 0.4820
vn 0.9598 0.0036 -0.2807
vn 0.4821 0.0723 -0.8731
vn -0.2695 0.1131 -0.9563
vn -0.8654 0.1028 -0.4904
vn -0.4661 0.0407 0.8838
vn -0.9523 0.0349 0.3032
vn 0.2754 0.0382 0.9606
vn 0.8626 0.0282 0.5051
vn 0.9708 0.0161 -0.2393
vn 0.5122 0.0101 -0.8588
vn -0.2684 0.0144 -0.9632
vn -0.8830 0.0246 -0.4687
vn -0.4709 0.2264 0.8526
vn -0.9483 -0.0147 0.3171
vn 0.2572 0.3498 0.9008
vn 0.8409 0.2942 0.4542
vn 0.9639 0.0878 -0.2515
vn 0.5313 -0.1611 -0.8317
vn -0.2413 -0.3041 -0.9216
vn -0.8704 -0.2407 -0.4295
vn -0.5214 0.3819 0.7631
vn -0.9430 -0.0709 0.3250
vn 0.1832 0.6243 0.7594
vn 0.7808 0.5315 0.3284
vn 0.9424 0.1507 -0.2987
vn 0.5531 -0.3152 -0.7712
vn -0.1856 -0.5866 -0.7884
vn -0.8154 -0.4805 -0.3227
vn -0.5921 0.4874 0.6418
vn -0.9635 -0.0456 0.2636
vn 0.1120 0.7538 0.6475
vn 0.7541 0.5984 0.2705
vn 0.9544 0.0956 -0.2827
vn 0.5721 -0.4608 -0.6785
vn -0.1596 -0.7249 -0.6701
vn -0.7909 -0.5463 -0.2757
vn -0.6258 0.5928 0.5069
vn -0.9909 0.0743 0.1123
vn 0.0961 0.7883 0.6077
vn 0.7736 0.5329 0.3427
vn 0.9883 -0.0428 -0.1465
vn 0.5923 -0.5829 -0.5562
vn -0.1557 -0.7557 -0.6362
vn -0.8026 -0.4786 -0.3560
vn -0.6056 0.7061 0.3670
vn -0.9788 0.2005 -0.0416
vn 0.1135 0.8220 0.5581
vn 0.7761 0.4725 0.4176
vn 0.9879 -0.1541 0.0154
vn 0.6020 -0.6838 -0.4122
vn -0.1475 -0.7867 -0.5995
vn -0.7972 -0.4133 -0.4400
vn -0.5742 0.7682 0.2829
vn -0.9691 0.2298 -0.0898
vn 0.1529 0.8654 0.4771
vn 0.7930 0.4722 0.3848
vn 0.9807 -0.1865 0.0591
vn 0.6017 -0.7339 -0.3152
vn -0.1339 -0.8443 -0.5188
vn -0.7900 -0.4421 -0.4248
vn -0.5700 0.7751 0.2728
vn -0.9809 0.1932 -0.0206
vn 0.1698 0.9043 0.3916
vn 0.8084 0.5212 0.2735
vn 0.9882 -0.1529 -0.0122
vn 0.6022 -0.7378 -0.3049
vn -0.1401 -0.8899 -0.4340
vn -0.8037 -0.5038 -0.3167
vn -0.5764 0.7769 0.2533
vn -0.9854 0.1638 0.0473
vn 0.1631 0.9406 0.2977
vn 0.8064 0.5698 0.1580
vn 0.9885 -0.1240 -0.0861
vn 0.5967 -0.7460 -0.2956
vn -0.1524 -0.9260 -0.3454
vn -0.8129 -0.5462 -0.2023
vn -0.5879 0.7747 0.2328
vn -0.9875 0.1443 0.0635
vn 0.1555 0.9552 0.2517
vn 0.8070 0.5804 0.1093
vn 0.9852 -0.1303 -0.1111
vn 0.5855 -0.7607 -0.2804
vn -0.1578 -0.9410 -0.2992
vn -0.8091 -0.5663 -0.1568
vn -0.5878 0.7741 0.2349
vn -0.9874 0.1444 0.0641
vn 0.1556 0.9544 0.2550
vn 0.8072 0.5794 0.1125
vn 0.9854 -0.1310 -0.1089
vn 0.5857 -0.7607 -0.2797
vn -0.1575 -0.9409 -0.2997
vn -0.8092 -0.5660 -0.1573
vn -0.8542 0.3116 0.4161
vn -0.8551 0.3130 0.4134
vn -0.9499 0.0702 -0.3045
vn -0.9540 0.0747 -0.2905
vn -0.2710 0.3850 0.8822
vn -0.2596 0.3859 0.8853
vn 0.4744 0.2514 0.8437
vn 0.4914 0.2461 0.8354
vn 0.9523 -0.0195 0.3044
vn 0.9567 -0.0251 0.2900
vn 0.8636 -0.2681 -0.4269
vn 0.8624 -0.2681 -0.4293
vn 0.2536 -0.3409 -0.9052
vn 0.2656 -0.3412 -0.9017
vn -0.5029 -0.1956 -0.8419
vn -0.4859 -0.2012 -0.8505
vn -0.8711 0.2058 0.4460
vn -0.9528 -0.0029 -0.3037
vn -0.2530 0.3011 0.9194
vn 0.5125 0.2270 0.8281
vn 0.9674 0.0361 0.2507
vn 0.8707 -0.1600 -0.4651
vn 0.2883 -0.2543 -0.9231
vn -0.4621 -0.1928 -0.8656
vn -0.8618 -0.0759 0.5015
vn -0.9444 -0.1707 -0.2811
vn -0.2349 0.0812 0.9686
vn 0.5216 0.1985 0.8298
vn 0.9543 0.2105 0.2119
vn 0.8486 0.1175 -0.5159
vn 0.2760 -0.0279 -0.9608
vn -0.4581 -0.1472 -0.8766
vn -0.7825 -0.3567 0.5103
vn -0.9038 -0.3366 -0.2644
vn -0.1833 -0.1426 0.9727
vn 0.5149 0.1683 0.8406
vn 0.8953 0.3867 0.2212
vn 0.7613 0.3960 -0.5133
vn 0.1994 0.1974 -0.9598
vn -0.4861 -0.1027 -0.8679
vn -0.7493 -0.4233 0.5093
vn -0.8907 -0.3891 -0.2350
vn -0.1845 -0.2026 0.9617
vn 0.4836 0.1479 0.8627
vn 0.8669 0.4258 0.2591
vn 0.7317 0.4644 -0.4989
vn 0.1541 0.2389 -0.9587
vn -0.5202 -0.1160 -0.8461
vn -0.7975 -0.3065 0.5196
vn -0.9160 -0.3322 -0.2249
vn -0.2323 -0.0956 0.9679
vn 0.4629 0.1823 0.8675
vn 0.8916 0.3692 0.2621
vn 0.7877 0.3500 -0.5069
vn 0.1996 0.1305 -0.9712
vn -0.5101 -0.1539 -0.8462
vn -0.8377 -0.1895 0.5122
vn -0.9324 -0.2735 -0.2362
vn -0.2657 0.0163 0.9639
vn 0.4575 0.2264 0.8599
vn 0.9139 0.3185 0.2518
vn 0.8274 0.2356 -0.5098
vn 0.2430 0.0254 -0.9697
vn -0.4885 -0.1858 -0.8525
vn -0.8617 -0.1070 0.4959
vn -0.9461 -0.2065 -0.2495
vn -0.2838 0.0676 0.9565
vn 0.4609 0.2174 0.8604
vn 0.9342 0.2530 0.2516
vn 0.8465 0.1509 -0.5106
vn 0.2520 -0.0270 -0.9673
vn -0.4893 -0.1742 -0.8545
vn -0.8745 -0.0129 0.4849
vn -0.9598 -0.1061 -0.2598
vn -0.2880 0.1007 0.9523
vn 0.4695 0.1694 0.8665
vn 0.9527 0.1510 0.2637
vn 0.8638 0.0552 -0.5007
vn 0.2577 -0.0601 -0.9644
vn -0.4964 -0.1261 -0.8589
vn -0.8762 0.0876 0.4740
vn -0.9623 -0.0014 -0.2721
vn -0.2860 0.1400 0.9480
vn 0.4752 0.1248 0.8710
vn 0.9601 0.0493 0.2752
vn 0.8713 -0.0418 -0.4890
vn 0.2629 -0.0936 -0.9603
vn -0.4955 -0.0763 -0.8652
vn -0.8752 0.1099 0.4712
vn -0.9563 0.0454 -0.2888
vn -0.2745 0.1236 0.9536
vn 0.4903 0.0777 0.8681
vn 0.9632 -0.0000 0.2687
vn 0.8718 -0.0636 -0.4858
vn 0.2766 -0.0764 -0.9579
vn -0.4779 -0.0316 -0.8779
vn -0.8783 0.0392 0.4766
vn -0.9565 0.0297 -0.2902
vn -0.2741 0.0385 0.9609
vn 0.4926 0.0283 0.8698
vn 0.9638 0.0145 0.2663
vn 0.8730 0.0054 -0.4878
vn 0.2814 0.0061 -0.9596
vn -0.4727 0.0160 -0.8811
vn -0.8786 -0.0278 0.4767
vn -0.9584 0.0184 -0.2850
vn -0.2780 -0.0437 0.9596
vn 0.4877 -0.0195 0.8728
vn 0.9620 0.0300 0.2712
vn 0.8714 0.0756 -0.4848
vn 0.2766 0.0910 -0.9567
vn -0.4783 0.0675 -0.8756
vn -0.8751 -0.0509 0.4813
vn -0.9610 0.0188 -0.2759
vn -0.2771 -0.0769 0.9578
vn 0.4827 -0.0441 0.8747
vn 0.9594 0.0284 0.2806
vn 0.8736 0.0980 -0.4767
vn 0.2756 0.1241 -0.9532
vn -0.4843 0.0912 -0.8701
vn -0.8751 -0.0513 0.4811
vn -0.9610 0.0174 -0.2761
vn 0.4828 -0.0445 0.8746
vn 0.9595 0.0271 0.2804
vn 0.8737 0.0958 -0.4769
vn 0.2757 0.1214 -0.9536
vn -0.4843 0.0889 -0.8704
vn 0.1525 0.2284 0.9616
vn 0.1480 0.2277 0.9624
vn -0.5757 0.0262 0.8173
vn -0.5707 0.0279 0.8207
vn 0.7811 0.3116 0.5412
vn 0.7807 0.3120 0.5414
vn 0.9534 0.2303 -0.1952
vn 0.9526 0.2298 -0.1992
vn 0.5677 0.0309 -0.8226
vn 0.5628 0.0291 -0.8261
vn -0.1564 -0.1714 -0.9727
vn -0.1609 -0.1725 -0.9718
vn -0.7940 -0.2567 -0.5510
vn -0.7942 -0.2569 -0.5507
vn -0.9654 -0.1736 0.1945
vn -0.9661 -0.1746 0.1904
vn 0.1476 0.2027 0.9681
vn -0.5821 0.0248 0.8127
vn 0.7894 0.2769 0.5479
vn 0.9586 0.2021 -0.2005
vn 0.5573 0.0237 -0.8300
vn -0.1712 -0.1521 -0.9734
vn -0.8012 -0.2239 -0.5550
vn -0.9717 -0.1512 0.1815
vn 0.1557 0.1567 0.9753
vn -0.5829 0.0346 0.8118
vn 0.8036 0.2018 0.5599
vn 0.9711 0.1420 -0.1916
vn 0.5598 0.0135 -0.8285
vn -0.1793 -0.1071 -0.9780
vn -0.8132 -0.1502 -0.5623
vn -0.9803 -0.0920 0.1750
vn 0.1636 0.1138 0.9800
vn -0.5818 0.0488 0.8119
vn 0.8139 0.1281 0.5667
vn 0.9792 0.0830 -0.1853
vn 0.5633 0.0056 -0.8263
vn -0.1811 -0.0584 -0.9817
vn -0.8188 -0.0721 -0.5695
vn -0.9851 -0.0280 0.1699
vn 0.1726 0.0624 0.9830
vn -0.5776 0.0364 0.8155
vn 0.8207 0.0680 0.5673
vn 0.9818 0.0502 -0.1833
vn 0.5663 0.0197 -0.8239
vn -0.1771 -0.0058 -0.9842
vn -0.8179 -0.0117 -0.5752
vn -0.9858 0.0057 0.1680
vn 0.1772 -0.0144 0.9841
vn -0.5775 -0.0173 0.8162
vn 0.8252 0.0129 0.5647
vn 0.9814 0.0482 -0.1856
vn 0.5648 0.0707 -0.8222
vn -0.1758 0.0677 -0.9821
vn -0.8158 0.0410 -0.5768
vn -0.9862 0.0059 0.1655
vn 0.1755 -0.0914 0.9802
vn -0.5760 -0.0699 0.8145
vn 0.8235 -0.0420 0.5657
vn 0.9823 0.0488 -0.1806
vn 0.5649 0.1269 -0.8153
vn -0.1781 0.1473 -0.9729
vn -0.8179 0.0989 -0.5669
vn -0.9852 0.0092 0.1713
vn 0.1750 -0.0698 0.9821
vn -0.5640 -0.0437 0.8246
vn 0.8151 -0.0398 0.5780
vn 0.9862 0.0300 -0.1628
vn 0.5763 0.0995 -0.8111
vn -0.1793 0.1266 -0.9756
vn -0.8264 0.0947 -0.5550
vn -0.9810 0.0239 0.1927
vn 0.1754 0.0791 0.9813
vn -0.5577 0.0849 0.8257
vn 0.8115 0.0436 0.5828
vn 0.9878 -0.0020 -0.1560
vn 0.5802 -0.0313 -0.8139
vn -0.1850 -0.0255 -0.9824
vn -0.8338 0.0119 -0.5519
vn -0.9782 0.0576 0.1996
vn 0.1804 0.2309 0.9561
vn -0.5578 0.2173 0.8011
vn 0.8176 0.1283 0.5613
vn 0.9856 -0.0338 -0.1659
vn 0.5721 -0.1611 -0.8042
vn -0.1855 -0.1760 -0.9668
vn -0.8303 -0.0688 -0.5531
vn -0.9788 0.0945 0.1816
vn 0.1907 0.2223 0.9561
vn -0.5695 0.1979 0.7978
vn 0.8334 0.1299 0.5371
vn 0.9801 -0.0218 -0.1975
vn 0.5610 -0.1436 -0.8153
vn -0.1759 -0.1676 -0.9700
vn -0.8150 -0.0800 -0.5739
vn -0.9850 0.0712 0.1572
vn 0.1952 0.0612 0.9789
vn -0.5729 0.0319 0.8190
vn 0.8381 0.0692 0.5410
vn 0.9764 0.0521 -0.2095
vn 0.5553 0.0206 -0.8314
vn -0.1762 -0.0073 -0.9843
vn -0.8123 -0.0162 -0.5830
vn -0.9870 -0.0004 0.1607
vn 0.1990 -0.0975 0.9751
vn -0.5617 -0.1315 0.8168
vn 0.8355 0.0116 0.5494
vn 0.9726 0.1290 -0.1932
vn 0.5478 0.1871 -0.8154
vn -0.1878 0.1545 -0.9700
vn -0.8208 0.0494 -0.5691
vn -0.9830 -0.0694 0.1698
vn 0.1956 -0.1587 0.9678
vn -0.5519 -0.1949 0.8108
vn 0.8274 -0.0135 0.5614
vn 0.9729 0.1557 -0.1708
vn 0.5468 0.2496 -0.7992
vn -0.2008 0.2134 -0.9561
vn -0.8326 0.0683 -0.5496
vn -0.9780 -0.1010 0.1826
vn 0.1958 -0.1578 0.9679
vn -0.5521 -0.1939 0.8109
vn 0.8276 -0.0141 0.5611
vn 0.9733 0.1530 -0.1712
vn 0.5473 0.2456 -0.8000
vn -0.2007 0.2095 -0.9570
vn -0.8325 0.0658 -0.5501
vn -0.9780 -0.1013 0.1822
vn -0.9510 0.2817 0.1277
vn -0.9553 0.2752 0.1075
vn -0.8125 -0.0275 -0.5824
vn -0.8220 -0.0207 -0.5692
vn -0.5236 0.4297 0.7357
vn -0.5340 0.4309 0.7275
vn 0.1980 0.3471 0.9167
vn 0.2007 0.3491 0.9153
vn 0.8126 0.0832 0.5768
vn 0.8219 0.0780 0.5642
vn 0.9703 -0.2181 -0.1043
vn 0.9663 -0.2250 -0.1247
vn 0.5574 -0.3807 -0.7379
vn 0.5459 -0.3810 -0.7463
vn -0.1930 -0.2991 -0.9345
vn -0.1903 -0.2989 -0.9351
vn -0.9630 0.2557 0.0848
vn -0.7835 0.0400 -0.6201
vn -0.5704 0.3406 0.7474
vn 0.1798 0.2333 0.9556
vn 0.8211 -0.0034 0.5708
vn 0.9634 -0.2182 -0.1556
vn 0.5513 -0.2870 -0.7834
vn -0.1619 -0.1806 -0.9701
vn -0.9718 0.2227 0.0774
vn -0.7347 0.2333 -0.6370
vn -0.6331 0.0939 0.7683
vn 0.1186 -0.0819 0.9896
vn 0.7926 -0.1888 0.5798
vn 0.9724 -0.1637 -0.1664
vn 0.6004 -0.0324 -0.7990
vn -0.0932 0.1287 -0.9873
vn -0.9783 0.1859 0.0916
vn -0.7006 0.4269 -0.5718
vn -0.6767 -0.1581 0.7191
vn 0.0489 -0.3948 0.9175
vn 0.7460 -0.3705 0.5534
vn 0.9851 -0.1103 -0.1320
vn 0.6557 0.2201 -0.7222
vn -0.0315 0.4376 -0.8986
vn -0.9728 0.1804 0.1457
vn -0.7160 0.4747 -0.5119
vn -0.6636 -0.2025 0.7202
vn 0.0241 -0.4558 0.8897
vn 0.7050 -0.4367 0.5588
vn 0.9843 -0.1482 -0.0957
vn 0.6803 0.2445 -0.6909
vn -0.0298 0.5035 -0.8635
vn -0.9447 0.2670 0.1903
vn -0.7383 0.4245 -0.5242
vn -0.6105 -0.0261 0.7915
vn 0.0660 -0.2907 0.9545
vn 0.7138 -0.3811 0.5876
vn 0.9635 -0.2390 -0.1210
vn 0.6393 0.0647 -0.7663
vn -0.0810 0.3449 -0.9351
vn -0.9092 0.3685 0.1939
vn -0.7436 0.3789 -0.5510
vn -0.5463 0.1607 0.8220
vn 0.1311 -0.1234 0.9837
vn 0.7433 -0.3244 0.5851
vn 0.9327 -0.3237 -0.1587
vn 0.5714 -0.1151 -0.8126
vn -0.1298 0.1788 -0.9753
vn -0.9105 0.3727 0.1791
vn -0.7471 0.3352 -0.5740
vn -0.5270 0.2034 0.8252
vn 0.1711 -0.0702 0.9827
vn 0.7721 -0.2870 0.5670
vn 0.9301 -0.3227 -0.1753
vn 0.5564 -0.1577 -0.8158
vn -0.1362 0.1141 -0.9841
vn -0.9418 0.2916 0.1675
vn -0.7590 0.2928 -0.5815
vn -0.5565 0.1302 0.8206
vn 0.1653 -0.0943 0.9817
vn 0.7883 -0.2470 0.5636
vn 0.9542 -0.2415 -0.1768
vn 0.5769 -0.0837 -0.8125
vn -0.1281 0.1364 -0.9823
vn -0.9628 0.2115 0.1681
vn -0.7749 0.2551 -0.5784
vn -0.5750 0.0578 0.8161
vn 0.1540 -0.1139 0.9815
vn 0.7928 -0.2030 0.5747
vn 0.9739 -0.1593 -0.1616
vn 0.5959 -0.0084 -0.8030
vn -0.1263 0.1632 -0.9785
vn -0.9732 0.1535 0.1712
vn -0.7942 0.1848 -0.5788
vn -0.5748 0.0477 0.8169
vn 0.1572 -0.0697 0.9851
vn 0.7986 -0.1313 0.5874
vn 0.9838 -0.1022 -0.1476
vn 0.6004 0.0021 -0.7997
vn -0.1378 0.1215 -0.9830
vn -0.9794 0.1085 0.1702
vn -0.8084 0.0870 -0.5821
vn -0.5715 0.0809 0.8166
vn 0.1652 0.0214 0.9860
vn 0.8064 -0.0357 0.5903
vn 0.9876 -0.0578 -0.1456
vn 0.5962 -0.0317 -0.8022
vn -0.1508 0.0285 -0.9882
vn -0.9836 0.0648 0.1683
vn -0.8137 -0.0098 -0.5813
vn -0.5715 0.1165 0.8123
vn 0.1698 0.1158 0.9786
vn 0.8114 0.0641 0.5809
vn 0.9882 -0.0091 -0.1527
vn 0.5922 -0.0619 -0.8034
vn -0.1561 -0.0626 -0.9858
vn -0.9864 0.0392 0.1594
vn -0.8130 -0.0558 -0.5796
vn -0.5821 0.1269 0.8032
vn 0.1631 0.1559 0.9742
vn 0.8125 0.1092 0.5726
vn 0.9859 0.0143 -0.1665
vn 0.5815 -0.0734 -0.8102
vn -0.1637 -0.1024 -0.9812
vn -0.9864 0.0386 0.1597
vn -0.8130 -0.0555 -0.5795
vn -0.5821 0.1249 0.8035
vn 0.1631 0.1527 0.9747
vn 0.8127 0.1059 0.5730
vn 0.9860 0.0118 -0.1663
vn 0.5816 -0.0745 -0.8100
vn -0.1636 -0.1023 -0.9812
vn -0.2765 0.4200 0.8644
vn -0.2808 0.4182 0.8639
vn -0.8466 0.0250 0.5317
vn -0.8448 0.0273 0.5344
vn 0.4441 0.5861 0.6777
vn 0.4418 0.5863 0.6790
vn 0.8981 0.4312 0.0867
vn 0.8981 0.4313 0.0858
vn 0.8232 0.0457 -0.5659
vn 0.8214 0.0437 -0.5687
vn 0.2603 -0.3476 -0.9008
vn 0.2561 -0.3495 -0.9013
vn -0.4647 -0.5177 -0.7183
vn -0.4669 -0.5180 -0.7167
vn -0.9240 -0.3623 -0.1225
vn -0.9237 -0.3628 -0.1231
vn -0.2843 0.4101 0.8666
vn -0.8523 0.0333 0.5220
vn 0.4465 0.5666 0.6925
vn 0.9080 0.4074 0.0976
vn 0.8247 0.0265 -0.5649
vn 0.2499 -0.3493 -0.9031
vn -0.4750 -0.5008 -0.7235
vn -0.9297 -0.3427 -0.1350
vn -0.2816 0.4252 0.8602
vn -0.8556 0.0646 0.5136
vn 0.4506 0.5571 0.6975
vn 0.9163 0.3828 0.1177
vn 0.8397 0.0016 -0.5431
vn 0.2612 -0.3629 -0.8944
vn -0.4769 -0.4941 -0.7269
vn -0.9381 -0.3159 -0.1424
vn -0.2891 0.4449 0.8476
vn -0.8658 0.0920 0.4918
vn 0.4520 0.5578 0.6961
vn 0.9237 0.3624 0.1242
vn 0.8452 -0.0277 -0.5337
vn 0.2622 -0.3800 -0.8871
vn -0.4768 -0.4882 -0.7310
vn -0.9423 -0.2934 -0.1614
vn -0.2912 0.3632 0.8850
vn -0.8810 0.1072 0.4608
vn 0.4836 0.4247 0.7653
vn 0.9563 0.2443 0.1605
vn 0.8381 -0.0587 -0.5423
vn 0.2323 -0.2987 -0.9257
vn -0.4991 -0.3472 -0.7939
vn -0.9558 -0.1830 -0.2302
vn -0.2826 0.1632 0.9452
vn -0.8806 0.1303 0.4556
vn 0.5065 0.1189 0.8540
vn 0.9756 0.0231 0.2184
vn 0.8399 -0.0615 -0.5392
vn 0.2252 -0.0865 -0.9705
vn -0.5045 -0.0424 -0.8624
vn -0.9572 0.0454 -0.2858
vn -0.2970 -0.0441 0.9539
vn -0.8668 0.1557 0.4737
vn 0.4705 -0.1974 0.8600
vn 0.9512 -0.2030 0.2326
vn 0.8501 -0.0620 -0.5230
vn 0.2627 0.1331 -0.9557
vn -0.4584 0.2726 -0.8459
vn -0.9215 0.2829 -0.2663
vn -0.2853 -0.1198 0.9509
vn -0.8395 0.1715 0.5155
vn 0.4405 -0.3202 0.8387
vn 0.9181 -0.3130 0.2432
vn 0.8643 -0.1001 -0.4929
vn 0.3051 0.1933 -0.9325
vn -0.4254 0.3929 -0.8153
vn -0.8980 0.3836 -0.2155
vn -0.2570 -0.0495 0.9651
vn -0.8229 0.2041 0.5302
vn 0.4606 -0.2538 0.8506
vn 0.9224 -0.2928 0.2518
vn 0.8579 -0.1413 -0.4940
vn 0.2906 0.1163 -0.9497
vn -0.4473 0.3265 -0.8327
vn -0.9077 0.3614 -0.2132
vn -0.2402 0.0280 0.9703
vn -0.8150 0.2485 0.5234
vn 0.4812 -0.1866 0.8565
vn 0.9310 -0.2706 0.2448
vn 0.8419 -0.1732 -0.5111
vn 0.2617 0.0494 -0.9639
vn -0.4654 0.2653 -0.8444
vn -0.9100 0.3472 -0.2268
vn -0.2325 0.0468 0.9715
vn -0.8104 0.2668 0.5216
vn 0.4888 -0.1782 0.8540
vn 0.9312 -0.2763 0.2379
vn 0.8352 -0.1902 -0.5160
vn 0.2573 0.0299 -0.9659
vn -0.4641 0.2548 -0.8483
vn -0.9064 0.3530 -0.2322
vn -0.2335 0.0438 0.9714
vn -0.8115 0.2639 0.5214
vn 0.4881 -0.1808 0.8539
vn 0.9306 -0.2784 0.2377
vn 0.8348 -0.1917 -0.5161
vn 0.2568 0.0284 -0.9660
vn -0.4647 0.2530 -0.8485
vn -0.9072 0.3505 -0.2324
vn -0.8236 0.4362 0.3624
vn -0.8235 0.4363 0.3626
vn -0.9656 0.0145 -0.2598
vn -0.9647 0.0121 -0.2630
vn -0.1925 0.6182 0.7620
vn -0.1962 0.6181 0.7612
vn 0.5533 0.4513 0.7002
vn 0.5487 0.4536 0.7023
vn 0.9754 0.0366 0.2175
vn 0.9746 0.0392 0.2207
vn 0.8322 -0.3825 -0.4014
vn 0.8324 -0.3823 -0.4013
vn 0.2092 -0.5642 -0.7987
vn 0.2056 -0.5641 -0.7997
vn -0.5345 -0.4022 -0.7433
vn -0.5391 -0.3999 -0.7412
vn -0.8182 0.4599 0.3451
vn -0.9631 0.0332 -0.2671
vn -0.1973 0.6351 0.7468
vn 0.5429 0.4564 0.7049
vn 0.9709 0.0240 0.2383
vn 0.8286 -0.4092 -0.3820
vn 0.1974 -0.5847 -0.7869
vn -0.5454 -0.3995 -0.7368
vn -0.8025 0.5159 0.2998
vn -0.9524 0.0719 -0.2964
vn -0.1871 0.6763 0.7124
vn 0.5429 0.4591 0.7032
vn 0.9627 -0.0154 0.2702
vn 0.8163 -0.4693 -0.3368
vn 0.1866 -0.6295 -0.7542
vn -0.5468 -0.4024 -0.7342
vn -0.7811 0.5725 0.2492
vn -0.9368 0.1095 -0.3324
vn -0.1693 0.7186 0.6745
vn 0.5480 0.4617 0.6975
vn 0.9528 -0.0536 0.2989
vn 0.7998 -0.5251 -0.2909
vn 0.1767 -0.6706 -0.7205
vn -0.5433 -0.4052 -0.7353
vn -0.7712 0.5945 0.2276
vn -0.9286 0.1199 -0.3511
vn -0.1563 0.7344 0.6605
vn 0.5561 0.4575 0.6939
vn 0.9485 -0.0740 0.3081
vn 0.7910 -0.5487 -0.2706
vn 0.1762 -0.6885 -0.7035
vn -0.5362 -0.4116 -0.7369
vn -0.7723 0.5923 0.2297
vn -0.9295 0.1179 -0.3494
vn -0.1572 0.7324 0.6625
vn 0.5555 0.4561 0.6952
vn 0.9482 -0.0747 0.3089
vn 0.7908 -0.5491 -0.2702
vn 0.1759 -0.6892 -0.7029
vn -0.5367 -0.4130 -0.7358
vn 0.5836 0.3890 -0.7128
vn 0.5829 0.3894 -0.7132
vn 0.9852 0.0341 -0.1682
vn 0.9848 0.0351 -0.1702
vn -0.1561 0.5293 -0.8340
vn -0.1596 0.5293 -0.8333
vn -0.8051 0.3731 -0.4611
vn -0.8075 0.3716 -0.4581
vn -0.9816 0.0099 0.1909
vn -0.9812 0.0087 0.1928
vn -0.5780 -0.3471 0.7385
vn -0.5788 -0.3468 0.7380
vn 0.1675 -0.4866 0.8574
vn 0.1640 -0.4867 0.8581
vn 0.8142 -0.3273 0.4796
vn 0.8118 -0.3288 0.4826
vn 0.5800 0.3687 -0.7264
vn 0.9842 0.0140 -0.1764
vn -0.1655 0.5172 -0.8397
vn -0.8102 0.3731 -0.4521
vn -0.9786 0.0236 0.2046
vn -0.5773 -0.3271 0.7481
vn 0.1606 -0.4764 0.8644
vn 0.8082 -0.3363 0.4834
vn 0.5717 0.3246 -0.7535
vn 0.9783 -0.0329 -0.2045
vn -0.1699 0.5006 -0.8488
vn -0.8065 0.3942 -0.4406
vn -0.9712 0.0710 0.2276
vn -0.5729 -0.2815 0.7698
vn 0.1606 -0.4604 0.8731
vn 0.8054 -0.3589 0.4716
vn 0.5666 0.2797 -0.7751
vn 0.9703 -0.0809 -0.2279
vn -0.1690 0.4870 -0.8569
vn -0.7998 0.4201 -0.4288
vn -0.9597 0.1211 0.2537
vn -0.5601 -0.2353 0.7943
vn 0.1678 -0.4431 0.8806
vn 0.8028 -0.3804 0.4592
vn 0.5686 0.2436 -0.7857
vn 0.9707 -0.0850 -0.2249
vn -0.1688 0.4432 -0.8804
vn -0.8049 0.3924 -0.4452
vn -0.9581 0.1213 0.2597
vn -0.5437 -0.2069 0.8134
vn 0.1871 -0.4003 0.8971
vn 0.8109 -0.3499 0.4690
vn 0.5663 0.2238 -0.7932
vn 0.9776 -0.0389 -0.2069
vn -0.1804 0.3691 -0.9117
vn -0.8211 0.3073 -0.4811
vn -0.9675 0.0744 0.2415
vn -0.5391 -0.1883 0.8210
vn 0.2012 -0.3271 0.9233
vn 0.8246 -0.2652 0.4996
vn 0.5607 0.2066 -0.8018
vn 0.9810 0.0115 -0.1938
vn -0.1924 0.2947 -0.9360
vn -0.8320 0.2212 -0.5087
vn -0.9740 0.0302 0.2244
vn -0.5407 -0.1638 0.8251
vn 0.2051 -0.2480 0.9468
vn 0.8316 -0.1757 0.5268
vn 0.5508 0.1967 -0.8111
vn 0.9795 0.0320 -0.1990
vn -0.1999 0.2600 -0.9447
vn -0.8328 0.1848 -0.5218
vn -0.9776 0.0153 0.2101
vn -0.5490 -0.1494 0.8224
vn 0.2018 -0.2127 0.9561
vn 0.8348 -0.1376 0.5330
vn 0.5509 0.1958 -0.8113
vn 0.9794 0.0299 -0.1995
vn -0.1997 0.2600 -0.9447
vn -0.8329 0.1850 -0.5217
vn -0.9776 0.0146 0.2102
vn -0.5491 -0.1513 0.8220
vn 0.2016 -0.2155 0.9555
vn 0.8348 -0.1405 0.5324
vn 0.2148 0.3361 0.9170
vn 0.2137 0.3357 0.9174
vn -0.4821 0.0203 0.8759
vn -0.4813 0.0208 0.8763
vn 0.7788 0.4678 0.4179
vn 0.7785 0.4678 0.4184
vn 0.8816 0.3391 -0.3284
vn 0.8815 0.3391 -0.3287
vn 0.4631 0.0255 -0.8859
vn 0.4623 0.0250 -0.8864
vn -0.2324 -0.2900 -0.9284
vn -0.2335 -0.2904 -0.9280
vn -0.7981 -0.4225 -0.4296
vn -0.7984 -0.4225 -0.4290
vn -0.9013 -0.2937 0.3184
vn -0.9014 -0.2938 0.3181
vn 0.2135 0.3326 0.9186
vn -0.4841 0.0218 0.8748
vn 0.7811 0.4613 0.4208
vn 0.8847 0.3317 -0.3274
vn 0.4633 0.0200 -0.8860
vn -0.2350 -0.2907 -0.9275
vn -0.8005 -0.4183 -0.4292
vn -0.9035 -0.2890 0.3166
vn 0.2151 0.3283 0.9197
vn -0.4871 0.0287 0.8729
vn 0.7870 0.4480 0.4242
vn 0.8915 0.3165 -0.3240
vn 0.4668 0.0112 -0.8843
vn -0.2363 -0.2881 -0.9280
vn -0.8053 -0.4064 -0.4317
vn -0.9089 -0.2753 0.3133
vn 0.2166 0.3268 0.9199
vn -0.4903 0.0387 0.8707
vn 0.7920 0.4368 0.4265
vn 0.8972 0.3036 -0.3208
vn 0.4700 0.0053 -0.8826
vn -0.2376 -0.2826 -0.9294
vn -0.8106 -0.3916 -0.4354
vn -0.9151 -0.2586 0.3095
vn 0.2190 0.3259 0.9197
vn -0.4901 0.0428 0.8706
vn 0.7947 0.4314 0.4269
vn 0.8999 0.2975 -0.3190
vn 0.4728 0.0026 -0.8812
vn -0.2364 -0.2805 -0.9303
vn -0.8121 -0.3860 -0.4375
vn -0.9172 -0.2521 0.3084
vn 0.2195 0.3246 0.9200
vn -0.4896 0.0413 0.8710
vn 0.7952 0.4303 0.4272
vn 0.9003 0.2964 -0.3187
vn 0.4733 0.0014 -0.8809
vn -0.2359 -0.2819 -0.9300
vn -0.8116 -0.3876 -0.4372
vn -0.9167 -0.2537 0.3088
vn -0.7548 0.4736 -0.4538
vn -0.7560 0.4760 -0.4493
vn -0.3540 0.0423 -0.9343
vn -0.3543 0.0421 -0.9342
vn -0.7103 0.6418 0.2891
vn -0.7075 0.6416 0.2962
vn -0.2407 0.4443 0.8629
vn -0.2365 0.4418 0.8654
vn 0.3810 -0.0062 0.9246
vn 0.3810 -0.0064 0.9245
vn 0.7845 -0.4425 0.4345
vn 0.7832 -0.4403 0.4391
vn 0.7314 -0.6055 -0.3136
vn 0.7343 -0.6057 -0.3066
vn 0.2588 -0.4033 -0.8777
vn 0.2631 -0.4056 -0.8754
vn -0.7766 0.4544 -0.4363
vn -0.3798 0.0080 -0.9250
vn -0.7049 0.6403 0.3053
vn -0.2143 0.4611 0.8611
vn 0.4051 0.0264 0.9139
vn 0.7984 -0.4135 0.4377
vn 0.7379 -0.6059 -0.2973
vn 0.2509 -0.4332 -0.8657
vn -0.8351 0.3743 -0.4031
vn -0.4451 -0.0946 -0.8905
vn -0.7131 0.6243 0.3190
vn -0.1683 0.5148 0.8406
vn 0.4737 0.1213 0.8723
vn 0.8521 -0.3308 0.4057
vn 0.7524 -0.5870 -0.2987
vn 0.2194 -0.4944 -0.8411
vn -0.8857 0.2880 -0.3641
vn -0.5098 -0.1927 -0.8385
vn -0.7291 0.6061 0.3181
vn -0.1412 0.5777 0.8040
vn 0.5303 0.2263 0.8171
vn 0.9021 -0.2440 0.3560
vn 0.7607 -0.5656 -0.3185
vn 0.1770 -0.5477 -0.8177
vn -0.8551 0.3292 -0.4004
vn -0.5075 -0.1631 -0.8460
vn -0.7151 0.6464 0.2661
vn -0.1570 0.6055 0.7802
vn 0.5073 0.2173 0.8339
vn 0.8776 -0.2959 0.3771
vn 0.7192 -0.6187 -0.3161
vn 0.1384 -0.5569 -0.8190
vn -0.7093 0.4986 -0.4983
vn -0.3796 -0.0102 -0.9251
vn -0.6398 0.7414 0.2024
vn -0.1955 0.5732 0.7958
vn 0.3863 0.0640 0.9202
vn 0.7421 -0.4830 0.4647
vn 0.6416 -0.7147 -0.2786
vn 0.1713 -0.5087 -0.8437
vn -0.5252 0.6561 -0.5420
vn -0.2138 0.1263 -0.9687
vn -0.5316 0.8254 0.1900
vn -0.2222 0.5293 0.8188
vn 0.2328 -0.0766 0.9695
vn 0.5618 -0.6342 0.5312
vn 0.5585 -0.7959 -0.2338
vn 0.2315 -0.4719 -0.8507
vn -0.4789 0.7025 -0.5265
vn -0.2305 0.1129 -0.9665
vn -0.4302 0.8768 0.2146
vn -0.1256 0.5548 0.8224
vn 0.2586 -0.0710 0.9634
vn 0.5095 -0.6535 0.5597
vn 0.4801 -0.8593 -0.1764
vn 0.1730 -0.5445 -0.8207
vn -0.5705 0.6583 -0.4911
vn -0.4418 -0.0043 -0.8971
vn -0.3459 0.9183 0.1928
vn 0.0799 0.6580 0.7487
vn 0.4680 0.0417 0.8827
vn 0.6086 -0.5958 0.5240
vn 0.4141 -0.8987 -0.1446
vn -0.0233 -0.6638 -0.7475
vn -0.6522 0.6111 -0.4486
vn -0.6325 -0.0973 -0.7684
vn -0.2780 0.9527 0.1226
vn 0.2582 0.7509 0.6079
vn 0.6559 0.1346 0.7428
vn 0.6961 -0.5573 0.4526
vn 0.3418 -0.9329 -0.1135
vn -0.2150 -0.7475 -0.6285
vn -0.6827 0.5805 -0.4438
vn -0.6943 -0.1381 -0.7063
vn -0.2621 0.9625 0.0701
vn 0.3202 0.7832 0.5330
vn 0.7232 0.1491 0.6743
vn 0.7115 -0.5697 0.4114
vn 0.2906 -0.9513 -0.1025
vn -0.2915 -0.7718 -0.5651
vn -0.6824 0.5811 -0.4434
vn -0.6928 -0.1368 -0.7081
vn -0.2644 0.9617 0.0721
vn 0.3165 0.7822 0.5367
vn 0.7202 0.1475 0.6779
vn 0.7098 -0.5705 0.4132
vn 0.2917 -0.9510 -0.1024
vn -0.2892 -0.7714 -0.5668
vn -0.6623 0.3212 0.6769
vn -0.6633 0.3208 0.6761
vn -0.9982 0.0242 0.0554
vn -0.9980 0.0253 0.0579
vn 0.0588 0.4418 0.8952
vn 0.0597 0.4419 0.8951
vn 0.7457 0.3172 0.5859
vn 0.7474 0.3165 0.5842
vn 0.9972 0.0192 -0.0722
vn 0.9970 0.0181 -0.0747
vn 0.6633 -0.2782 -0.6947
vn 0.6623 -0.2786 -0.6955
vn -0.0617 -0.3997 -0.9146
vn -0.0609 -0.3997 -0.9146
vn -0.7504 -0.2735 -0.6018
vn -0.7487 -0.2743 -0.6035
vn -0.6645 0.3061 0.6817
vn -0.9984 0.0174 0.0545
vn 0.0612 0.4265 0.9024
vn 0.7500 0.3073 0.5857
vn 0.9967 0.0197 -0.0794
vn 0.6604 -0.2670 -0.7019
vn -0.0602 -0.3863 -0.9204
vn -0.7466 -0.2691 -0.6084
vn -0.6641 0.2740 0.6956
vn -0.9983 0.0063 0.0585
vn 0.0627 0.3918 0.9179
vn 0.7513 0.2895 0.5931
vn 0.9961 0.0290 -0.0839
vn 0.6586 -0.2362 -0.7145
vn -0.0612 -0.3525 -0.9338
vn -0.7465 -0.2527 -0.6155
vn -0.6625 0.2436 0.7084
vn -0.9980 -0.0017 0.0636
vn 0.0637 0.3582 0.9315
vn 0.7511 0.2741 0.6006
vn 0.9954 0.0419 -0.0867
vn 0.6573 -0.2017 -0.7262
vn -0.0633 -0.3151 -0.9469
vn -0.7482 -0.2328 -0.6213
vn -0.6603 0.2305 0.7148
vn -0.9976 -0.0046 0.0695
vn 0.0631 0.3432 0.9371
vn 0.7489 0.2676 0.6063
vn 0.9953 0.0479 -0.0840
vn 0.6580 -0.1872 -0.7293
vn -0.0654 -0.3000 -0.9517
vn -0.7512 -0.2243 -0.6208
vn -0.6603 0.2298 0.7150
vn -0.9975 -0.0057 0.0698
vn 0.0632 0.3426 0.9374
vn 0.7490 0.2666 0.6066
vn 0.9954 0.0465 -0.0835
vn 0.6581 -0.1890 -0.7288
vn -0.0654 -0.3018 -0.9511
vn -0.7511 -0.2259 -0.6203
vn -0.6543 0.4977 0.5694
vn -0.6554 0.4970 0.5688
vn -0.9966 0.0173 0.0800
vn -0.9965 0.0184 0.0812
vn 0.0692 0.6963 0.7144
vn 0.0687 0.6964 0.7144
vn 0.7510 0.4991 0.4322
vn 0.7516 0.4988 0.4316
vn 0.9934 0.0210 -0.1127
vn 0.9933 0.0199 -0.1139
vn 0.6533 -0.4591 -0.6020
vn 0.6521 -0.4599 -0.6027
vn -0.0716 -0.6593 -0.7484
vn -0.0721 -0.6593 -0.7484
vn -0.7556 -0.4612 -0.4651
vn -0.7550 -0.4617 -0.4656
vn -0.6566 0.4915 0.5721
vn -0.9968 0.0167 0.0777
vn 0.0689 0.6886 0.7218
vn 0.7532 0.4912 0.4376
vn 0.9935 0.0156 -0.1130
vn 0.6504 -0.4581 -0.6059
vn -0.0732 -0.6533 -0.7536
vn -0.7547 -0.4569 -0.4709
vn -0.6534 0.4826 0.5833
vn -0.9964 0.0124 0.0840
vn 0.0724 0.6789 0.7306
vn 0.7539 0.4872 0.4407
vn 0.9931 0.0210 -0.1152
vn 0.6518 -0.4472 -0.6125
vn -0.0712 -0.6446 -0.7612
vn -0.7544 -0.4548 -0.4733
vn -0.6546 0.4726 0.5901
vn -0.9962 0.0070 0.0872
vn 0.0708 0.6719 0.7372
vn 0.7533 0.4874 0.4415
vn 0.9921 0.0280 -0.1223
vn 0.6487 -0.4364 -0.6235
vn -0.0746 -0.6345 -0.7693
vn -0.7553 -0.4511 -0.4754
vn -0.6613 0.4686 0.5858
vn -0.9977 0.0344 0.0590
vn 0.0648 0.6426 0.7635
vn 0.7558 0.4468 0.4787
vn 0.9948 -0.0047 -0.1016
vn 0.6419 -0.4398 -0.6281
vn -0.0846 -0.6034 -0.7929
vn -0.7590 -0.4068 -0.5084
vn -0.6621 0.4854 0.5710
vn -0.9936 0.1129 0.0005
vn 0.0601 0.5892 0.8057
vn 0.7542 0.3535 0.5534
vn 0.9955 -0.0851 -0.0422
vn 0.6396 -0.4586 -0.6169
vn -0.0866 -0.5481 -0.8319
vn -0.7564 -0.3114 -0.5753
vn -0.6535 0.5088 0.5604
vn -0.9785 0.1992 -0.0534
vn 0.0596 0.5346 0.8430
vn 0.7441 0.2544 0.6177
vn 0.9860 -0.1659 0.0146
vn 0.6432 -0.4733 -0.6019
vn -0.0711 -0.4894 -0.8691
vn -0.7378 -0.2115 -0.6411
vn -0.6426 0.4955 0.5845
vn -0.9783 0.2024 -0.0454
vn 0.0743 0.5068 0.8589
vn 0.7459 0.2346 0.6233
vn 0.9869 -0.1598 0.0218
vn 0.6618 -0.4501 -0.5996
vn -0.0464 -0.4681 -0.8824
vn -0.7287 -0.1987 -0.6554
vn -0.6483 0.4410 0.6207
vn -0.9937 0.1119 0.0100
vn 0.0790 0.5181 0.8517
vn 0.7550 0.3057 0.5800
vn 0.9972 -0.0688 -0.0286
vn 0.6712 -0.3931 -0.6284
vn -0.0444 -0.4807 -0.8758
vn -0.7397 -0.2732 -0.6149
vn -0.6562 0.3849 0.6490
vn -0.9980 0.0214 0.0601
vn 0.0718 0.5317 0.8439
vn 0.7528 0.3796 0.5378
vn 0.9962 0.0215 -0.0846
vn 0.6658 -0.3369 -0.6658
vn -0.0529 -0.4891 -0.8706
vn -0.7453 -0.3422 -0.5722
vn -0.6615 0.3589 0.6585
vn -0.9967 -0.0126 0.0798
vn 0.0601 0.5327 0.8442
vn 0.7455 0.4068 0.5279
vn 0.9930 0.0551 -0.1049
vn 0.6577 -0.3165 -0.6836
vn -0.0641 -0.4902 -0.8693
vn -0.7494 -0.3643 -0.5529
vn -0.6614 0.3587 0.6587
vn -0.9967 -0.0124 0.0798
vn 0.0603 0.5314 0.8449
vn 0.7458 0.4046 0.5293
vn 0.9933 0.0525 -0.1034
vn 0.6579 -0.3187 -0.6824
vn -0.0639 -0.4914 -0.8686
vn -0.7493 -0.3646 -0.5529
vt 0.000000 1.000000
vt 0.041667 1.000000
vt 0.041667 0.875000
vt 0.000000 0.875000
vt 0.000000 0.125000
vt 0.041667 0.125000
vt 0.041667 0.000000
vt 0.000000 0.000000
vt 0.000000 0.250000
vt 0.041667 0.250000
vt 0.000000 0.375000
vt 0.041667 0.375000
vt 0.000000 0.500000
vt 0.041667 0.500000
vt 0.000000 0.625000
vt 0.041667 0.625000
vt 0.000000 0.750000
vt 0.041667 0.750000
vt 0.083333 1.000000
vt 0.083333 0.875000
vt 0.083333 0.125000
vt 0.083333 0.000000
vt 0.083333 0.250000
vt 0.083333 0.375000
vt 0.083333 0.500000
vt 0.083333 0.625000
vt 0.083333 0.750000
vt 0.125000 1.000000
vt 0.125000 0.875000
vt 0.125000 0.125000
vt 0.125000 0.000000
vt 0.125000 0.250000
vt 0.125000 0.375000
vt 0.125000 0.500000
vt 0.125000 0.625000
vt 0.125000 0.750000
vt 0.166667 1.000000
vt 0.166667 0.875000
vt 0.166667 0.125000
vt 0.166667 0.000000
vt 0.166667 0.250000
vt 0.166667 0.375000
vt 0.166667 0.500000
vt 0.166667 0.625000
vt 0.166667 0.750000
vt 0.208333 1.000000
vt 0.208333 0.875000
vt 0.208333 0.125000
vt 0.208333 0.000000
vt 0.208333 0.250000
vt 0.208333 0.375000
vt 0.208333 0.500000
vt 0.208333 0.625000
vt 0.208333 0.750000
vt 0.250000 1.000000
vt 0.250000 0.875000
vt 0.250000 0.125000
vt 0.250000 0.000000
vt 0.250000 0.250000
vt 0.250000 0.375000
vt 0.250000 0.500000
vt 0.250000 0.625000
vt 0.250000 0.750000
vt 0.291667 1.000000
vt 0.291667 0.875000
vt 0.291667 0.125000
vt 0.291667 0.000000
vt 0.291667 0.250000
vt 0.291667 0.375000
vt 0.291667 0.500000
vt 0.291667 0.625000
vt 0.291667 0.750000
vt 0.333333 1.000000
vt 0.333333 0.875000
vt 0.333333 0.125000
vt 0.333333 0.000000
vt 0.333333 0.250000
vt 0.333333 0.375000
vt 0.333333 0.500000
vt 0.333333 0.625000
vt 0.333333 0.750000
vt 0.375000 1.000000
vt 0.375000 0.875000
vt 0.375000 0.125000
vt 0.375000 0.000000
vt 0.375000 0.250000
vt 0.375000 0.375000
vt 0.375000 0.500000
vt 0.375000 0.625000
vt 0.375000 0.750000
vt 0.416667 1.000000
vt 0.416667 0.875000
vt 0.416667 0.125000
vt 0.416667 0.000000
vt 0.416667 0.250000
vt 0.416667 0.375000
vt 0.416667 0.500000
vt 0.416667 0.625000
vt 0.416667 0.750000
vt 0.458333 1.000000
vt 0.458333 0.875000
vt 0.458333 0.125000
vt 0.458333 0.000000
vt 0.458333 0.250000
vt 0.458333 0.375000
vt 0.458333 0.500000
vt 0.458333 0.625000
vt 0.458333 0.750000
vt 0.500000 1.000000
vt 0.500000 0.875000
vt 0.500000 0.125000
vt 0.500000 0.000000
vt 0.500000 0.250000
vt 0.500000 0.375000
vt 0.500000 0.500000
vt 0.500000 0.625000
vt 0.500000 0.750000
vt 0.541667 1.000000
vt 0.541667 0.875000
vt 0.541667 0.125000
vt 0.541667 0.000000
vt 0.541667 0.250000
vt 0.541667 0.375000
vt 0.541667 0.500000
vt 0.541667 0.625000
vt 0.541667 0.750000
vt 0.583333 1.000000
vt 0.583333 0.875000
vt 0.583333 0.125000
vt 0.583333 0.000000
vt 0.583333 0.250000
vt 0.583333 0.375000
vt 0.583333 0.500000
vt 0.583333 0.625000
vt 0.583333 0.750000
vt 0.625000 1.000000
vt 0.625000 0.875000
vt 0.625000 0.125000
vt 0.625000 0.000000
vt 0.625000 0.250000
vt 0.625000 0.375000
vt 0.625000 0.500000
vt 0.625000 0.625000
vt 0.625000 0.750000
vt 0.666667 1.000000
vt 0.666667 0.875000
vt 0.666667 0.125000
vt 0.666667 0.000000
vt 0.666667 0.250000
vt 0.666667 0.375000
vt 0.666667 0.500000
vt 0.666667 0.625000
vt 0.666667 0.750000
vt 0.708333 1.000000
vt 0.708333 0.875000
vt 0.708333 0.125000
vt 0.708333 0.000000
vt 0.708333 0.250000
vt 0.708333 0.375000
vt 0.708333 0.500000
vt 0.708333 0.625000
vt 0.708333 0.750000
vt 0.750000 1.000000
vt 0.750000 0.875000
vt 0.750000 0.125000
vt 0.750000 0.000000
vt 0.750000 0.250000
vt 0.750000 0.375000
vt 0.750000 0.500000
vt 0.750000 0.625000
vt 0.750000 0.750000
vt 0.791667 1.000000
vt 0.791667 0.875000
vt 0.791667 0.125000
vt 0.791667 0.000000
vt 0.791667 0.250000
vt 0.791667 0.375000
vt 0.791667 0.500000
vt 0.791667 0.625000
vt 0.791667 0.750000
vt 0.833333 1.000000
vt 0.833333 0.875000
vt 0.833333 0.125000
vt 0.833333 0.000000
vt 0.833333 0.250000
vt 0.833333 0.375000
vt 0.833333 0.500000
vt 0.833333 0.625000
vt 0.833333 0.750000
vt 0.875000 1.000000
vt 0.875000 0.875000
vt 0.875000 0.125000
vt 0.875000 0.000000
vt 0.875000 0.250000
vt 0.875000 0.375000
vt 0.875000 0.500000
vt 0.875000 0.625000
vt 0.875000 0.750000
vt 0.916667 1.000000
vt 0.916667 0.875000
vt 0.916667 0.125000
vt 0.916667 0.000000
vt 0.916667 0.250000
vt 0.916667 0.375000
vt 0.916667 0.500000
vt 0.916667 0.625000
vt 0.916667 0.750000
vt 0.958333 1.000000
vt 0.958333 0.875000
vt 0.958333 0.125000
vt 0.958333 0.000000
vt 0.958333 0.250000
vt 0.958333 0.375000
vt 0.958333 0.500000
vt 0.958333 0.625000
vt 0.958333 0.750000
vt 1.000000 1.000000
vt 1.000000 0.875000
vt 1.000000 0.125000
vt 1.000000 0.000000
vt 1.000000 0.250000
vt 1.000000 0.375000
vt 1.000000 0.500000
vt 1.000000 0.625000
vt 1.000000 0.750000
vt 0.047619 1.000000
vt 0.047619 0.875000
vt 0.047619 0.125000
vt 0.047619 0.000000
vt 0.047619 0.250000
vt 0.047619 0.375000
vt 0.047619 0.500000
vt 0.047619 0.625000
vt 0.047619 0.750000
vt 0.095238 1.000000
vt 0.095238 0.875000
vt 0.095238 0.125000
vt 0.095238 0.000000
vt 0.095238 0.250000
vt 0.095238 0.375000
vt 0.095238 0.500000
vt 0.095238 0.625000
vt 0.095238 0.750000
vt 0.142857 1.000000
vt 0.142857 0.875000
vt 0.142857 0.125000
vt 0.142857 0.000000
vt 0.142857 0.250000
vt 0.142857 0.375000
vt 0.142857 0.500000
vt 0.142857 0.625000
vt 0.142857 0.750000
vt 0.190476 1.000000
vt 0.190476 0.875000
vt 0.190476 0.125000
vt 0.190476 0.000000
vt 0.190476 0.250000
vt 0.190476 0.375000
vt 0.190476 0.500000
vt 0.190476 0.625000
vt 0.190476 0.750000
vt 0.238095 1.000000
vt 0.238095 0.875000
vt 0.238095 0.125000
vt 0.238095 0.000000
vt 0.238095 0.250000
vt 0.238095 0.375000
vt 0.238095 0.500000
vt 0.238095 0.625000
vt 0.238095 0.750000
vt 0.285714 1.000000
vt 0.285714 0.875000
vt 0.285714 0.125000
vt 0.285714 0.000000
vt 0.285714 0.250000
vt 0.285714 0.375000
vt 0.285714 0.500000
vt 0.285714 0.625000
vt 0.285714 0.750000
vt 0.380952 1.000000
vt 0.380952 0.875000
vt 0.380952 0.125000
vt 0.380952 0.000000
vt 0.380952 0.250000
vt 0.380952 0.375000
vt 0.380952 0.500000
vt 0.380952 0.625000
vt 0.380952 0.750000
vt 0.428571 1.000000
vt 0.428571 0.875000
vt 0.428571 0.125000
vt 0.428571 0.000000
vt 0.428571 0.250000
vt 0.428571 0.375000
vt 0.428571 0.500000
vt 0.428571 0.625000
vt 0.428571 0.750000
vt 0.476190 1.000000
vt 0.476190 0.875000
vt 0.476190 0.125000
vt 0.476190 0.000000
vt 0.476190 0.250000
vt 0.476190 0.375000
vt 0.476190 0.500000
vt 0.476190 0.625000
vt 0.476190 0.750000
vt 0.523810 1.000000
vt 0.523810 0.875000
vt 0.523810 0.125000
vt 0.523810 0.000000
vt 0.523810 0.250000
vt 0.523810 0.375000
vt 0.523810 0.500000
vt 0.523810 0.625000
vt 0.523810 0.750000
vt 0.571429 1.000000
vt 0.571429 0.875000
vt 0.571429 0.125000
vt 0.571429 0.000000
vt 0.571429 0.250000
vt 0.571429 0.375000
vt 0.571429 0.500000
vt 0.571429 0.625000
vt 0.571429 0.750000
vt 0.619048 1.000000
vt 0.619048 0.875000
vt 0.619048 0.125000
vt 0.619048 0.000000
vt 0.619048 0.250000
vt 0.619048 0.375000
vt 0.619048 0.500000
vt 0.619048 0.625000
vt 0.619048 0.750000
vt 0.714286 1.000000
vt 0.714286 0.875000
vt 0.714286 0.125000
vt 0.714286 0.000000
vt 0.714286 0.250000
vt 0.714286 0.375000
vt 0.714286 0.500000
vt 0.714286 0.625000
vt 0.714286 0.750000
vt 0.761905 1.000000
vt 0.761905 0.875000
vt 0.761905 0.125000
vt 0.761905 0.000000
vt 0.761905 0.250000
vt 0.761905 0.375000
vt 0.761905 0.500000
vt 0.761905 0.625000
vt 0.761905 0.750000
vt 0.809524 1.000000
vt 0.809524 0.875000
vt 0.809524 0.125000
vt 0.809524 0.000000
vt 0.809524 0.250000
vt 0.809524 0.375000
vt 0.809524 0.500000
vt 0.809524 0.625000
vt 0.809524 0.750000
vt 0.857143 1.000000
vt 0.857143 0.875000
vt 0.857143 0.125000
vt 0.857143 0.000000
vt 0.857143 0.250000
vt 0.857143 0.375000
vt 0.857143 0.500000
vt 0.857143 0.625000
vt 0.857143 0.750000
vt 0.904762 1.000000
vt 0.904762 0.875000
vt 0.904762 0.125000
vt 0.904762 0.000000
vt 0.904762 0.250000
vt 0.904762 0.375000
vt 0.904762 0.500000
vt 0.904762 0.625000
vt 0.904762 0.750000
vt 0.952381 1.000000
vt 0.952381 0.875000
vt 0.952381 0.125000
vt 0.952381 0.000000
vt 0.952381 0.250000
vt 0.952381 0.375000
vt 0.952381 0.500000
vt 0.952381 0.625000
vt 0.952381 0.750000
vt 0.066667 1.000000
vt 0.066667 0.875000
vt 0.066667 0.125000
vt 0.066667 0.000000
vt 0.066667 0.250000
vt 0.066667 0.375000
vt 0.066667 0.500000
vt 0.066667 0.625000
vt 0.066667 0.750000
vt 0.133333 1.000000
vt 0.133333 0.875000
vt 0.133333 0.125000
vt 0.133333 0.000000
vt 0.133333 0.250000
vt 0.133333 0.375000
vt 0.133333 0.500000
vt 0.133333 0.625000
vt 0.133333 0.750000
vt 0.200000 1.000000
vt 0.200000 0.875000
vt 0.200000 0.125000
vt 0.200000 0.000000
vt 0.200000 0.250000
vt 0.200000 0.375000
vt 0.200000 0.500000
vt 0.200000 0.625000
vt 0.200000 0.750000
vt 0.266667 1.000000
vt 0.266667 0.875000
vt 0.266667 0.125000
vt 0.266667 0.000000
vt 0.266667 0.250000
vt 0.266667 0.375000
vt 0.266667 0.500000
vt 0.266667 0.625000
vt 0.266667 0.750000
vt 0.400000 1.000000
vt 0.400000 0.875000
vt 0.400000 0.125000
vt 0.400000 0.000000
vt 0.400000 0.250000
vt 0.400000 0.375000
vt 0.400000 0.500000
vt 0.400000 0.625000
vt 0.400000 0.750000
vt 0.466667 1.000000
vt 0.466667 0.875000
vt 0.466667 0.125000
vt 0.466667 0.000000
vt 0.466667 0.250000
vt 0.466667 0.375000
vt 0.466667 0.500000
vt 0.466667 0.625000
vt 0.466667 0.750000
vt 0.533333 1.000000
vt 0.533333 0.875000
vt 0.533333 0.125000
vt 0.533333 0.000000
vt 0.533333 0.250000
vt 0.533333 0.375000
vt 0.533333 0.500000
vt 0.533333 0.625000
vt 0.533333 0.750000
vt 0.600000 1.000000
vt 0.600000 0.875000
vt 0.600000 0.125000
vt 0.600000 0.000000
vt 0.600000 0.250000
vt 0.600000 0.375000
vt 0.600000 0.500000
vt 0.600000 0.625000
vt 0.600000 0.750000
vt 0.733333 1.000000
vt 0.733333 0.875000
vt 0.733333 0.125000
vt 0.733333 0.000000
vt 0.733333 0.250000
vt 0.733333 0.375000
vt 0.733333 0.500000
vt 0.733333 0.625000
vt 0.733333 0.750000
vt 0.800000 1.000000
vt 0.800000 0.875000
vt 0.800000 0.125000
vt 0.800000 0.000000
vt 0.800000 0.250000
vt 0.800000 0.375000
vt 0.800000 0.500000
vt 0.800000 0.625000
vt 0.800000 0.750000
vt 0.866667 1.000000
vt 0.866667 0.875000
vt 0.866667 0.125000
vt 0.866667 0.000000
vt 0.866667 0.250000
vt 0.866667 0.375000
vt 0.866667 0.500000
vt 0.866667 0.625000
vt 0.866667 0.750000
vt 0.933333 1.000000
vt 0.933333 0.875000
vt 0.933333 0.125000
vt 0.933333 0.000000
vt 0.933333 0.250000
vt 0.933333 0.375000
vt 0.933333 0.500000
vt 0.933333 0.625000
vt 0.933333 0.750000
vt 0.111111 1.000000
vt 0.111111 0.875000
vt 0.111111 0.125000
vt 0.111111 0.000000
vt 0.111111 0.250000
vt 0.111111 0.375000
vt 0.111111 0.500000
vt 0.111111 0.625000
vt 0.111111 0.750000
vt 0.222222 1.000000
vt 0.222222 0.875000
vt 0.222222 0.125000
vt 0.222222 0.000000
vt 0.222222 0.250000
vt 0.222222 0.375000
vt 0.222222 0.500000
vt 0.222222 0.625000
vt 0.222222 0.750000
vt 0.444444 1.000000
vt 0.444444 0.875000
vt 0.444444 0.125000
vt 0.444444 0.000000
vt 0.444444 0.250000
vt 0.444444 0.375000
vt 0.444444 0.500000
vt 0.444444 0.625000
vt 0.444444 0.750000
vt 0.555556 1.000000
vt 0.555556 0.875000
vt 0.555556 0.125000
vt 0.555556 0.000000
vt 0.555556 0.250000
vt 0.555556 0.375000
vt 0.555556 0.500000
vt 0.555556 0.625000
vt 0.555556 0.750000
vt 0.777778 1.000000
vt 0.777778 0.875000
vt 0.777778 0.125000
vt 0.777778 0.000000
vt 0.777778 0.250000
vt 0.777778 0.375000
vt 0.777778 0.500000
vt 0.777778 0.625000
vt 0.777778 0.750000
vt 0.888889 1.000000
vt 0.888889 0.875000
vt 0.888889 0.125000
vt 0.888889 0.000000
vt 0.888889 0.250000
vt 0.888889 0.375000
vt 0.888889 0.500000
vt 0.888889 0.625000
vt 0.888889 0.750000
s 1
f 1/1/1 9/2/2 16/3/3 8/4/4
f 2/5/5 10/6/6 9/7/2 1/8/1
f 3/9/7 11/10/8 10/6/6 2/5/5
f 4/11/9 12/12/10 11/10/8 3/9/7
f 5/13/11 13/14/12 12/12/10 4/11/9
f 6/15/13 14/16/14 13/14/12 5/13/11
f 7/17/15 15/18/16 14/16/14 6/15/13
f 8/4/4 16/3/3 15/18/16 7/17/15
f 9/2/2 17/19/17 24/20/18 16/3/3
f 10/6/6 18/21/19 17/22/17 9/7/2
f 11/10/8 19/23/20 18/21/19 10/6/6
f 12/12/10 20/24/21 19/23/20 11/10/8
f 13/14/12 21/25/22 20/24/21 12/12/10
f 14/16/14 22/26/23 21/25/22 13/14/12
f 15/18/16 23/27/24 22/26/23 14/16/14
f 16/3/3 24/20/18 23/27/24 15/18/16
f 17/19/17 25/28/25 32/29/26 24/20/18
f 18/21/19 26/30/27 25/31/25 17/22/17
f 19/23/20 27/32/28 26/30/27 18/21/19
f 20/24/21 28/33/29 27/32/28 19/23/20
f 21/25/22 29/34/30 28/33/29 20/24/21
f 22/26/23 30/35/31 29/34/30 21/25/22
f 23/27/24 31/36/32 30/35/31 22/26/23
f 24/20/18 32/29/26 31/36/32 23/27/24
f 25/28/25 33/37/33 40/38/34 32/29/26
f 26/30/27 34/39/35 33/40/33 25/31/25
f 27/32/28 35/41/36 34/39/35 26/30/27
f 28/33/29 36/42/37 35/41/36 27/32/28
f 29/34/30 37/43/38 36/42/37 28/33/29
f 30/35/31 38/44/39 37/43/38 29/34/30
f 31/36/32 39/45/40 38/44/39 30/35/31
f 32/29/26 40/38/34 39/45/40 31/36/32
f 33/37/33 41/46/41 48/47/42 40/38/34
f 34/39/35 42/48/43 41/49/41 33/40/33
f 35/41/36 43/50/44 42/48/43 34/39/35
f 36/42/37 44/51/45 43/50/44 35/41/36
f 37/43/38 45/52/46 44/51/45 36/42/37
f 38/44/39 46/53/47 45/52/46 37/43/38
f 39/45/40 47/54/48 46/53/47 38/44/39
f 40/38/34 48/47/42 47/54/48 39/45/40
f 41/46/41 49/55/49 56/56/50 48/47/42
f 42/48/43 50/57/51 49/58/49 41/49/41
f 43/50/44 51/59/52 50/57/51 42/48/43
f 44/51/45 52/60/53 51/59/52 43/50/44
f 45/52/46 53/61/54 52/60/53 44/51/45
f 46/53/47 54/62/55 53/61/54 45/52/46
f 47/54/48 55/63/56 54/62/55 46/53/47
f 48/47/42 56/56/50 55/63/56 47/54/48
f 49/55/49 57/64/57 64/65/58 56/56/50
f 50/57/51 58/66/59 57/67/57 49/58/49
f 51/59/52 59/68/60 58/66/59 50/57/51
f 52/60/53 60/69/61 59/68/60 51/59/52
f 53/61/54 61/70/62 60/69/61 52/60/53
f 54/62/55 62/71/63 61/70/62 53/61/54
f 55/63/56 63/72/64 62/71/63 54/62/55
f 56/56/50 64/65/58 63/72/64 55/63/56
f 57/64/57 65/73/65 72/74/66 64/65/58
f 58/66/59 66/75/67 65/76/65 57/67/57
f 59/68/60 67/77/68 66/75/67 58/66/59
f 60/69/61 68/78/69 67/77/68 59/68/60
f 61/70/62 69/79/70 68/78/69 60/69/61
f 62/71/63 70/80/71 69/79/70 61/70/62
f 63/72/64 71/81/72 70/80/71 62/71/63
f 64/65/58 72/74/66 71/81/72 63/72/64
f 65/73/65 73/82/73 80/83/74 72/74/66
f 66/75/67 74/84/75 73/85/73 65/76/65
f 67/77/68 75/86/76 74/84/75 66/75/67
f 68/78/69 76/87/77 75/86/76 67/77/68
f 69/79/70 77/88/78 76/87/77 68/78/69
f 70/80/71 78/89/79 77/88/78 69/79/70
f 71/81/72 79/90/80 78/89/79 70/80/71
f 72/74/66 80/83/74 79/90/80 71/81/72
f 73/82/73 81/91/81 88/92/82 80/83/74
f 74/84/75 82/93/83 81/94/81 73/85/73
f 75/86/76 83/95/84 82/93/83 74/84/75
f 76/87/77 84/96/85 83/95/84 75/86/76
f 77/88/78 85/97/86 84/96/85 76/87/77
f 78/89/79 86/98/87 85/97/86 77/88/78
f 79/90/80 87/99/88 86/98/87 78/89/79
f 80/83/74 88/92/82 87/99/88 79/90/80
f 81/91/81 89/100/89 96/101/90 88/92/82
f 82/93/83 90/102/91 89/103/89 81/94/81
f 83/95/84 91/104/92 90/102/91 82/93/83
f 84/96/85 92/105/93 91/104/92 83/95/84
f 85/97/86 93/106/94 92/105/93 84/96/85
f 86/98/87 94/107/95 93/106/94 85/97/86
f 87/99/88 95/108/96 94/107/95 86/98/87
f 88/92/82 96/101/90 95/108/96 87/99/88
f 89/100/89 97/109/97 104/110/98 96/101/90
f 90/102/91 98/111/99 97/112/97 89/103/89
f 91/104/92 99/113/100 98/111/99 90/102/91
f 92/105/93 100/114/101 99/113/100 91/104/92
f 93/106/94 101/115/102 100/114/101 92/105/93
f 94/107/95 102/116/103 101/115/102 93/106/94
f 95/108/96 103/117/104 102/116/103 94/107/95
f 96/101/90 104/110/98 103/117/104 95/108/96
f 97/109/97 105/118/105 112/119/106 104/110/98
f 98/111/99 106/120/107 105/121/105 97/112/97
f 99/113/100 107/122/108 106/120/107 98/111/99
f 100/114/101 108/123/109 107/122/108 99/113/100
f 101/115/102 109/124/110 108/123/109 100/114/101
f 102/116/103 110/125/111 109/124/110 101/115/102
f 103/117/104 111/126/112 110/125/111 102/116/103
f 104/110/98 112/119/106 111/126/112 103/117/104
f 105/118/105 113/127/113 120/128/114 112/119/106
f 106/120/107 114/129/115 113/130/113 105/121/105
f 107/122/108 115/131/116 114/129/115 106/120/107
f 108/123/109 116/132/117 115/131/116 107/122/108
f 109/124/110 117/133/118 116/132/117 108/123/109
f 110/125/111 118/134/119 117/133/118 109/124/110
f 111/126/112 119/135/120 118/134/119 110/125/111
f 112/119/106 120/128/114 119/135/120 111/126/112
f 113/127/113 121/136/121 128/137/122 120/128/114
f 114/129/115 122/138/123 121/139/121 113/130/113
f 115/131/116 123/140/124 122/138/123 114/129/115
f 116/132/117 124/141/125 123/140/124 115/131/116
f 117/133/118 125/142/126 124/141/125 116/132/117
f 118/134/119 126/143/127 125/142/126 117/133/118
f 119/135/120 127/144/128 126/143/127 118/134/119
f 120/128/114 128/137/122 127/144/128 119/135/120
f 121/136/121 129/145/129 136/146/130 128/137/122
f 122/138/123 130/147/131 129/148/129 121/139/121
f 123/140/124 131/149/132 130/147/131 122/138/123
f 124/141/125 132/150/133 131/149/132 123/140/124
f 125/142/126 133/151/134 132/150/133 124/141/125
f 126/143/127 134/152/135 133/151/134 125/142/126
f 127/144/128 135/153/136 134/152/135 126/143/127
f 128/137/122 136/146/130 135/153/136 127/144/128
f 129/145/129 137/154/137 144/155/138 136/146/130
f 130/147/131 138/156/139 137/157/137 129/148/129
f 131/149/132 139/158/140 138/156/139 130/147/131
f 132/150/133 140/159/141 139/158/140 131/149/132
f 133/151/134 141/160/142 140/159/141 132/150/133
f 134/152/135 142/161/143 141/160/142 133/151/134
f 135/153/136 143/162/144 142/161/143 134/152/135
f 136/146/130 144/155/138 143/162/144 135/153/136
f 137/154/137 145/163/145 152/164/146 144/155/138
f 138/156/139 146/165/147 145/166/145 137/157/137
f 139/158/140 147/167/148 146/165/147 138/156/139
f 140/159/141 148/168/149 147/167/148 139/158/140
f 141/160/142 149/169/150 148/168/149 140/159/141
f 142/161/143 150/170/151 149/169/150 141/160/142
f 143/162/144 151/171/152 150/170/151 142/161/143
f 144/155/138 152/164/146 151/171/152 143/162/144
f 145/163/145 153/172/153 160/173/154 152/164/146
f 146/165/147 154/174/155 153/175/153 145/166/145
f 147/167/148 155/176/156 154/174/155 146/165/147
f 148/168/149 156/177/157 155/176/156 147/167/148
f 149/169/150 157/178/158 156/177/157 148/168/149
f 150/170/151 158/179/159 157/178/158 149/169/150
f 151/171/152 159/180/160 158/179/159 150/170/151
f 152/164/146 160/173/154 159/180/160 151/171/152
f 153/172/153 161/181/161 168/182/162 160/173/154
f 154/174/155 162/183/163 161/184/161 153/175/153
f 155/176/156 163/185/164 162/183/163 154/174/155
f 156/177/157 164/186/165 163/185/164 155/176/156
f 157/178/158 165/187/166 164/186/165 156/177/157
f 158/179/159 166/188/167 165/187/166 157/178/158
f 159/180/160 167/189/168 166/188/167 158/179/159
f 160/173/154 168/182/162 167/189/168 159/180/160
f 161/181/161 169/190/169 176/191/170 168/182/162
f 162/183/163 170/192/171 169/193/169 161/184/161
f 163/185/164 171/194/172 170/192/171 162/183/163
f 164/186/165 172/195/173 171/194/172 163/185/164
f 165/187/166 173/196/174 172/195/173 164/186/165
f 166/188/167 174/197/175 173/196/174 165/187/166
f 167/189/168 175/198/176 174/197/175 166/188/167
f 168/182/162 176/191/170 175/198/176 167/189/168
f 169/190/169 177/199/177 184/200/178 176/191/170
f 170/192/171 178/201/179 177/202/177 169/193/169
f 171/194/172 179/203/180 178/201/179 170/192/171
f 172/195/173 180/204/181 179/203/180 171/194/172
f 173/196/174 181/205/182 180/204/181 172/195/173
f 174/197/175 182/206/183 181/205/182 173/196/174
f 175/198/176 183/207/184 182/206/183 174/197/175
f 176/191/170 184/200/178 183/207/184 175/198/176
f 177/199/177 185/208/185 192/209/186 184/200/178
f 178/201/179 186/210/187 185/211/185 177/202/177
f 179/203/180 187/212/188 186/210/187 178/201/179
f 180/204/181 188/213/189 187/212/188 179/203/180
f 181/205/182 189/214/190 188/213/189 180/204/181
f 182/206/183 190/215/191 189/214/190 181/205/182
f 183/207/184 191/216/192 190/215/191 182/206/183
f 184/200/178 192/209/186 191/216/192 183/207/184
f 185/208/185 193/217/193 200/218/194 192/209/186
f 186/210/187 194/219/195 193/220/193 185/211/185
f 187/212/188 195/221/196 194/219/195 186/210/187
f 188/213/189 196/222/197 195/221/196 187/212/188
f 189/214/190 197/223/198 196/222/197 188/213/189
f 190/215/191 198/224/199 197/223/198 189/214/190
f 191/216/192 199/225/200 198/224/199 190/215/191
f 192/209/186 200/218/194 199/225/200 191/216/192
f 201/1/201 209/226/202 216/227/203 208/4/204
f 202/5/205 210/228/206 209/229/202 201/8/201
f 203/9/207 211/230/208 210/228/206 202/5/205
f 204/11/209 212/231/210 211/230/208 203/9/207
f 205/13/211 213/232/212 212/231/210 204/11/209
f 206/15/213 214/233/214 213/232/212 205/13/211
f 207/17/215 215/234/216 214/233/214 206/15/213
f 208/4/204 216/227/203 215/234/216 207/17/215
f 209/226/202 217/235/217 224/236/218 216/227/203
f 210/228/206 218/237/219 217/238/217 209/229/202
f 211/230/208 219/239/220 218/237/219 210/228/206
f 212/231/210 220/240/221 219/239/220 211/230/208
f 213/232/212 221/241/222 220/240/221 212/231/210
f 214/233/214 222/242/223 221/241/222 213/232/212
f 215/234/216 223/243/224 222/242/223 214/233/214
f 216/227/203 224/236/218 223/243/224 215/234/216
f 217/235/217 225/244/225 232/245/226 224/236/218
f 218/237/219 226/246/227 225/247/225 217/238/217
f 219/239/220 227/248/228 226/246/227 218/237/219
f 220/240/221 228/249/229 227/248/228 219/239/220
f 221/241/222 229/250/230 228/249/229 220/240/221
f 222/242/223 230/251/231 229/250/230 221/241/222
f 223/243/224 231/252/232 230/251/231 222/242/223
f 224/236/218 232/245/226 231/252/232 223/243/224
f 225/244/225 233/253/233 240/254/234 232/245/226
f 226/246/227 234/255/235 233/256/233 225/247/225
f 227/248/228 235/257/236 234/255/235 226/246/227
f 228/249/229 236/258/237 235/257/236 227/248/228
f 229/250/230 237/259/238 236/258/237 228/249/229
f 230/251/231 238/260/239 237/259/238 229/250/230
f 231/252/232 239/261/240 238/260/239 230/251/231
f 232/245/226 240/254/234 239/261/240 231/252/232
f 233/253/233 241/262/241 248/263/242 240/254/234
f 234/255/235 242/264/243 241/265/241 233/256/233
f 235/257/236 243/266/244 242/264/243 234/255/235
f 236/258/237 244/267/245 243/266/244 235/257/236
f 237/259/238 245/268/246 244/267/245 236/258/237
f 238/260/239 246/269/247 245/268/246 237/259/238
f 239/261/240 247/270/248 246/269/247 238/260/239
f 240/254/234 248/263/242 247/270/248 239/261/240
f 241/262/241 249/271/249 256/272/250 248/263/242
f 242/264/243 250/273/251 249/274/249 241/265/241
f 243/266/244 251/275/252 250/273/251 242/264/243
f 244/267/245 252/276/253 251/275/252 243/266/244
f 245/268/246 253/277/254 252/276/253 244/267/245
f 246/269/247 254/278/255 253/277/254 245/268/246
f 247/270/248 255/279/256 254/278/255 246/269/247
f 248/263/242 256/272/250 255/279/256 247/270/248
f 249/271/249 257/73/257 264/74/258 256/272/250
f 250/273/251 258/75/259 257/76/257 249/274/249
f 251/275/252 259/77/260 258/75/259 250/273/251
f 252/276/253 260/78/261 259/77/260 251/275/252
f 253/277/254 261/79/262 260/78/261 252/276/253
f 254/278/255 262/80/263 261/79/262 253/277/254
f 255/279/256 263/81/264 262/80/263 254/278/255
f 256/272/250 264/74/258 263/81/264 255/279/256
f 257/73/257 265/280/265 272/281/266 264/74/258
f 258/75/259 266/282/267 265/283/265 257/76/257
f 259/77/260 267/284/268 266/282/267 258/75/259
f 260/78/261 268/285/269 267/284/268 259/77/260
f 261/79/262 269/286/270 268/285/269 260/78/261
f 262/80/263 270/287/271 269/286/270 261/79/262
f 263/81/264 271/288/272 270/287/271 262/80/263
f 264/74/258 272/281/266 271/288/272 263/81/264
f 265/280/265 273/289/273 280/290/274 272/281/266
f 266/282/267 274/291/275 273/292/273 265/283/265
f 267/284/268 275/293/276 274/291/275 266/282/267
f 268/285/269 276/294/277 275/293/276 267/284/268
f 269/286/270 277/295/278 276/294/277 268/285/269
f 270/287/271 278/296/279 277/295/278 269/286/270
f 271/288/272 279/297/280 278/296/279 270/287/271
f 272/281/266 280/290/274 279/297/280 271/288/272
f 273/289/273 281/298/281 288/299/282 280/290/274
f 274/291/275 282/300/283 281/301/281 273/292/273
f 275/293/276 283/302/284 282/300/283 274/291/275
f 276/294/277 284/303/285 283/302/284 275/293/276
f 277/295/278 285/304/286 284/303/285 276/294/277
f 278/296/279 286/305/287 285/304/286 277/295/278
f 279/297/280 287/306/288 286/305/287 278/296/279
f 280/290/274 288/299/282 287/306/288 279/297/280
f 281/298/281 289/307/289 296/308/290 288/299/282
f 282/300/283 290/309/291 289/310/289 281/301/281
f 283/302/284 291/311/292 290/309/291 282/300/283
f 284/303/285 292/312/293 291/311/292 283/302/284
f 285/304/286 293/313/294 292/312/293 284/303/285
f 286/305/287 294/314/295 293/313/294 285/304/286
f 287/306/288 295/315/296 294/314/295 286/305/287
f 288/299/282 296/308/290 295/315/296 287/306/288
f 289/307/289 297/316/297 304/317/298 296/308/290
f 290/309/291 298/318/299 297/319/297 289/310/289
f 291/311/292 299/320/300 298/318/299 290/309/291
f 292/312/293 300/321/301 299/320/300 291/311/292
f 293/313/294 301/322/302 300/321/301 292/312/293
f 294/314/295 302/323/303 301/322/302 293/313/294
f 295/315/296 303/324/304 302/323/303 294/314/295
f 296/308/290 304/317/298 303/324/304 295/315/296
f 297/316/297 305/325/305 312/326/306 304/317/298
f 298/318/299 306/327/307 305/328/305 297/319/297
f 299/320/300 307/329/308 306/327/307 298/318/299
f 300/321/301 308/330/309 307/329/308 299/320/300
f 301/322/302 309/331/310 308/330/309 300/321/301
f 302/323/303 310/332/311 309/331/310 301/322/302
f 303/324/304 311/333/312 310/332/311 302/323/303
f 304/317/298 312/326/306 311/333/312 303/324/304
f 305/325/305 313/145/313 320/146/314 312/326/306
f 306/327/307 314/147/315 313/148/313 305/328/305
f 307/329/308 315/149/316 314/147/315 306/327/307
f 308/330/309 316/150/317 315/149/316 307/329/308
f 309/331/310 317/151/318 316/150/317 308/330/309
f 310/332/311 318/152/319 317/151/318 309/331/310
f 311/333/312 319/153/320 318/152/319 310/332/311
f 312/326/306 320/146/314 319/153/320 311/333/312
f 313/145/313 321/334/321 328/335/322 320/146/314
f 314/147/315 322/336/323 321/337/321 313/148/313
f 315/149/316 323/338/324 322/336/323 314/147/315
f 316/150/317 324/339/325 323/338/324 315/149/316
f 317/151/318 325/340/326 324/339/325 316/150/317
f 318/152/319 326/341/327 325/340/326 317/151/318
f 319/153/320 327/342/328 326/341/327 318/152/319
f 320/146/314 328/335/322 327/342/328 319/153/320
f 321/334/321 329/343/329 336/344/330 328/335/322
f 322/336/323 330/345/331 329/346/329 321/337/321
f 323/338/324 331/347/332 330/345/331 322/336/323
f 324/339/325 332/348/333 331/347/332 323/338/324
f 325/340/326 333/349/334 332/348/333 324/339/325
f 326/341/327 334/350/335 333/349/334 325/340/326
f 327/342/328 335/351/336 334/350/335 326/341/327
f 328/335/322 336/344/330 335/351/336 327/342/328
f 329/343/329 337/352/337 344/353/338 336/344/330
f 330/345/331 338/354/339 337/355/337 329/346/329
f 331/347/332 339/356/340 338/354/339 330/345/331
f 332/348/333 340/357/341 339/356/340 331/347/332
f 333/349/334 341/358/342 340/357/341 332/348/333
f 334/350/335 342/359/343 341/358/342 333/349/334
f 335/351/336 343/360/344 342/359/343 334/350/335
f 336/344/330 344/353/338 343/360/344 335/351/336
f 337/352/337 345/361/345 352/362/346 344/353/338
f 338/354/339 346/363/347 345/364/345 337/355/337
f 339/356/340 347/365/348 346/363/347 338/354/339
f 340/357/341 348/366/349 347/365/348 339/356/340
f 341/358/342 349/367/350 348/366/349 340/357/341
f 342/359/343 350/368/351 349/367/350 341/358/342
f 343/360/344 351/369/352 350/368/351 342/359/343
f 344/353/338 352/362/346 351/369/352 343/360/344
f 345/361/345 353/370/353 360/371/354 352/362/346
f 346/363/347 354/372/355 353/373/353 345/364/345
f 347/365/348 355/374/356 354/372/355 346/363/347
f 348/366/349 356/375/357 355/374/356 347/365/348
f 349/367/350 357/376/358 356/375/357 348/366/349
f 350/368/351 358/377/359 357/376/358 349/367/350
f 351/369/352 359/378/360 358/377/359 350/368/351
f 352/362/346 360/371/354 359/378/360 351/369/352
f 353/370/353 361/379/361 368/380/362 360/371/354
f 354/372/355 362/381/363 361/382/361 353/373/353
f 355/374/356 363/383/364 362/381/363 354/372/355
f 356/375/357 364/384/365 363/383/364 355/374/356
f 357/376/358 365/385/366 364/384/365 356/375/357
f 358/377/359 366/386/367 365/385/366 357/376/358
f 359/378/360 367/387/368 366/386/367 358/377/359
f 360/371/354 368/380/362 367/387/368 359/378/360
f 361/379/361 369/217/369 376/218/370 368/380/362
f 362/381/363 370/219/371 369/220/369 361/382/361
f 363/383/364 371/221/372 370/219/371 362/381/363
f 364/384/365 372/222/373 371/221/372 363/383/364
f 365/385/366 373/223/374 372/222/373 364/384/365
f 366/386/367 374/224/375 373/223/374 365/385/366
f 367/387/368 375/225/376 374/224/375 366/386/367
f 368/380/362 376/218/370 375/225/376 367/387/368
f 377/1/377 385/37/378 392/38/379 384/4/380
f 378/5/381 386/39/382 385/40/378 377/8/377
f 379/9/383 387/41/384 386/39/382 378/5/381
f 380/11/385 388/42/386 387/41/384 379/9/383
f 381/13/387 389/43/388 388/42/386 380/11/385
f 382/15/389 390/44/390 389/43/388 381/13/387
f 383/17/391 391/45/392 390/44/390 382/15/389
f 384/4/380 392/38/379 391/45/392 383/17/391
f 385/37/378 393/73/393 400/74/394 392/38/379
f 386/39/382 394/75/395 393/76/393 385/40/378
f 387/41/384 395/77/396 394/75/395 386/39/382
f 388/42/386 396/78/397 395/77/396 387/41/384
f 389/43/388 397/79/398 396/78/397 388/42/386
f 390/44/390 398/80/399 397/79/398 389/43/388
f 391/45/392 399/81/400 398/80/399 390/44/390
f 392/38/379 400/74/394 399/81/400 391/45/392
f 393/73/393 401/109/401 408/110/402 400/74/394
f 394/75/395 402/111/403 401/112/401 393/76/393
f 395/77/396 403/113/404 402/111/403 394/75/395
f 396/78/397 404/114/405 403/113/404 395/77/396
f 397/79/398 405/115/406 404/114/405 396/78/397
f 398/80/399 406/116/407 405/115/406 397/79/398
f 399/81/400 407/117/408 406/116/407 398/80/399
f 400/74/394 408/110/402 407/117/408 399/81/400
f 401/109/401 409/145/409 416/146/410 408/110/402
f 402/111/403 410/147/411 409/148/409 401/112/401
f 403/113/404 411/149/412 410/147/411 402/111/403
f 404/114/405 412/150/413 411/149/412 403/113/404
f 405/115/406 413/151/414 412/150/413 404/114/405
f 406/116/407 414/152/415 413/151/414 405/115/406
f 407/117/408 415/153/416 414/152/415 406/116/407
f 408/110/402 416/146/410 415/153/416 407/117/408
f 409/145/409 417/181/417 424/182/418 416/146/410
f 410/147/411 418/183/419 417/184/417 409/148/409
f 411/149/412 419/185/420 418/183/419 410/147/411
f 412/150/413 420/186/421 419/185/420 411/149/412
f 413/151/414 421/187/422 420/186/421 412/150/413
f 414/152/415 422/188/423 421/187/422 413/151/414
f 415/153/416 423/189/424 422/188/423 414/152/415
f 416/146/410 424/182/418 423/189/424 415/153/416
f 417/181/417 425/217/425 432/218/426 424/182/418
f 418/183/419 426/219/427 425/220/425 417/184/417
f 419/185/420 427/221/428 426/219/427 418/183/419
f 420/186/421 428/222/429 427/221/428 419/185/420
f 421/187/422 429/223/430 428/222/429 420/186/421
f 422/188/423 430/224/431 429/223/430 421/187/422
f 423/189/424 431/225/432 430/224/431 422/188/423
f 424/182/418 432/218/426 431/225/432 423/189/424
f 433/1/433 441/37/434 448/38/435 440/4/436
f 434/5/437 442/39/438 441/40/434 433/8/433
f 435/9/439 443/41/440 442/39/438 434/5/437
f 436/11/441 444/42/442 443/41/440 435/9/439
f 437/13/443 445/43/444 444/42/442 436/11/441
f 438/15/445 446/44/446 445/43/444 437/13/443
f 439/17/447 447/45/448 446/44/446 438/15/445
f 440/4/436 448/38/435 447/45/448 439/17/447
f 441/37/434 449/73/449 456/74/450 448/38/435
f 442/39/438 450/75/451 449/76/449 441/40/434
f 443/41/440 451/77/452 450/75/451 442/39/438
f 444/42/442 452/78/453 451/77/452 443/41/440
f 445/43/444 453/79/454 452/78/453 444/42/442
f 446/44/446 454/80/455 453/79/454 445/43/444
f 447/45/448 455/81/456 454/80/455 446/44/446
f 448/38/435 456/74/450 455/81/456 447/45/448
f 449/73/449 457/109/457 464/110/458 456/74/450
f 450/75/451 458/111/459 457/112/457 449/76/449
f 451/77/452 459/113/460 458/111/459 450/75/451
f 452/78/453 460/114/461 459/113/460 451/77/452
f 453/79/454 461/115/462 460/114/461 452/78/453
f 454/80/455 462/116/463 461/115/462 453/79/454
f 455/81/456 463/117/464 462/116/463 454/80/455
f 456/74/450 464/110/458 463/117/464 455/81/456
f 457/109/457 465/145/465 472/146/466 464/110/458
f 458/111/459 466/147/467 465/148/465 457/112/457
f 459/113/460 467/149/468 466/147/467 458/111/459
f 460/114/461 468/150/469 467/149/468 459/113/460
f 461/115/462 469/151/470 468/150/469 460/114/461
f 462/116/463 470/152/471 469/151/470 461/115/462
f 463/117/464 471/153/472 470/152/471 462/116/463
f 464/110/458 472/146/466 471/153/472 463/117/464
f 465/145/465 473/181/473 480/182/474 472/146/466
f 466/147/467 474/183/475 473/184/473 465/148/465
f 467/149/468 475/185/476 474/183/475 466/147/467
f 468/150/469 476/186/477 475/185/476 467/149/468
f 469/151/470 477/187/478 476/186/477 468/150/469
f 470/152/471 478/188/479 477/187/478 469/151/470
f 471/153/472 479/189/480 478/188/479 470/152/471
f 472/146/466 480/182/474 479/189/480 471/153/472
f 473/181/473 481/217/481 488/218/482 480/182/474
f 474/183/475 482/219/483 481/220/481 473/184/473
f 475/185/476 483/221/484 482/219/483 474/183/475
f 476/186/477 484/222/485 483/221/484 475/185/476
f 477/187/478 485/223/486 484/222/485 476/186/477
f 478/188/479 486/224/487 485/223/486 477/187/478
f 479/189/480 487/225/488 486/224/487 478/188/479
f 480/182/474 488/218/482 487/225/488 479/189/480
f 489/1/489 497/388/490 504/389/491 496/4/492
f 490/5/493 498/390/494 497/391/490 489/8/489
f 491/9/495 499/392/496 498/390/494 490/5/493
f 492/11/497 500/393/498 499/392/496 491/9/495
f 493/13/499 501/394/500 500/393/498 492/11/497
f 494/15/501 502/395/502 501/394/500 493/13/499
f 495/17/503 503/396/504 502/395/502 494/15/501
f 496/4/492 504/389/491 503/396/504 495/17/503
f 497/388/490 505/397/505 512/398/506 504/389/491
f 498/390/494 506/399/507 505/400/505 497/391/490
f 499/392/496 507/401/508 506/399/507 498/390/494
f 500/393/498 508/402/509 507/401/508 499/392/496
f 501/394/500 509/403/510 508/402/509 500/393/498
f 502/395/502 510/404/511 509/403/510 501/394/500
f 503/396/504 511/405/512 510/404/511 502/395/502
f 504/389/491 512/398/506 511/405/512 503/396/504
f 505/397/505 513/406/513 520/407/514 512/398/506
f 506/399/507 514/408/515 513/409/513 505/400/505
f 507/401/508 515/410/516 514/408/515 506/399/507
f 508/402/509 516/411/517 515/410/516 507/401/508
f 509/403/510 517/412/518 516/411/517 508/402/509
f 510/404/511 518/413/519 517/412/518 509/403/510
f 511/405/512 519/414/520 518/413/519 510/404/511
f 512/398/506 520/407/514 519/414/520 511/405/512
f 513/406/513 521/415/521 528/416/522 520/407/514
f 514/408/515 522/417/523 521/418/521 513/409/513
f 515/410/516 523/419/524 522/417/523 514/408/515
f 516/411/517 524/420/525 523/419/524 515/410/516
f 517/412/518 525/421/526 524/420/525 516/411/517
f 518/413/519 526/422/527 525/421/526 517/412/518
f 519/414/520 527/423/528 526/422/527 518/413/519
f 520/407/514 528/416/522 527/423/528 519/414/520
f 521/415/521 529/73/529 536/74/530 528/416/522
f 522/417/523 530/75/531 529/76/529 521/418/521
f 523/419/524 531/77/532 530/75/531 522/417/523
f 524/420/525 532/78/533 531/77/532 523/419/524
f 525/421/526 533/79/534 532/78/533 524/420/525
f 526/422/527 534/80/535 533/79/534 525/421/526
f 527/423/528 535/81/536 534/80/535 526/422/527
f 528/416/522 536/74/530 535/81/536 527/423/528
f 529/73/529 537/424/537 544/425/538 536/74/530
f 530/75/531 538/426/539 537/427/537 529/76/529
f 531/77/532 539/428/540 538/426/539 530/75/531
f 532/78/533 540/429/541 539/428/540 531/77/532
f 533/79/534 541/430/542 540/429/541 532/78/533
f 534/80/535 542/431/543 541/430/542 533/79/534
f 535/81/536 543/432/544 542/431/543 534/80/535
f 536/74/530 544/425/538 543/432/544 535/81/536
f 537/424/537 545/433/545 552/434/546 544/425/538
f 538/426/539 546/435/547 545/436/545 537/427/537
f 539/428/540 547/437/548 546/435/547 538/426/539
f 540/429/541 548/438/549 547/437/548 539/428/540
f 541/430/542 549/439/550 548/438/549 540/429/541
f 542/431/543 550/440/551 549/439/550 541/430/542
f 543/432/544 551/441/552 550/440/551 542/431/543
f 544/425/538 552/434/546 551/441/552 543/432/544
f 545/433/545 553/442/553 560/443/554 552/434/546
f 546/435/547 554/444/555 553/445/553 545/436/545
f 547/437/548 555/446/556 554/444/555 546/435/547
f 548/438/549 556/447/557 555/446/556 547/437/548
f 549/439/550 557/448/558 556/447/557 548/438/549
f 550/440/551 558/449/559 557/448/558 549/439/550
f 551/441/552 559/450/560 558/449/559 550/440/551
f 552/434/546 560/443/554 559/450/560 551/441/552
f 553/442/553 561/451/561 568/452/562 560/443/554
f 554/444/555 562/453/563 561/454/561 553/445/553
f 555/446/556 563/455/564 562/453/563 554/444/555
f 556/447/557 564/456/565 563/455/564 555/446/556
f 557/448/558 565/457/566 564/456/565 556/447/557
f 558/449/559 566/458/567 565/457/566 557/448/558
f 559/450/560 567/459/568 566/458/567 558/449/559
f 560/443/554 568/452/562 567/459/568 559/450/560
f 561/451/561 569/145/569 576/146/570 568/452/562
f 562/453/563 570/147/571 569/148/569 561/454/561
f 563/455/564 571/149/572 570/147/571 562/453/563
f 564/456/565 572/150/573 571/149/572 563/455/564
f 565/457/566 573/151/574 572/150/573 564/456/565
f 566/458/567 574/152/575 573/151/574 565/457/566
f 567/459/568 575/153/576 574/152/575 566/458/567
f 568/452/562 576/146/570 575/153/576 567/459/568
f 569/145/569 577/460/577 584/461/578 576/146/570
f 570/147/571 578/462/579 577/463/577 569/148/569
f 571/149/572 579/464/580 578/462/579 570/147/571
f 572/150/573 580/465/581 579/464/580 571/149/572
f 573/151/574 581/466/582 580/465/581 572/150/573
f 574/152/575 582/467/583 581/466/582 573/151/574
f 575/153/576 583/468/584 582/467/583 574/152/575
f 576/146/570 584/461/578 583/468/584 575/153/576
f 577/460/577 585/469/585 592/470/586 584/461/578
f 578/462/579 586/471/587 585/472/585 577/463/577
f 579/464/580 587/473/588 586/471/587 578/462/579
f 580/465/581 588/474/589 587/473/588 579/464/580
f 581/466/582 589/475/590 588/474/589 580/465/581
f 582/467/583 590/476/591 589/475/590 581/466/582
f 583/468/584 591/477/592 590/476/591 582/467/583
f 584/461/578 592/470/586 591/477/592 583/468/584
f 585/469/585 593/478/593 600/479/594 592/470/586
f 586/471/587 594/480/595 593/481/593 585/472/585
f 587/473/588 595/482/596 594/480/595 586/471/587
f 588/474/589 596/483/597 595/482/596 587/473/588
f 589/475/590 597/484/598 596/483/597 588/474/589
f 590/476/591 598/485/599 597/484/598 589/475/590
f 591/477/592 599/486/600 598/485/599 590/476/591
f 592/470/586 600/479/594 599/486/600 591/477/592
f 593/478/593 601/487/601 608/488/602 600/479/594
f 594/480/595 602/489/603 601/490/601 593/481/593
f 595/482/596 603/491/604 602/489/603 594/480/595
f 596/483/597 604/492/605 603/491/604 595/482/596
f 597/484/598 605/493/606 604/492/605 596/483/597
f 598/485/599 606/494/607 605/493/606 597/484/598
f 599/486/600 607/495/608 606/494/607 598/485/599
f 600/479/594 608/488/602 607/495/608 599/486/600
f 601/487/601 609/217/609 616/218/610 608/488/602
f 602/489/603 610/219/611 609/220/609 601/490/601
f 603/491/604 611/221/612 610/219/611 602/489/603
f 604/492/605 612/222/613 611/221/612 603/491/604
f 605/493/606 613/223/614 612/222/613 604/492/605
f 606/494/607 614/224/615 613/223/614 605/493/606
f 607/495/608 615/225/616 614/224/615 606/494/607
f 608/488/602 616/218/610 615/225/616 607/495/608
f 617/1/617 625/388/618 632/389/619 624/4/620
f 618/5/621 626/390/622 625/391/618 617/8/617
f 619/9/623 627/392/624 626/390/622 618/5/621
f 620/11/625 628/393/626 627/392/624 619/9/623
f 621/13/627 629/394/628 628/393/626 620/11/625
f 622/15/629 630/395/630 629/394/628 621/13/627
f 623/17/631 631/396/632 630/395/630 622/15/629
f 624/4/620 632/389/619 631/396/632 623/17/631
f 625/388/618 633/397/633 640/398/634 632/389/619
f 626/390/622 634/399/635 633/400/633 625/391/618
f 627/392/624 635/401/636 634/399/635 626/390/622
f 628/393/626 636/402/637 635/401/636 627/392/624
f 629/394/628 637/403/638 636/402/637 628/393/626
f 630/395/630 638/404/639 637/403/638 629/394/628
f 631/396/632 639/405/640 638/404/639 630/395/630
f 632/389/619 640/398/634 639/405/640 631/396/632
f 633/397/633 641/406/641 648/407/642 640/398/634
f 634/399/635 642/408/643 641/409/641 633/400/633
f 635/401/636 643/410/644 642/408/643 634/399/635
f 636/402/637 644/411/645 643/410/644 635/401/636
f 637/403/638 645/412/646 644/411/645 636/402/637
f 638/404/639 646/413/647 645/412/646 637/403/638
f 639/405/640 647/414/648 646/413/647 638/404/639
f 640/398/634 648/407/642 647/414/648 639/405/640
f 641/406/641 649/415/649 656/416/650 648/407/642
f 642/408/643 650/417/651 649/418/649 641/409/641
f 643/410/644 651/419/652 650/417/651 642/408/643
f 644/411/645 652/420/653 651/419/652 643/410/644
f 645/412/646 653/421/654 652/420/653 644/411/645
f 646/413/647 654/422/655 653/421/654 645/412/646
f 647/414/648 655/423/656 654/422/655 646/413/647
f 648/407/642 656/416/650 655/423/656 647/414/648
f 649/415/649 657/73/657 664/74/658 656/416/650
f 650/417/651 658/75/659 657/76/657 649/418/649
f 651/419/652 659/77/660 658/75/659 650/417/651
f 652/420/653 660/78/661 659/77/660 651/419/652
f 653/421/654 661/79/662 660/78/661 652/420/653
f 654/422/655 662/80/663 661/79/662 653/421/654
f 655/423/656 663/81/664 662/80/663 654/422/655
f 656/416/650 664/74/658 663/81/664 655/423/656
f 657/73/657 665/424/665 672/425/666 664/74/658
f 658/75/659 666/426/667 665/427/665 657/76/657
f 659/77/660 667/428/668 666/426/667 658/75/659
f 660/78/661 668/429/669 667/428/668 659/77/660
f 661/79/662 669/430/670 668/429/669 660/78/661
f 662/80/663 670/431/671 669/430/670 661/79/662
f 663/81/664 671/432/672 670/431/671 662/80/663
f 664/74/658 672/425/666 671/432/672 663/81/664
f 665/424/665 673/433/673 680/434/674 672/425/666
f 666/426/667 674/435/675 673/436/673 665/427/665
f 667/428/668 675/437/676 674/435/675 666/426/667
f 668/429/669 676/438/677 675/437/676 667/428/668
f 669/430/670 677/439/678 676/438/677 668/429/669
f 670/431/671 678/440/679 677/439/678 669/430/670
f 671/432/672 679/441/680 678/440/679 670/431/671
f 672/425/666 680/434/674 679/441/680 671/432/672
f 673/433/673 681/442/681 688/443/682 680/434/674
f 674/435/675 682/444/683 681/445/681 673/436/673
f 675/437/676 683/446/684 682/444/683 674/435/675
f 676/438/677 684/447/685 683/446/684 675/437/676
f 677/439/678 685/448/686 684/447/685 676/438/677
f 678/440/679 686/449/687 685/448/686 677/439/678
f 679/441/680 687/450/688 686/449/687 678/440/679
f 680/434/674 688/443/682 687/450/688 679/441/680
f 681/442/681 689/451/689 696/452/690 688/443/682
f 682/444/683 690/453/691 689/454/689 681/445/681
f 683/446/684 691/455/692 690/453/691 682/444/683
f 684/447/685 692/456/693 691/455/692 683/446/684
f 685/448/686 693/457/694 692/456/693 684/447/685
f 686/449/687 694/458/695 693/457/694 685/448/686
f 687/450/688 695/459/696 694/458/695 686/449/687
f 688/443/682 696/452/690 695/459/696 687/450/688
f 689/451/689 697/145/697 704/146/698 696/452/690
f 690/453/691 698/147/699 697/148/697 689/454/689
f 691/455/692 699/149/700 698/147/699 690/453/691
f 692/456/693 700/150/701 699/149/700 691/455/692
f 693/457/694 701/151/702 700/150/701 692/456/693
f 694/458/695 702/152/703 701/151/702 693/457/694
f 695/459/696 703/153/704 702/152/703 694/458/695
f 696/452/690 704/146/698 703/153/704 695/459/696
f 697/145/697 705/460/705 712/461/706 704/146/698
f 698/147/699 706/462/707 705/463/705 697/148/697
f 699/149/700 707/464/708 706/462/707 698/147/699
f 700/150/701 708/465/709 707/464/708 699/149/700
f 701/151/702 709/466/710 708/465/709 700/150/701
f 702/152/703 710/467/711 709/466/710 701/151/702
f 703/153/704 711/468/712 710/467/711 702/152/703
f 704/146/698 712/461/706 711/468/712 703/153/704
f 705/460/705 713/469/713 720/470/714 712/461/706
f 706/462/707 714/471/715 713/472/713 705/463/705
f 707/464/708 715/473/716 714/471/715 706/462/707
f 708/465/709 716/474/717 715/473/716 707/464/708
f 709/466/710 717/475/718 716/474/717 708/465/709
f 710/467/711 718/476/719 717/475/718 709/466/710
f 711/468/712 719/477/720 718/476/719 710/467/711
f 712/461/706 720/470/714 719/477/720 711/468/712
f 713/469/713 721/478/721 728/479/722 720/470/714
f 714/471/715 722/480/723 721/481/721 713/472/713
f 715/473/716 723/482/724 722/480/723 714/471/715
f 716/474/717 724/483/725 723/482/724 715/473/716
f 717/475/718 725/484/726 724/483/725 716/474/717
f 718/476/719 726/485/727 725/484/726 717/475/718
f 719/477/720 727/486/728 726/485/727 718/476/719
f 720/470/714 728/479/722 727/486/728 719/477/720
f 721/478/721 729/487/729 736/488/730 728/479/722
f 722/480/723 730/489/731 729/490/729 721/481/721
f 723/482/724 731/491/732 730/489/731 722/480/723
f 724/483/725 732/492/733 731/491/732 723/482/724
f 725/484/726 733/493/734 732/492/733 724/483/725
f 726/485/727 734/494/735 733/493/734 725/484/726
f 727/486/728 735/495/736 734/494/735 726/485/727
f 728/479/722 736/488/730 735/495/736 727/486/728
f 729/487/729 737/217/737 744/218/738 736/488/730
f 730/489/731 738/219/739 737/220/737 729/490/729
f 731/491/732 739/221/740 738/219/739 730/489/731
f 732/492/733 740/222/741 739/221/740 731/491/732
f 733/493/734 741/223/742 740/222/741 732/492/733
f 734/494/735 742/224/743 741/223/742 733/493/734
f 735/495/736 743/225/744 742/224/743 734/494/735
f 736/488/730 744/218/738 743/225/744 735/495/736
f 745/1/745 753/388/746 760/389/747 752/4/748
f 746/5/749 754/390/750 753/391/746 745/8/745
f 747/9/751 755/392/752 754/390/750 746/5/749
f 748/11/753 756/393/754 755/392/752 747/9/751
f 749/13/755 757/394/756 756/393/754 748/11/753
f 750/15/757 758/395/758 757/394/756 749/13/755
f 751/17/759 759/396/760 758/395/758 750/15/757
f 752/4/748 760/389/747 759/396/760 751/17/759
f 753/388/746 761/397/761 768/398/762 760/389/747
f 754/390/750 762/399/763 761/400/761 753/391/746
f 755/392/752 763/401/764 762/399/763 754/390/750
f 756/393/754 764/402/765 763/401/764 755/392/752
f 757/394/756 765/403/766 764/402/765 756/393/754
f 758/395/758 766/404/767 765/403/766 757/394/756
f 759/396/760 767/405/768 766/404/767 758/395/758
f 760/389/747 768/398/762 767/405/768 759/396/760
f 761/397/761 769/406/769 776/407/770 768/398/762
f 762/399/763 770/408/771 769/409/769 761/400/761
f 763/401/764 771/410/772 770/408/771 762/399/763
f 764/402/765 772/411/773 771/410/772 763/401/764
f 765/403/766 773/412/774 772/411/773 764/402/765
f 766/404/767 774/413/775 773/412/774 765/403/766
f 767/405/768 775/414/776 774/413/775 766/404/767
f 768/398/762 776/407/770 775/414/776 767/405/768
f 769/406/769 777/415/777 784/416/778 776/407/770
f 770/408/771 778/417/779 777/418/777 769/409/769
f 771/410/772 779/419/780 778/417/779 770/408/771
f 772/411/773 780/420/781 779/419/780 771/410/772
f 773/412/774 781/421/782 780/420/781 772/411/773
f 774/413/775 782/422/783 781/421/782 773/412/774
f 775/414/776 783/423/784 782/422/783 774/413/775
f 776/407/770 784/416/778 783/423/784 775/414/776
f 777/415/777 785/73/785 792/74/786 784/416/778
f 778/417/779 786/75/787 785/76/785 777/418/777
f 779/419/780 787/77/788 786/75/787 778/417/779
f 780/420/781 788/78/789 787/77/788 779/419/780
f 781/421/782 789/79/790 788/78/789 780/420/781
f 782/422/783 790/80/791 789/79/790 781/421/782
f 783/423/784 791/81/792 790/80/791 782/422/783
f 784/416/778 792/74/786 791/81/792 783/423/784
f 785/73/785 793/424/793 800/425/794 792/74/786
f 786/75/787 794/426/795 793/427/793 785/76/785
f 787/77/788 795/428/796 794/426/795 786/75/787
f 788/78/789 796/429/797 795/428/796 787/77/788
f 789/79/790 797/430/798 796/429/797 788/78/789
f 790/80/791 798/431/799 797/430/798 789/79/790
f 791/81/792 799/432/800 798/431/799 790/80/791
f 792/74/786 800/425/794 799/432/800 791/81/792
f 793/424/793 801/433/801 808/434/802 800/425/794
f 794/426/795 802/435/803 801/436/801 793/427/793
f 795/428/796 803/437/804 802/435/803 794/426/795
f 796/429/797 804/438/805 803/437/804 795/428/796
f 797/430/798 805/439/806 804/438/805 796/429/797
f 798/431/799 806/440/807 805/439/806 797/430/798
f 799/432/800 807/441/808 806/440/807 798/431/799
f 800/425/794 808/434/802 807/441/808 799/432/800
f 801/433/801 809/442/809 816/443/810 808/434/802
f 802/435/803 810/444/811 809/445/809 801/436/801
f 803/437/804 811/446/812 810/444/811 802/435/803
f 804/438/805 812/447/813 811/446/812 803/437/804
f 805/439/806 813/448/814 812/447/813 804/438/805
f 806/440/807 814/449/815 813/448/814 805/439/806
f 807/441/808 815/450/816 814/449/815 806/440/807
f 808/434/802 816/443/810 815/450/816 807/441/808
f 809/442/809 817/451/817 824/452/818 816/443/810
f 810/444/811 818/453/819 817/454/817 809/445/809
f 811/446/812 819/455/820 818/453/819 810/444/811
f 812/447/813 820/456/821 819/455/820 811/446/812
f 813/448/814 821/457/822 820/456/821 812/447/813
f 814/449/815 822/458/823 821/457/822 813/448/814
f 815/450/816 823/459/824 822/458/823 814/449/815
f 816/443/810 824/452/818 823/459/824 815/450/816
f 817/451/817 825/145/825 832/146/826 824/452/818
f 818/453/819 826/147/827 825/148/825 817/454/817
f 819/455/820 827/149/828 826/147/827 818/453/819
f 820/456/821 828/150/829 827/149/828 819/455/820
f 821/457/822 829/151/830 828/150/829 820/456/821
f 822/458/823 830/152/831 829/151/830 821/457/822
f 823/459/824 831/153/832 830/152/831 822/458/823
f 824/452/818 832/146/826 831/153/832 823/459/824
f 825/145/825 833/460/833 840/461/834 832/146/826
f 826/147/827 834/462/835 833/463/833 825/148/825
f 827/149/828 835/464/836 834/462/835 826/147/827
f 828/150/829 836/465/837 835/464/836 827/149/828
f 829/151/830 837/466/838 836/465/837 828/150/829
f 830/152/831 838/467/839 837/466/838 829/151/830
f 831/153/832 839/468/840 838/467/839 830/152/831
f 832/146/826 840/461/834 839/468/840 831/153/832
f 833/460/833 841/469/841 848/470/842 840/461/834
f 834/462/835 842/471/843 841/472/841 833/463/833
f 835/464/836 843/473/844 842/471/843 834/462/835
f 836/465/837 844/474/845 843/473/844 835/464/836
f 837/466/838 845/475/846 844/474/845 836/465/837
f 838/467/839 846/476/847 845/475/846 837/466/838
f 839/468/840 847/477/848 846/476/847 838/467/839
f 840/461/834 848/470/842 847/477/848 839/468/840
f 841/469/841 849/478/849 856/479/850 848/470/842
f 842/471/843 850/480/851 849/481/849 841/472/841
f 843/473/844 851/482/852 850/480/851 842/471/843
f 844/474/845 852/483/853 851/482/852 843/473/844
f 845/475/846 853/484/854 852/483/853 844/474/845
f 846/476/847 854/485/855 853/484/854 845/475/846
f 847/477/848 855/486/856 854/485/855 846/476/847
f 848/470/842 856/479/850 855/486/856 847/477/848
f 849/478/849 857/487/857 864/488/858 856/479/850
f 850/480/851 858/489/859 857/490/857 849/481/849
f 851/482/852 859/491/860 858/489/859 850/480/851
f 852/483/853 860/492/861 859/491/860 851/482/852
f 853/484/854 861/493/862 860/492/861 852/483/853
f 854/485/855 862/494/863 861/493/862 853/484/854
f 855/486/856 863/495/864 862/494/863 854/485/855
f 856/479/850 864/488/858 863/495/864 855/486/856
f 857/487/857 865/217/865 872/218/866 864/488/858
f 858/489/859 866/219/867 865/220/865 857/490/857
f 859/491/860 867/221/868 866/219/867 858/489/859
f 860/492/861 868/222/869 867/221/868 859/491/860
f 861/493/862 869/223/870 868/222/869 860/492/861
f 862/494/863 870/224/871 869/223/870 861/493/862
f 863/495/864 871/225/872 870/224/871 862/494/863
f 864/488/858 872/218/866 871/225/872 863/495/864
f 873/1/873 881/388/874 888/389/875 880/4/876
f 874/5/877 882/390/878 881/391/874 873/8/873
f 875/9/879 883/392/880 882/390/878 874/5/877
f 876/11/881 884/393/882 883/392/880 875/9/879
f 877/13/883 885/394/884 884/393/882 876/11/881
f 878/15/885 886/395/886 885/394/884 877/13/883
f 879/17/887 887/396/888 886/395/886 878/15/885
f 880/4/876 888/389/875 887/396/888 879/17/887
f 881/388/874 889/397/889 896/398/890 888/389/875
f 882/390/878 890/399/891 889/400/889 881/391/874
f 883/392/880 891/401/892 890/399/891 882/390/878
f 884/393/882 892/402/893 891/401/892 883/392/880
f 885/394/884 893/403/894 892/402/893 884/393/882
f 886/395/886 894/404/895 893/403/894 885/394/884
f 887/396/888 895/405/896 894/404/895 886/395/886
f 888/389/875 896/398/890 895/405/896 887/396/888
f 889/397/889 897/406/897 904/407/898 896/398/890
f 890/399/891 898/408/899 897/409/897 889/400/889
f 891/401/892 899/410/900 898/408/899 890/399/891
f 892/402/893 900/411/901 899/410/900 891/401/892
f 893/403/894 901/412/902 900/411/901 892/402/893
f 894/404/895 902/413/903 901/412/902 893/403/894
f 895/405/896 903/414/904 902/413/903 894/404/895
f 896/398/890 904/407/898 903/414/904 895/405/896
f 897/406/897 905/415/905 912/416/906 904/407/898
f 898/408/899 906/417/907 905/418/905 897/409/897
f 899/410/900 907/419/908 906/417/907 898/408/899
f 900/411/901 908/420/909 907/419/908 899/410/900
f 901/412/902 909/421/910 908/420/909 900/411/901
f 902/413/903 910/422/911 909/421/910 901/412/902
f 903/414/904 911/423/912 910/422/911 902/413/903
f 904/407/898 912/416/906 911/423/912 903/414/904
f 905/415/905 913/73/913 920/74/914 912/416/906
f 906/417/907 914/75/915 913/76/913 905/418/905
f 907/419/908 915/77/916 914/75/915 906/417/907
f 908/420/909 916/78/917 915/77/916 907/419/908
f 909/421/910 917/79/918 916/78/917 908/420/909
f 910/422/911 918/80/919 917/79/918 909/421/910
f 911/423/912 919/81/920 918/80/919 910/422/911
f 912/416/906 920/74/914 919/81/920 911/423/912
f 913/73/913 921/424/921 928/425/922 920/74/914
f 914/75/915 922/426/923 921/427/921 913/76/913
f 915/77/916 923/428/924 922/426/923 914/75/915
f 916/78/917 924/429/925 923/428/924 915/77/916
f 917/79/918 925/430/926 924/429/925 916/78/917
f 918/80/919 926/431/927 925/430/926 917/79/918
f 919/81/920 927/432/928 926/431/927 918/80/919
f 920/74/914 928/425/922 927/432/928 919/81/920
f 921/424/921 929/433/929 936/434/930 928/425/922
f 922/426/923 930/435/931 929/436/929 921/427/921
f 923/428/924 931/437/932 930/435/931 922/426/923
f 924/429/925 932/438/933 931/437/932 923/428/924
f 925/430/926 933/439/934 932/438/933 924/429/925
f 926/431/927 934/440/935 933/439/934 925/430/926
f 927/432/928 935/441/936 934/440/935 926/431/927
f 928/425/922 936/434/930 935/441/936 927/432/928
f 929/433/929 937/442/937 944/443/938 936/434/930
f 930/435/931 938/444/939 937/445/937 929/436/929
f 931/437/932 939/446/940 938/444/939 930/435/931
f 932/438/933 940/447/941 939/446/940 931/437/932
f 933/439/934 941/448/942 940/447/941 932/438/933
f 934/440/935 942/449/943 941/448/942 933/439/934
f 935/441/936 943/450/944 942/449/943 934/440/935
f 936/434/930 944/443/938 943/450/944 935/441/936
f 937/442/937 945/451/945 952/452/946 944/443/938
f 938/444/939 946/453/947 945/454/945 937/445/937
f 939/446/940 947/455/948 946/453/947 938/444/939
f 940/447/941 948/456/949 947/455/948 939/446/940
f 941/448/942 949/457/950 948/456/949 940/447/941
f 942/449/943 950/458/951 949/457/950 941/448/942
f 943/450/944 951/459/952 950/458/951 942/449/943
f 944/443/938 952/452/946 951/459/952 943/450/944
f 945/451/945 953/145/953 960/146/954 952/452/946
f 946/453/947 954/147/955 953/148/953 945/454/945
f 947/455/948 955/149/956 954/147/955 946/453/947
f 948/456/949 956/150/957 955/149/956 947/455/948
f 949/457/950 957/151/958 956/150/957 948/456/949
f 950/458/951 958/152/959 957/151/958 949/457/950
f 951/459/952 959/153/960 958/152/959 950/458/951
f 952/452/946 960/146/954 959/153/960 951/459/952
f 953/145/953 961/460/961 968/461/962 960/146/954
f 954/147/955 962/462/963 961/463/961 953/148/953
f 955/149/956 963/464/964 962/462/963 954/147/955
f 956/150/957 964/465/965 963/464/964 955/149/956
f 957/151/958 965/466/966 964/465/965 956/150/957
f 958/152/959 966/467/967 965/466/966 957/151/958
f 959/153/960 967/468/968 966/467/967 958/152/959
f 960/146/954 968/461/962 967/468/968 959/153/960
f 961/460/961 969/469/969 976/470/970 968/461/962
f 962/462/963 970/471/971 969/472/969 961/463/961
f 963/464/964 971/473/972 970/471/971 962/462/963
f 964/465/965 972/474/973 971/473/972 963/464/964
f 965/466/966 973/475/974 972/474/973 964/465/965
f 966/467/967 974/476/975 973/475/974 965/466/966
f 967/468/968 975/477/976 974/476/975 966/467/967
f 968/461/962 976/470/970 975/477/976 967/468/968
f 969/469/969 977/478/977 984/479/978 976/470/970
f 970/471/971 978/480/979 977/481/977 969/472/969
f 971/473/972 979/482/980 978/480/979 970/471/971
f 972/474/973 980/483/981 979/482/980 971/473/972
f 973/475/974 981/484/982 980/483/981 972/474/973
f 974/476/975 982/485/983 981/484/982 973/475/974
f 975/477/976 983/486/984 982/485/983 974/476/975
f 976/470/970 984/479/978 983/486/984 975/477/976
f 977/478/977 985/487/985 992/488/986 984/479/978
f 978/480/979 986/489/987 985/490/985 977/481/977
f 979/482/980 987/491/988 986/489/987 978/480/979
f 980/483/981 988/492/989 987/491/988 979/482/980
f 981/484/982 989/493/990 988/492/989 980/483/981
f 982/485/983 990/494/991 989/493/990 981/484/982
f 983/486/984 991/495/992 990/494/991 982/485/983
f 984/479/978 992/488/986 991/495/992 983/486/984
f 985/487/985 993/217/993 1000/218/994 992/488/986
f 986/489/987 994/219/995 993/220/993 985/490/985
f 987/491/988 995/221/996 994/219/995 986/489/987
f 988/492/989 996/222/997 995/221/996 987/491/988
f 989/493/990 997/223/998 996/222/997 988/492/989
f 990/494/991 998/224/999 997/223/998 989/493/990
f 991/495/992 999/225/1000 998/224/999 990/494/991
f 992/488/986 1000/218/994 999/225/1000 991/495/992
f 1001/1/1001 1009/388/1002 1016/389/1003 1008/4/1004
f 1002/5/1005 1010/390/1006 1009/391/1002 1001/8/1001
f 1003/9/1007 1011/392/1008 1010/390/1006 1002/5/1005
f 1004/11/1009 1012/393/1010 1011/392/1008 1003/9/1007
f 1005/13/1011 1013/394/1012 1012/393/1010 1004/11/1009
f 1006/15/1013 1014/395/1014 1013/394/1012 1005/13/1011
f 1007/17/1015 1015/396/1016 1014/395/1014 1006/15/1013
f 1008/4/1004 1016/389/1003 1015/396/1016 1007/17/1015
f 1009/388/1002 1017/397/1017 1024/398/1018 1016/389/1003
f 1010/390/1006 1018/399/1019 1017/400/1017 1009/391/1002
f 1011/392/1008 1019/401/1020 1018/399/1019 1010/390/1006
f 1012/393/1010 1020/402/1021 1019/401/1020 1011/392/1008
f 1013/394/1012 1021/403/1022 1020/402/1021 1012/393/1010
f 1014/395/1014 1022/404/1023 1021/403/1022 1013/394/1012
f 1015/396/1016 1023/405/1024 1022/404/1023 1014/395/1014
f 1016/389/1003 1024/398/1018 1023/405/1024 1015/396/1016
f 1017/397/1017 1025/406/1025 1032/407/1026 1024/398/1018
f 1018/399/1019 1026/408/1027 1025/409/1025 1017/400/1017
f 1019/401/1020 1027/410/1028 1026/408/1027 1018/399/1019
f 1020/402/1021 1028/411/1029 1027/410/1028 1019/401/1020
f 1021/403/1022 1029/412/1030 1028/411/1029 1020/402/1021
f 1022/404/1023 1030/413/1031 1029/412/1030 1021/403/1022
f 1023/405/1024 1031/414/1032 1030/413/1031 1022/404/1023
f 1024/398/1018 1032/407/1026 1031/414/1032 1023/405/1024
f 1025/406/1025 1033/415/1033 1040/416/1034 1032/407/1026
f 1026/408/1027 1034/417/1035 1033/418/1033 1025/409/1025
f 1027/410/1028 1035/419/1036 1034/417/1035 1026/408/1027
f 1028/411/1029 1036/420/1037 1035/419/1036 1027/410/1028
f 1029/412/1030 1037/421/1038 1036/420/1037 1028/411/1029
f 1030/413/1031 1038/422/1039 1037/421/1038 1029/412/1030
f 1031/414/1032 1039/423/1040 1038/422/1039 1030/413/1031
f 1032/407/1026 1040/416/1034 1039/423/1040 1031/414/1032
f 1033/415/1033 1041/73/1041 1048/74/1042 1040/416/1034
f 1034/417/1035 1042/75/1043 1041/76/1041 1033/418/1033
f 1035/419/1036 1043/77/1044 1042/75/1043 1034/417/1035
f 1036/420/1037 1044/78/1045 1043/77/1044 1035/419/1036
f 1037/421/1038 1045/79/1046 1044/78/1045 1036/420/1037
f 1038/422/1039 1046/80/1047 1045/79/1046 1037/421/1038
f 1039/423/1040 1047/81/1048 1046/80/1047 1038/422/1039
f 1040/416/1034 1048/74/1042 1047/81/1048 1039/423/1040
f 1041/73/1041 1049/424/1049 1056/425/1050 1048/74/1042
f 1042/75/1043 1050/426/1051 1049/427/1049 1041/76/1041
f 1043/77/1044 1051/428/1052 1050/426/1051 1042/75/1043
f 1044/78/1045 1052/429/1053 1051/428/1052 1043/77/1044
f 1045/79/1046 1053/430/1054 1052/429/1053 1044/78/1045
f 1046/80/1047 1054/431/1055 1053/430/1054 1045/79/1046
f 1047/81/1048 1055/432/1056 1054/431/1055 1046/80/1047
f 1048/74/1042 1056/425/1050 1055/432/1056 1047/81/1048
f 1049/424/1049 1057/433/1057 1064/434/1058 1056/425/1050
f 1050/426/1051 1058/435/1059 1057/436/1057 1049/427/1049
f 1051/428/1052 1059/437/1060 1058/435/1059 1050/426/1051
f 1052/429/1053 1060/438/1061 1059/437/1060 1051/428/1052
f 1053/430/1054 1061/439/1062 1060/438/1061 1052/429/1053
f 1054/431/1055 1062/440/1063 1061/439/1062 1053/430/1054
f 1055/432/1056 1063/441/1064 1062/440/1063 1054/431/1055
f 1056/425/1050 1064/434/1058 1063/441/1064 1055/432/1056
f 1057/433/1057 1065/442/1065 1072/443/1066 1064/434/1058
f 1058/435/1059 1066/444/1067 1065/445/1065 1057/436/1057
f 1059/437/1060 1067/446/1068 1066/444/1067 1058/435/1059
f 1060/438/1061 1068/447/1069 1067/446/1068 1059/437/1060
f 1061/439/1062 1069/448/1070 1068/447/1069 1060/438/1061
f 1062/440/1063 1070/449/1071 1069/448/1070 1061/439/1062
f 1063/441/1064 1071/450/1072 1070/449/1071 1062/440/1063
f 1064/434/1058 1072/443/1066 1071/450/1072 1063/441/1064
f 1065/442/1065 1073/451/1073 1080/452/1074 1072/443/1066
f 1066/444/1067 1074/453/1075 1073/454/1073 1065/445/1065
f 1067/446/1068 1075/455/1076 1074/453/1075 1066/444/1067
f 1068/447/1069 1076/456/1077 1075/455/1076 1067/446/1068
f 1069/448/1070 1077/457/1078 1076/456/1077 1068/447/1069
f 1070/449/1071 1078/458/1079 1077/457/1078 1069/448/1070
f 1071/450/1072 1079/459/1080 1078/458/1079 1070/449/1071
f 1072/443/1066 1080/452/1074 1079/459/1080 1071/450/1072
f 1073/451/1073 1081/145/1081 1088/146/1082 1080/452/1074
f 1074/453/1075 1082/147/1083 1081/148/1081 1073/454/1073
f 1075/455/1076 1083/149/1084 1082/147/1083 1074/453/1075
f 1076/456/1077 1084/150/1085 1083/149/1084 1075/455/1076
f 1077/457/1078 1085/151/1086 1084/150/1085 1076/456/1077
f 1078/458/1079 1086/152/1087 1085/151/1086 1077/457/1078
f 1079/459/1080 1087/153/1088 1086/152/1087 1078/458/1079
f 1080/452/1074 1088/146/1082 1087/153/1088 1079/459/1080
f 1081/145/1081 1089/460/1089 1096/461/1090 1088/146/1082
f 1082/147/1083 1090/462/1091 1089/463/1089 1081/148/1081
f 1083/149/1084 1091/464/1092 1090/462/1091 1082/147/1083
f 1084/150/1085 1092/465/1093 1091/464/1092 1083/149/1084
f 1085/151/1086 1093/466/1094 1092/465/1093 1084/150/1085
f 1086/152/1087 1094/467/1095 1093/466/1094 1085/151/1086
f 1087/153/1088 1095/468/1096 1094/467/1095 1086/152/1087
f 1088/146/1082 1096/461/1090 1095/468/1096 1087/153/1088
f 1089/460/1089 1097/469/1097 1104/470/1098 1096/461/1090
f 1090/462/1091 1098/471/1099 1097/472/1097 1089/463/1089
f 1091/464/1092 1099/473/1100 1098/471/1099 1090/462/1091
f 1092/465/1093 1100/474/1101 1099/473/1100 1091/464/1092
f 1093/466/1094 1101/475/1102 1100/474/1101 1092/465/1093
f 1094/467/1095 1102/476/1103 1101/475/1102 1093/466/1094
f 1095/468/1096 1103/477/1104 1102/476/1103 1094/467/1095
f 1096/461/1090 1104/470/1098 1103/477/1104 1095/468/1096
f 1097/469/1097 1105/478/1105 1112/479/1106 1104/470/1098
f 1098/471/1099 1106/480/1107 1105/481/1105 1097/472/1097
f 1099/473/1100 1107/482/1108 1106/480/1107 1098/471/1099
f 1100/474/1101 1108/483/1109 1107/482/1108 1099/473/1100
f 1101/475/1102 1109/484/1110 1108/483/1109 1100/474/1101
f 1102/476/1103 1110/485/1111 1109/484/1110 1101/475/1102
f 1103/477/1104 1111/486/1112 1110/485/1111 1102/476/1103
f 1104/470/1098 1112/479/1106 1111/486/1112 1103/477/1104
f 1105/478/1105 1113/487/1113 1120/488/1114 1112/479/1106
f 1106/480/1107 1114/489/1115 1113/490/1113 1105/481/1105
f 1107/482/1108 1115/491/1116 1114/489/1115 1106/480/1107
f 1108/483/1109 1116/492/1117 1115/491/1116 1107/482/1108
f 1109/484/1110 1117/493/1118 1116/492/1117 1108/483/1109
f 1110/485/1111 1118/494/1119 1117/493/1118 1109/484/1110
f 1111/486/1112 1119/495/1120 1118/494/1119 1110/485/1111
f 1112/479/1106 1120/488/1114 1119/495/1120 1111/486/1112
f 1113/487/1113 1121/217/1121 1128/218/1122 1120/488/1114
f 1114/489/1115 1122/219/1123 1121/220/1121 1113/490/1113
f 1115/491/1116 1123/221/1124 1122/219/1123 1114/489/1115
f 1116/492/1117 1124/222/1125 1123/221/1124 1115/491/1116
f 1117/493/1118 1125/223/1126 1124/222/1125 1116/492/1117
f 1118/494/1119 1126/224/1127 1125/223/1126 1117/493/1118
f 1119/495/1120 1127/225/1128 1126/224/1127 1118/494/1119
f 1120/488/1114 1128/218/1122 1127/225/1128 1119/495/1120
f 1129/1/1129 1137/388/1130 1144/389/1131 1136/4/1132
f 1130/5/1133 1138/390/1134 1137/391/1130 1129/8/1129
f 1131/9/1135 1139/392/1136 1138/390/1134 1130/5/1133
f 1132/11/1137 1140/393/1138 1139/392/1136 1131/9/1135
f 1133/13/1139 1141/394/1140 1140/393/1138 1132/11/1137
f 1134/15/1141 1142/395/1142 1141/394/1140 1133/13/1139
f 1135/17/1143 1143/396/1144 1142/395/1142 1134/15/1141
f 1136/4/1132 1144/389/1131 1143/396/1144 1135/17/1143
f 1137/388/1130 1145/397/1145 1152/398/1146 1144/389/1131
f 1138/390/1134 1146/399/1147 1145/400/1145 1137/391/1130
f 1139/392/1136 1147/401/1148 1146/399/1147 1138/390/1134
f 1140/393/1138 1148/402/1149 1147/401/1148 1139/392/1136
f 1141/394/1140 1149/403/1150 1148/402/1149 1140/393/1138
f 1142/395/1142 1150/404/1151 1149/403/1150 1141/394/1140
f 1143/396/1144 1151/405/1152 1150/404/1151 1142/395/1142
f 1144/389/1131 1152/398/1146 1151/405/1152 1143/396/1144
f 1145/397/1145 1153/406/1153 1160/407/1154 1152/398/1146
f 1146/399/1147 1154/408/1155 1153/409/1153 1145/400/1145
f 1147/401/1148 1155/410/1156 1154/408/1155 1146/399/1147
f 1148/402/1149 1156/411/1157 1155/410/1156 1147/401/1148
f 1149/403/1150 1157/412/1158 1156/411/1157 1148/402/1149
f 1150/404/1151 1158/413/1159 1157/412/1158 1149/403/1150
f 1151/405/1152 1159/414/1160 1158/413/1159 1150/404/1151
f 1152/398/1146 1160/407/1154 1159/414/1160 1151/405/1152
f 1153/406/1153 1161/415/1161 1168/416/1162 1160/407/1154
f 1154/408/1155 1162/417/1163 1161/418/1161 1153/409/1153
f 1155/410/1156 1163/419/1164 1162/417/1163 1154/408/1155
f 1156/411/1157 1164/420/1165 1163/419/1164 1155/410/1156
f 1157/412/1158 1165/421/1166 1164/420/1165 1156/411/1157
f 1158/413/1159 1166/422/1167 1165/421/1166 1157/412/1158
f 1159/414/1160 1167/423/1168 1166/422/1167 1158/413/1159
f 1160/407/1154 1168/416/1162 1167/423/1168 1159/414/1160
f 1161/415/1161 1169/73/1169 1176/74/1170 1168/416/1162
f 1162/417/1163 1170/75/1171 1169/76/1169 1161/418/1161
f 1163/419/1164 1171/77/1172 1170/75/1171 1162/417/1163
f 1164/420/1165 1172/78/1173 1171/77/1172 1163/419/1164
f 1165/421/1166 1173/79/1174 1172/78/1173 1164/420/1165
f 1166/422/1167 1174/80/1175 1173/79/1174 1165/421/1166
f 1167/423/1168 1175/81/1176 1174/80/1175 1166/422/1167
f 1168/416/1162 1176/74/1170 1175/81/1176 1167/423/1168
f 1169/73/1169 1177/424/1177 1184/425/1178 1176/74/1170
f 1170/75/1171 1178/426/1179 1177/427/1177 1169/76/1169
f 1171/77/1172 1179/428/1180 1178/426/1179 1170/75/1171
f 1172/78/1173 1180/429/1181 1179/428/1180 1171/77/1172
f 1173/79/1174 1181/430/1182 1180/429/1181 1172/78/1173
f 1174/80/1175 1182/431/1183 1181/430/1182 1173/79/1174
f 1175/81/1176 1183/432/1184 1182/431/1183 1174/80/1175
f 1176/74/1170 1184/425/1178 1183/432/1184 1175/81/1176
f 1177/424/1177 1185/433/1185 1192/434/1186 1184/425/1178
f 1178/426/1179 1186/435/1187 1185/436/1185 1177/427/1177
f 1179/428/1180 1187/437/1188 1186/435/1187 1178/426/1179
f 1180/429/1181 1188/438/1189 1187/437/1188 1179/428/1180
f 1181/430/1182 1189/439/1190 1188/438/1189 1180/429/1181
f 1182/431/1183 1190/440/1191 1189/439/1190 1181/430/1182
f 1183/432/1184 1191/441/1192 1190/440/1191 1182/431/1183
f 1184/425/1178 1192/434/1186 1191/441/1192 1183/432/1184
f 1185/433/1185 1193/442/1193 1200/443/1194 1192/434/1186
f 1186/435/1187 1194/444/1195 1193/445/1193 1185/436/1185
f 1187/437/1188 1195/446/1196 1194/444/1195 1186/435/1187
f 1188/438/1189 1196/447/1197 1195/446/1196 1187/437/1188
f 1189/439/1190 1197/448/1198 1196/447/1197 1188/438/1189
f 1190/440/1191 1198/449/1199 1197/448/1198 1189/439/1190
f 1191/441/1192 1199/450/1200 1198/449/1199 1190/440/1191
f 1192/434/1186 1200/443/1194 1199/450/1200 1191/441/1192
f 1193/442/1193 1201/451/1201 1208/452/1202 1200/443/1194
f 1194/444/1195 1202/453/1203 1201/454/1201 1193/445/1193
f 1195/446/1196 1203/455/1204 1202/453/1203 1194/444/1195
f 1196/447/1197 1204/456/1205 1203/455/1204 1195/446/1196
f 1197/448/1198 1205/457/1206 1204/456/1205 1196/447/1197
f 1198/449/1199 1206/458/1207 1205/457/1206 1197/448/1198
f 1199/450/1200 1207/459/1208 1206/458/1207 1198/449/1199
f 1200/443/1194 1208/452/1202 1207/459/1208 1199/450/1200
f 1201/451/1201 1209/145/1209 1216/146/1210 1208/452/1202
f 1202/453/1203 1210/147/1211 1209/148/1209 1201/454/1201
f 1203/455/1204 1211/149/1212 1210/147/1211 1202/453/1203
f 1204/456/1205 1212/150/1213 1211/149/1212 1203/455/1204
f 1205/457/1206 1213/151/1214 1212/150/1213 1204/456/1205
f 1206/458/1207 1214/152/1215 1213/151/1214 1205/457/1206
f 1207/459/1208 1215/153/1216 1214/152/1215 1206/458/1207
f 1208/452/1202 1216/146/1210 1215/153/1216 1207/459/1208
f 1209/145/1209 1217/460/1217 1224/461/1218 1216/146/1210
f 1210/147/1211 1218/462/1219 1217/463/1217 1209/148/1209
f 1211/149/1212 1219/464/1220 1218/462/1219 1210/147/1211
f 1212/150/1213 1220/465/1221 1219/464/1220 1211/149/1212
f 1213/151/1214 1221/466/1222 1220/465/1221 1212/150/1213
f 1214/152/1215 1222/467/1223 1221/466/1222 1213/151/1214
f 1215/153/1216 1223/468/1224 1222/467/1223 1214/152/1215
f 1216/146/1210 1224/461/1218 1223/468/1224 1215/153/1216
f 1217/460/1217 1225/469/1225 1232/470/1226 1224/461/1218
f 1218/462/1219 1226/471/1227 1225/472/1225 1217/463/1217
f 1219/464/1220 1227/473/1228 1226/471/1227 1218/462/1219
f 1220/465/1221 1228/474/1229 1227/473/1228 1219/464/1220
f 1221/466/1222 1229/475/1230 1228/474/1229 1220/465/1221
f 1222/467/1223 1230/476/1231 1229/475/1230 1221/466/1222
f 1223/468/1224 1231/477/1232 1230/476/1231 1222/467/1223
f 1224/461/1218 1232/470/1226 1231/477/1232 1223/468/1224
f 1225/469/1225 1233/478/1233 1240/479/1234 1232/470/1226
f 1226/471/1227 1234/480/1235 1233/481/1233 1225/472/1225
f 1227/473/1228 1235/482/1236 1234/480/1235 1226/471/1227
f 1228/474/1229 1236/483/1237 1235/482/1236 1227/473/1228
f 1229/475/1230 1237/484/1238 1236/483/1237 1228/474/1229
f 1230/476/1231 1238/485/1239 1237/484/1238 1229/475/1230
f 1231/477/1232 1239/486/1240 1238/485/1239 1230/476/1231
f 1232/470/1226 1240/479/1234 1239/486/1240 1231/477/1232
f 1233/478/1233 1241/487/1241 1248/488/1242 1240/479/1234
f 1234/480/1235 1242/489/1243 1241/490/1241 1233/481/1233
f 1235/482/1236 1243/491/1244 1242/489/1243 1234/480/1235
f 1236/483/1237 1244/492/1245 1243/491/1244 1235/482/1236
f 1237/484/1238 1245/493/1246 1244/492/1245 1236/483/1237
f 1238/485/1239 1246/494/1247 1245/493/1246 1237/484/1238
f 1239/486/1240 1247/495/1248 1246/494/1247 1238/485/1239
f 1240/479/1234 1248/488/1242 1247/495/1248 1239/486/1240
f 1241/487/1241 1249/217/1249 1256/218/1250 1248/488/1242
f 1242/489/1243 1250/219/1243 1249/220/1249 1241/490/1241
f 1243/491/1244 1251/221/1251 1250/219/1243 1242/489/1243
f 1244/492/1245 1252/222/1252 1251/221/1251 1243/491/1244
f 1245/493/1246 1253/223/1253 1252/222/1252 1244/492/1245
f 1246/494/1247 1254/224/1254 1253/223/1253 1245/493/1246
f 1247/495/1248 1255/225/1255 1254/224/1254 1246/494/1247
f 1248/488/1242 1256/218/1250 1255/225/1255 1247/495/1248
f 1257/1/1256 1265/388/1257 1272/389/1258 1264/4/1259
f 1258/5/1260 1266/390/1261 1265/391/1257 1257/8/1256
f 1259/9/1262 1267/392/1263 1266/390/1261 1258/5/1260
f 1260/11/1264 1268/393/1265 1267/392/1263 1259/9/1262
f 1261/13/1266 1269/394/1267 1268/393/1265 1260/11/1264
f 1262/15/1268 1270/395/1269 1269/394/1267 1261/13/1266
f 1263/17/1270 1271/396/1271 1270/395/1269 1262/15/1268
f 1264/4/1259 1272/389/1258 1271/396/1271 1263/17/1270
f 1265/388/1257 1273/397/1272 1280/398/1273 1272/389/1258
f 1266/390/1261 1274/399/1274 1273/400/1272 1265/391/1257
f 1267/392/1263 1275/401/1275 1274/399/1274 1266/390/1261
f 1268/393/1265 1276/402/1276 1275/401/1275 1267/392/1263
f 1269/394/1267 1277/403/1277 1276/402/1276 1268/393/1265
f 1270/395/1269 1278/404/1278 1277/403/1277 1269/394/1267
f 1271/396/1271 1279/405/1279 1278/404/1278 1270/395/1269
f 1272/389/1258 1280/398/1273 1279/405/1279 1271/396/1271
f 1273/397/1272 1281/406/1280 1288/407/1281 1280/398/1273
f 1274/399/1274 1282/408/1282 1281/409/1280 1273/400/1272
f 1275/401/1275 1283/410/1283 1282/408/1282 1274/399/1274
f 1276/402/1276 1284/411/1284 1283/410/1283 1275/401/1275
f 1277/403/1277 1285/412/1285 1284/411/1284 1276/402/1276
f 1278/404/1278 1286/413/1286 1285/412/1285 1277/403/1277
f 1279/405/1279 1287/414/1287 1286/413/1286 1278/404/1278
f 1280/398/1273 1288/407/1281 1287/414/1287 1279/405/1279
f 1281/406/1280 1289/415/1288 1296/416/1289 1288/407/1281
f 1282/408/1282 1290/417/1290 1289/418/1288 1281/409/1280
f 1283/410/1283 1291/419/1291 1290/417/1290 1282/408/1282
f 1284/411/1284 1292/420/1292 1291/419/1291 1283/410/1283
f 1285/412/1285 1293/421/1293 1292/420/1292 1284/411/1284
f 1286/413/1286 1294/422/1294 1293/421/1293 1285/412/1285
f 1287/414/1287 1295/423/1295 1294/422/1294 1286/413/1286
f 1288/407/1281 1296/416/1289 1295/423/1295 1287/414/1287
f 1289/415/1288 1297/73/1296 1304/74/1297 1296/416/1289
f 1290/417/1290 1298/75/1298 1297/76/1296 1289/418/1288
f 1291/419/1291 1299/77/1299 1298/75/1298 1290/417/1290
f 1292/420/1292 1300/78/1300 1299/77/1299 1291/419/1291
f 1293/421/1293 1301/79/1301 1300/78/1300 1292/420/1292
f 1294/422/1294 1302/80/1302 1301/79/1301 1293/421/1293
f 1295/423/1295 1303/81/1303 1302/80/1302 1294/422/1294
f 1296/416/1289 1304/74/1297 1303/81/1303 1295/423/1295
f 1297/73/1296 1305/424/1304 1312/425/1305 1304/74/1297
f 1298/75/1298 1306/426/1306 1305/427/1304 1297/76/1296
f 1299/77/1299 1307/428/1307 1306/426/1306 1298/75/1298
f 1300/78/1300 1308/429/1308 1307/428/1307 1299/77/1299
f 1301/79/1301 1309/430/1309 1308/429/1308 1300/78/1300
f 1302/80/1302 1310/431/1310 1309/430/1309 1301/79/1301
f 1303/81/1303 1311/432/1311 1310/431/1310 1302/80/1302
f 1304/74/1297 1312/425/1305 1311/432/1311 1303/81/1303
f 1305/424/1304 1313/433/1312 1320/434/1313 1312/425/1305
f 1306/426/1306 1314/435/1314 1313/436/1312 1305/427/1304
f 1307/428/1307 1315/437/1315 1314/435/1314 1306/426/1306
f 1308/429/1308 1316/438/1316 1315/437/1315 1307/428/1307
f 1309/430/1309 1317/439/1317 1316/438/1316 1308/429/1308
f 1310/431/1310 1318/440/1318 1317/439/1317 1309/430/1309
f 1311/432/1311 1319/441/1319 1318/440/1318 1310/431/1310
f 1312/425/1305 1320/434/1313 1319/441/1319 1311/432/1311
f 1313/433/1312 1321/442/1320 1328/443/1321 1320/434/1313
f 1314/435/1314 1322/444/1322 1321/445/1320 1313/436/1312
f 1315/437/1315 1323/446/1323 1322/444/1322 1314/435/1314
f 1316/438/1316 1324/447/1324 1323/446/1323 1315/437/1315
f 1317/439/1317 1325/448/1325 1324/447/1324 1316/438/1316
f 1318/440/1318 1326/449/1326 1325/448/1325 1317/439/1317
f 1319/441/1319 1327/450/1327 1326/449/1326 1318/440/1318
f 1320/434/1313 1328/443/1321 1327/450/1327 1319/441/1319
f 1321/442/1320 1329/451/1328 1336/452/1329 1328/443/1321
f 1322/444/1322 1330/453/1330 1329/454/1328 1321/445/1320
f 1323/446/1323 1331/455/1331 1330/453/1330 1322/444/1322
f 1324/447/1324 1332/456/1332 1331/455/1331 1323/446/1323
f 1325/448/1325 1333/457/1333 1332/456/1332 1324/447/1324
f 1326/449/1326 1334/458/1334 1333/457/1333 1325/448/1325
f 1327/450/1327 1335/459/1335 1334/458/1334 1326/449/1326
f 1328/443/1321 1336/452/1329 1335/459/1335 1327/450/1327
f 1329/451/1328 1337/145/1336 1344/146/1337 1336/452/1329
f 1330/453/1330 1338/147/1338 1337/148/1336 1329/454/1328
f 1331/455/1331 1339/149/1339 1338/147/1338 1330/453/1330
f 1332/456/1332 1340/150/1340 1339/149/1339 1331/455/1331
f 1333/457/1333 1341/151/1341 1340/150/1340 1332/456/1332
f 1334/458/1334 1342/152/1342 1341/151/1341 1333/457/1333
f 1335/459/1335 1343/153/1343 1342/152/1342 1334/458/1334
f 1336/452/1329 1344/146/1337 1343/153/1343 1335/459/1335
f 1337/145/1336 1345/460/1344 1352/461/1345 1344/146/1337
f 1338/147/1338 1346/462/1346 1345/463/1344 1337/148/1336
f 1339/149/1339 1347/464/1347 1346/462/1346 1338/147/1338
f 1340/150/1340 1348/465/1348 1347/464/1347 1339/149/1339
f 1341/151/1341 1349/466/1349 1348/465/1348 1340/150/1340
f 1342/152/1342 1350/467/1350 1349/466/1349 1341/151/1341
f 1343/153/1343 1351/468/1351 1350/467/1350 1342/152/1342
f 1344/146/1337 1352/461/1345 1351/468/1351 1343/153/1343
f 1345/460/1344 1353/469/1352 1360/470/1353 1352/461/1345
f 1346/462/1346 1354/471/1354 1353/472/1352 1345/463/1344
f 1347/464/1347 1355/473/1355 1354/471/1354 1346/462/1346
f 1348/465/1348 1356/474/1356 1355/473/1355 1347/464/1347
f 1349/466/1349 1357/475/1357 1356/474/1356 1348/465/1348
f 1350/467/1350 1358/476/1358 1357/475/1357 1349/466/1349
f 1351/468/1351 1359/477/1359 1358/476/1358 1350/467/1350
f 1352/461/1345 1360/470/1353 1359/477/1359 1351/468/1351
f 1353/469/1352 1361/478/1360 1368/479/1361 1360/470/1353
f 1354/471/1354 1362/480/1362 1361/481/1360 1353/472/1352
f 1355/473/1355 1363/482/1363 1362/480/1362 1354/471/1354
f 1356/474/1356 1364/483/1364 1363/482/1363 1355/473/1355
f 1357/475/1357 1365/484/1365 1364/483/1364 1356/474/1356
f 1358/476/1358 1366/485/1366 1365/484/1365 1357/475/1357
f 1359/477/1359 1367/486/1367 1366/485/1366 1358/476/1358
f 1360/470/1353 1368/479/1361 1367/486/1367 1359/477/1359
f 1361/478/1360 1369/487/1368 1376/488/1369 1368/479/1361
f 1362/480/1362 1370/489/1370 1369/490/1368 1361/481/1360
f 1363/482/1363 1371/491/1371 1370/489/1370 1362/480/1362
f 1364/483/1364 1372/492/1372 1371/491/1371 1363/482/1363
f 1365/484/1365 1373/493/1373 1372/492/1372 1364/483/1364
f 1366/485/1366 1374/494/1374 1373/493/1373 1365/484/1365
f 1367/486/1367 1375/495/1375 1374/494/1374 1366/485/1366
f 1368/479/1361 1376/488/1369 1375/495/1375 1367/486/1367
f 1369/487/1368 1377/217/1376 1384/218/1377 1376/488/1369
f 1370/489/1370 1378/219/1378 1377/220/1376 1369/490/1368
f 1371/491/1371 1379/221/1379 1378/219/1378 1370/489/1370
f 1372/492/1372 1380/222/1380 1379/221/1379 1371/491/1371
f 1373/493/1373 1381/223/1381 1380/222/1380 1372/492/1372
f 1374/494/1374 1382/224/1382 1381/223/1381 1373/493/1373
f 1375/495/1375 1383/225/1383 1382/224/1382 1374/494/1374
f 1376/488/1369 1384/218/1377 1383/225/1383 1375/495/1375
f 1385/1/1384 1393/388/1385 1400/389/1386 1392/4/1387
f 1386/5/1388 1394/390/1389 1393/391/1385 1385/8/1384
f 1387/9/1390 1395/392/1391 1394/390/1389 1386/5/1388
f 1388/11/1392 1396/393/1393 1395/392/1391 1387/9/1390
f 1389/13/1394 1397/394/1395 1396/393/1393 1388/11/1392
f 1390/15/1396 1398/395/1397 1397/394/1395 1389/13/1394
f 1391/17/1398 1399/396/1399 1398/395/1397 1390/15/1396
f 1392/4/1387 1400/389/1386 1399/396/1399 1391/17/1398
f 1393/388/1385 1401/397/1400 1408/398/1401 1400/389/1386
f 1394/390/1389 1402/399/1402 1401/400/1400 1393/391/1385
f 1395/392/1391 1403/401/1403 1402/399/1402 1394/390/1389
f 1396/393/1393 1404/402/1404 1403/401/1403 1395/392/1391
f 1397/394/1395 1405/403/1405 1404/402/1404 1396/393/1393
f 1398/395/1397 1406/404/1406 1405/403/1405 1397/394/1395
f 1399/396/1399 1407/405/1407 1406/404/1406 1398/395/1397
f 1400/389/1386 1408/398/1401 1407/405/1407 1399/396/1399
f 1401/397/1400 1409/406/1408 1416/407/1409 1408/398/1401
f 1402/399/1402 1410/408/1410 1409/409/1408 1401/400/1400
f 1403/401/1403 1411/410/1411 1410/408/1410 1402/399/1402
f 1404/402/1404 1412/411/1412 1411/410/1411 1403/401/1403
f 1405/403/1405 1413/412/1413 1412/411/1412 1404/402/1404
f 1406/404/1406 1414/413/1414 1413/412/1413 1405/403/1405
f 1407/405/1407 1415/414/1415 1414/413/1414 1406/404/1406
f 1408/398/1401 1416/407/1409 1415/414/1415 1407/405/1407
f 1409/406/1408 1417/415/1416 1424/416/1417 1416/407/1409
f 1410/408/1410 1418/417/1418 1417/418/1416 1409/409/1408
f 1411/410/1411 1419/419/1419 1418/417/1418 1410/408/1410
f 1412/411/1412 1420/420/1420 1419/419/1419 1411/410/1411
f 1413/412/1413 1421/421/1421 1420/420/1420 1412/411/1412
f 1414/413/1414 1422/422/1422 1421/421/1421 1413/412/1413
f 1415/414/1415 1423/423/1423 1422/422/1422 1414/413/1414
f 1416/407/1409 1424/416/1417 1423/423/1423 1415/414/1415
f 1417/415/1416 1425/73/1424 1432/74/1425 1424/416/1417
f 1418/417/1418 1426/75/1426 1425/76/1424 1417/418/1416
f 1419/419/1419 1427/77/1427 1426/75/1426 1418/417/1418
f 1420/420/1420 1428/78/1428 1427/77/1427 1419/419/1419
f 1421/421/1421 1429/79/1429 1428/78/1428 1420/420/1420
f 1422/422/1422 1430/80/1430 1429/79/1429 1421/421/1421
f 1423/423/1423 1431/81/1431 1430/80/1430 1422/422/1422
f 1424/416/1417 1432/74/1425 1431/81/1431 1423/423/1423
f 1425/73/1424 1433/424/1432 1440/425/1433 1432/74/1425
f 1426/75/1426 1434/426/1434 1433/427/1432 1425/76/1424
f 1427/77/1427 1435/428/1435 1434/426/1434 1426/75/1426
f 1428/78/1428 1436/429/1436 1435/428/1435 1427/77/1427
f 1429/79/1429 1437/430/1437 1436/429/1436 1428/78/1428
f 1430/80/1430 1438/431/1438 1437/430/1437 1429/79/1429
f 1431/81/1431 1439/432/1439 1438/431/1438 1430/80/1430
f 1432/74/1425 1440/425/1433 1439/432/1439 1431/81/1431
f 1433/424/1432 1441/433/1440 1448/434/1441 1440/425/1433
f 1434/426/1434 1442/435/1442 1441/436/1440 1433/427/1432
f 1435/428/1435 1443/437/1443 1442/435/1442 1434/426/1434
f 1436/429/1436 1444/438/1444 1443/437/1443 1435/428/1435
f 1437/430/1437 1445/439/1445 1444/438/1444 1436/429/1436
f 1438/431/1438 1446/440/1446 1445/439/1445 1437/430/1437
f 1439/432/1439 1447/441/1447 1446/440/1446 1438/431/1438
f 1440/425/1433 1448/434/1441 1447/441/1447 1439/432/1439
f 1441/433/1440 1449/442/1448 1456/443/1449 1448/434/1441
f 1442/435/1442 1450/444/1450 1449/445/1448 1441/436/1440
f 1443/437/1443 1451/446/1451 1450/444/1450 1442/435/1442
f 1444/438/1444 1452/447/1452 1451/446/1451 1443/437/1443
f 1445/439/1445 1453/448/1453 1452/447/1452 1444/438/1444
f 1446/440/1446 1454/449/1454 1453/448/1453 1445/439/1445
f 1447/441/1447 1455/450/1455 1454/449/1454 1446/440/1446
f 1448/434/1441 1456/443/1449 1455/450/1455 1447/441/1447
f 1449/442/1448 1457/451/1456 1464/452/1457 1456/443/1449
f 1450/444/1450 1458/453/1458 1457/454/1456 1449/445/1448
f 1451/446/1451 1459/455/1459 1458/453/1458 1450/444/1450
f 1452/447/1452 1460/456/1460 1459/455/1459 1451/446/1451
f 1453/448/1453 1461/457/1461 1460/456/1460 1452/447/1452
f 1454/449/1454 1462/458/1462 1461/457/1461 1453/448/1453
f 1455/450/1455 1463/459/1463 1462/458/1462 1454/449/1454
f 1456/443/1449 1464/452/1457 1463/459/1463 1455/450/1455
f 1457/451/1456 1465/145/1464 1472/146/1465 1464/452/1457
f 1458/453/1458 1466/147/1466 1465/148/1464 1457/454/1456
f 1459/455/1459 1467/149/1467 1466/147/1466 1458/453/1458
f 1460/456/1460 1468/150/1468 1467/149/1467 1459/455/1459
f 1461/457/1461 1469/151/1469 1468/150/1468 1460/456/1460
f 1462/458/1462 1470/152/1470 1469/151/1469 1461/457/1461
f 1463/459/1463 1471/153/1471 1470/152/1470 1462/458/1462
f 1464/452/1457 1472/146/1465 1471/153/1471 1463/459/1463
f 1465/145/1464 1473/460/1472 1480/461/1473 1472/146/1465
f 1466/147/1466 1474/462/1474 1473/463/1472 1465/148/1464
f 1467/149/1467 1475/464/1475 1474/462/1474 1466/147/1466
f 1468/150/1468 1476/465/1476 1475/464/1475 1467/149/1467
f 1469/151/1469 1477/466/1477 1476/465/1476 1468/150/1468
f 1470/152/1470 1478/467/1478 1477/466/1477 1469/151/1469
f 1471/153/1471 1479/468/1479 1478/467/1478 1470/152/1470
f 1472/146/1465 1480/461/1473 1479/468/1479 1471/153/1471
f 1473/460/1472 1481/469/1480 1488/470/1481 1480/461/1473
f 1474/462/1474 1482/471/1482 1481/472/1480 1473/463/1472
f 1475/464/1475 1483/473/1483 1482/471/1482 1474/462/1474
f 1476/465/1476 1484/474/1484 1483/473/1483 1475/464/1475
f 1477/466/1477 1485/475/1485 1484/474/1484 1476/465/1476
f 1478/467/1478 1486/476/1486 1485/475/1485 1477/466/1477
f 1479/468/1479 1487/477/1487 1486/476/1486 1478/467/1478
f 1480/461/1473 1488/470/1481 1487/477/1487 1479/468/1479
f 1481/469/1480 1489/478/1488 1496/479/1489 1488/470/1481
f 1482/471/1482 1490/480/1490 1489/481/1488 1481/472/1480
f 1483/473/1483 1491/482/1491 1490/480/1490 1482/471/1482
f 1484/474/1484 1492/483/1492 1491/482/1491 1483/473/1483
f 1485/475/1485 1493/484/1493 1492/483/1492 1484/474/1484
f 1486/476/1486 1494/485/1494 1493/484/1493 1485/475/1485
f 1487/477/1487 1495/486/1495 1494/485/1494 1486/476/1486
f 1488/470/1481 1496/479/1489 1495/486/1495 1487/477/1487
f 1489/478/1488 1497/487/1496 1504/488/1497 1496/479/1489
f 1490/480/1490 1498/489/1498 1497/490/1496 1489/481/1488
f 1491/482/1491 1499/491/1499 1498/489/1498 1490/480/1490
f 1492/483/1492 1500/492/1500 1499/491/1499 1491/482/1491
f 1493/484/1493 1501/493/1501 1500/492/1500 1492/483/1492
f 1494/485/1494 1502/494/1502 1501/493/1501 1493/484/1493
f 1495/486/1495 1503/495/1503 1502/494/1502 1494/485/1494
f 1496/479/1489 1504/488/1497 1503/495/1503 1495/486/1495
f 1497/487/1496 1505/217/1504 1512/218/1505 1504/488/1497
f 1498/489/1498 1506/219/1506 1505/220/1504 1497/490/1496
f 1499/491/1499 1507/221/1507 1506/219/1506 1498/489/1498
f 1500/492/1500 1508/222/1508 1507/221/1507 1499/491/1499
f 1501/493/1501 1509/223/1509 1508/222/1508 1500/492/1500
f 1502/494/1502 1510/224/1510 1509/223/1509 1501/493/1501
f 1503/495/1503 1511/225/1511 1510/224/1510 1502/494/1502
f 1504/488/1497 1512/218/1505 1511/225/1511 1503/495/1503
f 1513/1/1512 1521/19/1513 1528/20/1514 1520/4/1515
f 1514/5/1516 1522/21/1517 1521/22/1513 1513/8/1512
f 1515/9/1518 1523/23/1519 1522/21/1517 1514/5/1516
f 1516/11/1520 1524/24/1521 1523/23/1519 1515/9/1518
f 1517/13/1522 1525/25/1523 1524/24/1521 1516/11/1520
f 1518/15/1524 1526/26/1525 1525/25/1523 1517/13/1522
f 1519/17/1526 1527/27/1527 1526/26/1525 1518/15/1524
f 1520/4/1515 1528/20/1514 1527/27/1527 1519/17/1526
f 1521/19/1513 1529/37/1528 1536/38/1529 1528/20/1514
f 1522/21/1517 1530/39/1530 1529/40/1528 1521/22/1513
f 1523/23/1519 1531/41/1531 1530/39/1530 1522/21/1517
f 1524/24/1521 1532/42/1532 1531/41/1531 1523/23/1519
f 1525/25/1523 1533/43/1533 1532/42/1532 1524/24/1521
f 1526/26/1525 1534/44/1534 1533/43/1533 1525/25/1523
f 1527/27/1527 1535/45/1535 1534/44/1534 1526/26/1525
f 1528/20/1514 1536/38/1529 1535/45/1535 1527/27/1527
f 1529/37/1528 1537/55/1536 1544/56/1537 1536/38/1529
f 1530/39/1530 1538/57/1538 1537/58/1536 1529/40/1528
f 1531/41/1531 1539/59/1539 1538/57/1538 1530/39/1530
f 1532/42/1532 1540/60/1540 1539/59/1539 1531/41/1531
f 1533/43/1533 1541/61/1541 1540/60/1540 1532/42/1532
f 1534/44/1534 1542/62/1542 1541/61/1541 1533/43/1533
f 1535/45/1535 1543/63/1543 1542/62/1542 1534/44/1534
f 1536/38/1529 1544/56/1537 1543/63/1543 1535/45/1535
f 1537/55/1536 1545/73/1544 1552/74/1545 1544/56/1537
f 1538/57/1538 1546/75/1546 1545/76/1544 1537/58/1536
f 1539/59/1539 1547/77/1547 1546/75/1546 1538/57/1538
f 1540/60/1540 1548/78/1548 1547/77/1547 1539/59/1539
f 1541/61/1541 1549/79/1549 1548/78/1548 1540/60/1540
f 1542/62/1542 1550/80/1550 1549/79/1549 1541/61/1541
f 1543/63/1543 1551/81/1551 1550/80/1550 1542/62/1542
f 1544/56/1537 1552/74/1545 1551/81/1551 1543/63/1543
f 1545/73/1544 1553/91/1552 1560/92/1553 1552/74/1545
f 1546/75/1546 1554/93/1554 1553/94/1552 1545/76/1544
f 1547/77/1547 1555/95/1555 1554/93/1554 1546/75/1546
f 1548/78/1548 1556/96/1556 1555/95/1555 1547/77/1547
f 1549/79/1549 1557/97/1557 1556/96/1556 1548/78/1548
f 1550/80/1550 1558/98/1558 1557/97/1557 1549/79/1549
f 1551/81/1551 1559/99/1559 1558/98/1558 1550/80/1550
f 1552/74/1545 1560/92/1553 1559/99/1559 1551/81/1551
f 1553/91/1552 1561/109/1560 1568/110/1561 1560/92/1553
f 1554/93/1554 1562/111/1562 1561/112/1560 1553/94/1552
f 1555/95/1555 1563/113/1563 1562/111/1562 1554/93/1554
f 1556/96/1556 1564/114/1564 1563/113/1563 1555/95/1555
f 1557/97/1557 1565/115/1565 1564/114/1564 1556/96/1556
f 1558/98/1558 1566/116/1566 1565/115/1565 1557/97/1557
f 1559/99/1559 1567/117/1567 1566/116/1566 1558/98/1558
f 1560/92/1553 1568/110/1561 1567/117/1567 1559/99/1559
f 1561/109/1560 1569/127/1568 1576/128/1569 1568/110/1561
f 1562/111/1562 1570/129/1570 1569/130/1568 1561/112/1560
f 1563/113/1563 1571/131/1571 1570/129/1570 1562/111/1562
f 1564/114/1564 1572/132/1572 1571/131/1571 1563/113/1563
f 1565/115/1565 1573/133/1573 1572/132/1572 1564/114/1564
f 1566/116/1566 1574/134/1574 1573/133/1573 1565/115/1565
f 1567/117/1567 1575/135/1575 1574/134/1574 1566/116/1566
f 1568/110/1561 1576/128/1569 1575/135/1575 1567/117/1567
f 1569/127/1568 1577/145/1576 1584/146/1577 1576/128/1569
f 1570/129/1570 1578/147/1578 1577/148/1576 1569/130/1568
f 1571/131/1571 1579/149/1579 1578/147/1578 1570/129/1570
f 1572/132/1572 1580/150/1580 1579/149/1579 1571/131/1571
f 1573/133/1573 1581/151/1581 1580/150/1580 1572/132/1572
f 1574/134/1574 1582/152/1582 1581/151/1581 1573/133/1573
f 1575/135/1575 1583/153/1583 1582/152/1582 1574/134/1574
f 1576/128/1569 1584/146/1577 1583/153/1583 1575/135/1575
f 1577/145/1576 1585/163/1584 1592/164/1585 1584/146/1577
f 1578/147/1578 1586/165/1586 1585/166/1584 1577/148/1576
f 1579/149/1579 1587/167/1587 1586/165/1586 1578/147/1578
f 1580/150/1580 1588/168/1588 1587/167/1587 1579/149/1579
f 1581/151/1581 1589/169/1589 1588/168/1588 1580/150/1580
f 1582/152/1582 1590/170/1590 1589/169/1589 1581/151/1581
f 1583/153/1583 1591/171/1591 1590/170/1590 1582/152/1582
f 1584/146/1577 1592/164/1585 1591/171/1591 1583/153/1583
f 1585/163/1584 1593/181/1592 1600/182/1593 1592/164/1585
f 1586/165/1586 1594/183/1594 1593/184/1592 1585/166/1584
f 1587/167/1587 1595/185/1595 1594/183/1594 1586/165/1586
f 1588/168/1588 1596/186/1596 1595/185/1595 1587/167/1587
f 1589/169/1589 1597/187/1597 1596/186/1596 1588/168/1588
f 1590/170/1590 1598/188/1598 1597/187/1597 1589/169/1589
f 1591/171/1591 1599/189/1599 1598/188/1598 1590/170/1590
f 1592/164/1585 1600/182/1593 1599/189/1599 1591/171/1591
f 1593/181/1592 1601/199/1600 1608/200/1601 1600/182/1593
f 1594/183/1594 1602/201/1602 1601/202/1600 1593/184/1592
f 1595/185/1595 1603/203/1603 1602/201/1602 1594/183/1594
f 1596/186/1596 1604/204/1604 1603/203/1603 1595/185/1595
f 1597/187/1597 1605/205/1605 1604/204/1604 1596/186/1596
f 1598/188/1598 1606/206/1606 1605/205/1605 1597/187/1597
f 1599/189/1599 1607/207/1607 1606/206/1606 1598/188/1598
f 1600/182/1593 1608/200/1601 1607/207/1607 1599/189/1599
f 1601/199/1600 1609/217/1608 1616/218/1609 1608/200/1601
f 1602/201/1602 1610/219/1610 1609/220/1608 1601/202/1600
f 1603/203/1603 1611/221/1611 1610/219/1610 1602/201/1602
f 1604/204/1604 1612/222/1612 1611/221/1611 1603/203/1603
f 1605/205/1605 1613/223/1613 1612/222/1612 1604/204/1604
f 1606/206/1606 1614/224/1614 1613/223/1613 1605/205/1605
f 1607/207/1607 1615/225/1615 1614/224/1614 1606/206/1606
f 1608/200/1601 1616/218/1609 1615/225/1615 1607/207/1607
f 1617/1/1616 1625/37/1617 1632/38/1618 1624/4/1619
f 1618/5/1620 1626/39/1621 1625/40/1617 1617/8/1616
f 1619/9/1622 1627/41/1623 1626/39/1621 1618/5/1620
f 1620/11/1624 1628/42/1625 1627/41/1623 1619/9/1622
f 1621/13/1626 1629/43/1627 1628/42/1625 1620/11/1624
f 1622/15/1628 1630/44/1629 1629/43/1627 1621/13/1626
f 1623/17/1630 1631/45/1631 1630/44/1629 1622/15/1628
f 1624/4/1619 1632/38/1618 1631/45/1631 1623/17/1630
f 1625/37/1617 1633/73/1632 1640/74/1633 1632/38/1618
f 1626/39/1621 1634/75/1634 1633/76/1632 1625/40/1617
f 1627/41/1623 1635/77/1635 1634/75/1634 1626/39/1621
f 1628/42/1625 1636/78/1636 1635/77/1635 1627/41/1623
f 1629/43/1627 1637/79/1637 1636/78/1636 1628/42/1625
f 1630/44/1629 1638/80/1638 1637/79/1637 1629/43/1627
f 1631/45/1631 1639/81/1639 1638/80/1638 1630/44/1629
f 1632/38/1618 1640/74/1633 1639/81/1639 1631/45/1631
f 1633/73/1632 1641/109/1640 1648/110/1641 1640/74/1633
f 1634/75/1634 1642/111/1642 1641/112/1640 1633/76/1632
f 1635/77/1635 1643/113/1643 1642/111/1642 1634/75/1634
f 1636/78/1636 1644/114/1644 1643/113/1643 1635/77/1635
f 1637/79/1637 1645/115/1645 1644/114/1644 1636/78/1636
f 1638/80/1638 1646/116/1646 1645/115/1645 1637/79/1637
f 1639/81/1639 1647/117/1647 1646/116/1646 1638/80/1638
f 1640/74/1633 1648/110/1641 1647/117/1647 1639/81/1639
f 1641/109/1640 1649/145/1648 1656/146/1649 1648/110/1641
f 1642/111/1642 1650/147/1650 1649/148/1648 1641/112/1640
f 1643/113/1643 1651/149/1651 1650/147/1650 1642/111/1642
f 1644/114/1644 1652/150/1652 1651/149/1651 1643/113/1643
f 1645/115/1645 1653/151/1653 1652/150/1652 1644/114/1644
f 1646/116/1646 1654/152/1654 1653/151/1653 1645/115/1645
f 1647/117/1647 1655/153/1655 1654/152/1654 1646/116/1646
f 1648/110/1641 1656/146/1649 1655/153/1655 1647/117/1647
f 1649/145/1648 1657/181/1656 1664/182/1657 1656/146/1649
f 1650/147/1650 1658/183/1658 1657/184/1656 1649/148/1648
f 1651/149/1651 1659/185/1659 1658/183/1658 1650/147/1650
f 1652/150/1652 1660/186/1660 1659/185/1659 1651/149/1651
f 1653/151/1653 1661/187/1661 1660/186/1660 1652/150/1652
f 1654/152/1654 1662/188/1662 1661/187/1661 1653/151/1653
f 1655/153/1655 1663/189/1663 1662/188/1662 1654/152/1654
f 1656/146/1649 1664/182/1657 1663/189/1663 1655/153/1655
f 1657/181/1656 1665/217/1664 1672/218/1665 1664/182/1657
f 1658/183/1658 1666/219/1666 1665/220/1664 1657/184/1656
f 1659/185/1659 1667/221/1667 1666/219/1666 1658/183/1658
f 1660/186/1660 1668/222/1668 1667/221/1667 1659/185/1659
f 1661/187/1661 1669/223/1669 1668/222/1668 1660/186/1660
f 1662/188/1662 1670/224/1670 1669/223/1669 1661/187/1661
f 1663/189/1663 1671/225/1671 1670/224/1670 1662/188/1662
f 1664/182/1657 1672/218/1665 1671/225/1671 1663/189/1663
f 1673/1/1672 1681/496/1673 1688/497/1674 1680/4/1675
f 1674/5/1676 1682/498/1677 1681/499/1673 1673/8/1672
f 1675/9/1678 1683/500/1679 1682/498/1677 1674/5/1676
f 1676/11/1680 1684/501/1681 1683/500/1679 1675/9/1678
f 1677/13/1682 1685/502/1683 1684/501/1681 1676/11/1680
f 1678/15/1684 1686/503/1685 1685/502/1683 1677/13/1682
f 1679/17/1686 1687/504/1687 1686/503/1685 1678/15/1684
f 1680/4/1675 1688/497/1674 1687/504/1687 1679/17/1686
f 1681/496/1673 1689/505/1688 1696/506/1689 1688/497/1674
f 1682/498/1677 1690/507/1690 1689/508/1688 1681/499/1673
f 1683/500/1679 1691/509/1691 1690/507/1690 1682/498/1677
f 1684/501/1681 1692/510/1692 1691/509/1691 1683/500/1679
f 1685/502/1683 1693/511/1693 1692/510/1692 1684/501/1681
f 1686/503/1685 1694/512/1694 1693/511/1693 1685/502/1683
f 1687/504/1687 1695/513/1695 1694/512/1694 1686/503/1685
f 1688/497/1674 1696/506/1689 1695/513/1695 1687/504/1687
f 1689/505/1688 1697/73/1696 1704/74/1697 1696/506/1689
f 1690/507/1690 1698/75/1698 1697/76/1696 1689/508/1688
f 1691/509/1691 1699/77/1699 1698/75/1698 1690/507/1690
f 1692/510/1692 1700/78/1700 1699/77/1699 1691/509/1691
f 1693/511/1693 1701/79/1701 1700/78/1700 1692/510/1692
f 1694/512/1694 1702/80/1702 1701/79/1701 1693/511/1693
f 1695/513/1695 1703/81/1703 1702/80/1702 1694/512/1694
f 1696/506/1689 1704/74/1697 1703/81/1703 1695/513/1695
f 1697/73/1696 1705/514/1704 1712/515/1705 1704/74/1697
f 1698/75/1698 1706/516/1706 1705/517/1704 1697/76/1696
f 1699/77/1699 1707/518/1707 1706/516/1706 1698/75/1698
f 1700/78/1700 1708/519/1708 1707/518/1707 1699/77/1699
f 1701/79/1701 1709/520/1709 1708/519/1708 1700/78/1700
f 1702/80/1702 1710/521/1710 1709/520/1709 1701/79/1701
f 1703/81/1703 1711/522/1711 1710/521/1710 1702/80/1702
f 1704/74/1697 1712/515/1705 1711/522/1711 1703/81/1703
f 1705/514/1704 1713/523/1712 1720/524/1713 1712/515/1705
f 1706/516/1706 1714/525/1714 1713/526/1712 1705/517/1704
f 1707/518/1707 1715/527/1715 1714/525/1714 1706/516/1706
f 1708/519/1708 1716/528/1716 1715/527/1715 1707/518/1707
f 1709/520/1709 1717/529/1717 1716/528/1716 1708/519/1708
f 1710/521/1710 1718/530/1718 1717/529/1717 1709/520/1709
f 1711/522/1711 1719/531/1719 1718/530/1718 1710/521/1710
f 1712/515/1705 1720/524/1713 1719/531/1719 1711/522/1711
f 1713/523/1712 1721/145/1720 1728/146/1721 1720/524/1713
f 1714/525/1714 1722/147/1722 1721/148/1720 1713/526/1712
f 1715/527/1715 1723/149/1723 1722/147/1722 1714/525/1714
f 1716/528/1716 1724/150/1724 1723/149/1723 1715/527/1715
f 1717/529/1717 1725/151/1725 1724/150/1724 1716/528/1716
f 1718/530/1718 1726/152/1726 1725/151/1725 1717/529/1717
f 1719/531/1719 1727/153/1727 1726/152/1726 1718/530/1718
f 1720/524/1713 1728/146/1721 1727/153/1727 1719/531/1719
f 1721/145/1720 1729/532/1728 1736/533/1729 1728/146/1721
f 1722/147/1722 1730/534/1730 1729/535/1728 1721/148/1720
f 1723/149/1723 1731/536/1731 1730/534/1730 1722/147/1722
f 1724/150/1724 1732/537/1732 1731/536/1731 1723/149/1723
f 1725/151/1725 1733/538/1733 1732/537/1732 1724/150/1724
f 1726/152/1726 1734/539/1734 1733/538/1733 1725/151/1725
f 1727/153/1727 1735/540/1735 1734/539/1734 1726/152/1726
f 1728/146/1721 1736/533/1729 1735/540/1735 1727/153/1727
f 1729/532/1728 1737/541/1736 1744/542/1737 1736/533/1729
f 1730/534/1730 1738/543/1738 1737/544/1736 1729/535/1728
f 1731/536/1731 1739/545/1739 1738/543/1738 1730/534/1730
f 1732/537/1732 1740/546/1740 1739/545/1739 1731/536/1731
f 1733/538/1733 1741/547/1741 1740/546/1740 1732/537/1732
f 1734/539/1734 1742/548/1742 1741/547/1741 1733/538/1733
f 1735/540/1735 1743/549/1743 1742/548/1742 1734/539/1734
f 1736/533/1729 1744/542/1737 1743/549/1743 1735/540/1735
f 1737/541/1736 1745/217/1744 1752/218/1745 1744/542/1737
f 1738/543/1738 1746/219/1746 1745/220/1744 1737/544/1736
f 1739/545/1739 1747/221/1747 1746/219/1746 1738/543/1738
f 1740/546/1740 1748/222/1748 1747/221/1747 1739/545/1739
f 1741/547/1741 1749/223/1749 1748/222/1748 1740/546/1740
f 1742/548/1742 1750/224/1750 1749/223/1749 1741/547/1741
f 1743/549/1743 1751/225/1751 1750/224/1750 1742/548/1742
f 1744/542/1737 1752/218/1745 1751/225/1751 1743/549/1743
f 1753/1/1752 1761/37/1753 1768/38/1754 1760/4/1755
f 1754/5/1756 1762/39/1757 1761/40/1753 1753/8/1752
f 1755/9/1758 1763/41/1759 1762/39/1757 1754/5/1756
f 1756/11/1760 1764/42/1761 1763/41/1759 1755/9/1758
f 1757/13/1762 1765/43/1763 1764/42/1761 1756/11/1760
f 1758/15/1764 1766/44/1765 1765/43/1763 1757/13/1762
f 1759/17/1766 1767/45/1767 1766/44/1765 1758/15/1764
f 1760/4/1755 1768/38/1754 1767/45/1767 1759/17/1766
f 1761/37/1753 1769/73/1768 1776/74/1769 1768/38/1754
f 1762/39/1757 1770/75/1770 1769/76/1768 1761/40/1753
f 1763/41/1759 1771/77/1771 1770/75/1770 1762/39/1757
f 1764/42/1761 1772/78/1772 1771/77/1771 1763/41/1759
f 1765/43/1763 1773/79/1773 1772/78/1772 1764/42/1761
f 1766/44/1765 1774/80/1774 1773/79/1773 1765/43/1763
f 1767/45/1767 1775/81/1775 1774/80/1774 1766/44/1765
f 1768/38/1754 1776/74/1769 1775/81/1775 1767/45/1767
f 1769/73/1768 1777/109/1776 1784/110/1777 1776/74/1769
f 1770/75/1770 1778/111/1778 1777/112/1776 1769/76/1768
f 1771/77/1771 1779/113/1779 1778/111/1778 1770/75/1770
f 1772/78/1772 1780/114/1780 1779/113/1779 1771/77/1771
f 1773/79/1773 1781/115/1781 1780/114/1780 1772/78/1772
f 1774/80/1774 1782/116/1782 1781/115/1781 1773/79/1773
f 1775/81/1775 1783/117/1783 1782/116/1782 1774/80/1774
f 1776/74/1769 1784/110/1777 1783/117/1783 1775/81/1775
f 1777/109/1776 1785/145/1784 1792/146/1785 1784/110/1777
f 1778/111/1778 1786/147/1786 1785/148/1784 1777/112/1776
f 1779/113/1779 1787/149/1787 1786/147/1786 1778/111/1778
f 1780/114/1780 1788/150/1788 1787/149/1787 1779/113/1779
f 1781/115/1781 1789/151/1789 1788/150/1788 1780/114/1780
f 1782/116/1782 1790/152/1790 1789/151/1789 1781/115/1781
f 1783/117/1783 1791/153/1791 1790/152/1790 1782/116/1782
f 1784/110/1777 1792/146/1785 1791/153/1791 1783/117/1783
f 1785/145/1784 1793/181/1792 1800/182/1793 1792/146/1785
f 1786/147/1786 1794/183/1794 1793/184/1792 1785/148/1784
f 1787/149/1787 1795/185/1795 1794/183/1794 1786/147/1786
f 1788/150/1788 1796/186/1796 1795/185/1795 1787/149/1787
f 1789/151/1789 1797/187/1797 1796/186/1796 1788/150/1788
f 1790/152/1790 1798/188/1798 1797/187/1797 1789/151/1789
f 1791/153/1791 1799/189/1799 1798/188/1798 1790/152/1790
f 1792/146/1785 1800/182/1793 1799/189/1799 1791/153/1791
f 1793/181/1792 1801/217/1800 1808/218/1801 1800/182/1793
f 1794/183/1794 1802/219/1802 1801/220/1800 1793/184/1792
f 1795/185/1795 1803/221/1803 1802/219/1802 1794/183/1794
f 1796/186/1796 1804/222/1804 1803/221/1803 1795/185/1795
f 1797/187/1797 1805/223/1805 1804/222/1804 1796/186/1796
f 1798/188/1798 1806/224/1806 1805/223/1805 1797/187/1797
f 1799/189/1799 1807/225/1807 1806/224/1806 1798/188/1798
f 1800/182/1793 1808/218/1801 1807/225/1807 1799/189/1799
f 1809/1/1808 1817/19/1809 1824/20/1810 1816/4/1811
f 1810/5/1812 1818/21/1813 1817/22/1809 1809/8/1808
f 1811/9/1814 1819/23/1815 1818/21/1813 1810/5/1812
f 1812/11/1816 1820/24/1817 1819/23/1815 1811/9/1814
f 1813/13/1818 1821/25/1819 1820/24/1817 1812/11/1816
f 1814/15/1820 1822/26/1821 1821/25/1819 1813/13/1818
f 1815/17/1822 1823/27/1823 1822/26/1821 1814/15/1820
f 1816/4/1811 1824/20/1810 1823/27/1823 1815/17/1822
f 1817/19/1809 1825/37/1824 1832/38/1825 1824/20/1810
f 1818/21/1813 1826/39/1826 1825/40/1824 1817/22/1809
f 1819/23/1815 1827/41/1827 1826/39/1826 1818/21/1813
f 1820/24/1817 1828/42/1828 1827/41/1827 1819/23/1815
f 1821/25/1819 1829/43/1829 1828/42/1828 1820/24/1817
f 1822/26/1821 1830/44/1830 1829/43/1829 1821/25/1819
f 1823/27/1823 1831/45/1831 1830/44/1830 1822/26/1821
f 1824/20/1810 1832/38/1825 1831/45/1831 1823/27/1823
f 1825/37/1824 1833/55/1832 1840/56/1833 1832/38/1825
f 1826/39/1826 1834/57/1834 1833/58/1832 1825/40/1824
f 1827/41/1827 1835/59/1835 1834/57/1834 1826/39/1826
f 1828/42/1828 1836/60/1836 1835/59/1835 1827/41/1827
f 1829/43/1829 1837/61/1837 1836/60/1836 1828/42/1828
f 1830/44/1830 1838/62/1838 1837/61/1837 1829/43/1829
f 1831/45/1831 1839/63/1839 1838/62/1838 1830/44/1830
f 1832/38/1825 1840/56/1833 1839/63/1839 1831/45/1831
f 1833/55/1832 1841/73/1840 1848/74/1841 1840/56/1833
f 1834/57/1834 1842/75/1842 1841/76/1840 1833/58/1832
f 1835/59/1835 1843/77/1843 1842/75/1842 1834/57/1834
f 1836/60/1836 1844/78/1844 1843/77/1843 1835/59/1835
f 1837/61/1837 1845/79/1845 1844/78/1844 1836/60/1836
f 1838/62/1838 1846/80/1846 1845/79/1845 1837/61/1837
f 1839/63/1839 1847/81/1847 1846/80/1846 1838/62/1838
f 1840/56/1833 1848/74/1841 1847/81/1847 1839/63/1839
f 1841/73/1840 1849/91/1848 1856/92/1849 1848/74/1841
f 1842/75/1842 1850/93/1850 1849/94/1848 1841/76/1840
f 1843/77/1843 1851/95/1851 1850/93/1850 1842/75/1842
f 1844/78/1844 1852/96/1852 1851/95/1851 1843/77/1843
f 1845/79/1845 1853/97/1853 1852/96/1852 1844/78/1844
f 1846/80/1846 1854/98/1854 1853/97/1853 1845/79/1845
f 1847/81/1847 1855/99/1855 1854/98/1854 1846/80/1846
f 1848/74/1841 1856/92/1849 1855/99/1855 1847/81/1847
f 1849/91/1848 1857/109/1856 1864/110/1857 1856/92/1849
f 1850/93/1850 1858/111/1858 1857/112/1856 1849/94/1848
f 1851/95/1851 1859/113/1859 1858/111/1858 1850/93/1850
f 1852/96/1852 1860/114/1860 1859/113/1859 1851/95/1851
f 1853/97/1853 1861/115/1861 1860/114/1860 1852/96/1852
f 1854/98/1854 1862/116/1862 1861/115/1861 1853/97/1853
f 1855/99/1855 1863/117/1863 1862/116/1862 1854/98/1854
f 1856/92/1849 1864/110/1857 1863/117/1863 1855/99/1855
f 1857/109/1856 1865/127/1864 1872/128/1865 1864/110/1857
f 1858/111/1858 1866/129/1866 1865/130/1864 1857/112/1856
f 1859/113/1859 1867/131/1867 1866/129/1866 1858/111/1858
f 1860/114/1860 1868/132/1868 1867/131/1867 1859/113/1859
f 1861/115/1861 1869/133/1869 1868/132/1868 1860/114/1860
f 1862/116/1862 1870/134/1870 1869/133/1869 1861/115/1861
f 1863/117/1863 1871/135/1871 1870/134/1870 1862/116/1862
f 1864/110/1857 1872/128/1865 1871/135/1871 1863/117/1863
f 1865/127/1864 1873/145/1872 1880/146/1873 1872/128/1865
f 1866/129/1866 1874/147/1874 1873/148/1872 1865/130/1864
f 1867/131/1867 1875/149/1875 1874/147/1874 1866/129/1866
f 1868/132/1868 1876/150/1876 1875/149/1875 1867/131/1867
f 1869/133/1869 1877/151/1877 1876/150/1876 1868/132/1868
f 1870/134/1870 1878/152/1878 1877/151/1877 1869/133/1869
f 1871/135/1871 1879/153/1879 1878/152/1878 1870/134/1870
f 1872/128/1865 1880/146/1873 1879/153/1879 1871/135/1871
f 1873/145/1872 1881/163/1880 1888/164/1881 1880/146/1873
f 1874/147/1874 1882/165/1882 1881/166/1880 1873/148/1872
f 1875/149/1875 1883/167/1883 1882/165/1882 1874/147/1874
f 1876/150/1876 1884/168/1884 1883/167/1883 1875/149/1875
f 1877/151/1877 1885/169/1885 1884/168/1884 1876/150/1876
f 1878/152/1878 1886/170/1886 1885/169/1885 1877/151/1877
f 1879/153/1879 1887/171/1887 1886/170/1886 1878/152/1878
f 1880/146/1873 1888/164/1881 1887/171/1887 1879/153/1879
f 1881/163/1880 1889/181/1888 1896/182/1889 1888/164/1881
f 1882/165/1882 1890/183/1890 1889/184/1888 1881/166/1880
f 1883/167/1883 1891/185/1891 1890/183/1890 1882/165/1882
f 1884/168/1884 1892/186/1892 1891/185/1891 1883/167/1883
f 1885/169/1885 1893/187/1893 1892/186/1892 1884/168/1884
f 1886/170/1886 1894/188/1894 1893/187/1893 1885/169/1885
f 1887/171/1887 1895/189/1895 1894/188/1894 1886/170/1886
f 1888/164/1881 1896/182/1889 1895/189/1895 1887/171/1887
f 1889/181/1888 1897/199/1896 1904/200/1897 1896/182/1889
f 1890/183/1890 1898/201/1898 1897/202/1896 1889/184/1888
f 1891/185/1891 1899/203/1899 1898/201/1898 1890/183/1890
f 1892/186/1892 1900/204/1900 1899/203/1899 1891/185/1891
f 1893/187/1893 1901/205/1901 1900/204/1900 1892/186/1892
f 1894/188/1894 1902/206/1902 1901/205/1901 1893/187/1893
f 1895/189/1895 1903/207/1903 1902/206/1902 1894/188/1894
f 1896/182/1889 1904/200/1897 1903/207/1903 1895/189/1895
f 1897/199/1896 1905/217/1904 1912/218/1905 1904/200/1897
f 1898/201/1898 1906/219/1906 1905/220/1904 1897/202/1896
f 1899/203/1899 1907/221/1907 1906/219/1906 1898/201/1898
f 1900/204/1900 1908/222/1908 1907/221/1907 1899/203/1899
f 1901/205/1901 1909/223/1909 1908/222/1908 1900/204/1900
f 1902/206/1902 1910/224/1910 1909/223/1909 1901/205/1901
f 1903/207/1903 1911/225/1911 1910/224/1910 1902/206/1902
f 1904/200/1897 1912/218/1905 1911/225/1911 1903/207/1903
f 1913/1/1912 1921/37/1913 1928/38/1914 1920/4/1915
f 1914/5/1916 1922/39/1917 1921/40/1913 1913/8/1912
f 1915/9/1918 1923/41/1919 1922/39/1917 1914/5/1916
f 1916/11/1920 1924/42/1921 1923/41/1919 1915/9/1918
f 1917/13/1922 1925/43/1923 1924/42/1921 1916/11/1920
f 1918/15/1924 1926/44/1925 1925/43/1923 1917/13/1922
f 1919/17/1926 1927/45/1927 1926/44/1925 1918/15/1924
f 1920/4/1915 1928/38/1914 1927/45/1927 1919/17/1926
f 1921/37/1913 1929/73/1928 1936/74/1929 1928/38/1914
f 1922/39/1917 1930/75/1930 1929/76/1928 1921/40/1913
f 1923/41/1919 1931/77/1931 1930/75/1930 1922/39/1917
f 1924/42/1921 1932/78/1932 1931/77/1931 1923/41/1919
f 1925/43/1923 1933/79/1933 1932/78/1932 1924/42/1921
f 1926/44/1925 1934/80/1934 1933/79/1933 1925/43/1923
f 1927/45/1927 1935/81/1935 1934/80/1934 1926/44/1925
f 1928/38/1914 1936/74/1929 1935/81/1935 1927/45/1927
f 1929/73/1928 1937/109/1936 1944/110/1937 1936/74/1929
f 1930/75/1930 1938/111/1938 1937/112/1936 1929/76/1928
f 1931/77/1931 1939/113/1939 1938/111/1938 1930/75/1930
f 1932/78/1932 1940/114/1940 1939/113/1939 1931/77/1931
f 1933/79/1933 1941/115/1941 1940/114/1940 1932/78/1932
f 1934/80/1934 1942/116/1942 1941/115/1941 1933/79/1933
f 1935/81/1935 1943/117/1943 1942/116/1942 1934/80/1934
f 1936/74/1929 1944/110/1937 1943/117/1943 1935/81/1935
f 1937/109/1936 1945/145/1944 1952/146/1945 1944/110/1937
f 1938/111/1938 1946/147/1946 1945/148/1944 1937/112/1936
f 1939/113/1939 1947/149/1947 1946/147/1946 1938/111/1938
f 1940/114/1940 1948/150/1948 1947/149/1947 1939/113/1939
f 1941/115/1941 1949/151/1949 1948/150/1948 1940/114/1940
f 1942/116/1942 1950/152/1950 1949/151/1949 1941/115/1941
f 1943/117/1943 1951/153/1951 1950/152/1950 1942/116/1942
f 1944/110/1937 1952/146/1945 1951/153/1951 1943/117/1943
f 1945/145/1944 1953/181/1952 1960/182/1953 1952/146/1945
f 1946/147/1946 1954/183/1954 1953/184/1952 1945/148/1944
f 1947/149/1947 1955/185/1955 1954/183/1954 1946/147/1946
f 1948/150/1948 1956/186/1956 1955/185/1955 1947/149/1947
f 1949/151/1949 1957/187/1957 1956/186/1956 1948/150/1948
f 1950/152/1950 1958/188/1958 1957/187/1957 1949/151/1949
f 1951/153/1951 1959/189/1959 1958/188/1958 1950/152/1950
f 1952/146/1945 1960/182/1953 1959/189/1959 1951/153/1951
f 1953/181/1952 1961/217/1960 1968/218/1961 1960/182/1953
f 1954/183/1954 1962/219/1962 1961/220/1960 1953/184/1952
f 1955/185/1955 1963/221/1963 1962/219/1962 1954/183/1954
f 1956/186/1956 1964/222/1964 1963/221/1963 1955/185/1955
f 1957/187/1957 1965/223/1965 1964/222/1964 1956/186/1956
f 1958/188/1958 1966/224/1966 1965/223/1965 1957/187/1957
f 1959/189/1959 1967/225/1967 1966/224/1966 1958/188/1958
f 1960/182/1953 1968/218/1961 1967/225/1967 1959/189/1959
f 1969/1/1968 1977/19/1969 1984/20/1970 1976/4/1971
f 1970/5/1972 1978/21/1973 1977/22/1969 1969/8/1968
f 1971/9/1974 1979/23/1975 1978/21/1973 1970/5/1972
f 1972/11/1976 1980/24/1977 1979/23/1975 1971/9/1974
f 1973/13/1978 1981/25/1979 1980/24/1977 1972/11/1976
f 1974/15/1980 1982/26/1981 1981/25/1979 1973/13/1978
f 1975/17/1982 1983/27/1983 1982/26/1981 1974/15/1980
f 1976/4/1971 1984/20/1970 1983/27/1983 1975/17/1982
f 1977/19/1969 1985/37/1984 1992/38/1985 1984/20/1970
f 1978/21/1973 1986/39/1986 1985/40/1984 1977/22/1969
f 1979/23/1975 1987/41/1987 1986/39/1986 1978/21/1973
f 1980/24/1977 1988/42/1988 1987/41/1987 1979/23/1975
f 1981/25/1979 1989/43/1989 1988/42/1988 1980/24/1977
f 1982/26/1981 1990/44/1990 1989/43/1989 1981/25/1979
f 1983/27/1983 1991/45/1991 1990/44/1990 1982/26/1981
f 1984/20/1970 1992/38/1985 1991/45/1991 1983/27/1983
f 1985/37/1984 1993/55/1992 2000/56/1993 1992/38/1985
f 1986/39/1986 1994/57/1994 1993/58/1992 1985/40/1984
f 1987/41/1987 1995/59/1995 1994/57/1994 1986/39/1986
f 1988/42/1988 1996/60/1996 1995/59/1995 1987/41/1987
f 1989/43/1989 1997/61/1997 1996/60/1996 1988/42/1988
f 1990/44/1990 1998/62/1998 1997/61/1997 1989/43/1989
f 1991/45/1991 1999/63/1999 1998/62/1998 1990/44/1990
f 1992/38/1985 2000/56/1993 1999/63/1999 1991/45/1991
f 1993/55/1992 2001/73/2000 2008/74/2001 2000/56/1993
f 1994/57/1994 2002/75/2002 2001/76/2000 1993/58/1992
f 1995/59/1995 2003/77/2003 2002/75/2002 1994/57/1994
f 1996/60/1996 2004/78/2004 2003/77/2003 1995/59/1995
f 1997/61/1997 2005/79/2005 2004/78/2004 1996/60/1996
f 1998/62/1998 2006/80/2006 2005/79/2005 1997/61/1997
f 1999/63/1999 2007/81/2007 2006/80/2006 1998/62/1998
f 2000/56/1993 2008/74/2001 2007/81/2007 1999/63/1999
f 2001/73/2000 2009/91/2008 2016/92/2009 2008/74/2001
f 2002/75/2002 2010/93/2010 2009/94/2008 2001/76/2000
f 2003/77/2003 2011/95/2011 2010/93/2010 2002/75/2002
f 2004/78/2004 2012/96/2012 2011/95/2011 2003/77/2003
f 2005/79/2005 2013/97/2013 2012/96/2012 2004/78/2004
f 2006/80/2006 2014/98/2014 2013/97/2013 2005/79/2005
f 2007/81/2007 2015/99/2015 2014/98/2014 2006/80/2006
f 2008/74/2001 2016/92/2009 2015/99/2015 2007/81/2007
f 2009/91/2008 2017/109/2016 2024/110/2017 2016/92/2009
f 2010/93/2010 2018/111/2018 2017/112/2016 2009/94/2008
f 2011/95/2011 2019/113/2019 2018/111/2018 2010/93/2010
f 2012/96/2012 2020/114/2020 2019/113/2019 2011/95/2011
f 2013/97/2013 2021/115/2021 2020/114/2020 2012/96/2012
f 2014/98/2014 2022/116/2022 2021/115/2021 2013/97/2013
f 2015/99/2015 2023/117/2023 2022/116/2022 2014/98/2014
f 2016/92/2009 2024/110/2017 2023/117/2023 2015/99/2015
f 2017/109/2016 2025/127/2024 2032/128/2025 2024/110/2017
f 2018/111/2018 2026/129/2026 2025/130/2024 2017/112/2016
f 2019/113/2019 2027/131/2027 2026/129/2026 2018/111/2018
f 2020/114/2020 2028/132/2028 2027/131/2027 2019/113/2019
f 2021/115/2021 2029/133/2029 2028/132/2028 2020/114/2020
f 2022/116/2022 2030/134/2030 2029/133/2029 2021/115/2021
f 2023/117/2023 2031/135/2031 2030/134/2030 2022/116/2022
f 2024/110/2017 2032/128/2025 2031/135/2031 2023/117/2023
f 2025/127/2024 2033/145/2032 2040/146/2033 2032/128/2025
f 2026/129/2026 2034/147/2034 2033/148/2032 2025/130/2024
f 2027/131/2027 2035/149/2035 2034/147/2034 2026/129/2026
f 2028/132/2028 2036/150/2036 2035/149/2035 2027/131/2027
f 2029/133/2029 2037/151/2037 2036/150/2036 2028/132/2028
f 2030/134/2030 2038/152/2038 2037/151/2037 2029/133/2029
f 2031/135/2031 2039/153/2039 2038/152/2038 2030/134/2030
f 2032/128/2025 2040/146/2033 2039/153/2039 2031/135/2031
f 2033/145/2032 2041/163/2040 2048/164/2041 2040/146/2033
f 2034/147/2034 2042/165/2042 2041/166/2040 2033/148/2032
f 2035/149/2035 2043/167/2043 2042/165/2042 2034/147/2034
f 2036/150/2036 2044/168/2044 2043/167/2043 2035/149/2035
f 2037/151/2037 2045/169/2045 2044/168/2044 2036/150/2036
f 2038/152/2038 2046/170/2046 2045/169/2045 2037/151/2037
f 2039/153/2039 2047/171/2047 2046/170/2046 2038/152/2038
f 2040/146/2033 2048/164/2041 2047/171/2047 2039/153/2039
f 2041/163/2040 2049/181/2048 2056/182/2049 2048/164/2041
f 2042/165/2042 2050/183/2050 2049/184/2048 2041/166/2040
f 2043/167/2043 2051/185/2051 2050/183/2050 2042/165/2042
f 2044/168/2044 2052/186/2052 2051/185/2051 2043/167/2043
f 2045/169/2045 2053/187/2053 2052/186/2052 2044/168/2044
f 2046/170/2046 2054/188/2054 2053/187/2053 2045/169/2045
f 2047/171/2047 2055/189/2055 2054/188/2054 2046/170/2046
f 2048/164/2041 2056/182/2049 2055/189/2055 2047/171/2047
f 2049/181/2048 2057/199/2056 2064/200/2057 2056/182/2049
f 2050/183/2050 2058/201/2058 2057/202/2056 2049/184/2048
f 2051/185/2051 2059/203/2059 2058/201/2058 2050/183/2050
f 2052/186/2052 2060/204/2060 2059/203/2059 2051/185/2051
f 2053/187/2053 2061/205/2061 2060/204/2060 2052/186/2052
f 2054/188/2054 2062/206/2062 2061/205/2061 2053/187/2053
f 2055/189/2055 2063/207/2063 2062/206/2062 2054/188/2054
f 2056/182/2049 2064/200/2057 2063/207/2063 2055/189/2055
f 2057/199/2056 2065/217/2064 2072/218/2065 2064/200/2057
f 2058/201/2058 2066/219/2066 2065/220/2064 2057/202/2056
f 2059/203/2059 2067/221/2067 2066/219/2066 2058/201/2058
f 2060/204/2060 2068/222/2068 2067/221/2067 2059/203/2059
f 2061/205/2061 2069/223/2069 2068/222/2068 2060/204/2060
f 2062/206/2062 2070/224/2070 2069/223/2069 2061/205/2061
f 2063/207/2063 2071/225/2071 2070/224/2070 2062/206/2062
f 2064/200/2057 2072/218/2065 2071/225/2071 2063/207/2063
o tree02
v -0.136343 0.000000 0.136343
v -0.000000 0.000000 0.192818
v 0.136343 0.000000 0.136343
v 0.192818 0.000000 0.000000
v 0.136343 0.000000 -0.136343
v 0.000000 0.000000 -0.192818
v -0.136343 0.000000 -0.136343
v -0.192818 0.000000 -0.000000
v -0.134781 0.205408 0.130424
v -0.001558 0.207171 0.185598
v 0.131671 0.207424 0.130411
v 0.186862 0.206018 -0.002809
v 0.131685 0.203778 -0.136024
v -0.001538 0.202015 -0.191197
v -0.134767 0.201762 -0.136010
v -0.189958 0.203167 -0.002790
v -0.133213 0.408871 0.124516
v -0.003098 0.408191 0.178410
v 0.127018 0.408094 0.124514
v 0.180915 0.408636 -0.005601
v 0.127021 0.409500 -0.135715
v -0.003095 0.410180 -0.189609
v -0.133211 0.410277 -0.135713
v -0.187108 0.409735 -0.005598
v -0.127042 0.634915 0.126932
v -0.000123 0.628798 0.179385
v 0.126868 0.627936 0.126758
v 0.179542 0.632834 -0.000123
v 0.127042 0.640623 -0.126932
v 0.000123 0.646740 -0.179385
v -0.126868 0.647601 -0.126757
v -0.179542 0.642703 0.000123
v -0.114900 0.852240 0.140261
v 0.008692 0.840888 0.191037
v 0.132540 0.839292 0.139644
v 0.184096 0.848387 0.016188
v 0.133158 0.862846 -0.107012
v 0.009565 0.874198 -0.157788
v -0.114283 0.875794 -0.106396
v -0.165838 0.866699 0.017061
v -0.099440 1.046208 0.159592
v 0.020911 1.032810 0.208846
v 0.141624 1.030875 0.158705
v 0.191989 1.041536 0.038541
v 0.142501 1.058549 -0.081256
v 0.022151 1.071948 -0.130510
v -0.098563 1.073883 -0.080369
v -0.148928 1.063221 0.039796
v -0.082198 1.265641 0.181796
v 0.035071 1.252915 0.229818
v 0.152668 1.250944 0.180959
v 0.201705 1.260881 0.063841
v 0.153458 1.276906 -0.052930
v 0.036189 1.289631 -0.100951
v -0.081407 1.291603 -0.052093
v -0.130445 1.281666 0.065025
v -0.065857 1.480680 0.201688
v 0.048323 1.468502 0.248462
v 0.162801 1.466479 0.200884
v 0.210519 1.475797 0.086826
v 0.163524 1.490998 -0.026899
v 0.049344 1.503177 -0.073672
v -0.065134 1.505200 -0.026095
v -0.112852 1.495881 0.087963
v -0.050620 1.671861 0.219341
v 0.060483 1.660442 0.264889
v 0.171856 1.658580 0.218616
v 0.218260 1.667365 0.107628
v 0.172511 1.681650 -0.003059
v 0.061409 1.693069 -0.048607
v -0.049965 1.694931 -0.002334
v -0.096369 1.686146 0.108654
v -0.035329 1.886967 0.237696
v 0.072750 1.877326 0.282116
v 0.181039 1.876004 0.237184
v 0.226104 1.883777 0.129221
v 0.181546 1.896090 0.021471
v 0.073467 1.905731 -0.022949
v -0.034823 1.907052 0.021983
v -0.079887 1.899280 0.129946
v -0.022507 2.102059 0.253213
v 0.082533 2.094129 0.296481
v 0.187732 2.093330 0.252883
v 0.231467 2.100130 0.147958
v 0.188118 2.110546 0.043169
v 0.083079 2.118476 -0.000100
v -0.022120 2.119276 0.043498
v -0.065855 2.112475 0.148424
v -0.012080 2.293764 0.264993
v 0.089852 2.286104 0.306984
v 0.191934 2.285219 0.264667
v 0.234367 2.291628 0.162831
v 0.192294 2.301576 0.061130
v 0.090362 2.309237 0.019139
v -0.011720 2.310122 0.061456
v -0.054153 2.303713 0.163292
v 0.000906 2.508996 0.279777
v 0.099666 2.500206 0.320373
v 0.198600 2.498620 0.279285
v 0.239755 2.505167 0.180582
v 0.199022 2.516012 0.082084
v 0.100262 2.524803 0.041488
v 0.001327 2.526389 0.082576
v -0.039827 2.519842 0.181279
v 0.016926 2.725833 0.296922
v 0.112503 2.716006 0.336119
v 0.208285 2.713761 0.296259
v 0.248164 2.720415 0.200689
v 0.208779 2.732069 0.105395
v 0.113201 2.741897 0.066197
v 0.017419 2.744141 0.106058
v -0.022459 2.737487 0.201627
v 0.032990 2.918360 0.312808
v 0.125457 2.908756 0.350724
v 0.218128 2.906569 0.312156
v 0.256716 2.913080 0.219697
v 0.218617 2.924475 0.127509
v 0.126150 2.934079 0.089593
v 0.033480 2.936266 0.128161
v -0.005108 2.929755 0.220620
v 0.049296 3.135473 0.330439
v 0.138664 3.126254 0.367087
v 0.228202 3.123803 0.329782
v 0.265460 3.129557 0.240376
v 0.228612 3.140145 0.151242
v 0.139244 3.149365 0.114593
v 0.049706 3.151816 0.151898
v 0.012448 3.146062 0.241304
v 0.067601 3.351479 0.346284
v 0.153861 3.342523 0.381655
v 0.240260 3.339713 0.345606
v 0.276186 3.344694 0.259253
v 0.240594 3.354549 0.173182
v 0.154333 3.363505 0.137811
v 0.067935 3.366315 0.173861
v 0.032009 3.361334 0.260213
v 0.083328 3.540289 0.359124
v 0.166622 3.534287 0.393452
v 0.250057 3.534364 0.358943
v 0.284758 3.540474 0.275812
v 0.250398 3.549039 0.192756
v 0.167104 3.555041 0.158428
v 0.083669 3.554964 0.192937
v 0.048968 3.548854 0.276068
v 0.087454 3.747252 0.374960
v 0.167642 3.745839 0.408472
v 0.247967 3.752680 0.375973
v 0.281376 3.763769 0.296500
v 0.248298 3.772609 0.216607
v 0.168111 3.774022 0.183095
v 0.087786 3.767181 0.215594
v 0.054377 3.756093 0.295067
v 0.075135 3.954910 0.404758
v 0.151930 3.957606 0.437559
v 0.228682 3.970737 0.407271
v 0.260430 3.986612 0.331636
v 0.228578 3.995931 0.254959
v 0.151783 3.993236 0.222158
v 0.075031 3.980104 0.252446
v 0.043282 3.964229 0.328081
v 0.051558 4.150165 0.435180
v 0.124722 4.157210 0.467216
v 0.198413 4.169525 0.438114
v 0.229464 4.179896 0.364921
v 0.199685 4.182249 0.290512
v 0.126521 4.175204 0.258476
v 0.052830 4.162889 0.287578
v 0.021779 4.152517 0.360772
v 0.025041 4.379981 0.431622
v 0.094532 4.391524 0.462244
v 0.165955 4.396675 0.434458
v 0.197473 4.392416 0.364541
v 0.170622 4.381242 0.293449
v 0.101132 4.369699 0.262827
v 0.029708 4.364548 0.290612
v -0.001810 4.368807 0.360530
v 0.005738 4.598805 0.378970
v 0.071685 4.614426 0.407265
v 0.140638 4.613216 0.382015
v 0.172206 4.595885 0.318009
v 0.147897 4.572585 0.252743
v 0.081950 4.556964 0.224447
v 0.012997 4.558174 0.249698
v -0.018571 4.575505 0.313703
v -0.008443 4.778710 0.301004
v 0.054279 4.795632 0.327262
v 0.120275 4.792373 0.303941
v 0.150885 4.770842 0.244700
v 0.128178 4.743652 0.184243
v 0.065455 4.726731 0.157984
v -0.000541 4.729990 0.181306
v -0.031150 4.751521 0.240546
v -0.023955 4.972017 0.218589
v 0.035882 4.986786 0.244094
v 0.098568 4.985081 0.221363
v 0.127381 4.967901 0.163711
v 0.105445 4.945311 0.104911
v 0.045608 4.930542 0.079406
v -0.017078 4.932247 0.102137
v -0.045892 4.949427 0.159789
v -0.036591 0.652998 0.175182
v 0.098183 0.659306 0.148849
v 0.175442 0.652998 0.035322
v 0.149931 0.637769 -0.098896
v 0.036591 0.622540 -0.175182
v -0.098183 0.616231 -0.148849
v -0.175442 0.622540 -0.035322
v -0.149931 0.637769 0.098896
v -0.049590 0.855719 0.150190
v 0.081865 0.862094 0.124480
v 0.157229 0.855964 0.013733
v 0.132355 0.840921 -0.117176
v 0.021814 0.825776 -0.191562
v -0.109641 0.819402 -0.165852
v -0.185006 0.825532 -0.055106
v -0.160132 0.840575 0.075803
v -0.062571 1.058165 0.125225
v 0.065601 1.064079 0.100192
v 0.139074 1.058071 -0.007768
v 0.114808 1.043660 -0.135413
v 0.007018 1.029289 -0.207970
v -0.121154 1.023374 -0.182937
v -0.194627 1.029382 -0.074976
v -0.170361 1.043793 0.052668
v -0.075978 1.284536 0.098510
v 0.048933 1.289608 0.074189
v 0.120513 1.283742 -0.030987
v 0.096831 1.270374 -0.155407
v -0.008241 1.257336 -0.226188
v -0.133152 1.252264 -0.201868
v -0.204732 1.258130 -0.096692
v -0.181049 1.271497 0.027729
v -0.086979 1.498272 0.074214
v 0.034666 1.502526 0.050601
v 0.104352 1.496809 -0.051791
v 0.081258 1.484469 -0.172983
v -0.021087 1.472735 -0.241982
v -0.142731 1.468481 -0.218369
v -0.212417 1.474199 -0.115976
v -0.189324 1.486539 0.005216
v -0.095646 1.689171 0.052684
v 0.022706 1.693045 0.029737
v 0.090509 1.687281 -0.069854
v 0.068044 1.675257 -0.187750
v -0.031529 1.664016 -0.254889
v -0.149881 1.660142 -0.231942
v -0.217683 1.665905 -0.132351
v -0.195218 1.677930 -0.014455
v -0.105799 1.904329 0.028004
v 0.009236 1.908290 0.005680
v 0.075168 1.902233 -0.091085
v 0.053374 1.889707 -0.205607
v -0.043378 1.878049 -0.270801
v -0.158413 1.874088 -0.248477
v -0.224345 1.880144 -0.151711
v -0.202552 1.892671 -0.037189
v -0.117034 2.120261 0.001268
v -0.005315 2.124296 -0.020434
v 0.058746 2.117963 -0.114372
v 0.037625 2.104973 -0.225518
v -0.056308 2.092934 -0.288765
v -0.168026 2.088900 -0.267062
v -0.232088 2.095233 -0.173125
v -0.210967 2.108223 -0.061978
v -0.127115 2.311277 -0.023781
v -0.018692 2.315009 -0.044822
v 0.043472 2.308903 -0.135984
v 0.022962 2.296537 -0.243867
v -0.068207 2.285154 -0.305273
v -0.176630 2.281423 -0.284233
v -0.238794 2.287528 -0.193070
v -0.218284 2.299894 -0.085188
v -0.137348 2.525147 -0.049510
v -0.032201 2.528172 -0.069850
v 0.028042 2.522746 -0.158281
v 0.008092 2.512048 -0.263001
v -0.080365 2.502344 -0.322667
v -0.185512 2.499319 -0.302326
v -0.245755 2.504745 -0.213895
v -0.225805 2.515444 -0.109175
v -0.145364 2.738661 -0.072296
v -0.043499 2.740999 -0.091945
v 0.014830 2.736213 -0.177636
v -0.004547 2.727108 -0.279173
v -0.090278 2.719018 -0.337076
v -0.192143 2.716680 -0.317428
v -0.250471 2.721465 -0.231737
v -0.231095 2.730570 -0.130200
v -0.151350 2.929745 -0.091537
v -0.052802 2.932237 -0.110566
v 0.003623 2.927836 -0.193493
v -0.015128 2.919118 -0.291740
v -0.098071 2.911192 -0.347755
v -0.196619 2.908700 -0.328726
v -0.253044 2.913101 -0.245799
v -0.234293 2.921818 -0.147552
v -0.160349 3.144953 -0.113892
v -0.065255 3.149987 -0.132508
v -0.010771 3.146575 -0.212724
v -0.028813 3.136716 -0.307550
v -0.108811 3.126184 -0.361439
v -0.203905 3.121150 -0.342823
v -0.258390 3.124563 -0.262608
v -0.240348 3.134422 -0.167781
v -0.180166 3.361429 -0.139289
v -0.088610 3.368999 -0.157517
v -0.036097 3.366616 -0.235033
v -0.053388 3.355676 -0.326431
v -0.130356 3.342588 -0.378170
v -0.221912 3.335018 -0.359942
v -0.274425 3.337401 -0.282425
v -0.257134 3.348341 -0.191027
v -0.200449 3.554276 -0.163526
v -0.111859 3.557381 -0.180685
v -0.061065 3.552902 -0.255198
v -0.077821 3.543463 -0.343416
v -0.152312 3.534593 -0.393663
v -0.240902 3.531487 -0.376504
v -0.291696 3.535966 -0.301991
v -0.274940 3.545405 -0.213773
v -0.199187 3.769016 -0.187276
v -0.114036 3.761398 -0.202975
v -0.065184 3.753415 -0.274423
v -0.081246 3.749743 -0.359767
v -0.152815 3.752534 -0.409014
v -0.237966 3.760152 -0.393316
v -0.286819 3.768135 -0.321867
v -0.270756 3.771806 -0.236523
v -0.165029 3.981122 -0.196881
v -0.084646 3.963729 -0.211601
v -0.038168 3.952750 -0.280157
v -0.052823 3.954617 -0.362391
v -0.120025 3.968236 -0.410131
v -0.200408 3.985629 -0.395412
v -0.246885 3.996608 -0.326855
v -0.232231 3.994741 -0.244621
v -0.111406 4.175677 -0.202546
v -0.035177 4.155092 -0.216485
v 0.008061 4.138727 -0.281995
v -0.007022 4.136168 -0.360703
v -0.071589 4.148914 -0.406502
v -0.147819 4.169498 -0.392564
v -0.191056 4.185863 -0.327053
v -0.175974 4.188423 -0.248345
v -0.057779 4.397333 -0.242042
v 0.015588 4.379112 -0.255648
v 0.055154 4.355300 -0.317028
v 0.037742 4.339847 -0.390225
v -0.026449 4.341805 -0.432363
v -0.099817 4.360026 -0.418757
v -0.139383 4.383837 -0.357377
v -0.121970 4.399291 -0.284179
v -0.024326 4.598390 -0.319558
v 0.046035 4.582197 -0.332999
v 0.082546 4.551808 -0.389008
v 0.063818 4.525023 -0.454777
v 0.000823 4.517534 -0.491777
v -0.069539 4.533727 -0.478336
v -0.106049 4.564116 -0.422327
v -0.087322 4.590900 -0.356559
v -0.002776 4.761588 -0.412158
v 0.064360 4.746162 -0.424994
v 0.098766 4.714014 -0.476885
v 0.080287 4.683975 -0.537434
v 0.019748 4.673642 -0.571172
v -0.047388 4.689067 -0.558336
v -0.081794 4.721216 -0.506445
v -0.063315 4.751255 -0.445896
v 0.020325 4.935616 -0.509681
v 0.084230 4.920917 -0.521891
v 0.117262 4.892412 -0.572344
v 0.100070 4.866800 -0.631484
v 0.042726 4.859084 -0.664668
v -0.021179 4.873784 -0.652458
v -0.054211 4.902289 -0.602005
v -0.037019 4.927900 -0.542865
v 0.260376 3.798565 0.345418
v 0.259197 3.814569 0.261322
v 0.204524 3.798565 0.197413
v 0.128383 3.759931 0.191129
v 0.075376 3.721296 0.246149
v 0.076555 3.705293 0.330245
v 0.131229 3.721296 0.394154
v 0.207370 3.759931 0.400438
v 0.162396 3.969759 0.389121
v 0.159150 3.989090 0.309196
v 0.105458 3.975836 0.248256
v 0.032770 3.937761 0.241999
v -0.016332 3.897169 0.294090
v -0.013087 3.877838 0.374015
v 0.040606 3.891092 0.434956
v 0.113293 3.929167 0.441213
v 0.063342 4.142970 0.433275
v 0.063067 4.156168 0.355411
v 0.013070 4.140563 0.296302
v -0.057360 4.105295 0.290574
v -0.106967 4.071024 0.341581
v -0.106691 4.057826 0.419445
v -0.056695 4.073431 0.478553
v 0.013735 4.108699 0.484282
v -0.038900 4.345199 0.448218
v -0.033175 4.345340 0.372779
v -0.077841 4.323650 0.315698
v -0.146734 4.292835 0.310411
v -0.199497 4.270945 0.360016
v -0.205223 4.270803 0.435455
v -0.160557 4.292493 0.492536
v -0.091664 4.323308 0.497823
v -0.092968 4.467954 0.428385
v -0.082403 4.455698 0.357881
v -0.122366 4.428278 0.304180
v -0.189445 4.401759 0.298739
v -0.244348 4.391673 0.344746
v -0.254912 4.403929 0.415249
v -0.214950 4.431348 0.468950
v -0.147870 4.457868 0.474391
v -0.134352 4.575524 0.391787
v -0.122497 4.558929 0.325852
v -0.159669 4.530127 0.275333
v -0.224092 4.505988 0.269825
v -0.278029 4.500653 0.312554
v -0.289884 4.517248 0.378490
v -0.252713 4.546051 0.429008
v -0.188289 4.570190 0.434516
v -0.180017 4.694685 0.352270
v -0.169900 4.682153 0.288576
v -0.205914 4.656495 0.239987
v -0.266962 4.632741 0.234964
v -0.317283 4.624807 0.276451
v -0.327399 4.637340 0.340145
v -0.291385 4.662998 0.388734
v -0.230337 4.686751 0.393757
v -0.256543 3.792936 -0.367770
v -0.276782 3.806257 -0.286170
v -0.237985 3.792936 -0.211586
v -0.162879 3.760775 -0.187707
v -0.095459 3.728614 -0.228521
v -0.075220 3.715292 -0.310120
v -0.114017 3.728614 -0.384705
v -0.189124 3.760775 -0.408584
v -0.167185 3.978368 -0.365636
v -0.187996 3.988182 -0.287117
v -0.152296 3.971864 -0.215326
v -0.080998 3.938973 -0.192318
v -0.015867 3.908776 -0.231570
v 0.004944 3.898962 -0.310089
v -0.030756 3.915280 -0.381879
v -0.102054 3.948171 -0.404888
v -0.082013 4.154530 -0.363191
v -0.100171 4.167980 -0.287992
v -0.063779 4.157055 -0.219277
v 0.005842 4.128155 -0.197297
v 0.067912 4.098209 -0.234929
v 0.086069 4.084759 -0.310129
v 0.049677 4.095684 -0.378844
v -0.019944 4.124584 -0.400824
v 0.000971 4.345870 -0.387882
v -0.012684 4.367870 -0.317258
v 0.026570 4.368110 -0.253093
v 0.095737 4.346449 -0.232972
v 0.154301 4.315576 -0.268683
v 0.167955 4.293576 -0.339307
v 0.128702 4.293336 -0.403473
v 0.059534 4.314998 -0.423593
v 0.050850 4.478383 -0.429853
v 0.040878 4.508141 -0.365142
v 0.082030 4.518616 -0.307096
v 0.150201 4.503671 -0.289718
v 0.205456 4.472061 -0.323188
v 0.215428 4.442302 -0.387899
v 0.174276 4.431827 -0.445945
v 0.106105 4.446772 -0.463323
v 0.090208 4.599058 -0.486665
v 0.081747 4.630838 -0.426439
v 0.122249 4.644810 -0.372837
v 0.187987 4.632790 -0.357258
v 0.240455 4.601818 -0.388828
v 0.248916 4.570037 -0.449055
v 0.208414 4.556065 -0.502657
v 0.142676 4.568086 -0.518236
v 0.136840 4.742895 -0.553637
v 0.128092 4.770887 -0.495270
v 0.165830 4.781534 -0.443028
v 0.227949 4.768598 -0.427513
v 0.278060 4.739657 -0.457814
v 0.286808 4.711665 -0.516181
v 0.249069 4.701018 -0.568423
v 0.186951 4.713954 -0.583938
v -0.200458 3.213345 -0.271395
v -0.201545 3.213586 -0.220874
v -0.166592 3.213345 -0.184379
v -0.116073 3.212762 -0.183290
v -0.079583 3.212179 -0.218243
v -0.078496 3.211938 -0.268764
v -0.113450 3.212180 -0.305259
v -0.163968 3.212762 -0.306348
v -0.192372 3.327174 -0.272506
v -0.193363 3.328407 -0.225368
v -0.160741 3.328106 -0.191305
v -0.113617 3.326449 -0.190272
v -0.079595 3.324406 -0.222873
v -0.078605 3.323174 -0.270011
v -0.111226 3.323474 -0.304073
v -0.158350 3.325131 -0.305107
v -0.184328 3.439013 -0.273592
v -0.185273 3.438850 -0.229807
v -0.154979 3.438668 -0.198178
v -0.111194 3.438575 -0.197234
v -0.079565 3.438624 -0.227527
v -0.078621 3.438788 -0.271312
v -0.108914 3.438969 -0.302941
v -0.152699 3.439063 -0.303885
v -0.184182 3.562434 -0.267773
v -0.184931 3.559218 -0.227482
v -0.156975 3.559229 -0.198279
v -0.116691 3.562461 -0.197272
v -0.087675 3.567020 -0.225050
v -0.086926 3.570236 -0.265342
v -0.114881 3.570226 -0.294544
v -0.155166 3.566994 -0.295552
v -0.195838 3.679913 -0.251392
v -0.196168 3.674124 -0.214790
v -0.170562 3.674294 -0.188002
v -0.134020 3.680325 -0.186720
v -0.107949 3.688682 -0.211694
v -0.107620 3.694471 -0.248295
v -0.133225 3.694301 -0.275083
v -0.169767 3.688271 -0.276366
v -0.213566 3.784501 -0.229816
v -0.213794 3.778839 -0.196607
v -0.190543 3.779144 -0.172230
v -0.157434 3.785238 -0.170965
v -0.133862 3.793551 -0.193552
v -0.133634 3.799214 -0.226761
v -0.156885 3.798909 -0.251138
v -0.189994 3.792814 -0.252404
v -0.230185 3.904079 -0.210248
v -0.230613 3.900257 -0.180173
v -0.209751 3.900892 -0.158180
v -0.179819 3.905614 -0.157153
v -0.158350 3.911655 -0.177693
v -0.157921 3.915478 -0.207768
v -0.178783 3.914843 -0.229761
v -0.208716 3.910121 -0.230788
v -0.244443 4.025198 -0.196278
v -0.244986 4.022878 -0.169432
v -0.226494 4.023794 -0.149847
v -0.199800 4.027409 -0.148995
v -0.180541 4.031606 -0.167375
v -0.179998 4.033926 -0.194220
v -0.198490 4.033010 -0.213806
v -0.225184 4.029395 -0.214658
v -0.254106 4.135113 -0.187187
v -0.254690 4.134184 -0.163630
v -0.238464 4.134522 -0.146521
v -0.214933 4.135928 -0.145882
v -0.197880 4.137579 -0.162087
v -0.197296 4.138508 -0.185644
v -0.213522 4.138171 -0.202753
v -0.237053 4.136765 -0.203392
v -0.249674 4.260095 -0.184214
v -0.250147 4.260629 -0.164013
v -0.236268 4.259541 -0.149358
v -0.216168 4.257468 -0.148833
v -0.201621 4.255624 -0.162746
v -0.201149 4.255090 -0.182947
v -0.215028 4.256178 -0.197602
v -0.235128 4.258251 -0.198127
v -0.220568 4.381231 -0.189508
v -0.220753 4.382777 -0.172735
v -0.209405 4.380719 -0.160458
v -0.193171 4.376264 -0.159868
v -0.181561 4.372021 -0.171311
v -0.181376 4.370475 -0.188083
v -0.192723 4.372533 -0.200360
v -0.208957 4.376988 -0.200950
v -0.180514 4.483123 -0.200148
v -0.180585 4.484642 -0.186758
v -0.171430 4.483276 -0.176965
v -0.158412 4.479827 -0.176504
v -0.149156 4.476314 -0.185647
v -0.149084 4.474795 -0.199036
v -0.158239 4.476160 -0.208830
v -0.171258 4.479609 -0.209290
v -0.154429 4.598825 -0.210380
v -0.154531 4.599680 -0.200310
v -0.147476 4.599771 -0.193074
v -0.137397 4.599044 -0.192911
v -0.130198 4.597926 -0.199916
v -0.130096 4.597070 -0.209985
v -0.137151 4.596979 -0.217221
v -0.147231 4.597706 -0.217385
v -0.155266 4.718163 -0.216461
v -0.155330 4.718550 -0.209734
v -0.150642 4.719362 -0.204964
v -0.143947 4.720126 -0.204944
v -0.139168 4.720392 -0.209686
v -0.139104 4.720006 -0.216413
v -0.143793 4.719193 -0.221183
v -0.150487 4.718430 -0.221203
v -0.171364 4.825516 -0.220249
v -0.171392 4.825685 -0.216885
v -0.169070 4.826238 -0.214508
v -0.165757 4.826852 -0.214511
v -0.163395 4.827167 -0.216892
v -0.163367 4.826999 -0.220256
v -0.165689 4.826445 -0.222633
v -0.169002 4.825831 -0.222630
v -0.189331 4.946659 -0.224816
v -0.189331 4.946659 -0.224816
v -0.189331 4.946659 -0.224816
v -0.189331 4.946659 -0.224816
v -0.189331 4.946659 -0.224816
v -0.189331 4.946659 -0.224816
v -0.189331 4.946659 -0.224816
v -0.189331 4.946659 -0.224816
v -0.190261 3.215738 -0.288220
v -0.206136 3.216040 -0.240181
v -0.183397 3.215738 -0.194984
v -0.135363 3.215007 -0.179105
v -0.090172 3.214276 -0.201847
v -0.074296 3.213974 -0.249887
v -0.097036 3.214276 -0.295083
v -0.145070 3.215007 -0.310962
v -0.182123 3.323687 -0.286490
v -0.196915 3.324825 -0.241658
v -0.175698 3.324330 -0.199473
v -0.130901 3.322491 -0.184646
v -0.088765 3.320385 -0.205863
v -0.073974 3.319247 -0.250695
v -0.095191 3.319743 -0.292880
v -0.139988 3.321582 -0.307707
v -0.174048 3.429341 -0.284748
v -0.187810 3.429287 -0.243114
v -0.168102 3.429104 -0.203943
v -0.126468 3.428898 -0.190182
v -0.087297 3.428790 -0.209890
v -0.073535 3.428844 -0.251525
v -0.093244 3.429027 -0.290695
v -0.134877 3.429233 -0.304457
v -0.174925 3.545783 -0.280022
v -0.187508 3.543136 -0.241642
v -0.169343 3.543557 -0.205473
v -0.131071 3.546800 -0.192702
v -0.095111 3.550965 -0.210810
v -0.082529 3.553612 -0.249190
v -0.100693 3.553190 -0.285359
v -0.138965 3.549948 -0.298131
v -0.189215 3.656901 -0.270631
v -0.200389 3.652064 -0.235582
v -0.183819 3.652993 -0.202397
v -0.149212 3.659144 -0.190516
v -0.116840 3.666914 -0.206897
v -0.105666 3.671751 -0.241946
v -0.122236 3.670822 -0.275131
v -0.156843 3.664671 -0.287013
v -0.210500 3.756337 -0.258983
v -0.220581 3.751581 -0.227147
v -0.205565 3.752650 -0.196962
v -0.174250 3.758919 -0.186109
v -0.144978 3.766714 -0.200946
v -0.134897 3.771470 -0.232782
v -0.149912 3.770401 -0.262967
v -0.181228 3.764132 -0.273820
v -0.230620 3.870324 -0.248505
v -0.239930 3.867208 -0.219779
v -0.226441 3.868290 -0.192605
v -0.198054 3.872938 -0.182900
v -0.171398 3.878428 -0.196351
v -0.162088 3.881544 -0.225077
v -0.175578 3.880462 -0.252251
v -0.203964 3.875814 -0.261955
v -0.245168 3.985389 -0.241800
v -0.253604 3.983621 -0.216229
v -0.241634 3.984715 -0.192069
v -0.216271 3.988029 -0.183473
v -0.192372 3.991622 -0.195476
v -0.183936 3.993389 -0.221047
v -0.195906 3.992296 -0.245207
v -0.221269 3.988982 -0.253803
v -0.254405 4.088925 -0.237493
v -0.261857 4.088019 -0.215107
v -0.251346 4.088632 -0.193973
v -0.229028 4.090405 -0.186472
v -0.207978 4.092300 -0.196997
v -0.200525 4.093206 -0.219383
v -0.211037 4.092593 -0.240517
v -0.233355 4.090819 -0.248018
v -0.256451 4.206032 -0.233250
v -0.262866 4.205958 -0.214055
v -0.253830 4.205807 -0.195947
v -0.234636 4.205667 -0.189532
v -0.216527 4.205621 -0.198569
v -0.210112 4.205695 -0.217764
v -0.219148 4.205846 -0.235872
v -0.238343 4.205985 -0.242287
v -0.246521 4.322467 -0.230392
v -0.251836 4.323020 -0.214396
v -0.244334 4.322338 -0.199306
v -0.228410 4.320820 -0.193963
v -0.213391 4.319355 -0.201496
v -0.208077 4.318801 -0.217492
v -0.215579 4.319484 -0.232582
v -0.231503 4.321002 -0.237925
v -0.229283 4.424659 -0.228010
v -0.233556 4.424892 -0.215214
v -0.227587 4.424031 -0.203145
v -0.214871 4.422579 -0.198872
v -0.202859 4.421388 -0.204899
v -0.198586 4.421154 -0.217694
v -0.204555 4.422016 -0.229763
v -0.217270 4.423467 -0.234036
v -0.216755 4.538839 -0.220469
v -0.220012 4.538284 -0.210904
v -0.215546 4.537495 -0.201858
v -0.205971 4.536936 -0.198631
v -0.196898 4.536933 -0.203111
v -0.193641 4.537488 -0.212676
v -0.198108 4.538277 -0.221721
v -0.207682 4.538836 -0.224949
v -0.214687 4.653031 -0.206202
v -0.216858 4.652177 -0.199872
v -0.213880 4.651552 -0.193851
v -0.207497 4.651522 -0.191667
v -0.201449 4.652105 -0.194598
v -0.199278 4.652959 -0.200928
v -0.202256 4.653584 -0.206948
v -0.208639 4.653614 -0.209133
v -0.217842 4.754333 -0.188561
v -0.218923 4.753811 -0.185408
v -0.217433 4.753471 -0.182402
v -0.214244 4.753511 -0.181302
v -0.211225 4.753910 -0.182753
v -0.210145 4.754433 -0.185905
v -0.211635 4.754773 -0.188912
v -0.214824 4.754732 -0.190012
v -0.221560 4.868247 -0.169297
v -0.221560 4.868247 -0.169297
v -0.221560 4.868247 -0.169297
v -0.221560 4.868247 -0.169297
v -0.221560 4.868247 -0.169297
v -0.221560 4.868247 -0.169297
v -0.221560 4.868247 -0.169297
v -0.221560 4.868247 -0.169297
v 0.102539 3.232331 0.197691
v 0.079208 3.235705 0.242696
v 0.094012 3.232331 0.291179
v 0.138281 3.224187 0.314740
v 0.186082 3.216043 0.299577
v 0.209414 3.212669 0.254572
v 0.194609 3.216043 0.206089
v 0.150340 3.224187 0.182528
v 0.125182 3.347093 0.194332
v 0.103914 3.353167 0.236276
v 0.118300 3.353285 0.281459
v 0.159912 3.347378 0.303414
v 0.204375 3.338906 0.289280
v 0.225643 3.332832 0.247336
v 0.211257 3.332714 0.202153
v 0.169645 3.338621 0.180198
v 0.149283 3.470224 0.190870
v 0.128863 3.472019 0.229839
v 0.141472 3.467834 0.271818
v 0.179723 3.460122 0.292217
v 0.221210 3.453400 0.279087
v 0.241630 3.451605 0.240118
v 0.229021 3.455790 0.198138
v 0.190770 3.463502 0.177739
v 0.177142 3.608041 0.215489
v 0.156772 3.601228 0.249994
v 0.166741 3.588072 0.287136
v 0.201211 3.576280 0.305156
v 0.239988 3.572759 0.293500
v 0.260359 3.579571 0.258995
v 0.250389 3.592727 0.221854
v 0.215919 3.604520 0.203833
v 0.202225 3.728682 0.276263
v 0.182193 3.715106 0.304592
v 0.189844 3.695021 0.335024
v 0.220696 3.680191 0.349734
v 0.256676 3.679305 0.340103
v 0.276708 3.692881 0.311774
v 0.269057 3.712966 0.281341
v 0.238205 3.727795 0.266632
v 0.222915 3.820237 0.351314
v 0.204315 3.805948 0.375748
v 0.210768 3.785183 0.401717
v 0.238496 3.770107 0.414008
v 0.271255 3.769551 0.405422
v 0.289856 3.783840 0.380988
v 0.283402 3.804604 0.355019
v 0.255674 3.819681 0.342728
v 0.249138 3.920752 0.428413
v 0.232833 3.909699 0.451677
v 0.238898 3.892076 0.475799
v 0.263780 3.878204 0.486647
v 0.292903 3.876210 0.477868
v 0.309208 3.887262 0.454604
v 0.303143 3.904886 0.430482
v 0.278261 3.918758 0.419634
v 0.283927 4.024606 0.495656
v 0.269898 4.016348 0.517317
v 0.275541 4.001532 0.539291
v 0.297549 3.988835 0.548704
v 0.323031 3.985696 0.540044
v 0.337060 3.993953 0.518383
v 0.331418 4.008770 0.496409
v 0.309409 4.021467 0.486996
v 0.318813 4.116413 0.552690
v 0.306687 4.109674 0.571917
v 0.311903 4.097616 0.591653
v 0.331405 4.087302 0.600338
v 0.353770 4.084774 0.592883
v 0.365895 4.091513 0.573655
v 0.360679 4.103571 0.553919
v 0.341177 4.113885 0.545235
v 0.347883 4.224231 0.610002
v 0.337463 4.218336 0.626423
v 0.342248 4.209392 0.644033
v 0.359436 4.202636 0.652514
v 0.378957 4.202027 0.646900
v 0.389378 4.207922 0.630479
v 0.384592 4.216866 0.612869
v 0.367405 4.223622 0.604388
v 0.360954 4.337900 0.663130
v 0.352258 4.332869 0.676763
v 0.356371 4.326612 0.691953
v 0.370884 4.322796 0.699802
v 0.387295 4.323655 0.695712
v 0.395991 4.328686 0.682078
v 0.391878 4.334942 0.666888
v 0.377365 4.338758 0.659039
v 0.364032 4.443784 0.705650
v 0.357102 4.440377 0.716782
v 0.360426 4.436114 0.729205
v 0.372055 4.433493 0.735642
v 0.385179 4.434047 0.732322
v 0.392108 4.437454 0.721189
v 0.388784 4.441717 0.708766
v 0.377155 4.444339 0.702330
v 0.376315 4.565627 0.745739
v 0.371204 4.564030 0.754375
v 0.373728 4.561188 0.763798
v 0.382409 4.558765 0.768489
v 0.392163 4.558181 0.765700
v 0.397275 4.559778 0.757065
v 0.394750 4.562620 0.747642
v 0.386069 4.565042 0.742951
v 0.402695 4.687385 0.777586
v 0.399404 4.686965 0.783492
v 0.401132 4.685319 0.789832
v 0.406866 4.683411 0.792892
v 0.413248 4.682359 0.790879
v 0.416539 4.682779 0.784973
v 0.414811 4.684425 0.778633
v 0.409077 4.686333 0.775574
v 0.434020 4.795816 0.798841
v 0.432408 4.795744 0.801819
v 0.433289 4.794991 0.805001
v 0.436147 4.793996 0.806524
v 0.439307 4.793344 0.805495
v 0.440918 4.793416 0.802517
v 0.440038 4.794169 0.799334
v 0.437180 4.795164 0.797812
v 0.468564 4.917832 0.822650
v 0.468564 4.917832 0.822650
v 0.468564 4.917832 0.822650
v 0.468564 4.917832 0.822650
v 0.468564 4.917832 0.822650
v 0.468564 4.917832 0.822650
v 0.468564 4.917832 0.822650
v 0.468564 4.917832 0.822650
v -0.207099 3.229483 -0.235842
v -0.180449 3.230186 -0.192419
v -0.130905 3.229483 -0.180536
v -0.087490 3.227783 -0.207154
v -0.075635 3.226084 -0.256680
v -0.102285 3.225380 -0.300103
v -0.151829 3.226084 -0.311986
v -0.195244 3.227783 -0.285369
v -0.199080 3.343308 -0.242964
v -0.174184 3.344801 -0.202471
v -0.127949 3.343951 -0.191372
v -0.087457 3.341255 -0.216168
v -0.076430 3.338293 -0.262334
v -0.101325 3.336801 -0.302826
v -0.147561 3.337651 -0.313925
v -0.188052 3.340347 -0.289129
v -0.191116 3.454950 -0.249998
v -0.168026 3.455252 -0.212357
v -0.125086 3.454713 -0.202060
v -0.087452 3.453650 -0.225139
v -0.077168 3.452686 -0.268074
v -0.100259 3.452384 -0.305715
v -0.143198 3.452923 -0.316011
v -0.180833 3.453986 -0.292933
v -0.186480 3.578304 -0.248299
v -0.165160 3.576028 -0.213630
v -0.125525 3.576106 -0.204108
v -0.090792 3.578494 -0.225310
v -0.081307 3.581791 -0.264817
v -0.102627 3.584068 -0.299486
v -0.142262 3.583989 -0.309008
v -0.176995 3.581601 -0.287805
v -0.187280 3.696361 -0.232702
v -0.167641 3.691896 -0.201228
v -0.131331 3.692503 -0.192431
v -0.099619 3.697825 -0.211464
v -0.091082 3.704745 -0.247177
v -0.110720 3.709209 -0.278651
v -0.147031 3.708603 -0.287448
v -0.178743 3.703281 -0.268416
v -0.191017 3.802368 -0.209944
v -0.173143 3.797991 -0.181392
v -0.140140 3.798656 -0.173373
v -0.111342 3.803973 -0.190585
v -0.103617 3.810829 -0.222946
v -0.121491 3.815206 -0.251499
v -0.154493 3.814541 -0.259518
v -0.183292 3.809223 -0.242305
v -0.193752 3.923652 -0.190042
v -0.177754 3.921136 -0.164111
v -0.148061 3.921879 -0.156870
v -0.122066 3.925446 -0.172561
v -0.114997 3.929746 -0.201992
v -0.130995 3.932262 -0.227923
v -0.160688 3.931519 -0.235164
v -0.186683 3.927953 -0.219473
v -0.196195 4.046098 -0.179100
v -0.182042 4.045122 -0.155922
v -0.155657 4.045959 -0.149467
v -0.132497 4.048121 -0.163518
v -0.126128 4.050341 -0.189843
v -0.140281 4.051318 -0.213022
v -0.166665 4.050480 -0.219476
v -0.189825 4.048318 -0.205425
v -0.196539 4.156703 -0.174274
v -0.184159 4.156014 -0.153984
v -0.161050 4.155818 -0.148386
v -0.140748 4.156230 -0.160759
v -0.135146 4.157009 -0.183855
v -0.147526 4.157698 -0.204144
v -0.170635 4.157894 -0.209743
v -0.190937 4.157482 -0.197370
v -0.186666 4.281557 -0.172718
v -0.176103 4.280124 -0.155346
v -0.156417 4.277810 -0.150598
v -0.139141 4.275971 -0.161254
v -0.134395 4.275684 -0.181073
v -0.144958 4.277117 -0.198445
v -0.164643 4.279430 -0.203193
v -0.181919 4.281269 -0.192537
v -0.159511 4.403598 -0.172457
v -0.150833 4.401688 -0.157983
v -0.134742 4.397958 -0.154030
v -0.120663 4.394594 -0.162915
v -0.116844 4.393566 -0.179433
v -0.125522 4.395476 -0.193908
v -0.141614 4.399206 -0.197860
v -0.155693 4.402570 -0.188975
v -0.125536 4.507820 -0.175750
v -0.118465 4.506856 -0.164187
v -0.105532 4.504132 -0.161033
v -0.094314 4.501244 -0.168135
v -0.091382 4.499882 -0.181333
v -0.098454 4.500846 -0.192895
v -0.111387 4.503570 -0.196049
v -0.122605 4.506458 -0.188947
v -0.101626 4.624822 -0.186077
v -0.096134 4.625335 -0.177508
v -0.086209 4.624774 -0.175265
v -0.077665 4.623468 -0.180663
v -0.075506 4.622181 -0.190539
v -0.080998 4.621667 -0.199108
v -0.090924 4.622228 -0.201351
v -0.099468 4.623535 -0.195953
v -0.097515 4.743660 -0.203877
v -0.093844 4.744830 -0.198282
v -0.087214 4.745440 -0.196927
v -0.081511 4.745132 -0.200606
v -0.080074 4.744088 -0.207163
v -0.083746 4.742918 -0.212759
v -0.090375 4.742309 -0.214114
v -0.096079 4.742616 -0.210435
v -0.105124 4.849813 -0.226005
v -0.103302 4.850568 -0.223238
v -0.100003 4.851061 -0.222596
v -0.097159 4.851004 -0.224453
v -0.096437 4.850431 -0.227723
v -0.098259 4.849677 -0.230489
v -0.101558 4.849184 -0.231131
v -0.104401 4.849241 -0.229274
v -0.113723 4.969539 -0.250576
v -0.113723 4.969539 -0.250576
v -0.113723 4.969539 -0.250576
v -0.113723 4.969539 -0.250576
v -0.113723 4.969539 -0.250576
v -0.113723 4.969539 -0.250576
v -0.113723 4.969539 -0.250576
v -0.113723 4.969539 -0.250576
v -0.001940 4.969501 0.236954
v 0.064207 4.973990 0.244271
v 0.116610 4.969501 0.203248
v 0.124572 4.958664 0.137916
v 0.083430 4.947826 0.086546
v 0.017283 4.943337 0.079229
v -0.035120 4.947826 0.120252
v -0.043082 4.958664 0.185584
v -0.012090 5.195084 0.187639
v 0.049612 5.199942 0.194346
v 0.098547 5.195273 0.156146
v 0.106050 5.183812 0.095417
v 0.067726 5.172272 0.047733
v 0.006024 5.167414 0.041027
v -0.042911 5.172083 0.079227
v -0.050414 5.183545 0.139956
v -0.022080 5.417608 0.138879
v 0.035259 5.421252 0.145262
v 0.080667 5.417539 0.109679
v 0.087544 5.408643 0.052975
v 0.051862 5.399776 0.008366
v -0.005477 5.396133 0.001984
v -0.050884 5.399846 0.037566
v -0.057761 5.408741 0.094270
v -0.027649 5.665316 0.101583
v 0.025349 5.665637 0.107786
v 0.067217 5.664243 0.074732
v 0.073429 5.661950 0.021784
v 0.040345 5.660101 -0.020043
v -0.012653 5.659780 -0.026247
v -0.054521 5.661174 0.006807
v -0.060732 5.663467 0.059756
v -0.017045 5.910730 0.106922
v 0.031472 5.908090 0.112555
v 0.069893 5.908763 0.082291
v 0.075713 5.912356 0.033857
v 0.045521 5.916763 -0.004374
v -0.002996 5.919404 -0.010008
v -0.041418 5.918730 0.020256
v -0.047237 5.915138 0.068690
v -0.000859 6.139196 0.128389
v 0.043304 6.139048 0.133582
v 0.078202 6.138430 0.106030
v 0.083392 6.137705 0.061872
v 0.055834 6.137297 0.026976
v 0.011671 6.137445 0.021783
v -0.023227 6.138063 0.049335
v -0.028417 6.138788 0.093492
v -0.010369 6.388067 0.085907
v 0.028880 6.395061 0.089414
v 0.060466 6.391964 0.065033
v 0.065886 6.380591 0.027047
v 0.041966 6.367604 -0.002293
v 0.002717 6.360610 -0.005799
v -0.028869 6.363707 0.018582
v -0.034289 6.375080 0.056568
v -0.065638 6.607457 -0.032629
v -0.032130 6.619400 -0.032342
v -0.003613 6.614818 -0.053110
v 0.003208 6.596394 -0.082767
v -0.015662 6.574921 -0.103941
v -0.049170 6.562978 -0.104228
v -0.077687 6.567560 -0.083460
v -0.084508 6.585984 -0.053803
v -0.136424 6.768039 -0.188549
v -0.107226 6.778828 -0.188589
v -0.081253 6.771983 -0.204320
v -0.073719 6.751512 -0.226526
v -0.089038 6.729408 -0.242199
v -0.118235 6.718619 -0.242159
v -0.144208 6.725464 -0.226429
v -0.151742 6.745935 -0.204223
v -0.178576 6.930196 -0.385408
v -0.152873 6.936611 -0.382234
v -0.129776 6.927249 -0.391761
v -0.122816 6.907595 -0.408408
v -0.136069 6.889163 -0.422424
v -0.161771 6.882748 -0.425598
v -0.184868 6.892110 -0.416071
v -0.191828 6.911764 -0.399424
v -0.161759 7.081886 -0.586281
v -0.140456 7.085067 -0.580768
v -0.121355 7.074547 -0.585103
v -0.115644 7.056487 -0.596746
v -0.126670 7.041467 -0.608878
v -0.147973 7.038286 -0.614391
v -0.167075 7.048806 -0.610056
v -0.172785 7.066866 -0.598413
v -0.113523 7.192876 -0.777590
v -0.096517 7.195292 -0.772971
v -0.081466 7.186063 -0.775127
v -0.077185 7.170595 -0.782795
v -0.086184 7.157949 -0.791484
v -0.103190 7.155533 -0.796103
v -0.118242 7.164762 -0.793947
v -0.122522 7.180230 -0.786279
v -0.076330 7.297930 -1.000964
v -0.063397 7.300390 -0.998806
v -0.052048 7.293685 -1.000862
v -0.048932 7.281744 -1.005926
v -0.055873 7.271560 -1.011032
v -0.068806 7.269100 -1.013189
v -0.080154 7.275804 -1.011134
v -0.083271 7.287746 -1.006070
v -0.069527 7.385144 -1.232040
v -0.060877 7.387138 -1.231497
v -0.053303 7.382776 -1.233141
v -0.051241 7.374614 -1.236009
v -0.055900 7.367433 -1.238421
v -0.064550 7.365439 -1.238964
v -0.072124 7.369801 -1.237320
v -0.074186 7.377963 -1.234452
v -0.076332 7.443480 -1.445440
v -0.072012 7.444530 -1.445330
v -0.068225 7.442351 -1.446158
v -0.067189 7.438221 -1.447439
v -0.069511 7.434558 -1.448422
v -0.073831 7.433509 -1.448532
v -0.077618 7.435688 -1.447704
v -0.078654 7.439818 -1.446423
v -0.083803 7.510334 -1.684447
v -0.083803 7.510334 -1.684447
v -0.083803 7.510334 -1.684447
v -0.083803 7.510334 -1.684447
v -0.083803 7.510334 -1.684447
v -0.083803 7.510334 -1.684447
v -0.083803 7.510334 -1.684447
v -0.083803 7.510334 -1.684447
v -0.044184 4.916002 -0.548249
v 0.008054 4.923728 -0.507498
v 0.074041 4.916002 -0.513421
v 0.115123 4.897350 -0.562547
v 0.107235 4.878699 -0.626100
v 0.054998 4.870973 -0.666851
v -0.010989 4.878699 -0.660928
v -0.052072 4.897350 -0.611802
v -0.001486 5.148664 -0.634686
v 0.047110 5.154607 -0.596231
v 0.108175 5.143229 -0.600378
v 0.145939 5.121196 -0.644696
v 0.138279 5.101414 -0.703225
v 0.089683 5.095471 -0.741679
v 0.028618 5.106849 -0.737533
v -0.009146 5.128882 -0.693215
v 0.039467 5.366417 -0.716274
v 0.084777 5.373618 -0.681105
v 0.142091 5.368581 -0.686725
v 0.177833 5.354259 -0.729841
v 0.171068 5.339039 -0.785198
v 0.125758 5.331838 -0.820367
v 0.068444 5.336874 -0.814748
v 0.032702 5.351197 -0.771631
v 0.036162 5.606102 -0.769636
v 0.077758 5.616635 -0.737913
v 0.129891 5.625038 -0.745591
v 0.162023 5.626389 -0.788172
v 0.155331 5.619896 -0.840712
v 0.113736 5.609364 -0.872435
v 0.061603 5.600961 -0.864757
v 0.029471 5.599610 -0.822176
v -0.031443 5.832742 -0.770078
v 0.005632 5.845932 -0.741026
v 0.049872 5.865544 -0.748153
v 0.075362 5.880090 -0.787286
v 0.067169 5.881048 -0.835500
v 0.030093 5.867858 -0.864552
v -0.014147 5.848246 -0.857424
v -0.039636 5.833700 -0.818292
v -0.137422 6.035786 -0.735861
v -0.104179 6.048771 -0.709334
v -0.065193 6.069251 -0.715505
v -0.043302 6.085228 -0.750760
v -0.051329 6.087345 -0.794446
v -0.084572 6.074359 -0.820972
v -0.123558 6.053880 -0.814801
v -0.145449 6.037902 -0.779547
v -0.244855 6.281637 -0.714636
v -0.214735 6.292873 -0.690799
v -0.177970 6.307557 -0.696664
v -0.156097 6.317086 -0.728795
v -0.161928 6.315878 -0.768371
v -0.192048 6.304642 -0.792208
v -0.228812 6.289958 -0.786343
v -0.250686 6.280429 -0.754211
v -0.324399 6.535804 -0.727894
v -0.297514 6.545470 -0.706698
v -0.263697 6.555246 -0.711832
v -0.242757 6.559406 -0.740288
v -0.246961 6.555512 -0.775397
v -0.273846 6.545846 -0.796594
v -0.307663 6.536070 -0.791460
v -0.328603 6.531910 -0.763004
v -0.380263 6.763622 -0.755355
v -0.356405 6.770782 -0.736688
v -0.326164 6.776808 -0.740947
v -0.307257 6.778170 -0.765636
v -0.310757 6.774070 -0.796293
v -0.334616 6.766911 -0.814960
v -0.364856 6.760884 -0.810701
v -0.383763 6.759522 -0.786012
v -0.417277 7.022988 -0.786753
v -0.396485 7.026967 -0.770513
v -0.370117 7.029300 -0.773848
v -0.353618 7.028621 -0.794804
v -0.356653 7.025327 -0.821106
v -0.377445 7.021348 -0.837346
v -0.403813 7.019015 -0.834011
v -0.420312 7.019694 -0.813055
v -0.423667 7.283508 -0.819975
v -0.406256 7.285015 -0.806231
v -0.384168 7.284531 -0.808726
v -0.370342 7.282341 -0.826001
v -0.372878 7.279726 -0.847934
v -0.390289 7.278218 -0.861678
v -0.412377 7.278702 -0.859183
v -0.426203 7.280893 -0.841909
v -0.404617 7.513807 -0.851306
v -0.390714 7.514112 -0.840216
v -0.373063 7.513058 -0.842143
v -0.362004 7.511264 -0.855958
v -0.364014 7.509779 -0.873568
v -0.377917 7.509475 -0.884659
v -0.395568 7.510528 -0.882732
v -0.406628 7.512322 -0.868917
v -0.389423 7.771630 -0.868679
v -0.379003 7.771619 -0.860349
v -0.365746 7.771445 -0.861825
v -0.357417 7.771212 -0.872244
v -0.358896 7.771054 -0.885501
v -0.369316 7.771066 -0.893831
v -0.382573 7.771239 -0.892354
v -0.390901 7.771473 -0.881936
v -0.388436 8.030152 -0.863706
v -0.381489 8.029969 -0.858157
v -0.372653 8.030248 -0.859131
v -0.367105 8.030823 -0.866058
v -0.368095 8.031358 -0.874880
v -0.375043 8.031541 -0.880430
v -0.383878 8.031262 -0.879455
v -0.389426 8.030687 -0.872528
v -0.390969 8.260678 -0.844157
v -0.387493 8.260528 -0.841387
v -0.383077 8.260718 -0.841870
v -0.380307 8.261139 -0.845323
v -0.380806 8.261544 -0.849724
v -0.384281 8.261695 -0.852493
v -0.388697 8.261504 -0.852010
v -0.391467 8.261084 -0.848557
v -0.394274 8.519953 -0.822511
v -0.394274 8.519953 -0.822511
v -0.394274 8.519953 -0.822511
v -0.394274 8.519953 -0.822511
v -0.394274 8.519953 -0.822511
v -0.394274 8.519953 -0.822511
v -0.394274 8.519953 -0.822511
v -0.394274 8.519953 -0.822511
v -0.235067 4.675511 0.397639
v -0.180529 4.682041 0.361593
v -0.165896 4.675511 0.297878
v -0.199739 4.659746 0.243819
v -0.262233 4.643981 0.231082
v -0.316770 4.637451 0.267128
v -0.331403 4.643981 0.330842
v -0.297561 4.659746 0.384902
v -0.283033 4.866760 0.359831
v -0.232286 4.873521 0.326081
v -0.218513 4.866928 0.266694
v -0.249780 4.850845 0.216459
v -0.307773 4.834692 0.204802
v -0.358519 4.827931 0.238552
v -0.372293 4.834524 0.297938
v -0.341025 4.850607 0.348174
v -0.330278 5.054881 0.322520
v -0.282959 5.060294 0.291317
v -0.270317 5.054819 0.236071
v -0.299757 5.041662 0.189143
v -0.354034 5.028532 0.178024
v -0.401353 5.023118 0.209227
v -0.413995 5.028594 0.264474
v -0.384555 5.041750 0.311401
v -0.369537 5.267796 0.289653
v -0.325509 5.270803 0.261106
v -0.314016 5.266759 0.209979
v -0.341791 5.258032 0.166221
v -0.392564 5.249735 0.155464
v -0.436592 5.246727 0.184011
v -0.448085 5.250772 0.235138
v -0.420309 5.259498 0.278896
v -0.391758 5.476888 0.264397
v -0.351201 5.477757 0.238405
v -0.340762 5.474962 0.191454
v -0.366555 5.470140 0.151048
v -0.413471 5.466115 0.140856
v -0.454027 5.465245 0.166848
v -0.464467 5.468040 0.213799
v -0.438674 5.472863 0.254205
v -0.399831 5.664442 0.248160
v -0.362940 5.664774 0.224554
v -0.353525 5.663788 0.181790
v -0.377102 5.662063 0.144919
v -0.419860 5.660608 0.135539
v -0.456751 5.660276 0.159145
v -0.466166 5.661262 0.201908
v -0.442589 5.662988 0.238780
v -0.404498 5.875284 0.242090
v -0.371318 5.876687 0.220854
v -0.362900 5.878529 0.182388
v -0.384176 5.879731 0.149225
v -0.422683 5.879590 0.140793
v -0.455863 5.878187 0.162029
v -0.464280 5.876344 0.200495
v -0.443004 5.875142 0.233657
v -0.407542 6.085897 0.255838
v -0.378054 6.088140 0.237044
v -0.370587 6.092282 0.203061
v -0.389514 6.095896 0.173796
v -0.423748 6.096865 0.166392
v -0.453236 6.094622 0.185185
v -0.460703 6.090480 0.219168
v -0.441776 6.086866 0.248433
v -0.406002 6.277298 0.279360
v -0.380206 6.278524 0.262835
v -0.373679 6.281320 0.233009
v -0.390244 6.284048 0.207354
v -0.420197 6.285110 0.200899
v -0.445992 6.283884 0.217424
v -0.452519 6.281089 0.247250
v -0.435955 6.278361 0.272904
v -0.403562 6.496892 0.282748
v -0.381492 6.495622 0.268539
v -0.375967 6.494020 0.242897
v -0.390223 6.493022 0.220843
v -0.415909 6.493215 0.215296
v -0.437979 6.494485 0.229505
v -0.443505 6.496088 0.255147
v -0.429249 6.497085 0.277201
v -0.399304 6.712723 0.242825
v -0.380958 6.709712 0.231252
v -0.376432 6.705043 0.210340
v -0.388377 6.701452 0.192340
v -0.409796 6.701041 0.187796
v -0.428142 6.704052 0.199369
v -0.432668 6.708721 0.220281
v -0.420723 6.712312 0.238281
v -0.394871 6.897398 0.185797
v -0.380187 6.895345 0.176463
v -0.376561 6.891888 0.159676
v -0.386117 6.889050 0.145268
v -0.403256 6.888494 0.141680
v -0.417939 6.890547 0.151014
v -0.421565 6.894005 0.167802
v -0.412010 6.896842 0.182210
v -0.397673 7.105425 0.152540
v -0.386680 7.105582 0.145345
v -0.383987 7.105311 0.132487
v -0.391171 7.104773 0.121498
v -0.404025 7.104282 0.118816
v -0.415018 7.104125 0.126012
v -0.417711 7.104396 0.138869
v -0.410527 7.104935 0.149858
v -0.410608 7.316220 0.163061
v -0.403339 7.317451 0.158329
v -0.401626 7.318810 0.149847
v -0.406472 7.319501 0.142582
v -0.415038 7.319120 0.140791
v -0.422307 7.317890 0.145523
v -0.424020 7.316531 0.154005
v -0.419174 7.315839 0.161270
v -0.429238 7.503651 0.197728
v -0.425622 7.504482 0.195401
v -0.424790 7.505451 0.191211
v -0.427229 7.505989 0.187613
v -0.431511 7.505781 0.186715
v -0.435127 7.504950 0.189042
v -0.435959 7.503981 0.193231
v -0.433520 7.503443 0.196829
v -0.449788 7.714978 0.236347
v -0.449788 7.714978 0.236347
v -0.449788 7.714978 0.236347
v -0.449788 7.714978 0.236347
v -0.449788 7.714978 0.236347
v -0.449788 7.714978 0.236347
v -0.449788 7.714978 0.236347
v -0.449788 7.714978 0.236347
v 0.125244 4.761838 -0.495567
v 0.160073 4.770356 -0.440967
v 0.222655 4.761838 -0.424302
v 0.276330 4.741276 -0.455334
v 0.289656 4.720713 -0.515884
v 0.254826 4.712196 -0.570484
v 0.192244 4.720713 -0.587149
v 0.138569 4.741276 -0.556117
v 0.171821 4.953773 -0.572549
v 0.205280 4.966181 -0.523119
v 0.263992 4.959650 -0.508051
v 0.313565 4.938005 -0.536173
v 0.324960 4.913925 -0.591011
v 0.291501 4.901516 -0.640441
v 0.232789 4.908048 -0.655509
v 0.183216 4.929693 -0.627387
v 0.218022 5.143946 -0.648949
v 0.247820 5.149517 -0.601139
v 0.301934 5.141560 -0.586539
v 0.348666 5.124735 -0.613704
v 0.360640 5.108898 -0.666719
v 0.330842 5.103327 -0.714530
v 0.276728 5.111284 -0.729129
v 0.229996 5.128109 -0.701965
v 0.270792 5.361035 -0.674714
v 0.295283 5.351946 -0.629456
v 0.344359 5.340469 -0.615653
v 0.389273 5.333327 -0.641391
v 0.403715 5.334704 -0.691594
v 0.379224 5.343793 -0.736852
v 0.330148 5.355270 -0.750655
v 0.285234 5.362412 -0.724917
v 0.317447 5.563732 -0.615005
v 0.337244 5.542508 -0.576897
v 0.381471 5.528294 -0.565213
v 0.424220 5.529417 -0.586796
v 0.440450 5.545218 -0.629003
v 0.420653 5.566443 -0.667111
v 0.376426 5.580657 -0.678795
v 0.333677 5.579534 -0.657212
v 0.357827 5.734931 -0.507721
v 0.375227 5.712893 -0.474435
v 0.415060 5.698261 -0.464659
v 0.453993 5.699605 -0.484119
v 0.469220 5.716138 -0.521417
v 0.451821 5.738175 -0.554704
v 0.411988 5.752808 -0.564480
v 0.373055 5.751463 -0.545019
v 0.417563 5.937420 -0.415926
v 0.434493 5.922176 -0.384036
v 0.470136 5.908259 -0.375552
v 0.503611 5.903822 -0.395445
v 0.515310 5.911463 -0.432062
v 0.498379 5.926706 -0.463953
v 0.462737 5.940623 -0.472436
v 0.429261 5.945061 -0.452543
v 0.499815 6.146527 -0.380660
v 0.516322 6.137064 -0.351477
v 0.547720 6.123898 -0.344098
v 0.575619 6.114742 -0.362847
v 0.583674 6.114959 -0.396740
v 0.567168 6.124422 -0.425923
v 0.535769 6.137588 -0.433301
v 0.507871 6.146744 -0.414552
v 0.583635 6.328741 -0.376283
v 0.598714 6.322092 -0.350639
v 0.626444 6.311229 -0.344139
v 0.650582 6.302516 -0.360591
v 0.656987 6.301055 -0.390358
v 0.641908 6.307704 -0.416002
v 0.614178 6.318567 -0.422502
v 0.590041 6.327281 -0.406050
v 0.660420 6.535751 -0.369441
v 0.673430 6.530304 -0.347447
v 0.697785 6.522727 -0.341782
v 0.719219 6.517459 -0.355765
v 0.725176 6.517587 -0.381204
v 0.712166 6.523034 -0.403199
v 0.687810 6.530611 -0.408864
v 0.666377 6.535879 -0.394881
v 0.718505 6.747972 -0.347059
v 0.729399 6.743642 -0.328711
v 0.750057 6.738765 -0.323857
v 0.768377 6.736198 -0.335340
v 0.773628 6.737444 -0.356434
v 0.762733 6.741774 -0.374783
v 0.742076 6.746651 -0.379637
v 0.723756 6.749218 -0.368153
v 0.757726 6.940895 -0.325949
v 0.766631 6.938510 -0.311170
v 0.783371 6.935822 -0.307174
v 0.798139 6.934404 -0.316301
v 0.802284 6.935087 -0.333206
v 0.793379 6.937471 -0.347985
v 0.776639 6.940159 -0.351981
v 0.761871 6.941577 -0.342854
v 0.788022 7.161180 -0.318503
v 0.794851 7.160728 -0.307375
v 0.807518 7.159710 -0.304345
v 0.818603 7.158724 -0.311189
v 0.821612 7.158347 -0.323896
v 0.814782 7.158800 -0.335024
v 0.802115 7.159817 -0.338053
v 0.791030 7.160803 -0.331210
v 0.805517 7.382311 -0.332205
v 0.810117 7.382910 -0.324834
v 0.818597 7.382913 -0.322850
v 0.825990 7.382319 -0.327415
v 0.827965 7.381476 -0.335856
v 0.823365 7.380877 -0.343227
v 0.814885 7.380874 -0.345211
v 0.807492 7.381468 -0.340646
v 0.809107 7.579494 -0.359185
v 0.811408 7.579993 -0.355522
v 0.815649 7.580158 -0.354549
v 0.819346 7.579893 -0.356835
v 0.820333 7.579352 -0.361042
v 0.818032 7.578853 -0.364705
v 0.813790 7.578688 -0.365678
v 0.810094 7.578953 -0.363392
v 0.813011 7.801366 -0.388768
v 0.813011 7.801366 -0.388768
v 0.813011 7.801366 -0.388768
v 0.813011 7.801366 -0.388768
v 0.813011 7.801366 -0.388768
v 0.813011 7.801366 -0.388768
v 0.813011 7.801366 -0.388768
v 0.813011 7.801366 -0.388768
v 0.195482 3.609036 0.297755
v 0.231031 3.616756 0.289000
v 0.253420 3.609036 0.260032
v 0.249534 3.590400 0.227820
v 0.221649 3.571763 0.211234
v 0.186099 3.564044 0.219990
v 0.163710 3.571763 0.248958
v 0.167596 3.590400 0.281169
v 0.165665 3.690356 0.248708
v 0.198082 3.697904 0.240426
v 0.218562 3.690947 0.213808
v 0.215110 3.673558 0.184446
v 0.189747 3.655925 0.169540
v 0.157330 3.648377 0.177822
v 0.136849 3.655334 0.204440
v 0.140302 3.672723 0.233803
v 0.135960 3.771364 0.199830
v 0.165644 3.777626 0.192625
v 0.184316 3.771150 0.168508
v 0.181040 3.755730 0.141606
v 0.157733 3.740398 0.127678
v 0.128049 3.734136 0.134882
v 0.109377 3.740612 0.159000
v 0.112654 3.756033 0.185902
v 0.107598 3.865409 0.146914
v 0.134575 3.870229 0.140868
v 0.151588 3.863750 0.119512
v 0.148672 3.849768 0.095356
v 0.127535 3.836474 0.082550
v 0.100559 3.831654 0.088596
v 0.083545 3.838133 0.109952
v 0.086461 3.852114 0.134109
v 0.081595 3.956548 0.090490
v 0.105768 3.960148 0.085493
v 0.121066 3.953770 0.066851
v 0.118527 3.941152 0.045483
v 0.099640 3.929685 0.033907
v 0.075467 3.926085 0.038904
v 0.060170 3.932463 0.057547
v 0.062708 3.945081 0.078914
v 0.063355 4.036168 0.042196
v 0.084830 4.037688 0.038603
v 0.098076 4.032809 0.021956
v 0.095334 4.024389 0.002006
v 0.078210 4.017361 -0.009559
v 0.056735 4.015841 -0.005966
v 0.043489 4.020720 0.010681
v 0.046231 4.029140 0.030631
v 0.059540 4.131536 0.011952
v 0.078052 4.130422 0.009486
v 0.089320 4.128210 -0.005283
v 0.086745 4.126197 -0.023704
v 0.071834 4.125561 -0.034985
v 0.053322 4.126676 -0.032519
v 0.042054 4.128887 -0.017750
v 0.044629 4.130900 0.000671
v 0.074274 4.230837 0.011924
v 0.089430 4.227843 0.009827
v 0.099042 4.227690 -0.002447
v 0.097479 4.230468 -0.017708
v 0.085657 4.234549 -0.027017
v 0.070501 4.237542 -0.024920
v 0.060889 4.237695 -0.012646
v 0.062452 4.234918 0.002615
v 0.102846 4.320060 0.033880
v 0.114735 4.316786 0.032017
v 0.122493 4.316919 0.022252
v 0.121575 4.320382 0.010305
v 0.112518 4.325146 0.003175
v 0.100628 4.328420 0.005039
v 0.092870 4.328286 0.014804
v 0.093789 4.324823 0.026750
v 0.137262 4.422706 0.054619
v 0.146155 4.420174 0.053205
v 0.151797 4.419714 0.045758
v 0.150883 4.421597 0.036641
v 0.143948 4.424718 0.031194
v 0.135055 4.427251 0.032608
v 0.129413 4.427711 0.040055
v 0.130327 4.425828 0.049173
v 0.169133 4.525541 0.062100
v 0.175040 4.523784 0.061148
v 0.178685 4.523106 0.056134
v 0.177933 4.523904 0.049995
v 0.173224 4.525710 0.046327
v 0.167317 4.527466 0.047279
v 0.163671 4.528144 0.052293
v 0.164423 4.527347 0.058432
v 0.199513 4.616118 0.064707
v 0.202454 4.615201 0.064228
v 0.204257 4.614801 0.061716
v 0.203866 4.615152 0.058642
v 0.201510 4.616050 0.056808
v 0.198569 4.616967 0.057287
v 0.196765 4.617367 0.059799
v 0.197157 4.617016 0.062873
v 0.233375 4.717731 0.068266
v 0.233375 4.717731 0.068266
v 0.233375 4.717731 0.068266
v 0.233375 4.717731 0.068266
v 0.233375 4.717731 0.068266
v 0.233375 4.717731 0.068266
v 0.233375 4.717731 0.068266
v 0.233375 4.717731 0.068266
v 0.045517 4.139007 -0.002501
v 0.060834 4.143339 0.007330
v 0.078993 4.139007 0.006120
v 0.089358 4.128549 -0.005421
v 0.085857 4.118090 -0.020532
v 0.070540 4.113758 -0.030363
v 0.052381 4.118090 -0.029153
v 0.042016 4.128549 -0.017612
v 0.064925 4.234909 -0.073828
v 0.077706 4.238616 -0.065706
v 0.092885 4.235265 -0.066902
v 0.101571 4.226820 -0.076716
v 0.098675 4.218226 -0.089398
v 0.085893 4.214520 -0.097519
v 0.070714 4.217870 -0.096323
v 0.062029 4.226315 -0.086510
v 0.084489 4.331677 -0.145786
v 0.094694 4.334534 -0.139209
v 0.106785 4.331565 -0.139955
v 0.113679 4.324508 -0.147587
v 0.111337 4.317497 -0.157633
v 0.101132 4.314640 -0.164209
v 0.089041 4.317609 -0.163463
v 0.082147 4.324666 -0.155832
v 0.112936 4.436072 -0.229528
v 0.120545 4.438031 -0.224452
v 0.129493 4.435311 -0.224627
v 0.134539 4.429506 -0.229950
v 0.132726 4.424015 -0.237304
v 0.125117 4.422056 -0.242379
v 0.116169 4.424776 -0.242204
v 0.111123 4.430582 -0.236881
v 0.149267 4.530447 -0.314013
v 0.154300 4.531635 -0.310528
v 0.160159 4.529505 -0.310372
v 0.163412 4.525304 -0.313638
v 0.162153 4.521494 -0.318412
v 0.157120 4.520307 -0.321898
v 0.151261 4.522437 -0.322053
v 0.148009 4.526638 -0.318787
v 0.187790 4.609440 -0.391415
v 0.190297 4.610011 -0.389650
v 0.193201 4.608882 -0.389514
v 0.194800 4.606716 -0.391086
v 0.194158 4.604781 -0.393446
v 0.191652 4.604210 -0.395210
v 0.188748 4.605339 -0.395346
v 0.187149 4.607505 -0.393774
v 0.230329 4.698464 -0.477953
v 0.230329 4.698464 -0.477953
v 0.230329 4.698464 -0.477953
v 0.230329 4.698464 -0.477953
v 0.230329 4.698464 -0.477953
v 0.230329 4.698464 -0.477953
v 0.230329 4.698464 -0.477953
v 0.230329 4.698464 -0.477953
v 0.046100 6.396325 0.003412
v 0.007292 6.403983 -0.002669
v -0.026533 6.396325 0.017303
v -0.035560 6.377836 0.051630
v -0.014503 6.359347 0.080203
v 0.024305 6.351688 0.086284
v 0.058130 6.359347 0.066312
v 0.067158 6.377836 0.031985
v 0.061823 6.597152 0.125882
v 0.027296 6.603652 0.120300
v -0.002824 6.596318 0.137750
v -0.010893 6.579446 0.168011
v 0.007816 6.562919 0.193356
v 0.042342 6.556418 0.198939
v 0.072462 6.563752 0.181488
v 0.080531 6.580625 0.151227
v 0.077381 6.796378 0.247434
v 0.047210 6.802441 0.242764
v 0.020922 6.796668 0.258402
v 0.013917 6.782439 0.285186
v 0.030298 6.768091 0.307428
v 0.060470 6.762028 0.312098
v 0.086758 6.767802 0.296460
v 0.093763 6.782030 0.269676
v 0.104484 7.022054 0.374619
v 0.078765 7.028249 0.371158
v 0.056421 7.024631 0.385284
v 0.050543 7.013319 0.408721
v 0.064573 7.000939 0.427742
v 0.090292 6.994744 0.431202
v 0.112636 6.998363 0.417076
v 0.118514 7.009675 0.393639
v 0.146730 7.241020 0.491824
v 0.125471 7.247054 0.489383
v 0.107077 7.245174 0.501732
v 0.102324 7.236481 0.521636
v 0.113997 7.226067 0.537437
v 0.135256 7.220033 0.539878
v 0.153650 7.221912 0.527529
v 0.158402 7.230606 0.507625
v 0.192821 7.438204 0.590037
v 0.175755 7.442769 0.587963
v 0.161113 7.441594 0.597994
v 0.157472 7.435368 0.614253
v 0.166965 7.427738 0.627217
v 0.184031 7.423173 0.629290
v 0.198673 7.424348 0.619260
v 0.202314 7.430574 0.603001
v 0.232028 7.668741 0.685654
v 0.219061 7.671213 0.683728
v 0.208045 7.670134 0.691174
v 0.205432 7.666135 0.703630
v 0.212753 7.661559 0.713799
v 0.225720 7.659086 0.715725
v 0.236737 7.660165 0.708280
v 0.239349 7.664165 0.695824
v 0.251853 7.907819 0.764687
v 0.243142 7.908818 0.763201
v 0.235784 7.907970 0.768125
v 0.234091 7.905774 0.776575
v 0.239053 7.903514 0.783601
v 0.247764 7.902516 0.785087
v 0.255122 7.903363 0.780163
v 0.256815 7.905560 0.771713
v 0.257546 8.126148 0.821745
v 0.253184 8.126516 0.820968
v 0.249504 8.126080 0.823426
v 0.248664 8.125094 0.827680
v 0.251154 8.124138 0.831238
v 0.255517 8.123770 0.832014
v 0.259196 8.124207 0.829556
v 0.260037 8.125192 0.825302
v 0.264864 8.371496 0.885923
v 0.264864 8.371496 0.885923
v 0.264864 8.371496 0.885923
v 0.264864 8.371496 0.885923
v 0.264864 8.371496 0.885923
v 0.264864 8.371496 0.885923
v 0.264864 8.371496 0.885923
v 0.264864 8.371496 0.885923
v -0.149509 6.920560 -0.371733
v -0.129770 6.925067 -0.389108
v -0.126170 6.920560 -0.415158
v -0.140819 6.909679 -0.434622
v -0.165136 6.898798 -0.436099
v -0.184875 6.894291 -0.418724
v -0.188474 6.898798 -0.392674
v -0.173825 6.909679 -0.373210
v -0.241238 7.124522 -0.425005
v -0.224825 7.128359 -0.439503
v -0.221832 7.124619 -0.461215
v -0.234014 7.115493 -0.477421
v -0.254234 7.106326 -0.478629
v -0.270648 7.102489 -0.464131
v -0.273640 7.106228 -0.442419
v -0.261458 7.115355 -0.426212
v -0.332937 7.328413 -0.478260
v -0.319767 7.331391 -0.489838
v -0.317365 7.328382 -0.507203
v -0.327139 7.321146 -0.520184
v -0.343363 7.313923 -0.521176
v -0.356534 7.310945 -0.509598
v -0.358936 7.313954 -0.492233
v -0.349161 7.321190 -0.479252
v -0.432011 7.558032 -0.537553
v -0.422065 7.560105 -0.546198
v -0.420251 7.557817 -0.559215
v -0.427630 7.552506 -0.568977
v -0.439881 7.547285 -0.569767
v -0.449827 7.545212 -0.561121
v -0.451641 7.547501 -0.548105
v -0.444262 7.552811 -0.538342
v -0.523283 7.781192 -0.595400
v -0.516609 7.782464 -0.601139
v -0.515390 7.780917 -0.609811
v -0.520342 7.777456 -0.616338
v -0.528563 7.774109 -0.616896
v -0.535237 7.772837 -0.611158
v -0.536456 7.774384 -0.602485
v -0.531504 7.777845 -0.595958
v -0.601675 7.980792 -0.647794
v -0.598329 7.981405 -0.650657
v -0.597718 7.980627 -0.654993
v -0.600200 7.978913 -0.658260
v -0.604322 7.977268 -0.658545
v -0.607668 7.976655 -0.655682
v -0.608279 7.977433 -0.651346
v -0.605796 7.979147 -0.648079
v -0.689731 8.205243 -0.705987
v -0.689731 8.205243 -0.705987
v -0.689731 8.205243 -0.705987
v -0.689731 8.205243 -0.705987
v -0.689731 8.205243 -0.705987
v -0.689731 8.205243 -0.705987
v -0.689731 8.205243 -0.705987
v -0.689731 8.205243 -0.705987
v 0.041166 5.643732 -0.835790
v 0.045451 5.656462 -0.784147
v 0.079198 5.643732 -0.744821
v 0.122639 5.612999 -0.740849
v 0.150327 5.582267 -0.774558
v 0.146043 5.569537 -0.826201
v 0.112296 5.582267 -0.865527
v 0.068855 5.612999 -0.869499
v 0.194968 5.839725 -0.887087
v 0.198084 5.850302 -0.839431
v 0.228195 5.837526 -0.803062
v 0.267663 5.808880 -0.799284
v 0.293369 5.781145 -0.830310
v 0.290253 5.770567 -0.877966
v 0.260142 5.783344 -0.914335
v 0.220674 5.811990 -0.918113
v 0.346810 6.033076 -0.937609
v 0.350670 6.044079 -0.894697
v 0.379086 6.033872 -0.862052
v 0.415412 6.008433 -0.858796
v 0.438370 5.982664 -0.886837
v 0.434511 5.971661 -0.929749
v 0.406095 5.981869 -0.962394
v 0.369768 6.007308 -0.965650
v 0.503909 6.246273 -1.015441
v 0.509690 6.259560 -0.978136
v 0.537937 6.254293 -0.950278
v 0.572104 6.233559 -0.948187
v 0.592176 6.209503 -0.973088
v 0.586396 6.196216 -1.010394
v 0.558149 6.201482 -1.038251
v 0.523982 6.222216 -1.040342
v 0.628203 6.456240 -1.126624
v 0.635144 6.471133 -1.095071
v 0.662367 6.470067 -1.072195
v 0.693924 6.453666 -1.071396
v 0.711331 6.431538 -1.093142
v 0.704390 6.416645 -1.124694
v 0.677168 6.417711 -1.147570
v 0.645610 6.434112 -1.148369
v 0.730623 6.646858 -1.248406
v 0.736675 6.659853 -1.220776
v 0.759819 6.657763 -1.200066
v 0.786497 6.641812 -1.198408
v 0.801083 6.621345 -1.216773
v 0.795031 6.608350 -1.244403
v 0.771887 6.610440 -1.265113
v 0.745208 6.626390 -1.266771
v 0.891333 6.845477 -1.360418
v 0.894252 6.853766 -1.335227
v 0.910264 6.847169 -1.314930
v 0.929987 6.829548 -1.311417
v 0.941869 6.811225 -1.326746
v 0.938949 6.802936 -1.351938
v 0.922938 6.809533 -1.372235
v 0.903214 6.827154 -1.375747
v 1.106209 7.018859 -1.409578
v 1.106162 7.023647 -1.387866
v 1.115386 7.014628 -1.369758
v 1.128479 6.997086 -1.365861
v 1.137770 6.981296 -1.378458
v 1.137817 6.976508 -1.400170
v 1.128593 6.985527 -1.418278
v 1.115500 7.003069 -1.422175
v 1.323301 7.144025 -1.422584
v 1.324215 7.148463 -1.405384
v 1.331323 7.141075 -1.390849
v 1.340461 7.126187 -1.387493
v 1.346275 7.112522 -1.397283
v 1.345360 7.108084 -1.414483
v 1.338252 7.115472 -1.429018
v 1.329115 7.130360 -1.432374
v 1.554189 7.261991 -1.493735
v 1.557860 7.266941 -1.481903
v 1.565411 7.262605 -1.471797
v 1.572419 7.251523 -1.469335
v 1.574777 7.240187 -1.475961
v 1.571105 7.235238 -1.487792
v 1.563554 7.239573 -1.497899
v 1.556547 7.250655 -1.500360
v 1.756725 7.356637 -1.640930
v 1.760972 7.360805 -1.634320
v 1.767324 7.358549 -1.628518
v 1.772059 7.351192 -1.626923
v 1.772405 7.343043 -1.630468
v 1.768158 7.338876 -1.637078
v 1.761806 7.341131 -1.642881
v 1.757071 7.348488 -1.644476
v 1.919319 7.414529 -1.815346
v 1.921762 7.416746 -1.812363
v 1.925146 7.415705 -1.809673
v 1.927490 7.412017 -1.808851
v 1.927420 7.407841 -1.810379
v 1.924978 7.405625 -1.813362
v 1.921594 7.406665 -1.816052
v 1.919250 7.410354 -1.816874
v 2.102653 7.481290 -2.010009
v 2.102653 7.481290 -2.010009
v 2.102653 7.481290 -2.010009
v 2.102653 7.481290 -2.010009
v 2.102653 7.481290 -2.010009
v 2.102653 7.481290 -2.010009
v 2.102653 7.481290 -2.010009
v 2.102653 7.481290 -2.010009
v 0.893499 6.838470 -1.319517
v 0.918713 6.842662 -1.311866
v 0.942689 6.838470 -1.322793
v 0.951384 6.828351 -1.345899
v 0.939702 6.818232 -1.367647
v 0.914488 6.814040 -1.375299
v 0.890512 6.818232 -1.364371
v 0.881818 6.828351 -1.341266
v 0.891187 7.063968 -1.428764
v 0.912197 7.067486 -1.422399
v 0.932182 7.063842 -1.431437
v 0.939434 7.055170 -1.450582
v 0.929705 7.046550 -1.468621
v 0.908694 7.043032 -1.474985
v 0.888709 7.046676 -1.465948
v 0.881458 7.055348 -1.446803
v 0.888892 7.288826 -1.537720
v 0.905702 7.291612 -1.532615
v 0.921685 7.288865 -1.539922
v 0.927479 7.282195 -1.555359
v 0.919689 7.275507 -1.569885
v 0.902880 7.272721 -1.574989
v 0.886897 7.275468 -1.567683
v 0.881103 7.282138 -1.552245
v 0.883797 7.543912 -1.650742
v 0.896406 7.545952 -1.646892
v 0.908382 7.544193 -1.652499
v 0.912711 7.539665 -1.664277
v 0.906856 7.535021 -1.675328
v 0.894247 7.532981 -1.679177
v 0.882270 7.534741 -1.673571
v 0.877942 7.539268 -1.661793
v 0.876320 7.794512 -1.749133
v 0.884728 7.795837 -1.746554
v 0.892703 7.794871 -1.750369
v 0.895574 7.792179 -1.758345
v 0.891659 7.789339 -1.765808
v 0.883252 7.788013 -1.768388
v 0.875277 7.788980 -1.764572
v 0.872406 7.791672 -1.756597
v 0.868229 8.020586 -1.829746
v 0.872433 8.021241 -1.828454
v 0.876419 8.020802 -1.830377
v 0.877851 8.019525 -1.834388
v 0.875891 8.018158 -1.838139
v 0.871687 8.017503 -1.839431
v 0.867701 8.017942 -1.837508
v 0.866269 8.019219 -1.833497
v 0.858738 8.274800 -1.920200
v 0.858738 8.274800 -1.920200
v 0.858738 8.274800 -1.920200
v 0.858738 8.274800 -1.920200
v 0.858738 8.274800 -1.920200
v 0.858738 8.274800 -1.920200
v 0.858738 8.274800 -1.920200
v 0.858738 8.274800 -1.920200
v 0.296686 5.377402 -0.646648
v 0.341650 5.389635 -0.637471
v 0.384039 5.377402 -0.655055
v 0.399021 5.347870 -0.689099
v 0.377820 5.318337 -0.719660
v 0.332857 5.306105 -0.728837
v 0.290468 5.318337 -0.711253
v 0.275486 5.347870 -0.677209
v 0.286367 5.525921 -0.788302
v 0.327572 5.537270 -0.780014
v 0.366431 5.526024 -0.796103
v 0.380180 5.498773 -0.827145
v 0.360767 5.471478 -0.854956
v 0.319562 5.460130 -0.863245
v 0.280703 5.471375 -0.847155
v 0.266953 5.498627 -0.816113
v 0.276079 5.674086 -0.929633
v 0.313553 5.684231 -0.921942
v 0.348876 5.674048 -0.936606
v 0.361355 5.649503 -0.965035
v 0.343681 5.624973 -0.990575
v 0.306207 5.614828 -0.998266
v 0.270885 5.625010 -0.983602
v 0.258405 5.649556 -0.955174
v 0.265610 5.842786 -1.084038
v 0.299334 5.851952 -1.077147
v 0.331098 5.843073 -1.090598
v 0.342297 5.821351 -1.116511
v 0.326370 5.799509 -1.139707
v 0.292646 5.790343 -1.146598
v 0.260881 5.799222 -1.133147
v 0.249682 5.820944 -1.107234
v 0.251723 6.006785 -1.232244
v 0.281693 6.015003 -1.226180
v 0.309902 6.007390 -1.238379
v 0.319825 5.988406 -1.261695
v 0.305650 5.969171 -1.282469
v 0.275680 5.960953 -1.288532
v 0.247471 5.968565 -1.276333
v 0.237548 5.987550 -1.253018
v 0.240333 6.155144 -1.362349
v 0.266635 6.161242 -1.356140
v 0.291350 6.154130 -1.366442
v 0.300000 6.137977 -1.387221
v 0.287518 6.122242 -1.406304
v 0.261216 6.116145 -1.412513
v 0.236501 6.123256 -1.402211
v 0.227851 6.139410 -1.381432
v 0.245041 6.330105 -1.498673
v 0.267536 6.333094 -1.491679
v 0.288693 6.325750 -1.499576
v 0.296117 6.312376 -1.517739
v 0.285460 6.300804 -1.535528
v 0.262965 6.297815 -1.542522
v 0.241808 6.305159 -1.534625
v 0.234384 6.318533 -1.516462
v 0.277855 6.511549 -1.621959
v 0.296313 6.512084 -1.614844
v 0.313781 6.504864 -1.620703
v 0.320028 6.494120 -1.636102
v 0.311393 6.486145 -1.652022
v 0.292935 6.485611 -1.659137
v 0.275466 6.492831 -1.653278
v 0.269220 6.503575 -1.637878
v 0.323757 6.676479 -1.721098
v 0.338498 6.676786 -1.715335
v 0.352509 6.671185 -1.720125
v 0.357582 6.662957 -1.732663
v 0.350744 6.656922 -1.745603
v 0.336003 6.656615 -1.751366
v 0.321992 6.662216 -1.746576
v 0.316919 6.670444 -1.734038
v 0.356294 6.863503 -1.832868
v 0.367499 6.864787 -1.829156
v 0.378140 6.861531 -1.833296
v 0.381984 6.855642 -1.842863
v 0.376779 6.850570 -1.852252
v 0.365575 6.849286 -1.855964
v 0.354934 6.852542 -1.851824
v 0.351089 6.858431 -1.842257
v 0.360424 7.050878 -1.948690
v 0.367907 7.052426 -1.946623
v 0.375012 7.050882 -1.949751
v 0.377578 7.047149 -1.956242
v 0.374102 7.043414 -1.962294
v 0.366620 7.041865 -1.964361
v 0.359514 7.043409 -1.961233
v 0.356948 7.047143 -1.954741
v 0.348472 7.218403 -2.052112
v 0.352205 7.219302 -2.051152
v 0.355750 7.218651 -2.052788
v 0.357030 7.216832 -2.056061
v 0.355295 7.214910 -2.059055
v 0.351562 7.214011 -2.060015
v 0.348018 7.214662 -2.058379
v 0.346738 7.216482 -2.055106
v 0.335317 7.407099 -2.168061
v 0.335317 7.407099 -2.168061
v 0.335317 7.407099 -2.168061
v 0.335317 7.407099 -2.168061
v 0.335317 7.407099 -2.168061
v 0.335317 7.407099 -2.168061
v 0.335317 7.407099 -2.168061
v 0.335317 7.407099 -2.168061
vn -0.7044 0.0258 0.7093
vn -0.7070 0.0259 0.7068
vn -0.9999 0.0139 -0.0001
vn -0.9999 0.0141 0.0032
vn 0.0017 0.0349 0.9994
vn -0.0001 0.0353 0.9994
vn 0.7059 0.0362 0.7073
vn 0.7067 0.0366 0.7066
vn 0.9996 0.0290 0.0031
vn 0.9996 0.0291 -0.0002
vn 0.7095 0.0173 -0.7045
vn 0.7069 0.0172 -0.7071
vn 0.0018 0.0080 -1.0000
vn -0.0001 0.0078 -1.0000
vn -0.7078 0.0067 -0.7064
vn -0.7071 0.0065 -0.7071
vn -0.7104 0.0189 0.7035
vn -0.9997 0.0232 -0.0044
vn -0.0025 0.0157 0.9999
vn 0.7080 0.0152 0.7060
vn 0.9998 0.0178 -0.0045
vn 0.7035 0.0220 -0.7104
vn -0.0024 0.0254 -0.9997
vn -0.7059 0.0259 -0.7079
vn -0.7115 0.0043 0.7027
vn -0.9989 0.0469 -0.0045
vn -0.0036 -0.0295 0.9996
vn 0.7082 -0.0343 0.7052
vn 1.0000 -0.0072 -0.0060
vn 0.7029 0.0356 -0.7104
vn -0.0021 0.0689 -0.9976
vn -0.7043 0.0736 -0.7060
vn -0.7104 -0.0085 0.7037
vn -0.9973 0.0734 -0.0004
vn -0.0041 -0.0734 0.9973
vn 0.7065 -0.0825 0.7029
vn 0.9995 -0.0305 -0.0054
vn 0.7050 0.0516 -0.7073
vn 0.0009 0.1155 -0.9933
vn -0.7021 0.1245 -0.7011
vn -0.7068 -0.0151 0.7072
vn -0.9964 0.0843 0.0060
vn -0.0024 -0.0935 0.9956
vn 0.7042 -0.1048 0.7022
vn 0.9991 -0.0424 -0.0013
vn 0.7093 0.0571 -0.7026
vn 0.0048 0.1353 -0.9908
vn -0.7016 0.1466 -0.6973
vn -0.7060 -0.0140 0.7080
vn -0.9966 0.0823 0.0068
vn -0.0018 -0.0904 0.9959
vn 0.7041 -0.1022 0.7027
vn 0.9991 -0.0426 -0.0003
vn 0.7099 0.0537 -0.7023
vn 0.0050 0.1303 -0.9915
vn -0.7023 0.1422 -0.6976
vn -0.7067 -0.0104 0.7075
vn -0.9965 0.0835 0.0056
vn -0.0021 -0.0856 0.9963
vn 0.7047 -0.0981 0.7027
vn 0.9992 -0.0405 -0.0014
vn 0.7089 0.0533 -0.7033
vn 0.0043 0.1285 -0.9917
vn -0.7020 0.1410 -0.6981
vn -0.7056 -0.0097 0.7086
vn -0.9967 0.0810 0.0065
vn -0.0009 -0.0822 0.9966
vn 0.7048 -0.0940 0.7032
vn 0.9993 -0.0383 -0.0000
vn 0.7100 0.0524 -0.7023
vn 0.0050 0.1250 -0.9921
vn -0.7024 0.1369 -0.6985
vn -0.7052 -0.0097 0.7089
vn -0.9975 0.0708 0.0059
vn 0.0001 -0.0727 0.9974
vn 0.7053 -0.0813 0.7042
vn 0.9995 -0.0306 0.0011
vn 0.7102 0.0498 -0.7022
vn 0.0048 0.1131 -0.9936
vn -0.7035 0.1218 -0.7002
vn -0.7057 -0.0071 0.7084
vn -0.9980 0.0630 0.0045
vn -0.0001 -0.0604 0.9982
vn 0.7058 -0.0657 0.7053
vn 0.9998 -0.0201 0.0013
vn 0.7095 0.0500 -0.7029
vn 0.0036 0.1034 -0.9946
vn -0.7042 0.1088 -0.7016
vn -0.7074 -0.0054 0.7068
vn -0.9980 0.0634 0.0027
vn -0.0017 -0.0584 0.9983
vn 0.7058 -0.0646 0.7054
vn 0.9998 -0.0201 -0.0005
vn 0.7077 0.0487 -0.7048
vn 0.0018 0.1017 -0.9948
vn -0.7043 0.1077 -0.7017
vn -0.7079 -0.0047 0.7063
vn -0.9974 0.0726 0.0030
vn -0.0027 -0.0674 0.9977
vn 0.7053 -0.0788 0.7045
vn 0.9995 -0.0319 -0.0019
vn 0.7071 0.0455 -0.7056
vn 0.0015 0.1080 -0.9941
vn -0.7036 0.1192 -0.7005
vn -0.7068 -0.0016 0.7074
vn -0.9964 0.0842 0.0048
vn -0.0022 -0.0740 0.9973
vn 0.7049 -0.0906 0.7035
vn 0.9991 -0.0415 -0.0021
vn 0.7079 0.0444 -0.7049
vn 0.0029 0.1168 -0.9932
vn -0.7025 0.1332 -0.6991
vn -0.7054 -0.0021 0.7088
vn -0.9964 0.0848 0.0059
vn -0.0005 -0.0753 0.9972
vn 0.7052 -0.0919 0.7030
vn 0.9991 -0.0423 -0.0011
vn 0.7093 0.0446 -0.7035
vn 0.0048 0.1178 -0.9930
vn -0.7021 0.1345 -0.6993
vn -0.7059 0.0017 0.7083
vn -0.9964 0.0851 0.0064
vn -0.0021 -0.0710 0.9975
vn 0.7041 -0.0904 0.7043
vn 0.9990 -0.0450 -0.0009
vn 0.7083 0.0387 -0.7049
vn 0.0025 0.1114 -0.9938
vn -0.7036 0.1306 -0.6985
vn -0.7049 0.0091 0.7093
vn -0.9960 0.0897 0.0062
vn -0.0002 -0.0643 0.9979
vn 0.7054 -0.0873 0.7034
vn 0.9989 -0.0466 -0.0017
vn 0.7085 0.0339 -0.7049
vn 0.0037 0.1072 -0.9942
vn -0.7026 0.1303 -0.6996
vn -0.7038 -0.0150 0.7102
vn -0.9983 0.0580 0.0023
vn 0.0059 -0.0663 0.9978
vn 0.7097 -0.0659 0.7014
vn 0.9999 -0.0144 -0.0001
vn 0.7119 0.0579 -0.6999
vn 0.0104 0.1091 -0.9940
vn -0.7000 0.1094 -0.7057
vn -0.7078 -0.0906 0.7005
vn -0.9999 -0.0119 -0.0118
vn 0.0073 -0.1031 0.9946
vn 0.7132 -0.0426 0.6997
vn 0.9985 0.0540 0.0011
vn 0.7081 0.1307 -0.6939
vn 0.0104 0.1439 -0.9895
vn -0.6971 0.0854 -0.7118
vn -0.7017 -0.1666 0.6927
vn -0.9966 -0.0807 -0.0147
vn 0.0061 -0.1410 0.9900
vn 0.7061 -0.0209 0.7078
vn 0.9922 0.1232 0.0171
vn 0.7026 0.2085 -0.6803
vn 0.0045 0.1857 -0.9826
vn -0.7007 0.0662 -0.7104
vn -0.7002 -0.1317 0.7017
vn -0.9938 -0.1110 0.0023
vn -0.0120 -0.0651 0.9978
vn 0.6817 0.0501 0.7299
vn 0.9878 0.1500 0.0420
vn 0.7140 0.1766 -0.6775
vn 0.0053 0.1101 -0.9939
vn -0.7083 -0.0109 -0.7059
vn -0.7164 0.0150 0.6975
vn -0.9955 -0.0946 0.0041
vn -0.0375 0.1267 0.9912
vn 0.6618 0.1788 0.7281
vn 0.9890 0.1409 0.0450
vn 0.7350 0.0312 -0.6773
vn 0.0274 -0.0865 -0.9959
vn -0.6969 -0.1384 -0.7036
vn -0.7327 0.1596 0.6615
vn -0.9968 -0.0793 -0.0085
vn -0.0555 0.3174 0.9466
vn 0.6521 0.3078 0.6928
vn 0.9905 0.1331 0.0360
vn 0.7485 -0.1110 -0.6537
vn 0.0512 -0.2782 -0.9592
vn -0.6787 -0.2633 -0.6856
vn -0.7475 0.2113 0.6297
vn -0.9958 -0.0856 -0.0311
vn -0.0629 0.3957 0.9162
vn 0.6574 0.3604 0.6618
vn 0.9920 0.1254 0.0143
vn 0.7436 -0.1718 -0.6462
vn 0.0591 -0.3565 -0.9324
vn -0.6611 -0.3208 -0.6783
vn -0.7533 0.2058 0.6246
vn -0.9949 -0.0912 -0.0422
vn -0.0625 0.3930 0.9174
vn 0.6645 0.3563 0.6569
vn 0.9928 0.1198 0.0031
vn 0.7378 -0.1734 -0.6523
vn 0.0590 -0.3541 -0.9333
vn -0.6547 -0.3213 -0.6842
vn -0.2047 0.1068 0.9730
vn -0.2052 0.1068 0.9729
vn -0.8359 0.0204 0.5484
vn -0.8357 0.0205 0.5488
vn 0.5451 0.1431 0.8260
vn 0.5449 0.1432 0.8262
vn 0.9749 0.1082 0.1944
vn 0.9750 0.1082 0.1942
vn 0.8333 0.0224 -0.5524
vn 0.8330 0.0224 -0.5527
vn 0.2028 -0.0640 -0.9771
vn 0.2023 -0.0641 -0.9772
vn -0.5476 -0.1004 -0.8307
vn -0.5478 -0.1004 -0.8305
vn -0.9779 -0.0654 -0.1984
vn -0.9779 -0.0655 -0.1986
vn -0.2057 0.1047 0.9730
vn -0.8363 0.0205 0.5479
vn 0.5450 0.1395 0.8268
vn 0.9754 0.1043 0.1944
vn 0.8329 0.0198 -0.5530
vn 0.2017 -0.0644 -0.9773
vn -0.5482 -0.0990 -0.8305
vn -0.9779 -0.0638 -0.1989
vn -0.2057 0.1014 0.9734
vn -0.8365 0.0229 0.5474
vn 0.5455 0.1320 0.8276
vn 0.9760 0.0967 0.1950
vn 0.8331 0.0162 -0.5529
vn 0.2013 -0.0621 -0.9775
vn -0.5485 -0.0926 -0.8310
vn -0.9782 -0.0574 -0.1997
vn -0.2052 0.1003 0.9736
vn -0.8365 0.0278 0.5473
vn 0.5460 0.1267 0.8282
vn 0.9764 0.0914 0.1958
vn 0.8334 0.0151 -0.5525
vn 0.2014 -0.0573 -0.9778
vn -0.5488 -0.0836 -0.8317
vn -0.9785 -0.0483 -0.2003
vn -0.2042 0.1013 0.9737
vn -0.8359 0.0300 0.5481
vn 0.5462 0.1259 0.8281
vn 0.9764 0.0894 0.1967
vn 0.8342 0.0131 -0.5513
vn 0.2025 -0.0582 -0.9776
vn -0.5487 -0.0828 -0.8319
vn -0.9788 -0.0462 -0.1998
vn -0.2040 0.1059 0.9732
vn -0.8355 0.0300 0.5486
vn 0.5459 0.1317 0.8274
vn 0.9761 0.0923 0.1968
vn 0.8347 0.0107 -0.5506
vn 0.2034 -0.0654 -0.9769
vn -0.5483 -0.0913 -0.8313
vn -0.9787 -0.0517 -0.1989
vn -0.2049 0.1132 0.9722
vn -0.8361 0.0324 0.5477
vn 0.5453 0.1403 0.8264
vn 0.9758 0.0978 0.1957
vn 0.8343 0.0106 -0.5512
vn 0.2031 -0.0704 -0.9766
vn -0.5480 -0.0975 -0.8308
vn -0.9784 -0.0549 -0.1991
vn -0.2059 0.1119 0.9722
vn -0.8370 0.0329 0.5462
vn 0.5456 0.1378 0.8266
vn 0.9762 0.0954 0.1946
vn 0.8334 0.0097 -0.5526
vn 0.2020 -0.0692 -0.9769
vn -0.5480 -0.0950 -0.8311
vn -0.9782 -0.0528 -0.2007
vn -0.2060 0.1017 0.9733
vn -0.8373 0.0321 0.5457
vn 0.5464 0.1235 0.8284
vn 0.9771 0.0845 0.1954
vn 0.8332 0.0079 -0.5529
vn 0.2011 -0.0614 -0.9777
vn -0.5485 -0.0830 -0.8320
vn -0.9784 -0.0443 -0.2018
vn -0.2049 0.0940 0.9743
vn -0.8368 0.0342 0.5464
vn 0.5472 0.1113 0.8296
vn 0.9775 0.0759 0.1968
vn 0.8337 0.0086 -0.5521
vn 0.2014 -0.0510 -0.9782
vn -0.5489 -0.0682 -0.8331
vn -0.9788 -0.0330 -0.2021
vn -0.2027 0.0923 0.9749
vn -0.8355 0.0321 0.5486
vn 0.5477 0.1111 0.8293
vn 0.9771 0.0776 0.1980
vn 0.8349 0.0113 -0.5502
vn 0.2033 -0.0491 -0.9779
vn -0.5485 -0.0680 -0.8334
vn -0.9791 -0.0343 -0.2007
vn -0.1986 0.0946 0.9755
vn -0.8330 0.0119 0.5532
vn 0.5487 0.1335 0.8253
vn 0.9749 0.1065 0.1953
vn 0.8352 0.0294 -0.5492
vn 0.2078 -0.0533 -0.9767
vn -0.5447 -0.0932 -0.8335
vn -0.9779 -0.0662 -0.1982
vn -0.2036 0.0984 0.9741
vn -0.8336 -0.0085 0.5523
vn 0.5436 0.1602 0.8239
vn 0.9713 0.1409 0.1917
vn 0.8312 0.0517 -0.5536
vn 0.2034 -0.0554 -0.9775
vn -0.5458 -0.1175 -0.8296
vn -0.9758 -0.0979 -0.1954
vn -0.2176 0.1039 0.9705
vn -0.8408 0.0282 0.5406
vn 0.5370 0.1325 0.8331
vn 0.9757 0.0953 0.1974
vn 0.8293 0.0134 -0.5586
vn 0.1896 -0.0629 -0.9798
vn -0.5564 -0.0885 -0.8262
vn -0.9787 -0.0507 -0.1992
vn -0.2226 0.0942 0.9703
vn -0.8415 0.1162 0.5276
vn 0.5369 0.0282 0.8432
vn 0.9781 -0.0432 0.2035
vn 0.8263 -0.0760 -0.5581
vn 0.1869 -0.0513 -0.9810
vn -0.5528 0.0145 -0.8332
vn -0.9734 0.0832 -0.2135
vn -0.2149 0.0829 0.9731
vn -0.8225 0.2046 0.5308
vn 0.5259 -0.0768 0.8471
vn 0.9602 -0.1793 0.2143
vn 0.8208 -0.1609 -0.5480
vn 0.1970 -0.0344 -0.9798
vn -0.5335 0.1225 -0.8369
vn -0.9515 0.2203 -0.2147
vn -0.1779 0.1463 0.9731
vn -0.7922 0.2683 0.5481
vn 0.5381 -0.0468 0.8416
vn 0.9522 -0.2023 0.2288
vn 0.8206 -0.2290 -0.5236
vn 0.2025 -0.1063 -0.9735
vn -0.5375 0.0934 -0.8381
vn -0.9478 0.2482 -0.2004
vn -0.1402 0.2931 0.9457
vn -0.7774 0.3177 0.5428
vn 0.5745 0.1147 0.8104
vn 0.9695 -0.1177 0.2149
vn 0.8134 -0.2732 -0.5135
vn 0.1742 -0.2568 -0.9506
vn -0.5752 -0.0714 -0.8149
vn -0.9680 0.1692 -0.1851
vn -0.1213 0.4395 0.8900
vn -0.7742 0.3674 0.5154
vn 0.5995 0.2733 0.7523
vn 0.9829 -0.0373 0.1802
vn 0.8010 -0.3177 -0.5075
vn 0.1415 -0.4004 -0.9053
vn -0.6047 -0.2289 -0.7629
vn -0.9815 0.0923 -0.1676
vn -0.1202 0.4997 0.8578
vn -0.7814 0.3872 0.4893
vn 0.6124 0.3314 0.7177
vn 0.9883 -0.0194 0.1510
vn 0.7863 -0.3475 -0.5108
vn 0.1251 -0.4604 -0.8789
vn -0.6073 -0.2921 -0.7388
vn -0.9832 0.0591 -0.1724
vn -0.1249 0.4975 0.8584
vn -0.7879 0.3823 0.4827
vn 0.6155 0.3274 0.7169
vn 0.9894 -0.0260 0.1430
vn 0.7802 -0.3508 -0.5179
vn 0.1213 -0.4588 -0.8802
vn -0.6040 -0.2921 -0.7415
vn -0.9820 0.0542 -0.1810
vn 0.8252 0.3613 0.4342
vn 0.8211 0.3560 0.4463
vn 0.3642 -0.0217 0.9311
vn 0.3710 -0.0175 0.9285
vn 0.7866 0.5353 -0.3078
vn 0.7903 0.5357 -0.2975
vn 0.2902 0.4103 -0.8645
vn 0.2911 0.4125 -0.8632
vn -0.3769 0.0619 -0.9242
vn -0.3838 0.0590 -0.9216
vn -0.8364 -0.3137 -0.4495
vn -0.8407 -0.3188 -0.4377
vn -0.8150 -0.4985 0.2955
vn -0.8108 -0.4989 0.3062
vn -0.3132 -0.3766 0.8718
vn -0.3115 -0.3755 0.8729
vn 0.8094 0.3602 0.4638
vn 0.3264 0.0289 0.9448
vn 0.8179 0.4957 -0.2920
vn 0.3301 0.3466 -0.8780
vn -0.3641 -0.0023 -0.9314
vn -0.8408 -0.3364 -0.4242
vn -0.8262 -0.4585 0.3275
vn -0.3446 -0.3066 0.8873
vn 0.7910 0.3945 0.4677
vn 0.2567 0.1700 0.9514
vn 0.8646 0.4056 -0.2967
vn 0.4100 0.1859 -0.8929
vn -0.3042 -0.1341 -0.9431
vn -0.8333 -0.3554 -0.4234
vn -0.8740 -0.3519 0.3351
vn -0.4244 -0.1354 0.8953
vn 0.7786 0.4341 0.4531
vn 0.1985 0.3212 0.9260
vn 0.9034 0.3116 -0.2945
vn 0.4798 0.0184 -0.8772
vn -0.2439 -0.2671 -0.9323
vn -0.8224 -0.3712 -0.4311
vn -0.9192 -0.2400 0.3121
vn -0.4971 0.0444 0.8665
vn 0.7852 0.4458 0.4297
vn 0.1872 0.3859 0.9034
vn 0.9167 0.2618 -0.3018
vn 0.5048 -0.0576 -0.8613
vn -0.2087 -0.3248 -0.9225
vn -0.8070 -0.3839 -0.4488
vn -0.9380 -0.2002 0.2828
vn -0.5259 0.1184 0.8423
vn 0.7922 0.4429 0.4199
vn 0.1950 0.3855 0.9019
vn 0.9149 0.2582 -0.3104
vn 0.5029 -0.0571 -0.8624
vn -0.2026 -0.3227 -0.9246
vn -0.8003 -0.3862 -0.4586
vn -0.9394 -0.2060 0.2741
vn -0.5268 0.1154 0.8421
vn -0.6949 0.3423 -0.6324
vn -0.6981 0.3449 -0.6275
vn -0.0896 0.0628 -0.9940
vn -0.0921 0.0625 -0.9938
vn -0.8944 0.4369 0.0953
vn -0.8933 0.4367 0.1067
vn -0.5664 0.2873 0.7725
vn -0.5594 0.2841 0.7787
vn 0.1054 -0.0227 0.9942
vn 0.1075 -0.0235 0.9939
vn 0.7203 -0.3077 0.6216
vn 0.7165 -0.3059 0.6269
vn 0.9099 -0.3972 -0.1193
vn 0.9112 -0.3977 -0.1078
vn 0.5698 -0.2422 -0.7853
vn 0.5768 -0.2448 -0.7794
vn -0.7268 0.2973 -0.6192
vn -0.1138 0.0019 -0.9935
vn -0.8971 0.4247 0.1223
vn -0.5352 0.3137 0.7843
vn 0.1363 0.0345 0.9901
vn 0.7336 -0.2535 0.6305
vn 0.9175 -0.3866 -0.0936
vn 0.5713 -0.2832 -0.7704
vn -0.7779 0.1817 -0.6016
vn -0.1712 -0.1386 -0.9754
vn -0.9064 0.4026 0.1282
vn -0.4982 0.3974 0.7707
vn 0.1950 0.1776 0.9646
vn 0.7812 -0.1303 0.6105
vn 0.9303 -0.3538 -0.0964
vn 0.5426 -0.3611 -0.7585
vn -0.8188 0.0643 -0.5704
vn -0.2229 -0.2778 -0.9344
vn -0.9160 0.3807 0.1267
vn -0.4712 0.4847 0.7369
vn 0.2448 0.3240 0.9139
vn 0.8251 -0.0063 0.5650
vn 0.9402 -0.3204 -0.1152
vn 0.5112 -0.4363 -0.7405
vn -0.8301 0.0089 -0.5576
vn -0.2455 -0.3363 -0.9092
vn -0.9246 0.3634 0.1140
vn -0.4728 0.5190 0.7121
vn 0.2599 0.3846 0.8857
vn 0.8445 0.0397 0.5340
vn 0.9392 -0.3144 -0.1378
vn 0.4873 -0.4702 -0.7358
vn -0.8273 0.0067 -0.5618
vn -0.2469 -0.3346 -0.9094
vn -0.9274 0.3589 0.1055
vn -0.4807 0.5169 0.7084
vn 0.2573 0.3830 0.8872
vn 0.8468 0.0345 0.5308
vn 0.9362 -0.3197 -0.1462
vn 0.4803 -0.4705 -0.7402
vn -0.9160 0.0612 -0.3964
vn -0.9133 0.0614 -0.4028
vn -0.3617 0.0282 -0.9319
vn -0.3686 0.0286 -0.9292
vn -0.9280 0.0805 0.3637
vn -0.9289 0.0814 0.3613
vn -0.4034 0.0757 0.9119
vn -0.4004 0.0765 0.9131
vn 0.3567 0.0496 0.9329
vn 0.3634 0.0496 0.9303
vn 0.9127 0.0169 0.4083
vn 0.9156 0.0164 0.4018
vn 0.9328 -0.0032 -0.3604
vn 0.9318 -0.0036 -0.3628
vn 0.3996 0.0017 -0.9167
vn 0.4027 0.0013 -0.9153
vn -0.9108 0.0411 -0.4107
vn -0.3532 0.0408 -0.9347
vn -0.9324 0.0393 0.3593
vn -0.3980 0.0360 0.9167
vn 0.3717 0.0332 0.9278
vn 0.9186 0.0330 0.3938
vn 0.9301 0.0354 -0.3655
vn 0.4064 0.0386 -0.9129
vn -0.9097 -0.0057 -0.4153
vn -0.3528 0.0790 -0.9324
vn -0.9324 -0.0667 0.3553
vn -0.3947 -0.0665 0.9164
vn 0.3756 -0.0053 0.9268
vn 0.9159 0.0793 0.3935
vn 0.9224 0.1379 -0.3607
vn 0.4014 0.1378 -0.9055
vn -0.9090 -0.0504 -0.4137
vn -0.3647 0.1211 -0.9232
vn -0.9218 -0.1714 0.3478
vn -0.3870 -0.1678 0.9067
vn 0.3729 -0.0419 0.9269
vn 0.9049 0.1293 0.4055
vn 0.9062 0.2460 -0.3440
vn 0.3838 0.2427 -0.8909
vn -0.9138 -0.0669 -0.4005
vn -0.3811 0.1222 -0.9164
vn -0.9159 -0.1948 0.3509
vn -0.3906 -0.1879 0.9012
vn 0.3580 -0.0503 0.9324
vn 0.8956 0.1386 0.4227
vn 0.9038 0.2682 -0.3336
vn 0.3735 0.2615 -0.8900
vn -0.9142 -0.0615 -0.4005
vn -0.3744 0.0917 -0.9227
vn -0.9209 -0.1575 0.3565
vn -0.3962 -0.1414 0.9072
vn 0.3548 -0.0229 0.9346
vn 0.8979 0.1298 0.4206
vn 0.9127 0.2275 -0.3395
vn 0.3848 0.2119 -0.8984
vn -0.9139 -0.0541 -0.4024
vn -0.3691 0.0655 -0.9271
vn -0.9262 -0.1197 0.3575
vn -0.4033 -0.0939 0.9102
vn 0.3514 0.0085 0.9362
vn 0.8996 0.1284 0.4174
vn 0.9177 0.1953 -0.3459
vn 0.3914 0.1692 -0.9045
vn -0.9189 -0.0033 -0.3944
vn -0.3764 0.0507 -0.9251
vn -0.9327 -0.0331 0.3593
vn -0.4165 -0.0224 0.9088
vn 0.3411 0.0234 0.9397
vn 0.9041 0.0788 0.4199
vn 0.9286 0.1106 -0.3543
vn 0.3919 0.0984 -0.9147
vn -0.9121 0.1200 -0.3921
vn -0.3786 0.0533 -0.9240
vn -0.9240 0.1387 0.3563
vn -0.4149 0.0996 0.9044
vn 0.3379 0.0238 0.9409
vn 0.9053 -0.0459 0.4224
vn 0.9305 -0.0667 -0.3603
vn 0.3873 -0.0246 -0.9216
vn -0.8809 0.2472 -0.4037
vn -0.3654 0.0584 -0.9290
vn -0.8842 0.3143 0.3456
vn -0.3806 0.2240 0.8972
vn 0.3515 0.0253 0.9359
vn 0.8905 -0.1693 0.4224
vn 0.9047 -0.2418 -0.3509
vn 0.3775 -0.1458 -0.9144
vn -0.8768 0.2292 -0.4228
vn -0.3399 0.0262 -0.9401
vn -0.8819 0.3170 0.3490
vn -0.3509 0.2360 0.9062
vn 0.3889 0.0379 0.9205
vn 0.9027 -0.1591 0.3999
vn 0.9052 -0.2436 -0.3482
vn 0.3973 -0.1686 -0.9020
vn -0.9076 0.0696 -0.4140
vn -0.3432 -0.0172 -0.9391
vn -0.9192 0.1366 0.3693
vn -0.3645 0.1415 0.9204
vn 0.3999 0.0834 0.9127
vn 0.9250 -0.0010 0.3801
vn 0.9293 -0.0641 -0.3638
vn 0.4140 -0.0714 -0.9075
vn -0.9144 -0.0880 -0.3952
vn -0.3584 -0.0566 -0.9319
vn -0.9233 -0.0435 0.3817
vn -0.3778 0.0500 0.9245
vn 0.3836 0.1353 0.9135
vn 0.9130 0.1632 0.3739
vn 0.9187 0.1198 -0.3763
vn 0.3999 0.0298 -0.9161
vn -0.9116 -0.1499 -0.3829
vn -0.3752 -0.0784 -0.9236
vn -0.9180 -0.1117 0.3806
vn -0.3909 0.0139 0.9203
vn 0.3616 0.1533 0.9197
vn 0.8977 0.2247 0.3789
vn 0.9041 0.1864 -0.3844
vn 0.3772 0.0610 -0.9241
vn -0.9115 -0.1496 -0.3831
vn -0.3749 -0.0798 -0.9236
vn -0.9180 -0.1112 0.3807
vn -0.3905 0.0131 0.9205
vn 0.3619 0.1503 0.9200
vn 0.8986 0.2202 0.3795
vn 0.9051 0.1817 -0.3845
vn 0.3775 0.0575 -0.9242
vn -0.7586 0.0676 -0.6480
vn -0.7545 0.0679 -0.6527
vn -0.0723 0.0337 -0.9968
vn -0.0795 0.0342 -0.9963
vn -0.9935 0.0854 0.0747
vn -0.9936 0.0864 0.0730
vn -0.6533 0.0776 0.7532
vn -0.6504 0.0783 0.7556
vn 0.0676 0.0486 0.9965
vn 0.0747 0.0485 0.9960
vn 0.7533 0.0148 0.6575
vn 0.7575 0.0143 0.6527
vn 0.9974 -0.0037 -0.0717
vn 0.9973 -0.0041 -0.0735
vn 0.6506 0.0044 -0.7594
vn 0.6536 0.0039 -0.7569
vn -0.7507 0.0447 -0.6592
vn -0.0635 0.0416 -0.9971
vn -0.9965 0.0448 0.0710
vn -0.6487 0.0413 0.7600
vn 0.0832 0.0365 0.9959
vn 0.7622 0.0336 0.6465
vn 0.9966 0.0340 -0.0756
vn 0.6568 0.0373 -0.7531
vn -0.7487 -0.0093 -0.6629
vn -0.0634 0.0680 -0.9957
vn -0.9959 -0.0594 0.0685
vn -0.6462 -0.0514 0.7615
vn 0.0861 0.0096 0.9962
vn 0.7590 0.0864 0.6453
vn 0.9882 0.1344 -0.0738
vn 0.6508 0.1269 -0.7486
vn -0.7475 -0.0612 -0.6614
vn -0.0756 0.0984 -0.9923
vn -0.9846 -0.1621 0.0657
vn -0.6383 -0.1426 0.7564
vn 0.0816 -0.0148 0.9966
vn 0.7444 0.1437 0.6521
vn 0.9683 0.2409 -0.0657
vn 0.6313 0.2224 -0.7429
vn -0.7545 -0.0793 -0.6514
vn -0.0923 0.0976 -0.9909
vn -0.9800 -0.1866 0.0689
vn -0.6411 -0.1625 0.7501
vn 0.0659 -0.0210 0.9976
vn 0.7310 0.1561 0.6643
vn 0.9625 0.2648 -0.0589
vn 0.6207 0.2406 -0.7462
vn -0.7572 -0.0659 -0.6499
vn -0.0875 0.0729 -0.9935
vn -0.9870 -0.1440 0.0721
vn -0.6487 -0.1168 0.7520
vn 0.0617 -0.0003 0.9981
vn 0.7347 0.1387 0.6641
vn 0.9739 0.2186 -0.0612
vn 0.6323 0.1914 -0.7507
vn -0.7566 -0.0491 -0.6520
vn -0.0805 0.0532 -0.9953
vn -0.9925 -0.0991 0.0714
vn -0.6545 -0.0682 0.7530
vn 0.0613 0.0257 0.9978
vn 0.7397 0.1282 0.6606
vn 0.9817 0.1792 -0.0651
vn 0.6413 0.1480 -0.7529
vn -0.7591 -0.0153 -0.6508
vn -0.0823 0.0463 -0.9955
vn -0.9966 -0.0445 0.0694
vn -0.6611 -0.0248 0.7499
vn 0.0576 0.0329 0.9978
vn 0.7443 0.0954 0.6610
vn 0.9897 0.1255 -0.0690
vn 0.6443 0.1050 -0.7575
vn -0.7602 0.0451 -0.6482
vn -0.0826 0.0442 -0.9956
vn -0.9966 0.0420 0.0708
vn -0.6614 0.0367 0.7492
vn 0.0577 0.0322 0.9978
vn 0.7482 0.0312 0.6627
vn 0.9970 0.0344 -0.0693
vn 0.6488 0.0398 -0.7599
vn -0.7521 0.1106 -0.6497
vn -0.0765 0.0453 -0.9960
vn -0.9883 0.1350 0.0703
vn -0.6534 0.1049 0.7497
vn 0.0638 0.0372 0.9973
vn 0.7502 -0.0293 0.6605
vn 0.9960 -0.0547 -0.0704
vn 0.6503 -0.0235 -0.7593
vn -0.7392 0.1324 -0.6603
vn -0.0573 0.0644 -0.9963
vn -0.9870 0.1467 0.0659
vn -0.6476 0.0978 0.7556
vn 0.0787 0.0148 0.9968
vn 0.7584 -0.0529 0.6496
vn 0.9950 -0.0660 -0.0743
vn 0.6579 -0.0175 -0.7529
vn -0.7403 0.1107 -0.6631
vn -0.0518 0.1091 -0.9927
vn -0.9956 0.0693 0.0629
vn -0.6547 0.0090 0.7558
vn 0.0779 -0.0337 0.9964
vn 0.7600 -0.0338 0.6490
vn 0.9975 0.0077 -0.0705
vn 0.6630 0.0665 -0.7457
vn -0.7459 0.0937 -0.6594
vn -0.0590 0.1587 -0.9856
vn -0.9982 -0.0031 0.0594
vn -0.6593 -0.0746 0.7481
vn 0.0705 -0.0778 0.9945
vn 0.7548 -0.0114 0.6559
vn 0.9946 0.0846 -0.0603
vn 0.6584 0.1547 -0.7367
vn -0.7526 0.0880 -0.6526
vn -0.0681 0.1783 -0.9816
vn -0.9976 -0.0304 0.0621
vn -0.6597 -0.1076 0.7438
vn 0.0632 -0.0983 0.9932
vn 0.7476 -0.0080 0.6640
vn 0.9926 0.1104 -0.0507
vn 0.6547 0.1876 -0.7322
vn -0.7525 0.0859 -0.6530
vn -0.0680 0.1752 -0.9822
vn -0.9976 -0.0317 0.0619
vn -0.6597 -0.1086 0.7437
vn 0.0633 -0.0999 0.9930
vn 0.7478 -0.0105 0.6638
vn 0.9929 0.1070 -0.0511
vn 0.6550 0.1840 -0.7329
vn -0.6407 0.1040 -0.7607
vn -0.6324 0.1022 -0.7679
vn 0.0847 -0.0343 -0.9958
vn 0.0870 -0.0350 -0.9956
vn -0.9768 0.2013 -0.0727
vn -0.9756 0.2002 -0.0902
vn -0.7338 0.1996 0.6494
vn -0.7422 0.2021 0.6390
vn -0.0701 0.1039 0.9921
vn -0.0718 0.1072 0.9916
vn 0.6356 -0.0298 0.7714
vn 0.6437 -0.0292 0.7647
vn 0.9862 -0.1270 0.1059
vn 0.9878 -0.1277 0.0887
vn 0.7652 -0.1306 -0.6304
vn 0.7560 -0.1298 -0.6415
vn -0.6081 0.1780 -0.7737
vn 0.0988 0.0632 -0.9931
vn -0.9709 0.2123 -0.1112
vn -0.7659 0.1446 0.6265
vn -0.0922 0.0109 0.9957
vn 0.6429 -0.1095 0.7581
vn 0.9877 -0.1415 0.0668
vn 0.7545 -0.0683 -0.6527
vn -0.5699 0.3620 -0.7377
vn 0.1407 0.2948 -0.9451
vn -0.9637 0.2443 -0.1080
vn -0.7977 0.0004 0.6031
vn -0.1355 -0.2287 0.9640
vn 0.6166 -0.2957 0.7296
vn 0.9849 -0.1621 0.0611
vn 0.7775 0.0817 -0.6235
vn -0.5404 0.5374 -0.6474
vn 0.1820 0.5161 -0.8370
vn -0.9594 0.2711 -0.0784
vn -0.8193 -0.1415 0.5556
vn -0.1773 -0.4561 0.8721
vn 0.5789 -0.4719 0.6650
vn 0.9805 -0.1842 0.0693
vn 0.8067 0.2229 -0.5473
vn -0.5433 0.5991 -0.5882
vn 0.1966 0.5883 -0.7844
vn -0.9606 0.2757 -0.0354
vn -0.8136 -0.1918 0.5489
vn -0.1908 -0.5311 0.8255
vn 0.5476 -0.5451 0.6348
vn 0.9713 -0.2227 0.0834
vn 0.8258 0.2481 -0.5064
vn -0.5517 0.5847 -0.5947
vn 0.1827 0.5393 -0.8221
vn -0.9528 0.3033 -0.0096
vn -0.7972 -0.1355 0.5883
vn -0.1804 -0.4800 0.8585
vn 0.5467 -0.5332 0.6457
vn 0.9637 -0.2590 0.0649
vn 0.8155 0.1875 -0.5475
vn -0.5463 0.5790 -0.6052
vn 0.1733 0.4924 -0.8529
vn -0.9388 0.3445 0.0057
vn -0.7794 -0.0722 0.6224
vn -0.1619 -0.4296 0.8884
vn 0.5571 -0.5197 0.6477
vn 0.9571 -0.2874 0.0362
vn 0.7983 0.1329 -0.5874
vn -0.5522 0.5427 -0.6328
vn 0.1765 0.4574 -0.8716
vn -0.9466 0.3224 -0.0055
vn -0.7713 -0.0704 0.6326
vn -0.1394 -0.4009 0.9055
vn 0.5750 -0.4796 0.6628
vn 0.9631 -0.2647 0.0494
vn 0.8021 0.1213 -0.5848
vn -0.5720 0.4510 -0.6852
vn 0.1712 0.4228 -0.8899
vn -0.9723 0.2264 -0.0579
vn -0.7828 -0.1156 0.6114
vn -0.1286 -0.3677 0.9210
vn 0.5968 -0.3868 0.7030
vn 0.9814 -0.1676 0.0932
vn 0.8098 0.1652 -0.5629
vn -0.5900 0.3569 -0.7243
vn 0.1593 0.3935 -0.9054
vn -0.9868 0.1267 -0.1010
vn -0.7930 -0.1580 0.5883
vn -0.1337 -0.3282 0.9351
vn 0.5999 -0.2881 0.7464
vn 0.9884 -0.0634 0.1378
vn 0.8104 0.2178 -0.5439
vn -0.6041 0.3077 -0.7351
vn 0.1386 0.3418 -0.9295
vn -0.9879 0.1142 -0.1054
vn -0.7986 -0.1244 0.5889
vn -0.1493 -0.2716 0.9508
vn 0.5895 -0.2423 0.7705
vn 0.9882 -0.0505 0.1445
vn 0.8029 0.1929 -0.5640
vn -0.6040 0.3122 -0.7332
vn 0.1298 0.2717 -0.9536
vn -0.9781 0.1902 -0.0840
vn -0.7882 -0.0212 0.6151
vn -0.1455 -0.2019 0.9685
vn 0.5883 -0.2481 0.7697
vn 0.9844 -0.1288 0.1198
vn 0.7945 0.0883 -0.6008
vn -0.5972 0.3192 -0.7358
vn 0.1253 0.2021 -0.9713
vn -0.9607 0.2692 -0.0677
vn -0.7638 0.0844 0.6399
vn -0.1242 -0.1288 0.9839
vn 0.5946 -0.2483 0.7647
vn 0.9742 -0.2026 0.0996
vn 0.7810 -0.0154 -0.6243
vn -0.5879 0.3140 -0.7455
vn 0.1258 0.1666 -0.9780
vn -0.9519 0.2977 -0.0729
vn -0.7529 0.1275 0.6456
vn -0.1078 -0.0970 0.9894
vn 0.6059 -0.2443 0.7571
vn 0.9700 -0.2282 0.0844
vn 0.7710 -0.0579 -0.6342
vn -0.5884 0.3121 -0.7459
vn 0.1256 0.1659 -0.9781
vn -0.9528 0.2947 -0.0736
vn -0.7540 0.1238 0.6451
vn -0.1085 -0.1004 0.9890
vn 0.6055 -0.2466 0.7567
vn 0.9697 -0.2291 0.0844
vn 0.7710 -0.0583 -0.6342
vn -0.9839 0.0794 0.1602
vn -0.9848 0.0795 0.1542
vn -0.8079 0.0318 -0.5885
vn -0.8119 0.0323 -0.5829
vn -0.5830 0.1027 0.8059
vn -0.5844 0.1035 0.8048
vn 0.1550 0.0892 0.9839
vn 0.1585 0.0899 0.9833
vn 0.8057 0.0467 0.5905
vn 0.8097 0.0465 0.5850
vn 0.9885 -0.0007 -0.1515
vn 0.9875 -0.0012 -0.1576
vn 0.5886 -0.0249 -0.8080
vn 0.5871 -0.0252 -0.8091
vn -0.1602 -0.0111 -0.9870
vn -0.1566 -0.0116 -0.9876
vn -0.9874 0.0575 0.1476
vn -0.8026 0.0395 -0.5952
vn -0.5881 0.0637 0.8063
vn 0.1623 0.0541 0.9853
vn 0.8147 0.0344 0.5788
vn 0.9861 0.0169 -0.1653
vn 0.5856 0.0114 -0.8105
vn -0.1515 0.0207 -0.9882
vn -0.9895 0.0049 0.1444
vn -0.8008 0.0654 -0.5953
vn -0.5908 -0.0377 0.8060
vn 0.1642 -0.0363 0.9858
vn 0.8167 0.0081 0.5770
vn 0.9839 0.0683 -0.1650
vn 0.5830 0.1094 -0.8051
vn -0.1505 0.1082 -0.9827
vn -0.9883 -0.0458 0.1455
vn -0.8056 0.0952 -0.5847
vn -0.5871 -0.1382 0.7976
vn 0.1640 -0.1256 0.9784
vn 0.8138 -0.0158 0.5810
vn 0.9807 0.1245 -0.1509
vn 0.5781 0.2137 -0.7875
vn -0.1573 0.2018 -0.9667
vn -0.9856 -0.0586 0.1586
vn -0.8157 0.0960 -0.5705
vn -0.5827 -0.1566 0.7975
vn 0.1562 -0.1418 0.9775
vn 0.8041 -0.0226 0.5940
vn 0.9821 0.1322 -0.1341
vn 0.5801 0.2317 -0.7809
vn -0.1668 0.2167 -0.9619
vn -0.9858 -0.0416 0.1629
vn -0.8149 0.0667 -0.5758
vn -0.5829 -0.1042 0.8058
vn 0.1543 -0.0857 0.9843
vn 0.8020 0.0031 0.5973
vn 0.9844 0.1113 -0.1360
vn 0.5870 0.1757 -0.7903
vn -0.1618 0.1573 -0.9742
vn -0.9870 -0.0221 0.1593
vn -0.8118 0.0408 -0.5826
vn -0.5876 -0.0496 0.8076
vn 0.1511 -0.0261 0.9882
vn 0.8018 0.0350 0.5966
vn 0.9848 0.0982 -0.1431
vn 0.5876 0.1263 -0.7992
vn -0.1589 0.1024 -0.9820
vn -0.9870 0.0327 0.1577
vn -0.8125 0.0580 -0.5800
vn -0.5938 0.0107 0.8046
vn 0.1437 0.0048 0.9896
vn 0.8015 0.0189 0.5976
vn 0.9877 0.0447 -0.1501
vn 0.5843 0.0668 -0.8088
vn -0.1649 0.0721 -0.9837
vn -0.9771 0.1450 0.1558
vn -0.8048 0.1351 -0.5780
vn -0.5907 0.0928 0.8015
vn 0.1411 0.0076 0.9900
vn 0.7999 -0.0616 0.5970
vn 0.9848 -0.0726 -0.1577
vn 0.5777 -0.0180 -0.8161
vn -0.1667 0.0683 -0.9836
vn -0.9520 0.2623 0.1580
vn -0.7857 0.2179 -0.5789
vn -0.5674 0.1778 0.8040
vn 0.1516 0.0119 0.9884
vn 0.7917 -0.1403 0.5946
vn 0.9699 -0.1878 -0.1552
vn 0.5728 -0.1005 -0.8135
vn -0.1582 0.0686 -0.9850
vn -0.9511 0.2617 0.1643
vn -0.7867 0.1851 -0.5889
vn -0.5433 0.2045 0.8143
vn 0.1839 0.0503 0.9817
vn 0.8056 -0.1104 0.5820
vn 0.9708 -0.1863 -0.1509
vn 0.5828 -0.1337 -0.8015
vn -0.1452 0.0198 -0.9892
vn -0.9750 0.1374 0.1748
vn -0.8118 0.0390 -0.5827
vn -0.5471 0.1739 0.8188
vn 0.1979 0.1291 0.9717
vn 0.8241 0.0316 0.5655
vn 0.9849 -0.0632 -0.1613
vn 0.5877 -0.1020 -0.8026
vn -0.1549 -0.0608 -0.9861
vn -0.9821 0.0161 0.1876
vn -0.8209 -0.1033 -0.5616
vn -0.5577 0.1478 0.8168
vn 0.1880 0.2138 0.9586
vn 0.8191 0.1783 0.5452
vn 0.9813 0.0629 -0.1820
vn 0.5792 -0.0676 -0.8124
vn -0.1675 -0.1376 -0.9762
vn -0.9821 -0.0320 0.1857
vn -0.8194 -0.1610 -0.5501
vn -0.5718 0.1377 0.8087
vn 0.1712 0.2487 0.9533
vn 0.8111 0.2359 0.5352
vn 0.9738 0.1070 -0.2006
vn 0.5637 -0.0627 -0.8236
vn -0.1793 -0.1738 -0.9683
vn -0.9820 -0.0324 0.1860
vn -0.8194 -0.1609 -0.5502
vn -0.5717 0.1359 0.8091
vn 0.1713 0.2452 0.9542
vn 0.8117 0.2316 0.5362
vn 0.9743 0.1030 -0.2001
vn 0.5639 -0.0652 -0.8232
vn -0.1791 -0.1745 -0.9682
vn -0.4877 0.1655 0.8572
vn -0.4916 0.1650 0.8550
vn -0.9628 0.0232 0.2691
vn -0.9612 0.0244 0.2747
vn 0.2669 0.2244 0.9373
vn 0.2665 0.2247 0.9373
vn 0.8658 0.1677 0.4715
vn 0.8677 0.1674 0.4681
vn 0.9617 0.0276 -0.2726
vn 0.9601 0.0265 -0.2782
vn 0.4931 -0.1147 -0.8624
vn 0.4892 -0.1154 -0.8645
vn -0.2689 -0.1750 -0.9471
vn -0.2693 -0.1751 -0.9470
vn -0.8727 -0.1171 -0.4740
vn -0.8707 -0.1177 -0.4774
vn -0.4955 0.1416 0.8570
vn -0.9648 0.0230 0.2618
vn 0.2680 0.1910 0.9443
vn 0.8719 0.1409 0.4689
vn 0.9584 0.0218 -0.2846
vn 0.4828 -0.0953 -0.8705
vn -0.2712 -0.1428 -0.9519
vn -0.8690 -0.0943 -0.4858
vn -0.5032 0.0606 0.8620
vn -0.9677 0.0327 0.2502
vn 0.2704 0.0661 0.9605
vn 0.8802 0.0452 0.4725
vn 0.9556 0.0111 -0.2946
vn 0.4735 -0.0157 -0.8807
vn -0.2742 -0.0203 -0.9615
vn -0.8663 -0.0005 -0.4995
vn -0.4944 -0.0219 0.8690
vn -0.9635 0.0471 0.2636
vn 0.2702 -0.0633 0.9607
vn 0.8746 -0.0528 0.4820
vn 0.9598 0.0036 -0.2807
vn 0.4821 0.0723 -0.8731
vn -0.2695 0.1131 -0.9563
vn -0.8654 0.1028 -0.4904
vn -0.4661 0.0407 0.8838
vn -0.9523 0.0349 0.3032
vn 0.2754 0.0382 0.9606
vn 0.8626 0.0282 0.5051
vn 0.9708 0.0161 -0.2393
vn 0.5122 0.0101 -0.8588
vn -0.2684 0.0144 -0.9632
vn -0.8830 0.0246 -0.4687
vn -0.4709 0.2264 0.8526
vn -0.9483 -0.0147 0.3171
vn 0.2572 0.3498 0.9008
vn 0.8409 0.2942 0.4542
vn 0.9639 0.0878 -0.2515
vn 0.5313 -0.1611 -0.8317
vn -0.2413 -0.3041 -0.9216
vn -0.8704 -0.2407 -0.4295
vn -0.5214 0.3819 0.7631
vn -0.9430 -0.0709 0.3250
vn 0.1832 0.6243 0.7594
vn 0.7808 0.5315 0.3284
vn 0.9424 0.1507 -0.2987
vn 0.5531 -0.3152 -0.7712
vn -0.1856 -0.5866 -0.7884
vn -0.8154 -0.4805 -0.3227
vn -0.5921 0.4874 0.6418
vn -0.9635 -0.0456 0.2636
vn 0.1120 0.7538 0.6475
vn 0.7541 0.5984 0.2705
vn 0.9544 0.0956 -0.2827
vn 0.5721 -0.4608 -0.6785
vn -0.1596 -0.7249 -0.6701
vn -0.7909 -0.5463 -0.2757
vn -0.6258 0.5928 0.5069
vn -0.9909 0.0743 0.1123
vn 0.0961 0.7883 0.6077
vn 0.7736 0.5329 0.3427
vn 0.9883 -0.0428 -0.1465
vn 0.5923 -0.5829 -0.5562
vn -0.1557 -0.7557 -0.6362
vn -0.8026 -0.4786 -0.3560
vn -0.6056 0.7061 0.3670
vn -0.9788 0.2005 -0.0416
vn 0.1135 0.8220 0.5581
vn 0.7761 0.4725 0.4176
vn 0.9879 -0.1541 0.0154
vn 0.6020 -0.6838 -0.4122
vn -0.1475 -0.7867 -0.5995
vn -0.7972 -0.4133 -0.4400
vn -0.5742 0.7682 0.2829
vn -0.9691 0.2298 -0.0898
vn 0.1529 0.8654 0.4771
vn 0.7930 0.4722 0.3848
vn 0.9807 -0.1865 0.0591
vn 0.6017 -0.7339 -0.3152
vn -0.1339 -0.8443 -0.5188
vn -0.7900 -0.4421 -0.4248
vn -0.5700 0.7751 0.2728
vn -0.9809 0.1932 -0.0206
vn 0.1698 0.9043 0.3916
vn 0.8084 0.5212 0.2735
vn 0.9882 -0.1529 -0.0122
vn 0.6022 -0.7378 -0.3049
vn -0.1401 -0.8899 -0.4340
vn -0.8037 -0.5038 -0.3167
vn -0.5764 0.7769 0.2533
vn -0.9854 0.1638 0.0473
vn 0.1631 0.9406 0.2977
vn 0.8064 0.5698 0.1580
vn 0.9885 -0.1240 -0.0861
vn 0.5967 -0.7460 -0.2956
vn -0.1524 -0.9260 -0.3454
vn -0.8129 -0.5462 -0.2023
vn -0.5879 0.7747 0.2328
vn -0.9875 0.1443 0.0635
vn 0.1555 0.9552 0.2517
vn 0.8070 0.5804 0.1093
vn 0.9852 -0.1303 -0.1111
vn 0.5855 -0.7607 -0.2804
vn -0.1578 -0.9410 -0.2992
vn -0.8091 -0.5663 -0.1568
vn -0.5878 0.7741 0.2349
vn -0.9874 0.1444 0.0641
vn 0.1556 0.9544 0.2550
vn 0.8072 0.5794 0.1125
vn 0.9854 -0.1310 -0.1089
vn 0.5857 -0.7607 -0.2797
vn -0.1575 -0.9409 -0.2997
vn -0.8092 -0.5660 -0.1573
vn -0.8542 0.3116 0.4161
vn -0.8551 0.3130 0.4134
vn -0.9499 0.0702 -0.3045
vn -0.9540 0.0747 -0.2905
vn -0.2710 0.3850 0.8822
vn -0.2596 0.3859 0.8853
vn 0.4744 0.2514 0.8437
vn 0.4914 0.2461 0.8354
vn 0.9523 -0.0195 0.3044
vn 0.9567 -0.0251 0.2900
vn 0.8636 -0.2681 -0.4269
vn 0.8624 -0.2681 -0.4293
vn 0.2536 -0.3409 -0.9052
vn 0.2656 -0.3412 -0.9017
vn -0.5029 -0.1956 -0.8419
vn -0.4859 -0.2012 -0.8505
vn -0.8711 0.2058 0.4460
vn -0.9528 -0.0029 -0.3037
vn -0.2530 0.3011 0.9194
vn 0.5125 0.2270 0.8281
vn 0.9674 0.0361 0.2507
vn 0.8707 -0.1600 -0.4651
vn 0.2883 -0.2543 -0.9231
vn -0.4621 -0.1928 -0.8656
vn -0.8618 -0.0759 0.5015
vn -0.9444 -0.1707 -0.2811
vn -0.2349 0.0812 0.9686
vn 0.5216 0.1985 0.8298
vn 0.9543 0.2105 0.2119
vn 0.8486 0.1175 -0.5159
vn 0.2760 -0.0279 -0.9608
vn -0.4581 -0.1472 -0.8766
vn -0.7825 -0.3567 0.5103
vn -0.9038 -0.3366 -0.2644
vn -0.1833 -0.1426 0.9727
vn 0.5149 0.1683 0.8406
vn 0.8953 0.3867 0.2212
vn 0.7613 0.3960 -0.5133
vn 0.1994 0.1974 -0.9598
vn -0.4861 -0.1027 -0.8679
vn -0.7493 -0.4233 0.5093
vn -0.8907 -0.3891 -0.2350
vn -0.1845 -0.2026 0.9617
vn 0.4836 0.1479 0.8627
vn 0.8669 0.4258 0.2591
vn 0.7317 0.4644 -0.4989
vn 0.1541 0.2389 -0.9587
vn -0.5202 -0.1160 -0.8461
vn -0.7975 -0.3065 0.5196
vn -0.9160 -0.3322 -0.2249
vn -0.2323 -0.0956 0.9679
vn 0.4629 0.1823 0.8675
vn 0.8916 0.3692 0.2621
vn 0.7877 0.3500 -0.5069
vn 0.1996 0.1305 -0.9712
vn -0.5101 -0.1539 -0.8462
vn -0.8377 -0.1895 0.5122
vn -0.9324 -0.2735 -0.2362
vn -0.2657 0.0163 0.9639
vn 0.4575 0.2264 0.8599
vn 0.9139 0.3185 0.2518
vn 0.8274 0.2356 -0.5098
vn 0.2430 0.0254 -0.9697
vn -0.4885 -0.1858 -0.8525
vn -0.8617 -0.1070 0.4959
vn -0.9461 -0.2065 -0.2495
vn -0.2838 0.0676 0.9565
vn 0.4609 0.2174 0.8604
vn 0.9342 0.2530 0.2516
vn 0.8465 0.1509 -0.5106
vn 0.2520 -0.0270 -0.9673
vn -0.4893 -0.1742 -0.8545
vn -0.8745 -0.0129 0.4849
vn -0.9598 -0.1061 -0.2598
vn -0.2880 0.1007 0.9523
vn 0.4695 0.1694 0.8665
vn 0.9527 0.1510 0.2637
vn 0.8638 0.0552 -0.5007
vn 0.2577 -0.0601 -0.9644
vn -0.4964 -0.1261 -0.8589
vn -0.8762 0.0876 0.4740
vn -0.9623 -0.0014 -0.2721
vn -0.2860 0.1400 0.9480
vn 0.4752 0.1248 0.8710
vn 0.9601 0.0493 0.2752
vn 0.8713 -0.0418 -0.4890
vn 0.2629 -0.0936 -0.9603
vn -0.4955 -0.0763 -0.8652
vn -0.8752 0.1099 0.4712
vn -0.9563 0.0454 -0.2888
vn -0.2745 0.1236 0.9536
vn 0.4903 0.0777 0.8681
vn 0.9632 -0.0000 0.2687
vn 0.8718 -0.0636 -0.4858
vn 0.2766 -0.0764 -0.9579
vn -0.4779 -0.0316 -0.8779
vn -0.8783 0.0392 0.4766
vn -0.9565 0.0297 -0.2902
vn -0.2741 0.0385 0.9609
vn 0.4926 0.0283 0.8698
vn 0.9638 0.0145 0.2663
vn 0.8730 0.0054 -0.4878
vn 0.2814 0.0061 -0.9596
vn -0.4727 0.0160 -0.8811
vn -0.8786 -0.0278 0.4767
vn -0.9584 0.0184 -0.2850
vn -0.2780 -0.0437 0.9596
vn 0.4877 -0.0195 0.8728
vn 0.9620 0.0300 0.2712
vn 0.8714 0.0756 -0.4848
vn 0.2766 0.0910 -0.9567
vn -0.4783 0.0675 -0.8756
vn -0.8751 -0.0509 0.4813
vn -0.9610 0.0188 -0.2759
vn -0.2771 -0.0769 0.9578
vn 0.4827 -0.0441 0.8747
vn 0.9594 0.0284 0.2806
vn 0.8736 0.0980 -0.4767
vn 0.2756 0.1241 -0.9532
vn -0.4843 0.0912 -0.8701
vn -0.8751 -0.0513 0.4811
vn -0.9610 0.0174 -0.2761
vn 0.4828 -0.0445 0.8746
vn 0.9595 0.0271 0.2804
vn 0.8737 0.0958 -0.4769
vn 0.2757 0.1214 -0.9536
vn -0.4843 0.0889 -0.8704
vn 0.1525 0.2284 0.9616
vn 0.1480 0.2277 0.9624
vn -0.5757 0.0262 0.8173
vn -0.5707 0.0279 0.8207
vn 0.7811 0.3116 0.5412
vn 0.7807 0.3120 0.5414
vn 0.9534 0.2303 -0.1952
vn 0.9526 0.2298 -0.1992
vn 0.5677 0.0309 -0.8226
vn 0.5628 0.0291 -0.8261
vn -0.1564 -0.1714 -0.9727
vn -0.1609 -0.1725 -0.9718
vn -0.7940 -0.2567 -0.5510
vn -0.7942 -0.2569 -0.5507
vn -0.9654 -0.1736 0.1945
vn -0.9661 -0.1746 0.1904
vn 0.1476 0.2027 0.9681
vn -0.5821 0.0248 0.8127
vn 0.7894 0.2769 0.5479
vn 0.9586 0.2021 -0.2005
vn 0.5573 0.0237 -0.8300
vn -0.1712 -0.1521 -0.9734
vn -0.8012 -0.2239 -0.5550
vn -0.9717 -0.1512 0.1815
vn 0.1557 0.1567 0.9753
vn -0.5829 0.0346 0.8118
vn 0.8036 0.2018 0.5599
vn 0.9711 0.1420 -0.1916
vn 0.5598 0.0135 -0.8285
vn -0.1793 -0.1071 -0.9780
vn -0.8132 -0.1502 -0.5623
vn -0.9803 -0.0920 0.1750
vn 0.1636 0.1138 0.9800
vn -0.5818 0.0488 0.8119
vn 0.8139 0.1281 0.5667
vn 0.9792 0.0830 -0.1853
vn 0.5633 0.0056 -0.8263
vn -0.1811 -0.0584 -0.9817
vn -0.8188 -0.0721 -0.5695
vn -0.9851 -0.0280 0.1699
vn 0.1726 0.0624 0.9830
vn -0.5776 0.0364 0.8155
vn 0.8207 0.0680 0.5673
vn 0.9818 0.0502 -0.1833
vn 0.5663 0.0197 -0.8239
vn -0.1771 -0.0058 -0.9842
vn -0.8179 -0.0117 -0.5752
vn -0.9858 0.0057 0.1680
vn 0.1772 -0.0144 0.9841
vn -0.5775 -0.0173 0.8162
vn 0.8252 0.0129 0.5647
vn 0.9814 0.0482 -0.1856
vn 0.5648 0.0707 -0.8222
vn -0.1758 0.0677 -0.9821
vn -0.8158 0.0410 -0.5768
vn -0.9862 0.0059 0.1655
vn 0.1755 -0.0914 0.9802
vn -0.5760 -0.0699 0.8145
vn 0.8235 -0.0420 0.5657
vn 0.9823 0.0488 -0.1806
vn 0.5649 0.1269 -0.8153
vn -0.1781 0.1473 -0.9729
vn -0.8179 0.0989 -0.5669
vn -0.9852 0.0092 0.1713
vn 0.1750 -0.0698 0.9821
vn -0.5640 -0.0437 0.8246
vn 0.8151 -0.0398 0.5780
vn 0.9862 0.0300 -0.1628
vn 0.5763 0.0995 -0.8111
vn -0.1793 0.1266 -0.9756
vn -0.8264 0.0947 -0.5550
vn -0.9810 0.0239 0.1927
vn 0.1754 0.0791 0.9813
vn -0.5577 0.0849 0.8257
vn 0.8115 0.0436 0.5828
vn 0.9878 -0.0020 -0.1560
vn 0.5802 -0.0313 -0.8139
vn -0.1850 -0.0255 -0.9824
vn -0.8338 0.0119 -0.5519
vn -0.9782 0.0576 0.1996
vn 0.1804 0.2309 0.9561
vn -0.5578 0.2173 0.8011
vn 0.8176 0.1283 0.5613
vn 0.9856 -0.0338 -0.1659
vn 0.5721 -0.1611 -0.8042
vn -0.1855 -0.1760 -0.9668
vn -0.8303 -0.0688 -0.5531
vn -0.9788 0.0945 0.1816
vn 0.1907 0.2223 0.9561
vn -0.5695 0.1979 0.7978
vn 0.8334 0.1299 0.5371
vn 0.9801 -0.0218 -0.1975
vn 0.5610 -0.1436 -0.8153
vn -0.1759 -0.1676 -0.9700
vn -0.8150 -0.0800 -0.5739
vn -0.9850 0.0712 0.1572
vn 0.1952 0.0612 0.9789
vn -0.5729 0.0319 0.8190
vn 0.8381 0.0692 0.5410
vn 0.9764 0.0521 -0.2095
vn 0.5553 0.0206 -0.8314
vn -0.1762 -0.0073 -0.9843
vn -0.8123 -0.0162 -0.5830
vn -0.9870 -0.0004 0.1607
vn 0.1990 -0.0975 0.9751
vn -0.5617 -0.1315 0.8168
vn 0.8355 0.0116 0.5494
vn 0.9726 0.1290 -0.1932
vn 0.5478 0.1871 -0.8154
vn -0.1878 0.1545 -0.9700
vn -0.8208 0.0494 -0.5691
vn -0.9830 -0.0694 0.1698
vn 0.1956 -0.1587 0.9678
vn -0.5519 -0.1949 0.8108
vn 0.8274 -0.0135 0.5614
vn 0.9729 0.1557 -0.1708
vn 0.5468 0.2496 -0.7992
vn -0.2008 0.2134 -0.9561
vn -0.8326 0.0683 -0.5496
vn -0.9780 -0.1010 0.1826
vn 0.1958 -0.1578 0.9679
vn -0.5521 -0.1939 0.8109
vn 0.8276 -0.0141 0.5611
vn 0.9733 0.1530 -0.1712
vn 0.5473 0.2456 -0.8000
vn -0.2007 0.2095 -0.9570
vn -0.8325 0.0658 -0.5501
vn -0.9780 -0.1013 0.1822
vn -0.9510 0.2817 0.1277
vn -0.9553 0.2752 0.1075
vn -0.8125 -0.0275 -0.5824
vn -0.8220 -0.0207 -0.5692
vn -0.5236 0.4297 0.7357
vn -0.5340 0.4309 0.7275
vn 0.1980 0.3471 0.9167
vn 0.2007 0.3491 0.9153
vn 0.8126 0.0832 0.5768
vn 0.8219 0.0780 0.5642
vn 0.9703 -0.2181 -0.1043
vn 0.9663 -0.2250 -0.1247
vn 0.5574 -0.3807 -0.7379
vn 0.5459 -0.3810 -0.7463
vn -0.1930 -0.2991 -0.9345
vn -0.1903 -0.2989 -0.9351
vn -0.9630 0.2557 0.0848
vn -0.7835 0.0400 -0.6201
vn -0.5704 0.3406 0.7474
vn 0.1798 0.2333 0.9556
vn 0.8211 -0.0034 0.5708
vn 0.9634 -0.2182 -0.1556
vn 0.5513 -0.2870 -0.7834
vn -0.1619 -0.1806 -0.9701
vn -0.9718 0.2227 0.0774
vn -0.7347 0.2333 -0.6370
vn -0.6331 0.0939 0.7683
vn 0.1186 -0.0819 0.9896
vn 0.7926 -0.1888 0.5798
vn 0.9724 -0.1637 -0.1664
vn 0.6004 -0.0324 -0.7990
vn -0.0932 0.1287 -0.9873
vn -0.9783 0.1859 0.0916
vn -0.7006 0.4269 -0.5718
vn -0.6767 -0.1581 0.7191
vn 0.0489 -0.3948 0.9175
vn 0.7460 -0.3705 0.5534
vn 0.9851 -0.1103 -0.1320
vn 0.6557 0.2201 -0.7222
vn -0.0315 0.4376 -0.8986
vn -0.9728 0.1804 0.1457
vn -0.7160 0.4747 -0.5119
vn -0.6636 -0.2025 0.7202
vn 0.0241 -0.4558 0.8897
vn 0.7050 -0.4367 0.5588
vn 0.9843 -0.1482 -0.0957
vn 0.6803 0.2445 -0.6909
vn -0.0298 0.5035 -0.8635
vn -0.9447 0.2670 0.1903
vn -0.7383 0.4245 -0.5242
vn -0.6105 -0.0261 0.7915
vn 0.0660 -0.2907 0.9545
vn 0.7138 -0.3811 0.5876
vn 0.9635 -0.2390 -0.1210
vn 0.6393 0.0647 -0.7663
vn -0.0810 0.3449 -0.9351
vn -0.9092 0.3685 0.1939
vn -0.7436 0.3789 -0.5510
vn -0.5463 0.1607 0.8220
vn 0.1311 -0.1234 0.9837
vn 0.7433 -0.3244 0.5851
vn 0.9327 -0.3237 -0.1587
vn 0.5714 -0.1151 -0.8126
vn -0.1298 0.1788 -0.9753
vn -0.9105 0.3727 0.1791
vn -0.7471 0.3352 -0.5740
vn -0.5270 0.2034 0.8252
vn 0.1711 -0.0702 0.9827
vn 0.7721 -0.2870 0.5670
vn 0.9301 -0.3227 -0.1753
vn 0.5564 -0.1577 -0.8158
vn -0.1362 0.1141 -0.9841
vn -0.9418 0.2916 0.1675
vn -0.7590 0.2928 -0.5815
vn -0.5565 0.1302 0.8206
vn 0.1653 -0.0943 0.9817
vn 0.7883 -0.2470 0.5636
vn 0.9542 -0.2415 -0.1768
vn 0.5769 -0.0837 -0.8125
vn -0.1281 0.1364 -0.9823
vn -0.9628 0.2115 0.1681
vn -0.7749 0.2551 -0.5784
vn -0.5750 0.0578 0.8161
vn 0.1540 -0.1139 0.9815
vn 0.7928 -0.2030 0.5747
vn 0.9739 -0.1593 -0.1616
vn 0.5959 -0.0084 -0.8030
vn -0.1263 0.1632 -0.9785
vn -0.9732 0.1535 0.1712
vn -0.7942 0.1848 -0.5788
vn -0.5748 0.0477 0.8169
vn 0.1572 -0.0697 0.9851
vn 0.7986 -0.1313 0.5874
vn 0.9838 -0.1022 -0.1476
vn 0.6004 0.0021 -0.7997
vn -0.1378 0.1215 -0.9830
vn -0.9794 0.1085 0.1702
vn -0.8084 0.0870 -0.5821
vn -0.5715 0.0809 0.8166
vn 0.1652 0.0214 0.9860
vn 0.8064 -0.0357 0.5903
vn 0.9876 -0.0578 -0.1456
vn 0.5962 -0.0317 -0.8022
vn -0.1508 0.0285 -0.9882
vn -0.9836 0.0648 0.1683
vn -0.8137 -0.0098 -0.5813
vn -0.5715 0.1165 0.8123
vn 0.1698 0.1158 0.9786
vn 0.8114 0.0641 0.5809
vn 0.9882 -0.0091 -0.1527
vn 0.5922 -0.0619 -0.8034
vn -0.1561 -0.0626 -0.9858
vn -0.9864 0.0392 0.1594
vn -0.8130 -0.0558 -0.5796
vn -0.5821 0.1269 0.8032
vn 0.1631 0.1559 0.9742
vn 0.8125 0.1092 0.5726
vn 0.9859 0.0143 -0.1665
vn 0.5815 -0.0734 -0.8102
vn -0.1637 -0.1024 -0.9812
vn -0.9864 0.0386 0.1597
vn -0.8130 -0.0555 -0.5795
vn -0.5821 0.1249 0.8035
vn 0.1631 0.1527 0.9747
vn 0.8127 0.1059 0.5730
vn 0.9860 0.0118 -0.1663
vn 0.5816 -0.0745 -0.8100
vn -0.1636 -0.1023 -0.9812
vn -0.2765 0.4200 0.8644
vn -0.2808 0.4182 0.8639
vn -0.8466 0.0250 0.5317
vn -0.8448 0.0273 0.5344
vn 0.4441 0.5861 0.6777
vn 0.4418 0.5863 0.6790
vn 0.8981 0.4312 0.0867
vn 0.8981 0.4313 0.0858
vn 0.8232 0.0457 -0.5659
vn 0.8214 0.0437 -0.5687
vn 0.2603 -0.3476 -0.9008
vn 0.2561 -0.3495 -0.9013
vn -0.4647 -0.5177 -0.7183
vn -0.4669 -0.5180 -0.7167
vn -0.9240 -0.3623 -0.1225
vn -0.9237 -0.3628 -0.1231
vn -0.2843 0.4101 0.8666
vn -0.8523 0.0333 0.5220
vn 0.4465 0.5666 0.6925
vn 0.9080 0.4074 0.0976
vn 0.8247 0.0265 -0.5649
vn 0.2499 -0.3493 -0.9031
vn -0.4750 -0.5008 -0.7235
vn -0.9297 -0.3427 -0.1350
vn -0.2816 0.4252 0.8602
vn -0.8556 0.0646 0.5136
vn 0.4506 0.5571 0.6975
vn 0.9163 0.3828 0.1177
vn 0.8397 0.0016 -0.5431
vn 0.2612 -0.3629 -0.8944
vn -0.4769 -0.4941 -0.7269
vn -0.9381 -0.3159 -0.1424
vn -0.2891 0.4449 0.8476
vn -0.8658 0.0920 0.4918
vn 0.4520 0.5578 0.6961
vn 0.9237 0.3624 0.1242
vn 0.8452 -0.0277 -0.5337
vn 0.2622 -0.3800 -0.8871
vn -0.4768 -0.4882 -0.7310
vn -0.9423 -0.2934 -0.1614
vn -0.2912 0.3632 0.8850
vn -0.8810 0.1072 0.4608
vn 0.4836 0.4247 0.7653
vn 0.9563 0.2443 0.1605
vn 0.8381 -0.0587 -0.5423
vn 0.2323 -0.2987 -0.9257
vn -0.4991 -0.3472 -0.7939
vn -0.9558 -0.1830 -0.2302
vn -0.2826 0.1632 0.9452
vn -0.8806 0.1303 0.4556
vn 0.5065 0.1189 0.8540
vn 0.9756 0.0231 0.2184
vn 0.8399 -0.0615 -0.5392
vn 0.2252 -0.0865 -0.9705
vn -0.5045 -0.0424 -0.8624
vn -0.9572 0.0454 -0.2858
vn -0.2970 -0.0441 0.9539
vn -0.8668 0.1557 0.4737
vn 0.4705 -0.1974 0.8600
vn 0.9512 -0.2030 0.2326
vn 0.8501 -0.0620 -0.5230
vn 0.2627 0.1331 -0.9557
vn -0.4584 0.2726 -0.8459
vn -0.9215 0.2829 -0.2663
vn -0.2853 -0.1198 0.9509
vn -0.8395 0.1715 0.5155
vn 0.4405 -0.3202 0.8387
vn 0.9181 -0.3130 0.2432
vn 0.8643 -0.1001 -0.4929
vn 0.3051 0.1933 -0.9325
vn -0.4254 0.3929 -0.8153
vn -0.8980 0.3836 -0.2155
vn -0.2570 -0.0495 0.9651
vn -0.8229 0.2041 0.5302
vn 0.4606 -0.2538 0.8506
vn 0.9224 -0.2928 0.2518
vn 0.8579 -0.1413 -0.4940
vn 0.2906 0.1163 -0.9497
vn -0.4473 0.3265 -0.8327
vn -0.9077 0.3614 -0.2132
vn -0.2402 0.0280 0.9703
vn -0.8150 0.2485 0.5234
vn 0.4812 -0.1866 0.8565
vn 0.9310 -0.2706 0.2448
vn 0.8419 -0.1732 -0.5111
vn 0.2617 0.0494 -0.9639
vn -0.4654 0.2653 -0.8444
vn -0.9100 0.3472 -0.2268
vn -0.2325 0.0468 0.9715
vn -0.8104 0.2668 0.5216
vn 0.4888 -0.1782 0.8540
vn 0.9312 -0.2763 0.2379
vn 0.8352 -0.1902 -0.5160
vn 0.2573 0.0299 -0.9659
vn -0.4641 0.2548 -0.8483
vn -0.9064 0.3530 -0.2322
vn -0.2335 0.0438 0.9714
vn -0.8115 0.2639 0.5214
vn 0.4881 -0.1808 0.8539
vn 0.9306 -0.2784 0.2377
vn 0.8348 -0.1917 -0.5161
vn 0.2568 0.0284 -0.9660
vn -0.4647 0.2530 -0.8485
vn -0.9072 0.3505 -0.2324
vn -0.8236 0.4362 0.3624
vn -0.8235 0.4363 0.3626
vn -0.9656 0.0145 -0.2598
vn -0.9647 0.0121 -0.2630
vn -0.1925 0.6182 0.7620
vn -0.1962 0.6181 0.7612
vn 0.5533 0.4513 0.7002
vn 0.5487 0.4536 0.7023
vn 0.9754 0.0366 0.2175
vn 0.9746 0.0392 0.2207
vn 0.8322 -0.3825 -0.4014
vn 0.8324 -0.3823 -0.4013
vn 0.2092 -0.5642 -0.7987
vn 0.2056 -0.5641 -0.7997
vn -0.5345 -0.4022 -0.7433
vn -0.5391 -0.3999 -0.7412
vn -0.8182 0.4599 0.3451
vn -0.9631 0.0332 -0.2671
vn -0.1973 0.6351 0.7468
vn 0.5429 0.4564 0.7049
vn 0.9709 0.0240 0.2383
vn 0.8286 -0.4092 -0.3820
vn 0.1974 -0.5847 -0.7869
vn -0.5454 -0.3995 -0.7368
vn -0.8025 0.5159 0.2998
vn -0.9524 0.0719 -0.2964
vn -0.1871 0.6763 0.7124
vn 0.5429 0.4591 0.7032
vn 0.9627 -0.0154 0.2702
vn 0.8163 -0.4693 -0.3368
vn 0.1866 -0.6295 -0.7542
vn -0.5468 -0.4024 -0.7342
vn -0.7811 0.5725 0.2492
vn -0.9368 0.1095 -0.3324
vn -0.1693 0.7186 0.6745
vn 0.5480 0.4617 0.6975
vn 0.9528 -0.0536 0.2989
vn 0.7998 -0.5251 -0.2909
vn 0.1767 -0.6706 -0.7205
vn -0.5433 -0.4052 -0.7353
vn -0.7712 0.5945 0.2276
vn -0.9286 0.1199 -0.3511
vn -0.1563 0.7344 0.6605
vn 0.5561 0.4575 0.6939
vn 0.9485 -0.0740 0.3081
vn 0.7910 -0.5487 -0.2706
vn 0.1762 -0.6885 -0.7035
vn -0.5362 -0.4116 -0.7369
vn -0.7723 0.5923 0.2297
vn -0.9295 0.1179 -0.3494
vn -0.1572 0.7324 0.6625
vn 0.5555 0.4561 0.6952
vn 0.9482 -0.0747 0.3089
vn 0.7908 -0.5491 -0.2702
vn 0.1759 -0.6892 -0.7029
vn -0.5367 -0.4130 -0.7358
vn 0.5836 0.3890 -0.7128
vn 0.5829 0.3894 -0.7132
vn 0.9852 0.0341 -0.1682
vn 0.9848 0.0351 -0.1702
vn -0.1561 0.5293 -0.8340
vn -0.1596 0.5293 -0.8333
vn -0.8051 0.3731 -0.4611
vn -0.8075 0.3716 -0.4581
vn -0.9816 0.0099 0.1909
vn -0.9812 0.0087 0.1928
vn -0.5780 -0.3471 0.7385
vn -0.5788 -0.3468 0.7380
vn 0.1675 -0.4866 0.8574
vn 0.1640 -0.4867 0.8581
vn 0.8142 -0.3273 0.4796
vn 0.8118 -0.3288 0.4826
vn 0.5800 0.3687 -0.7264
vn 0.9842 0.0140 -0.1764
vn -0.1655 0.5172 -0.8397
vn -0.8102 0.3731 -0.4521
vn -0.9786 0.0236 0.2046
vn -0.5773 -0.3271 0.7481
vn 0.1606 -0.4764 0.8644
vn 0.8082 -0.3363 0.4834
vn 0.5717 0.3246 -0.7535
vn 0.9783 -0.0329 -0.2045
vn -0.1699 0.5006 -0.8488
vn -0.8065 0.3942 -0.4406
vn -0.9712 0.0710 0.2276
vn -0.5729 -0.2815 0.7698
vn 0.1606 -0.4604 0.8731
vn 0.8054 -0.3589 0.4716
vn 0.5666 0.2797 -0.7751
vn 0.9703 -0.0809 -0.2279
vn -0.1690 0.4870 -0.8569
vn -0.7998 0.4201 -0.4288
vn -0.9597 0.1211 0.2537
vn -0.5601 -0.2353 0.7943
vn 0.1678 -0.4431 0.8806
vn 0.8028 -0.3804 0.4592
vn 0.5686 0.2436 -0.7857
vn 0.9707 -0.0850 -0.2249
vn -0.1688 0.4432 -0.8804
vn -0.8049 0.3924 -0.4452
vn -0.9581 0.1213 0.2597
vn -0.5437 -0.2069 0.8134
vn 0.1871 -0.4003 0.8971
vn 0.8109 -0.3499 0.4690
vn 0.5663 0.2238 -0.7932
vn 0.9776 -0.0389 -0.2069
vn -0.1804 0.3691 -0.9117
vn -0.8211 0.3073 -0.4811
vn -0.9675 0.0744 0.2415
vn -0.5391 -0.1883 0.8210
vn 0.2012 -0.3271 0.9233
vn 0.8246 -0.2652 0.4996
vn 0.5607 0.2066 -0.8018
vn 0.9810 0.0115 -0.1938
vn -0.1924 0.2947 -0.9360
vn -0.8320 0.2212 -0.5087
vn -0.9740 0.0302 0.2244
vn -0.5407 -0.1638 0.8251
vn 0.2051 -0.2480 0.9468
vn 0.8316 -0.1757 0.5268
vn 0.5508 0.1967 -0.8111
vn 0.9795 0.0320 -0.1990
vn -0.1999 0.2600 -0.9447
vn -0.8328 0.1848 -0.5218
vn -0.9776 0.0153 0.2101
vn -0.5490 -0.1494 0.8224
vn 0.2018 -0.2127 0.9561
vn 0.8348 -0.1376 0.5330
vn 0.5509 0.1958 -0.8113
vn 0.9794 0.0299 -0.1995
vn -0.1997 0.2600 -0.9447
vn -0.8329 0.1850 -0.5217
vn -0.9776 0.0146 0.2102
vn -0.5491 -0.1513 0.8220
vn 0.2016 -0.2155 0.9555
vn 0.8348 -0.1405 0.5324
vn 0.2148 0.3361 0.9170
vn 0.2137 0.3357 0.9174
vn -0.4821 0.0203 0.8759
vn -0.4813 0.0208 0.8763
vn 0.7788 0.4678 0.4179
vn 0.7785 0.4678 0.4184
vn 0.8816 0.3391 -0.3284
vn 0.8815 0.3391 -0.3287
vn 0.4631 0.0255 -0.8859
vn 0.4623 0.0250 -0.8864
vn -0.2324 -0.2900 -0.9284
vn -0.2335 -0.2904 -0.9280
vn -0.7981 -0.4225 -0.4296
vn -0.7984 -0.4225 -0.4290
vn -0.9013 -0.2937 0.3184
vn -0.9014 -0.2938 0.3181
vn 0.2135 0.3326 0.9186
vn -0.4841 0.0218 0.8748
vn 0.7811 0.4613 0.4208
vn 0.8847 0.3317 -0.3274
vn 0.4633 0.0200 -0.8860
vn -0.2350 -0.2907 -0.9275
vn -0.8005 -0.4183 -0.4292
vn -0.9035 -0.2890 0.3166
vn 0.2151 0.3283 0.9197
vn -0.4871 0.0287 0.8729
vn 0.7870 0.4480 0.4242
vn 0.8915 0.3165 -0.3240
vn 0.4668 0.0112 -0.8843
vn -0.2363 -0.2881 -0.9280
vn -0.8053 -0.4064 -0.4317
vn -0.9089 -0.2753 0.3133
vn 0.2166 0.3268 0.9199
vn -0.4903 0.0387 0.8707
vn 0.7920 0.4368 0.4265
vn 0.8972 0.3036 -0.3208
vn 0.4700 0.0053 -0.8826
vn -0.2376 -0.2826 -0.9294
vn -0.8106 -0.3916 -0.4354
vn -0.9151 -0.2586 0.3095
vn 0.2190 0.3259 0.9197
vn -0.4901 0.0428 0.8706
vn 0.7947 0.4314 0.4269
vn 0.8999 0.2975 -0.3190
vn 0.4728 0.0026 -0.8812
vn -0.2364 -0.2805 -0.9303
vn -0.8121 -0.3860 -0.4375
vn -0.9172 -0.2521 0.3084
vn 0.2195 0.3246 0.9200
vn -0.4896 0.0413 0.8710
vn 0.7952 0.4303 0.4272
vn 0.9003 0.2964 -0.3187
vn 0.4733 0.0014 -0.8809
vn -0.2359 -0.2819 -0.9300
vn -0.8116 -0.3876 -0.4372
vn -0.9167 -0.2537 0.3088
vn -0.7548 0.4736 -0.4538
vn -0.7560 0.4760 -0.4493
vn -0.3540 0.0423 -0.9343
vn -0.3543 0.0421 -0.9342
vn -0.7103 0.6418 0.2891
vn -0.7075 0.6416 0.2962
vn -0.2407 0.4443 0.8629
vn -0.2365 0.4418 0.8654
vn 0.3810 -0.0062 0.9246
vn 0.3810 -0.0064 0.9245
vn 0.7845 -0.4425 0.4345
vn 0.7832 -0.4403 0.4391
vn 0.7314 -0.6055 -0.3136
vn 0.7343 -0.6057 -0.3066
vn 0.2588 -0.4033 -0.8777
vn 0.2631 -0.4056 -0.8754
vn -0.7766 0.4544 -0.4363
vn -0.3798 0.0080 -0.9250
vn -0.7049 0.6403 0.3053
vn -0.2143 0.4611 0.8611
vn 0.4051 0.0264 0.9139
vn 0.7984 -0.4135 0.4377
vn 0.7379 -0.6059 -0.2973
vn 0.2509 -0.4332 -0.8657
vn -0.8351 0.3743 -0.4031
vn -0.4451 -0.0946 -0.8905
vn -0.7131 0.6243 0.3190
vn -0.1683 0.5148 0.8406
vn 0.4737 0.1213 0.8723
vn 0.8521 -0.3308 0.4057
vn 0.7524 -0.5870 -0.2987
vn 0.2194 -0.4944 -0.8411
vn -0.8857 0.2880 -0.3641
vn -0.5098 -0.1927 -0.8385
vn -0.7291 0.6061 0.3181
vn -0.1412 0.5777 0.8040
vn 0.5303 0.2263 0.8171
vn 0.9021 -0.2440 0.3560
vn 0.7607 -0.5656 -0.3185
vn 0.1770 -0.5477 -0.8177
vn -0.8551 0.3292 -0.4004
vn -0.5075 -0.1631 -0.8460
vn -0.7151 0.6464 0.2661
vn -0.1570 0.6055 0.7802
vn 0.5073 0.2173 0.8339
vn 0.8776 -0.2959 0.3771
vn 0.7192 -0.6187 -0.3161
vn 0.1384 -0.5569 -0.8190
vn -0.7093 0.4986 -0.4983
vn -0.3796 -0.0102 -0.9251
vn -0.6398 0.7414 0.2024
vn -0.1955 0.5732 0.7958
vn 0.3863 0.0640 0.9202
vn 0.7421 -0.4830 0.4647
vn 0.6416 -0.7147 -0.2786
vn 0.1713 -0.5087 -0.8437
vn -0.5252 0.6561 -0.5420
vn -0.2138 0.1263 -0.9687
vn -0.5316 0.8254 0.1900
vn -0.2222 0.5293 0.8188
vn 0.2328 -0.0766 0.9695
vn 0.5618 -0.6342 0.5312
vn 0.5585 -0.7959 -0.2338
vn 0.2315 -0.4719 -0.8507
vn -0.4789 0.7025 -0.5265
vn -0.2305 0.1129 -0.9665
vn -0.4302 0.8768 0.2146
vn -0.1256 0.5548 0.8224
vn 0.2586 -0.0710 0.9634
vn 0.5095 -0.6535 0.5597
vn 0.4801 -0.8593 -0.1764
vn 0.1730 -0.5445 -0.8207
vn -0.5705 0.6583 -0.4911
vn -0.4418 -0.0043 -0.8971
vn -0.3459 0.9183 0.1928
vn 0.0799 0.6580 0.7487
vn 0.4680 0.0417 0.8827
vn 0.6086 -0.5958 0.5240
vn 0.4141 -0.8987 -0.1446
vn -0.0233 -0.6638 -0.7475
vn -0.6522 0.6111 -0.4486
vn -0.6325 -0.0973 -0.7684
vn -0.2780 0.9527 0.1226
vn 0.2582 0.7509 0.6079
vn 0.6559 0.1346 0.7428
vn 0.6961 -0.5573 0.4526
vn 0.3418 -0.9329 -0.1135
vn -0.2150 -0.7475 -0.6285
vn -0.6827 0.5805 -0.4438
vn -0.6943 -0.1381 -0.7063
vn -0.2621 0.9625 0.0701
vn 0.3202 0.7832 0.5330
vn 0.7232 0.1491 0.6743
vn 0.7115 -0.5697 0.4114
vn 0.2906 -0.9513 -0.1025
vn -0.2915 -0.7718 -0.5651
vn -0.6824 0.5811 -0.4434
vn -0.6928 -0.1368 -0.7081
vn -0.2644 0.9617 0.0721
vn 0.3165 0.7822 0.5367
vn 0.7202 0.1475 0.6779
vn 0.7098 -0.5705 0.4132
vn 0.2917 -0.9510 -0.1024
vn -0.2892 -0.7714 -0.5668
vn -0.6623 0.3212 0.6769
vn -0.6633 0.3208 0.6761
vn -0.9982 0.0242 0.0554
vn -0.9980 0.0253 0.0579
vn 0.0588 0.4418 0.8952
vn 0.0597 0.4419 0.8951
vn 0.7457 0.3172 0.5859
vn 0.7474 0.3165 0.5842
vn 0.9972 0.0192 -0.0722
vn 0.9970 0.0181 -0.0747
vn 0.6633 -0.2782 -0.6947
vn 0.6623 -0.2786 -0.6955
vn -0.0617 -0.3997 -0.9146
vn -0.0609 -0.3997 -0.9146
vn -0.7504 -0.2735 -0.6018
vn -0.7487 -0.2743 -0.6035
vn -0.6645 0.3061 0.6817
vn -0.9984 0.0174 0.0545
vn 0.0612 0.4265 0.9024
vn 0.7500 0.3073 0.5857
vn 0.9967 0.0197 -0.0794
vn 0.6604 -0.2670 -0.7019
vn -0.0602 -0.3863 -0.9204
vn -0.7466 -0.2691 -0.6084
vn -0.6641 0.2740 0.6956
vn -0.9983 0.0063 0.0585
vn 0.0627 0.3918 0.9179
vn 0.7513 0.2895 0.5931
vn 0.9961 0.0290 -0.0839
vn 0.6586 -0.2362 -0.7145
vn -0.0612 -0.3525 -0.9338
vn -0.7465 -0.2527 -0.6155
vn -0.6625 0.2436 0.7084
vn -0.9980 -0.0017 0.0636
vn 0.0637 0.3582 0.9315
vn 0.7511 0.2741 0.6006
vn 0.9954 0.0419 -0.0867
vn 0.6573 -0.2017 -0.7262
vn -0.0633 -0.3151 -0.9469
vn -0.7482 -0.2328 -0.6213
vn -0.6603 0.2305 0.7148
vn -0.9976 -0.0046 0.0695
vn 0.0631 0.3432 0.9371
vn 0.7489 0.2676 0.6063
vn 0.9953 0.0479 -0.0840
vn 0.6580 -0.1872 -0.7293
vn -0.0654 -0.3000 -0.9517
vn -0.7512 -0.2243 -0.6208
vn -0.6603 0.2298 0.7150
vn -0.9975 -0.0057 0.0698
vn 0.0632 0.3426 0.9374
vn 0.7490 0.2666 0.6066
vn 0.9954 0.0465 -0.0835
vn 0.6581 -0.1890 -0.7288
vn -0.0654 -0.3018 -0.9511
vn -0.7511 -0.2259 -0.6203
vn -0.6543 0.4977 0.5694
vn -0.6554 0.4970 0.5688
vn -0.9966 0.0173 0.0800
vn -0.9965 0.0184 0.0812
vn 0.0692 0.6963 0.7144
vn 0.0687 0.6964 0.7144
vn 0.7510 0.4991 0.4322
vn 0.7516 0.4988 0.4316
vn 0.9934 0.0210 -0.1127
vn 0.9933 0.0199 -0.1139
vn 0.6533 -0.4591 -0.6020
vn 0.6521 -0.4599 -0.6027
vn -0.0716 -0.6593 -0.7484
vn -0.0721 -0.6593 -0.7484
vn -0.7556 -0.4612 -0.4651
vn -0.7550 -0.4617 -0.4656
vn -0.6566 0.4915 0.5721
vn -0.9968 0.0167 0.0777
vn 0.0689 0.6886 0.7218
vn 0.7532 0.4912 0.4376
vn 0.9935 0.0156 -0.1130
vn 0.6504 -0.4581 -0.6059
vn -0.0732 -0.6533 -0.7536
vn -0.7547 -0.4569 -0.4709
vn -0.6534 0.4826 0.5833
vn -0.9964 0.0124 0.0840
vn 0.0724 0.6789 0.7306
vn 0.7539 0.4872 0.4407
vn 0.9931 0.0210 -0.1152
vn 0.6518 -0.4472 -0.6125
vn -0.0712 -0.6446 -0.7612
vn -0.7544 -0.4548 -0.4733
vn -0.6546 0.4726 0.5901
vn -0.9962 0.0070 0.0872
vn 0.0708 0.6719 0.7372
vn 0.7533 0.4874 0.4415
vn 0.9921 0.0280 -0.1223
vn 0.6487 -0.4364 -0.6235
vn -0.0746 -0.6345 -0.7693
vn -0.7553 -0.4511 -0.4754
vn -0.6613 0.4686 0.5858
vn -0.9977 0.0344 0.0590
vn 0.0648 0.6426 0.7635
vn 0.7558 0.4468 0.4787
vn 0.9948 -0.0047 -0.1016
vn 0.6419 -0.4398 -0.6281
vn -0.0846 -0.6034 -0.7929
vn -0.7590 -0.4068 -0.5084
vn -0.6621 0.4854 0.5710
vn -0.9936 0.1129 0.0005
vn 0.0601 0.5892 0.8057
vn 0.7542 0.3535 0.5534
vn 0.9955 -0.0851 -0.0422
vn 0.6396 -0.4586 -0.6169
vn -0.0866 -0.5481 -0.8319
vn -0.7564 -0.3114 -0.5753
vn -0.6535 0.5088 0.5604
vn -0.9785 0.1992 -0.0534
vn 0.0596 0.5346 0.8430
vn 0.7441 0.2544 0.6177
vn 0.9860 -0.1659 0.0146
vn 0.6432 -0.4733 -0.6019
vn -0.0711 -0.4894 -0.8691
vn -0.7378 -0.2115 -0.6411
vn -0.6426 0.4955 0.5845
vn -0.9783 0.2024 -0.0454
vn 0.0743 0.5068 0.8589
vn 0.7459 0.2346 0.6233
vn 0.9869 -0.1598 0.0218
vn 0.6618 -0.4501 -0.5996
vn -0.0464 -0.4681 -0.8824
vn -0.7287 -0.1987 -0.6554
vn -0.6483 0.4410 0.6207
vn -0.9937 0.1119 0.0100
vn 0.0790 0.5181 0.8517
vn 0.7550 0.3057 0.5800
vn 0.9972 -0.0688 -0.0286
vn 0.6712 -0.3931 -0.6284
vn -0.0444 -0.4807 -0.8758
vn -0.7397 -0.2732 -0.6149
vn -0.6562 0.3849 0.6490
vn -0.9980 0.0214 0.0601
vn 0.0718 0.5317 0.8439
vn 0.7528 0.3796 0.5378
vn 0.9962 0.0215 -0.0846
vn 0.6658 -0.3369 -0.6658
vn -0.0529 -0.4891 -0.8706
vn -0.7453 -0.3422 -0.5722
vn -0.6615 0.3589 0.6585
vn -0.9967 -0.0126 0.0798
vn 0.0601 0.5327 0.8442
vn 0.7455 0.4068 0.5279
vn 0.9930 0.0551 -0.1049
vn 0.6577 -0.3165 -0.6836
vn -0.0641 -0.4902 -0.8693
vn -0.7494 -0.3643 -0.5529
vn -0.6614 0.3587 0.6587
vn -0.9967 -0.0124 0.0798
vn 0.0603 0.5314 0.8449
vn 0.7458 0.4046 0.5293
vn 0.9933 0.0525 -0.1034
vn 0.6579 -0.3187 -0.6824
vn -0.0639 -0.4914 -0.8686
vn -0.7493 -0.3646 -0.5529
vt 0.000000 1.000000
vt 0.041667 1.000000
vt 0.041667 0.875000
vt 0.000000 0.875000
vt 0.000000 0.125000
vt 0.041667 0.125000
vt 0.041667 0.000000
vt 0.000000 0.000000
vt 0.000000 0.250000
vt 0.041667 0.250000
vt 0.000000 0.375000
vt 0.041667 0.375000
vt 0.000000 0.500000
vt 0.041667 0.500000
vt 0.000000 0.625000
vt 0.041667 0.625000
vt 0.000000 0.750000
vt 0.041667 0.750000
vt 0.083333 1.000000
vt 0.083333 0.875000
vt 0.083333 0.125000
vt 0.083333 0.000000
vt 0.083333 0.250000
vt 0.083333 0.375000
vt 0.083333 0.500000
vt 0.083333 0.625000
vt 0.083333 0.750000
vt 0.125000 1.000000
vt 0.125000 0.875000
vt 0.125000 0.125000
vt 0.125000 0.000000
vt 0.125000 0.250000
vt 0.125000 0.375000
vt 0.125000 0.500000
vt 0.125000 0.625000
vt 0.125000 0.750000
vt 0.166667 1.000000
vt 0.166667 0.875000
vt 0.166667 0.125000
vt 0.166667 0.000000
vt 0.166667 0.250000
vt 0.166667 0.375000
vt 0.166667 0.500000
vt 0.166667 0.625000
vt 0.166667 0.750000
vt 0.208333 1.000000
vt 0.208333 0.875000
vt 0.208333 0.125000
vt 0.208333 0.000000
vt 0.208333 0.250000
vt 0.208333 0.375000
vt 0.208333 0.500000
vt 0.208333 0.625000
vt 0.208333 0.750000
vt 0.250000 1.000000
vt 0.250000 0.875000
vt 0.250000 0.125000
vt 0.250000 0.000000
vt 0.250000 0.250000
vt 0.250000 0.375000
vt 0.250000 0.500000
vt 0.250000 0.625000
vt 0.250000 0.750000
vt 0.291667 1.000000
vt 0.291667 0.875000
vt 0.291667 0.125000
vt 0.291667 0.000000
vt 0.291667 0.250000
vt 0.291667 0.375000
vt 0.291667 0.500000
vt 0.291667 0.625000
vt 0.291667 0.750000
vt 0.333333 1.000000
vt 0.333333 0.875000
vt 0.333333 0.125000
vt 0.333333 0.000000
vt 0.333333 0.250000
vt 0.333333 0.375000
vt 0.333333 0.500000
vt 0.333333 0.625000
vt 0.333333 0.750000
vt 0.375000 1.000000
vt 0.375000 0.875000
vt 0.375000 0.125000
vt 0.375000 0.000000
vt 0.375000 0.250000
vt 0.375000 0.375000
vt 0.375000 0.500000
vt 0.375000 0.625000
vt 0.375000 0.750000
vt 0.416667 1.000000
vt 0.416667 0.875000
vt 0.416667 0.125000
vt 0.416667 0.000000
vt 0.416667 0.250000
vt 0.416667 0.375000
vt 0.416667 0.500000
vt 0.416667 0.625000
vt 0.416667 0.750000
vt 0.458333 1.000000
vt 0.458333 0.875000
vt 0.458333 0.125000
vt 0.458333 0.000000
vt 0.458333 0.250000
vt 0.458333 0.375000
vt 0.458333 0.500000
vt 0.458333 0.625000
vt 0.458333 0.750000
vt 0.500000 1.000000
vt 0.500000 0.875000
vt 0.500000 0.125000
vt 0.500000 0.000000
vt 0.500000 0.250000
vt 0.500000 0.375000
vt 0.500000 0.500000
vt 0.500000 0.625000
vt 0.500000 0.750000
vt 0.541667 1.000000
vt 0.541667 0.875000
vt 0.541667 0.125000
vt 0.541667 0.000000
vt 0.541667 0.250000
vt 0.541667 0.375000
vt 0.541667 0.500000
vt 0.541667 0.625000
vt 0.541667 0.750000
vt 0.583333 1.000000
vt 0.583333 0.875000
vt 0.583333 0.125000
vt 0.583333 0.000000
vt 0.583333 0.250000
vt 0.583333 0.375000
vt 0.583333 0.500000
vt 0.583333 0.625000
vt 0.583333 0.750000
vt 0.625000 1.000000
vt 0.625000 0.875000
vt 0.625000 0.125000
vt 0.625000 0.000000
vt 0.625000 0.250000
vt 0.625000 0.375000
vt 0.625000 0.500000
vt 0.625000 0.625000
vt 0.625000 0.750000
vt 0.666667 1.000000
vt 0.666667 0.875000
vt 0.666667 0.125000
vt 0.666667 0.000000
vt 0.666667 0.250000
vt 0.666667 0.375000
vt 0.666667 0.500000
vt 0.666667 0.625000
vt 0.666667 0.750000
vt 0.708333 1.000000
vt 0.708333 0.875000
vt 0.708333 0.125000
vt 0.708333 0.000000
vt 0.708333 0.250000
vt 0.708333 0.375000
vt 0.708333 0.500000
vt 0.708333 0.625000
vt 0.708333 0.750000
vt 0.750000 1.000000
vt 0.750000 0.875000
vt 0.750000 0.125000
vt 0.750000 0.000000
vt 0.750000 0.250000
vt 0.750000 0.375000
vt 0.750000 0.500000
vt 0.750000 0.625000
vt 0.750000 0.750000
vt 0.791667 1.000000
vt 0.791667 0.875000
vt 0.791667 0.125000
vt 0.791667 0.000000
vt 0.791667 0.250000
vt 0.791667 0.375000
vt 0.791667 0.500000
vt 0.791667 0.625000
vt 0.791667 0.750000
vt 0.833333 1.000000
vt 0.833333 0.875000
vt 0.833333 0.125000
vt 0.833333 0.000000
vt 0.833333 0.250000
vt 0.833333 0.375000
vt 0.833333 0.500000
vt 0.833333 0.625000
vt 0.833333 0.750000
vt 0.875000 1.000000
vt 0.875000 0.875000
vt 0.875000 0.125000
vt 0.875000 0.000000
vt 0.875000 0.250000
vt 0.875000 0.375000
vt 0.875000 0.500000
vt 0.875000 0.625000
vt 0.875000 0.750000
vt 0.916667 1.000000
vt 0.916667 0.875000
vt 0.916667 0.125000
vt 0.916667 0.000000
vt 0.916667 0.250000
vt 0.916667 0.375000
vt 0.916667 0.500000
vt 0.916667 0.625000
vt 0.916667 0.750000
vt 0.958333 1.000000
vt 0.958333 0.875000
vt 0.958333 0.125000
vt 0.958333 0.000000
vt 0.958333 0.250000
vt 0.958333 0.375000
vt 0.958333 0.500000
vt 0.958333 0.625000
vt 0.958333 0.750000
vt 1.000000 1.000000
vt 1.000000 0.875000
vt 1.000000 0.125000
vt 1.000000 0.000000
vt 1.000000 0.250000
vt 1.000000 0.375000
vt 1.000000 0.500000
vt 1.000000 0.625000
vt 1.000000 0.750000
vt 0.047619 1.000000
vt 0.047619 0.875000
vt 0.047619 0.125000
vt 0.047619 0.000000
vt 0.047619 0.250000
vt 0.047619 0.375000
vt 0.047619 0.500000
vt 0.047619 0.625000
vt 0.047619 0.750000
vt 0.095238 1.000000
vt 0.095238 0.875000
vt 0.095238 0.125000
vt 0.095238 0.000000
vt 0.095238 0.250000
vt 0.095238 0.375000
vt 0.095238 0.500000
vt 0.095238 0.625000
vt 0.095238 0.750000
vt 0.142857 1.000000
vt 0.142857 0.875000
vt 0.142857 0.125000
vt 0.142857 0.000000
vt 0.142857 0.250000
vt 0.142857 0.375000
vt 0.142857 0.500000
vt 0.142857 0.625000
vt 0.142857 0.750000
vt 0.190476 1.000000
vt 0.190476 0.875000
vt 0.190476 0.125000
vt 0.190476 0.000000
vt 0.190476 0.250000
vt 0.190476 0.375000
vt 0.190476 0.500000
vt 0.190476 0.625000
vt 0.190476 0.750000
vt 0.238095 1.000000
vt 0.238095 0.875000
vt 0.238095 0.125000
vt 0.238095 0.000000
vt 0.238095 0.250000
vt 0.238095 0.375000
vt 0.238095 0.500000
vt 0.238095 0.625000
vt 0.238095 0.750000
vt 0.285714 1.000000
vt 0.285714 0.875000
vt 0.285714 0.125000
vt 0.285714 0.000000
vt 0.285714 0.250000
vt 0.285714 0.375000
vt 0.285714 0.500000
vt 0.285714 0.625000
vt 0.285714 0.750000
vt 0.380952 1.000000
vt 0.380952 0.875000
vt 0.380952 0.125000
vt 0.380952 0.000000
vt 0.380952 0.250000
vt 0.380952 0.375000
vt 0.380952 0.500000
vt 0.380952 0.625000
vt 0.380952 0.750000
vt 0.428571 1.000000
vt 0.428571 0.875000
vt 0.428571 0.125000
vt 0.428571 0.000000
vt 0.428571 0.250000
vt 0.428571 0.375000
vt 0.428571 0.500000
vt 0.428571 0.625000
vt 0.428571 0.750000
vt 0.476190 1.000000
vt 0.476190 0.875000
vt 0.476190 0.125000
vt 0.476190 0.000000
vt 0.476190 0.250000
vt 0.476190 0.375000
vt 0.476190 0.500000
vt 0.476190 0.625000
vt 0.476190 0.750000
vt 0.523810 1.000000
vt 0.523810 0.875000
vt 0.523810 0.125000
vt 0.523810 0.000000
vt 0.523810 0.250000
vt 0.523810 0.375000
vt 0.523810 0.500000
vt 0.523810 0.625000
vt 0.523810 0.750000
vt 0.571429 1.000000
vt 0.571429 0.875000
vt 0.571429 0.125000
vt 0.571429 0.000000
vt 0.571429 0.250000
vt 0.571429 0.375000
vt 0.571429 0.500000
vt 0.571429 0.625000
vt 0.571429 0.750000
vt 0.619048 1.000000
vt 0.619048 0.875000
vt 0.619048 0.125000
vt 0.619048 0.000000
vt 0.619048 0.250000
vt 0.619048 0.375000
vt 0.619048 0.500000
vt 0.619048 0.625000
vt 0.619048 0.750000
vt 0.714286 1.000000
vt 0.714286 0.875000
vt 0.714286 0.125000
vt 0.714286 0.000000
vt 0.714286 0.250000
vt 0.714286 0.375000
vt 0.714286 0.500000
vt 0.714286 0.625000
vt 0.714286 0.750000
vt 0.761905 1.000000
vt 0.761905 0.875000
vt 0.761905 0.125000
vt 0.761905 0.000000
vt 0.761905 0.250000
vt 0.761905 0.375000
vt 0.761905 0.500000
vt 0.761905 0.625000
vt 0.761905 0.750000
vt 0.809524 1.000000
vt 0.809524 0.875000
vt 0.809524 0.125000
vt 0.809524 0.000000
vt 0.809524 0.250000
vt 0.809524 0.375000
vt 0.809524 0.500000
vt 0.809524 0.625000
vt 0.809524 0.750000
vt 0.857143 1.000000
vt 0.857143 0.875000
vt 0.857143 0.125000
vt 0.857143 0.000000
vt 0.857143 0.250000
vt 0.857143 0.375000
vt 0.857143 0.500000
vt 0.857143 0.625000
vt 0.857143 0.750000
vt 0.904762 1.000000
vt 0.904762 0.875000
vt 0.904762 0.125000
vt 0.904762 0.000000
vt 0.904762 0.250000
vt 0.904762 0.375000
vt 0.904762 0.500000
vt 0.904762 0.625000
vt 0.904762 0.750000
vt 0.952381 1.000000
vt 0.952381 0.875000
vt 0.952381 0.125000
vt 0.952381 0.000000
vt 0.952381 0.250000
vt 0.952381 0.375000
vt 0.952381 0.500000
vt 0.952381 0.625000
vt 0.952381 0.750000
vt 0.066667 1.000000
vt 0.066667 0.875000
vt 0.066667 0.125000
vt 0.066667 0.000000
vt 0.066667 0.250000
vt 0.066667 0.375000
vt 0.066667 0.500000
vt 0.066667 0.625000
vt 0.066667 0.750000
vt 0.133333 1.000000
vt 0.133333 0.875000
vt 0.133333 0.125000
vt 0.133333 0.000000
vt 0.133333 0.250000
vt 0.133333 0.375000
vt 0.133333 0.500000
vt 0.133333 0.625000
vt 0.133333 0.750000
vt 0.200000 1.000000
vt 0.200000 0.875000
vt 0.200000 0.125000
vt 0.200000 0.000000
vt 0.200000 0.250000
vt 0.200000 0.375000
vt 0.200000 0.500000
vt 0.200000 0.625000
vt 0.200000 0.750000
vt 0.266667 1.000000
vt 0.266667 0.875000
vt 0.266667 0.125000
vt 0.266667 0.000000
vt 0.266667 0.250000
vt 0.266667 0.375000
vt 0.266667 0.500000
vt 0.266667 0.625000
vt 0.266667 0.750000
vt 0.400000 1.000000
vt 0.400000 0.875000
vt 0.400000 0.125000
vt 0.400000 0.000000
vt 0.400000 0.250000
vt 0.400000 0.375000
vt 0.400000 0.500000
vt 0.400000 0.625000
vt 0.400000 0.750000
vt 0.466667 1.000000
vt 0.466667 0.875000
vt 0.466667 0.125000
vt 0.466667 0.000000
vt 0.466667 0.250000
vt 0.466667 0.375000
vt 0.466667 0.500000
vt 0.466667 0.625000
vt 0.466667 0.750000
vt 0.533333 1.000000
vt 0.533333 0.875000
vt 0.533333 0.125000
vt 0.533333 0.000000
vt 0.533333 0.250000
vt 0.533333 0.375000
vt 0.533333 0.500000
vt 0.533333 0.625000
vt 0.533333 0.750000
vt 0.600000 1.000000
vt 0.600000 0.875000
vt 0.600000 0.125000
vt 0.600000 0.000000
vt 0.600000 0.250000
vt 0.600000 0.375000
vt 0.600000 0.500000
vt 0.600000 0.625000
vt 0.600000 0.750000
vt 0.733333 1.000000
vt 0.733333 0.875000
vt 0.733333 0.125000
vt 0.733333 0.000000
vt 0.733333 0.250000
vt 0.733333 0.375000
vt 0.733333 0.500000
vt 0.733333 0.625000
vt 0.733333 0.750000
vt 0.800000 1.000000
vt 0.800000 0.875000
vt 0.800000 0.125000
vt 0.800000 0.000000
vt 0.800000 0.250000
vt 0.800000 0.375000
vt 0.800000 0.500000
vt 0.800000 0.625000
vt 0.800000 0.750000
vt 0.866667 1.000000
vt 0.866667 0.875000
vt 0.866667 0.125000
vt 0.866667 0.000000
vt 0.866667 0.250000
vt 0.866667 0.375000
vt 0.866667 0.500000
vt 0.866667 0.625000
vt 0.866667 0.750000
vt 0.933333 1.000000
vt 0.933333 0.875000
vt 0.933333 0.125000
vt 0.933333 0.000000
vt 0.933333 0.250000
vt 0.933333 0.375000
vt 0.933333 0.500000
vt 0.933333 0.625000
vt 0.933333 0.750000
vt 0.111111 1.000000
vt 0.111111 0.875000
vt 0.111111 0.125000
vt 0.111111 0.000000
vt 0.111111 0.250000
vt 0.111111 0.375000
vt 0.111111 0.500000
vt 0.111111 0.625000
vt 0.111111 0.750000
vt 0.222222 1.000000
vt 0.222222 0.875000
vt 0.222222 0.125000
vt 0.222222 0.000000
vt 0.222222 0.250000
vt 0.222222 0.375000
vt 0.222222 0.500000
vt 0.222222 0.625000
vt 0.222222 0.750000
vt 0.444444 1.000000
vt 0.444444 0.875000
vt 0.444444 0.125000
vt 0.444444 0.000000
vt 0.444444 0.250000
vt 0.444444 0.375000
vt 0.444444 0.500000
vt 0.444444 0.625000
vt 0.444444 0.750000
vt 0.555556 1.000000
vt 0.555556 0.875000
vt 0.555556 0.125000
vt 0.555556 0.000000
vt 0.555556 0.250000
vt 0.555556 0.375000
vt 0.555556 0.500000
vt 0.555556 0.625000
vt 0.555556 0.750000
vt 0.777778 1.000000
vt 0.777778 0.875000
vt 0.777778 0.125000
vt 0.777778 0.000000
vt 0.777778 0.250000
vt 0.777778 0.375000
vt 0.777778 0.500000
vt 0.777778 0.625000
vt 0.777778 0.750000
vt 0.888889 1.000000
vt 0.888889 0.875000
vt 0.888889 0.125000
vt 0.888889 0.000000
vt 0.888889 0.250000
vt 0.888889 0.375000
vt 0.888889 0.500000
vt 0.888889 0.625000
vt 0.888889 0.750000
s 1
f 2073/550/2072 2081/551/2073 2088/552/2074 2080/553/2075
f 2074/554/2076 2082/555/2077 2081/556/2073 2073/557/2072
f 2075/558/2078 2083/559/2079 2082/555/2077 2074/554/2076
f 2076/560/2080 2084/561/2081 2083/559/2079 2075/558/2078
f 2077/562/2082 2085/563/2083 2084/561/2081 2076/560/2080
f 2078/564/2084 2086/565/2085 2085/563/2083 2077/562/2082
f 2079/566/2086 2087/567/2087 2086/565/2085 2078/564/2084
f 2080/553/2075 2088/552/2074 2087/567/2087 2079/566/2086
f 2081/551/2073 2089/568/2088 2096/569/2089 2088/552/2074
f 2082/555/2077 2090/570/2090 2089/571/2088 2081/556/2073
f 2083/559/2079 2091/572/2091 2090/570/2090 2082/555/2077
f 2084/561/2081 2092/573/2092 2091/572/2091 2083/559/2079
f 2085/563/2083 2093/574/2093 2092/573/2092 2084/561/2081
f 2086/565/2085 2094/575/2094 2093/574/2093 2085/563/2083
f 2087/567/2087 2095/576/2095 2094/575/2094 2086/565/2085
f 2088/552/2074 2096/569/2089 2095/576/2095 2087/567/2087
f 2089/568/2088 2097/577/2096 2104/578/2097 2096/569/2089
f 2090/570/2090 2098/579/2098 2097/580/2096 2089/571/2088
f 2091/572/2091 2099/581/2099 2098/579/2098 2090/570/2090
f 2092/573/2092 2100/582/2100 2099/581/2099 2091/572/2091
f 2093/574/2093 2101/583/2101 2100/582/2100 2092/573/2092
f 2094/575/2094 2102/584/2102 2101/583/2101 2093/574/2093
f 2095/576/2095 2103/585/2103 2102/584/2102 2094/575/2094
f 2096/569/2089 2104/578/2097 2103/585/2103 2095/576/2095
f 2097/577/2096 2105/586/2104 2112/587/2105 2104/578/2097
f 2098/579/2098 2106/588/2106 2105/589/2104 2097/580/2096
f 2099/581/2099 2107/590/2107 2106/588/2106 2098/579/2098
f 2100/582/2100 2108/591/2108 2107/590/2107 2099/581/2099
f 2101/583/2101 2109/592/2109 2108/591/2108 2100/582/2100
f 2102/584/2102 2110/593/2110 2109/592/2109 2101/583/2101
f 2103/585/2103 2111/594/2111 2110/593/2110 2102/584/2102
f 2104/578/2097 2112/587/2105 2111/594/2111 2103/585/2103
f 2105/586/2104 2113/595/2112 2120/596/2113 2112/587/2105
f 2106/588/2106 2114/597/2114 2113/598/2112 2105/589/2104
f 2107/590/2107 2115/599/2115 2114/597/2114 2106/588/2106
f 2108/591/2108 2116/600/2116 2115/599/2115 2107/590/2107
f 2109/592/2109 2117/601/2117 2116/600/2116 2108/591/2108
f 2110/593/2110 2118/602/2118 2117/601/2117 2109/592/2109
f 2111/594/2111 2119/603/2119 2118/602/2118 2110/593/2110
f 2112/587/2105 2120/596/2113 2119/603/2119 2111/594/2111
f 2113/595/2112 2121/604/2120 2128/605/2121 2120/596/2113
f 2114/597/2114 2122/606/2122 2121/607/2120 2113/598/2112
f 2115/599/2115 2123/608/2123 2122/606/2122 2114/597/2114
f 2116/600/2116 2124/609/2124 2123/608/2123 2115/599/2115
f 2117/601/2117 2125/610/2125 2124/609/2124 2116/600/2116
f 2118/602/2118 2126/611/2126 2125/610/2125 2117/601/2117
f 2119/603/2119 2127/612/2127 2126/611/2126 2118/602/2118
f 2120/596/2113 2128/605/2121 2127/612/2127 2119/603/2119
f 2121/604/2120 2129/613/2128 2136/614/2129 2128/605/2121
f 2122/606/2122 2130/615/2130 2129/616/2128 2121/607/2120
f 2123/608/2123 2131/617/2131 2130/615/2130 2122/606/2122
f 2124/609/2124 2132/618/2132 2131/617/2131 2123/608/2123
f 2125/610/2125 2133/619/2133 2132/618/2132 2124/609/2124
f 2126/611/2126 2134/620/2134 2133/619/2133 2125/610/2125
f 2127/612/2127 2135/621/2135 2134/620/2134 2126/611/2126
f 2128/605/2121 2136/614/2129 2135/621/2135 2127/612/2127
f 2129/613/2128 2137/622/2136 2144/623/2137 2136/614/2129
f 2130/615/2130 2138/624/2138 2137/625/2136 2129/616/2128
f 2131/617/2131 2139/626/2139 2138/624/2138 2130/615/2130
f 2132/618/2132 2140/627/2140 2139/626/2139 2131/617/2131
f 2133/619/2133 2141/628/2141 2140/627/2140 2132/618/2132
f 2134/620/2134 2142/629/2142 2141/628/2141 2133/619/2133
f 2135/621/2135 2143/630/2143 2142/629/2142 2134/620/2134
f 2136/614/2129 2144/623/2137 2143/630/2143 2135/621/2135
f 2137/622/2136 2145/631/2144 2152/632/2145 2144/623/2137
f 2138/624/2138 2146/633/2146 2145/634/2144 2137/625/2136
f 2139/626/2139 2147/635/2147 2146/633/2146 2138/624/2138
f 2140/627/2140 2148/636/2148 2147/635/2147 2139/626/2139
f 2141/628/2141 2149/637/2149 2148/636/2148 2140/627/2140
f 2142/629/2142 2150/638/2150 2149/637/2149 2141/628/2141
f 2143/630/2143 2151/639/2151 2150/638/2150 2142/629/2142
f 2144/623/2137 2152/632/2145 2151/639/2151 2143/630/2143
f 2145/631/2144 2153/640/2152 2160/641/2153 2152/632/2145
f 2146/633/2146 2154/642/2154 2153/643/2152 2145/634/2144
f 2147/635/2147 2155/644/2155 2154/642/2154 2146/633/2146
f 2148/636/2148 2156/645/2156 2155/644/2155 2147/635/2147
f 2149/637/2149 2157/646/2157 2156/645/2156 2148/636/2148
f 2150/638/2150 2158/647/2158 2157/646/2157 2149/637/2149
f 2151/639/2151 2159/648/2159 2158/647/2158 2150/638/2150
f 2152/632/2145 2160/641/2153 2159/648/2159 2151/639/2151
f 2153/640/2152 2161/649/2160 2168/650/2161 2160/641/2153
f 2154/642/2154 2162/651/2162 2161/652/2160 2153/643/2152
f 2155/644/2155 2163/653/2163 2162/651/2162 2154/642/2154
f 2156/645/2156 2164/654/2164 2163/653/2163 2155/644/2155
f 2157/646/2157 2165/655/2165 2164/654/2164 2156/645/2156
f 2158/647/2158 2166/656/2166 2165/655/2165 2157/646/2157
f 2159/648/2159 2167/657/2167 2166/656/2166 2158/647/2158
f 2160/641/2153 2168/650/2161 2167/657/2167 2159/648/2159
f 2161/649/2160 2169/658/2168 2176/659/2169 2168/650/2161
f 2162/651/2162 2170/660/2170 2169/661/2168 2161/652/2160
f 2163/653/2163 2171/662/2171 2170/660/2170 2162/651/2162
f 2164/654/2164 2172/663/2172 2171/662/2171 2163/653/2163
f 2165/655/2165 2173/664/2173 2172/663/2172 2164/654/2164
f 2166/656/2166 2174/665/2174 2173/664/2173 2165/655/2165
f 2167/657/2167 2175/666/2175 2174/665/2174 2166/656/2166
f 2168/650/2161 2176/659/2169 2175/666/2175 2167/657/2167
f 2169/658/2168 2177/667/2176 2184/668/2177 2176/659/2169
f 2170/660/2170 2178/669/2178 2177/670/2176 2169/661/2168
f 2171/662/2171 2179/671/2179 2178/669/2178 2170/660/2170
f 2172/663/2172 2180/672/2180 2179/671/2179 2171/662/2171
f 2173/664/2173 2181/673/2181 2180/672/2180 2172/663/2172
f 2174/665/2174 2182/674/2182 2181/673/2181 2173/664/2173
f 2175/666/2175 2183/675/2183 2182/674/2182 2174/665/2174
f 2176/659/2169 2184/668/2177 2183/675/2183 2175/666/2175
f 2177/667/2176 2185/676/2184 2192/677/2185 2184/668/2177
f 2178/669/2178 2186/678/2186 2185/679/2184 2177/670/2176
f 2179/671/2179 2187/680/2187 2186/678/2186 2178/669/2178
f 2180/672/2180 2188/681/2188 2187/680/2187 2179/671/2179
f 2181/673/2181 2189/682/2189 2188/681/2188 2180/672/2180
f 2182/674/2182 2190/683/2190 2189/682/2189 2181/673/2181
f 2183/675/2183 2191/684/2191 2190/683/2190 2182/674/2182
f 2184/668/2177 2192/677/2185 2191/684/2191 2183/675/2183
f 2185/676/2184 2193/685/2192 2200/686/2193 2192/677/2185
f 2186/678/2186 2194/687/2194 2193/688/2192 2185/679/2184
f 2187/680/2187 2195/689/2195 2194/687/2194 2186/678/2186
f 2188/681/2188 2196/690/2196 2195/689/2195 2187/680/2187
f 2189/682/2189 2197/691/2197 2196/690/2196 2188/681/2188
f 2190/683/2190 2198/692/2198 2197/691/2197 2189/682/2189
f 2191/684/2191 2199/693/2199 2198/692/2198 2190/683/2190
f 2192/677/2185 2200/686/2193 2199/693/2199 2191/684/2191
f 2193/685/2192 2201/694/2200 2208/695/2201 2200/686/2193
f 2194/687/2194 2202/696/2202 2201/697/2200 2193/688/2192
f 2195/689/2195 2203/698/2203 2202/696/2202 2194/687/2194
f 2196/690/2196 2204/699/2204 2203/698/2203 2195/689/2195
f 2197/691/2197 2205/700/2205 2204/699/2204 2196/690/2196
f 2198/692/2198 2206/701/2206 2205/700/2205 2197/691/2197
f 2199/693/2199 2207/702/2207 2206/701/2206 2198/692/2198
f 2200/686/2193 2208/695/2201 2207/702/2207 2199/693/2199
f 2201/694/2200 2209/703/2208 2216/704/2209 2208/695/2201
f 2202/696/2202 2210/705/2210 2209/706/2208 2201/697/2200
f 2203/698/2203 2211/707/2211 2210/705/2210 2202/696/2202
f 2204/699/2204 2212/708/2212 2211/707/2211 2203/698/2203
f 2205/700/2205 2213/709/2213 2212/708/2212 2204/699/2204
f 2206/701/2206 2214/710/2214 2213/709/2213 2205/700/2205
f 2207/702/2207 2215/711/2215 2214/710/2214 2206/701/2206
f 2208/695/2201 2216/704/2209 2215/711/2215 2207/702/2207
f 2209/703/2208 2217/712/2216 2224/713/2217 2216/704/2209
f 2210/705/2210 2218/714/2218 2217/715/2216 2209/706/2208
f 2211/707/2211 2219/716/2219 2218/714/2218 2210/705/2210
f 2212/708/2212 2220/717/2220 2219/716/2219 2211/707/2211
f 2213/709/2213 2221/718/2221 2220/717/2220 2212/708/2212
f 2214/710/2214 2222/719/2222 2221/718/2221 2213/709/2213
f 2215/711/2215 2223/720/2223 2222/719/2222 2214/710/2214
f 2216/704/2209 2224/713/2217 2223/720/2223 2215/711/2215
f 2217/712/2216 2225/721/2224 2232/722/2225 2224/713/2217
f 2218/714/2218 2226/723/2226 2225/724/2224 2217/715/2216
f 2219/716/2219 2227/725/2227 2226/723/2226 2218/714/2218
f 2220/717/2220 2228/726/2228 2227/725/2227 2219/716/2219
f 2221/718/2221 2229/727/2229 2228/726/2228 2220/717/2220
f 2222/719/2222 2230/728/2230 2229/727/2229 2221/718/2221
f 2223/720/2223 2231/729/2231 2230/728/2230 2222/719/2222
f 2224/713/2217 2232/722/2225 2231/729/2231 2223/720/2223
f 2225/721/2224 2233/730/2232 2240/731/2233 2232/722/2225
f 2226/723/2226 2234/732/2234 2233/733/2232 2225/724/2224
f 2227/725/2227 2235/734/2235 2234/732/2234 2226/723/2226
f 2228/726/2228 2236/735/2236 2235/734/2235 2227/725/2227
f 2229/727/2229 2237/736/2237 2236/735/2236 2228/726/2228
f 2230/728/2230 2238/737/2238 2237/736/2237 2229/727/2229
f 2231/729/2231 2239/738/2239 2238/737/2238 2230/728/2230
f 2232/722/2225 2240/731/2233 2239/738/2239 2231/729/2231
f 2233/730/2232 2241/739/2240 2248/740/2241 2240/731/2233
f 2234/732/2234 2242/741/2242 2241/742/2240 2233/733/2232
f 2235/734/2235 2243/743/2243 2242/741/2242 2234/732/2234
f 2236/735/2236 2244/744/2244 2243/743/2243 2235/734/2235
f 2237/736/2237 2245/745/2245 2244/744/2244 2236/735/2236
f 2238/737/2238 2246/746/2246 2245/745/2245 2237/736/2237
f 2239/738/2239 2247/747/2247 2246/746/2246 2238/737/2238
f 2240/731/2233 2248/740/2241 2247/747/2247 2239/738/2239
f 2241/739/2240 2249/748/2248 2256/749/2249 2248/740/2241
f 2242/741/2242 2250/750/2250 2249/751/2248 2241/742/2240
f 2243/743/2243 2251/752/2251 2250/750/2250 2242/741/2242
f 2244/744/2244 2252/753/2252 2251/752/2251 2243/743/2243
f 2245/745/2245 2253/754/2253 2252/753/2252 2244/744/2244
f 2246/746/2246 2254/755/2254 2253/754/2253 2245/745/2245
f 2247/747/2247 2255/756/2255 2254/755/2254 2246/746/2246
f 2248/740/2241 2256/749/2249 2255/756/2255 2247/747/2247
f 2249/748/2248 2257/757/2256 2264/758/2257 2256/749/2249
f 2250/750/2250 2258/759/2258 2257/760/2256 2249/751/2248
f 2251/752/2251 2259/761/2259 2258/759/2258 2250/750/2250
f 2252/753/2252 2260/762/2260 2259/761/2259 2251/752/2251
f 2253/754/2253 2261/763/2261 2260/762/2260 2252/753/2252
f 2254/755/2254 2262/764/2262 2261/763/2261 2253/754/2253
f 2255/756/2255 2263/765/2263 2262/764/2262 2254/755/2254
f 2256/749/2249 2264/758/2257 2263/765/2263 2255/756/2255
f 2257/757/2256 2265/766/2264 2272/767/2265 2264/758/2257
f 2258/759/2258 2266/768/2266 2265/769/2264 2257/760/2256
f 2259/761/2259 2267/770/2267 2266/768/2266 2258/759/2258
f 2260/762/2260 2268/771/2268 2267/770/2267 2259/761/2259
f 2261/763/2261 2269/772/2269 2268/771/2268 2260/762/2260
f 2262/764/2262 2270/773/2270 2269/772/2269 2261/763/2261
f 2263/765/2263 2271/774/2271 2270/773/2270 2262/764/2262
f 2264/758/2257 2272/767/2265 2271/774/2271 2263/765/2263
f 2273/550/2272 2281/775/2273 2288/776/2274 2280/553/2275
f 2274/554/2276 2282/777/2277 2281/778/2273 2273/557/2272
f 2275/558/2278 2283/779/2279 2282/777/2277 2274/554/2276
f 2276/560/2280 2284/780/2281 2283/779/2279 2275/558/2278
f 2277/562/2282 2285/781/2283 2284/780/2281 2276/560/2280
f 2278/564/2284 2286/782/2285 2285/781/2283 2277/562/2282
f 2279/566/2286 2287/783/2287 2286/782/2285 2278/564/2284
f 2280/553/2275 2288/776/2274 2287/783/2287 2279/566/2286
f 2281/775/2273 2289/784/2288 2296/785/2289 2288/776/2274
f 2282/777/2277 2290/786/2290 2289/787/2288 2281/778/2273
f 2283/779/2279 2291/788/2291 2290/786/2290 2282/777/2277
f 2284/780/2281 2292/789/2292 2291/788/2291 2283/779/2279
f 2285/781/2283 2293/790/2293 2292/789/2292 2284/780/2281
f 2286/782/2285 2294/791/2294 2293/790/2293 2285/781/2283
f 2287/783/2287 2295/792/2295 2294/791/2294 2286/782/2285
f 2288/776/2274 2296/785/2289 2295/792/2295 2287/783/2287
f 2289/784/2288 2297/793/2296 2304/794/2297 2296/785/2289
f 2290/786/2290 2298/795/2298 2297/796/2296 2289/787/2288
f 2291/788/2291 2299/797/2299 2298/795/2298 2290/786/2290
f 2292/789/2292 2300/798/2300 2299/797/2299 2291/788/2291
f 2293/790/2293 2301/799/2301 2300/798/2300 2292/789/2292
f 2294/791/2294 2302/800/2302 2301/799/2301 2293/790/2293
f 2295/792/2295 2303/801/2303 2302/800/2302 2294/791/2294
f 2296/785/2289 2304/794/2297 2303/801/2303 2295/792/2295
f 2297/793/2296 2305/802/2304 2312/803/2305 2304/794/2297
f 2298/795/2298 2306/804/2306 2305/805/2304 2297/796/2296
f 2299/797/2299 2307/806/2307 2306/804/2306 2298/795/2298
f 2300/798/2300 2308/807/2308 2307/806/2307 2299/797/2299
f 2301/799/2301 2309/808/2309 2308/807/2308 2300/798/2300
f 2302/800/2302 2310/809/2310 2309/808/2309 2301/799/2301
f 2303/801/2303 2311/810/2311 2310/809/2310 2302/800/2302
f 2304/794/2297 2312/803/2305 2311/810/2311 2303/801/2303
f 2305/802/2304 2313/811/2312 2320/812/2313 2312/803/2305
f 2306/804/2306 2314/813/2314 2313/814/2312 2305/805/2304
f 2307/806/2307 2315/815/2315 2314/813/2314 2306/804/2306
f 2308/807/2308 2316/816/2316 2315/815/2315 2307/806/2307
f 2309/808/2309 2317/817/2317 2316/816/2316 2308/807/2308
f 2310/809/2310 2318/818/2318 2317/817/2317 2309/808/2309
f 2311/810/2311 2319/819/2319 2318/818/2318 2310/809/2310
f 2312/803/2305 2320/812/2313 2319/819/2319 2311/810/2311
f 2313/811/2312 2321/820/2320 2328/821/2321 2320/812/2313
f 2314/813/2314 2322/822/2322 2321/823/2320 2313/814/2312
f 2315/815/2315 2323/824/2323 2322/822/2322 2314/813/2314
f 2316/816/2316 2324/825/2324 2323/824/2323 2315/815/2315
f 2317/817/2317 2325/826/2325 2324/825/2324 2316/816/2316
f 2318/818/2318 2326/827/2326 2325/826/2325 2317/817/2317
f 2319/819/2319 2327/828/2327 2326/827/2326 2318/818/2318
f 2320/812/2313 2328/821/2321 2327/828/2327 2319/819/2319
f 2321/820/2320 2329/622/2328 2336/623/2329 2328/821/2321
f 2322/822/2322 2330/624/2330 2329/625/2328 2321/823/2320
f 2323/824/2323 2331/626/2331 2330/624/2330 2322/822/2322
f 2324/825/2324 2332/627/2332 2331/626/2331 2323/824/2323
f 2325/826/2325 2333/628/2333 2332/627/2332 2324/825/2324
f 2326/827/2326 2334/629/2334 2333/628/2333 2325/826/2325
f 2327/828/2327 2335/630/2335 2334/629/2334 2326/827/2326
f 2328/821/2321 2336/623/2329 2335/630/2335 2327/828/2327
f 2329/622/2328 2337/829/2336 2344/830/2337 2336/623/2329
f 2330/624/2330 2338/831/2338 2337/832/2336 2329/625/2328
f 2331/626/2331 2339/833/2339 2338/831/2338 2330/624/2330
f 2332/627/2332 2340/834/2340 2339/833/2339 2331/626/2331
f 2333/628/2333 2341/835/2341 2340/834/2340 2332/627/2332
f 2334/629/2334 2342/836/2342 2341/835/2341 2333/628/2333
f 2335/630/2335 2343/837/2343 2342/836/2342 2334/629/2334
f 2336/623/2329 2344/830/2337 2343/837/2343 2335/630/2335
f 2337/829/2336 2345/838/2344 2352/839/2345 2344/830/2337
f 2338/831/2338 2346/840/2346 2345/841/2344 2337/832/2336
f 2339/833/2339 2347/842/2347 2346/840/2346 2338/831/2338
f 2340/834/2340 2348/843/2348 2347/842/2347 2339/833/2339
f 2341/835/2341 2349/844/2349 2348/843/2348 2340/834/2340
f 2342/836/2342 2350/845/2350 2349/844/2349 2341/835/2341
f 2343/837/2343 2351/846/2351 2350/845/2350 2342/836/2342
f 2344/830/2337 2352/839/2345 2351/846/2351 2343/837/2343
f 2345/838/2344 2353/847/2352 2360/848/2353 2352/839/2345
f 2346/840/2346 2354/849/2354 2353/850/2352 2345/841/2344
f 2347/842/2347 2355/851/2355 2354/849/2354 2346/840/2346
f 2348/843/2348 2356/852/2356 2355/851/2355 2347/842/2347
f 2349/844/2349 2357/853/2357 2356/852/2356 2348/843/2348
f 2350/845/2350 2358/854/2358 2357/853/2357 2349/844/2349
f 2351/846/2351 2359/855/2359 2358/854/2358 2350/845/2350
f 2352/839/2345 2360/848/2353 2359/855/2359 2351/846/2351
f 2353/847/2352 2361/856/2360 2368/857/2361 2360/848/2353
f 2354/849/2354 2362/858/2362 2361/859/2360 2353/850/2352
f 2355/851/2355 2363/860/2363 2362/858/2362 2354/849/2354
f 2356/852/2356 2364/861/2364 2363/860/2363 2355/851/2355
f 2357/853/2357 2365/862/2365 2364/861/2364 2356/852/2356
f 2358/854/2358 2366/863/2366 2365/862/2365 2357/853/2357
f 2359/855/2359 2367/864/2367 2366/863/2366 2358/854/2358
f 2360/848/2353 2368/857/2361 2367/864/2367 2359/855/2359
f 2361/856/2360 2369/865/2368 2376/866/2369 2368/857/2361
f 2362/858/2362 2370/867/2370 2369/868/2368 2361/859/2360
f 2363/860/2363 2371/869/2371 2370/867/2370 2362/858/2362
f 2364/861/2364 2372/870/2372 2371/869/2371 2363/860/2363
f 2365/862/2365 2373/871/2373 2372/870/2372 2364/861/2364
f 2366/863/2366 2374/872/2374 2373/871/2373 2365/862/2365
f 2367/864/2367 2375/873/2375 2374/872/2374 2366/863/2366
f 2368/857/2361 2376/866/2369 2375/873/2375 2367/864/2367
f 2369/865/2368 2377/874/2376 2384/875/2377 2376/866/2369
f 2370/867/2370 2378/876/2378 2377/877/2376 2369/868/2368
f 2371/869/2371 2379/878/2379 2378/876/2378 2370/867/2370
f 2372/870/2372 2380/879/2380 2379/878/2379 2371/869/2371
f 2373/871/2373 2381/880/2381 2380/879/2380 2372/870/2372
f 2374/872/2374 2382/881/2382 2381/880/2381 2373/871/2373
f 2375/873/2375 2383/882/2383 2382/881/2382 2374/872/2374
f 2376/866/2369 2384/875/2377 2383/882/2383 2375/873/2375
f 2377/874/2376 2385/694/2384 2392/695/2385 2384/875/2377
f 2378/876/2378 2386/696/2386 2385/697/2384 2377/877/2376
f 2379/878/2379 2387/698/2387 2386/696/2386 2378/876/2378
f 2380/879/2380 2388/699/2388 2387/698/2387 2379/878/2379
f 2381/880/2381 2389/700/2389 2388/699/2388 2380/879/2380
f 2382/881/2382 2390/701/2390 2389/700/2389 2381/880/2381
f 2383/882/2383 2391/702/2391 2390/701/2390 2382/881/2382
f 2384/875/2377 2392/695/2385 2391/702/2391 2383/882/2383
f 2385/694/2384 2393/883/2392 2400/884/2393 2392/695/2385
f 2386/696/2386 2394/885/2394 2393/886/2392 2385/697/2384
f 2387/698/2387 2395/887/2395 2394/885/2394 2386/696/2386
f 2388/699/2388 2396/888/2396 2395/887/2395 2387/698/2387
f 2389/700/2389 2397/889/2397 2396/888/2396 2388/699/2388
f 2390/701/2390 2398/890/2398 2397/889/2397 2389/700/2389
f 2391/702/2391 2399/891/2399 2398/890/2398 2390/701/2390
f 2392/695/2385 2400/884/2393 2399/891/2399 2391/702/2391
f 2393/883/2392 2401/892/2400 2408/893/2401 2400/884/2393
f 2394/885/2394 2402/894/2402 2401/895/2400 2393/886/2392
f 2395/887/2395 2403/896/2403 2402/894/2402 2394/885/2394
f 2396/888/2396 2404/897/2404 2403/896/2403 2395/887/2395
f 2397/889/2397 2405/898/2405 2404/897/2404 2396/888/2396
f 2398/890/2398 2406/899/2406 2405/898/2405 2397/889/2397
f 2399/891/2399 2407/900/2407 2406/899/2406 2398/890/2398
f 2400/884/2393 2408/893/2401 2407/900/2407 2399/891/2399
f 2401/892/2400 2409/901/2408 2416/902/2409 2408/893/2401
f 2402/894/2402 2410/903/2410 2409/904/2408 2401/895/2400
f 2403/896/2403 2411/905/2411 2410/903/2410 2402/894/2402
f 2404/897/2404 2412/906/2412 2411/905/2411 2403/896/2403
f 2405/898/2405 2413/907/2413 2412/906/2412 2404/897/2404
f 2406/899/2406 2414/908/2414 2413/907/2413 2405/898/2405
f 2407/900/2407 2415/909/2415 2414/908/2414 2406/899/2406
f 2408/893/2401 2416/902/2409 2415/909/2415 2407/900/2407
f 2409/901/2408 2417/910/2416 2424/911/2417 2416/902/2409
f 2410/903/2410 2418/912/2418 2417/913/2416 2409/904/2408
f 2411/905/2411 2419/914/2419 2418/912/2418 2410/903/2410
f 2412/906/2412 2420/915/2420 2419/914/2419 2411/905/2411
f 2413/907/2413 2421/916/2421 2420/915/2420 2412/906/2412
f 2414/908/2414 2422/917/2422 2421/916/2421 2413/907/2413
f 2415/909/2415 2423/918/2423 2422/917/2422 2414/908/2414
f 2416/902/2409 2424/911/2417 2423/918/2423 2415/909/2415
f 2417/910/2416 2425/919/2424 2432/920/2425 2424/911/2417
f 2418/912/2418 2426/921/2426 2425/922/2424 2417/913/2416
f 2419/914/2419 2427/923/2427 2426/921/2426 2418/912/2418
f 2420/915/2420 2428/924/2428 2427/923/2427 2419/914/2419
f 2421/916/2421 2429/925/2429 2428/924/2428 2420/915/2420
f 2422/917/2422 2430/926/2430 2429/925/2429 2421/916/2421
f 2423/918/2423 2431/927/2431 2430/926/2430 2422/917/2422
f 2424/911/2417 2432/920/2425 2431/927/2431 2423/918/2423
f 2425/919/2424 2433/928/2432 2440/929/2433 2432/920/2425
f 2426/921/2426 2434/930/2434 2433/931/2432 2425/922/2424
f 2427/923/2427 2435/932/2435 2434/930/2434 2426/921/2426
f 2428/924/2428 2436/933/2436 2435/932/2435 2427/923/2427
f 2429/925/2429 2437/934/2437 2436/933/2436 2428/924/2428
f 2430/926/2430 2438/935/2438 2437/934/2437 2429/925/2429
f 2431/927/2431 2439/936/2439 2438/935/2438 2430/926/2430
f 2432/920/2425 2440/929/2433 2439/936/2439 2431/927/2431
f 2433/928/2432 2441/766/2440 2448/767/2441 2440/929/2433
f 2434/930/2434 2442/768/2442 2441/769/2440 2433/931/2432
f 2435/932/2435 2443/770/2443 2442/768/2442 2434/930/2434
f 2436/933/2436 2444/771/2444 2443/770/2443 2435/932/2435
f 2437/934/2437 2445/772/2445 2444/771/2444 2436/933/2436
f 2438/935/2438 2446/773/2446 2445/772/2445 2437/934/2437
f 2439/936/2439 2447/774/2447 2446/773/2446 2438/935/2438
f 2440/929/2433 2448/767/2441 2447/774/2447 2439/936/2439
f 2449/550/2448 2457/586/2449 2464/587/2450 2456/553/2451
f 2450/554/2452 2458/588/2453 2457/589/2449 2449/557/2448
f 2451/558/2454 2459/590/2455 2458/588/2453 2450/554/2452
f 2452/560/2456 2460/591/2457 2459/590/2455 2451/558/2454
f 2453/562/2458 2461/592/2459 2460/591/2457 2452/560/2456
f 2454/564/2460 2462/593/2461 2461/592/2459 2453/562/2458
f 2455/566/2462 2463/594/2463 2462/593/2461 2454/564/2460
f 2456/553/2451 2464/587/2450 2463/594/2463 2455/566/2462
f 2457/586/2449 2465/622/2464 2472/623/2465 2464/587/2450
f 2458/588/2453 2466/624/2466 2465/625/2464 2457/589/2449
f 2459/590/2455 2467/626/2467 2466/624/2466 2458/588/2453
f 2460/591/2457 2468/627/2468 2467/626/2467 2459/590/2455
f 2461/592/2459 2469/628/2469 2468/627/2468 2460/591/2457
f 2462/593/2461 2470/629/2470 2469/628/2469 2461/592/2459
f 2463/594/2463 2471/630/2471 2470/629/2470 2462/593/2461
f 2464/587/2450 2472/623/2465 2471/630/2471 2463/594/2463
f 2465/622/2464 2473/658/2472 2480/659/2473 2472/623/2465
f 2466/624/2466 2474/660/2474 2473/661/2472 2465/625/2464
f 2467/626/2467 2475/662/2475 2474/660/2474 2466/624/2466
f 2468/627/2468 2476/663/2476 2475/662/2475 2467/626/2467
f 2469/628/2469 2477/664/2477 2476/663/2476 2468/627/2468
f 2470/629/2470 2478/665/2478 2477/664/2477 2469/628/2469
f 2471/630/2471 2479/666/2479 2478/665/2478 2470/629/2470
f 2472/623/2465 2480/659/2473 2479/666/2479 2471/630/2471
f 2473/658/2472 2481/694/2480 2488/695/2481 2480/659/2473
f 2474/660/2474 2482/696/2482 2481/697/2480 2473/661/2472
f 2475/662/2475 2483/698/2483 2482/696/2482 2474/660/2474
f 2476/663/2476 2484/699/2484 2483/698/2483 2475/662/2475
f 2477/664/2477 2485/700/2485 2484/699/2484 2476/663/2476
f 2478/665/2478 2486/701/2486 2485/700/2485 2477/664/2477
f 2479/666/2479 2487/702/2487 2486/701/2486 2478/665/2478
f 2480/659/2473 2488/695/2481 2487/702/2487 2479/666/2479
f 2481/694/2480 2489/730/2488 2496/731/2489 2488/695/2481
f 2482/696/2482 2490/732/2490 2489/733/2488 2481/697/2480
f 2483/698/2483 2491/734/2491 2490/732/2490 2482/696/2482
f 2484/699/2484 2492/735/2492 2491/734/2491 2483/698/2483
f 2485/700/2485 2493/736/2493 2492/735/2492 2484/699/2484
f 2486/701/2486 2494/737/2494 2493/736/2493 2485/700/2485
f 2487/702/2487 2495/738/2495 2494/737/2494 2486/701/2486
f 2488/695/2481 2496/731/2489 2495/738/2495 2487/702/2487
f 2489/730/2488 2497/766/2496 2504/767/2497 2496/731/2489
f 2490/732/2490 2498/768/2498 2497/769/2496 2489/733/2488
f 2491/734/2491 2499/770/2499 2498/768/2498 2490/732/2490
f 2492/735/2492 2500/771/2500 2499/770/2499 2491/734/2491
f 2493/736/2493 2501/772/2501 2500/771/2500 2492/735/2492
f 2494/737/2494 2502/773/2502 2501/772/2501 2493/736/2493
f 2495/738/2495 2503/774/2503 2502/773/2502 2494/737/2494
f 2496/731/2489 2504/767/2497 2503/774/2503 2495/738/2495
f 2505/550/2504 2513/586/2505 2520/587/2506 2512/553/2507
f 2506/554/2508 2514/588/2509 2513/589/2505 2505/557/2504
f 2507/558/2510 2515/590/2511 2514/588/2509 2506/554/2508
f 2508/560/2512 2516/591/2513 2515/590/2511 2507/558/2510
f 2509/562/2514 2517/592/2515 2516/591/2513 2508/560/2512
f 2510/564/2516 2518/593/2517 2517/592/2515 2509/562/2514
f 2511/566/2518 2519/594/2519 2518/593/2517 2510/564/2516
f 2512/553/2507 2520/587/2506 2519/594/2519 2511/566/2518
f 2513/586/2505 2521/622/2520 2528/623/2521 2520/587/2506
f 2514/588/2509 2522/624/2522 2521/625/2520 2513/589/2505
f 2515/590/2511 2523/626/2523 2522/624/2522 2514/588/2509
f 2516/591/2513 2524/627/2524 2523/626/2523 2515/590/2511
f 2517/592/2515 2525/628/2525 2524/627/2524 2516/591/2513
f 2518/593/2517 2526/629/2526 2525/628/2525 2517/592/2515
f 2519/594/2519 2527/630/2527 2526/629/2526 2518/593/2517
f 2520/587/2506 2528/623/2521 2527/630/2527 2519/594/2519
f 2521/622/2520 2529/658/2528 2536/659/2529 2528/623/2521
f 2522/624/2522 2530/660/2530 2529/661/2528 2521/625/2520
f 2523/626/2523 2531/662/2531 2530/660/2530 2522/624/2522
f 2524/627/2524 2532/663/2532 2531/662/2531 2523/626/2523
f 2525/628/2525 2533/664/2533 2532/663/2532 2524/627/2524
f 2526/629/2526 2534/665/2534 2533/664/2533 2525/628/2525
f 2527/630/2527 2535/666/2535 2534/665/2534 2526/629/2526
f 2528/623/2521 2536/659/2529 2535/666/2535 2527/630/2527
f 2529/658/2528 2537/694/2536 2544/695/2537 2536/659/2529
f 2530/660/2530 2538/696/2538 2537/697/2536 2529/661/2528
f 2531/662/2531 2539/698/2539 2538/696/2538 2530/660/2530
f 2532/663/2532 2540/699/2540 2539/698/2539 2531/662/2531
f 2533/664/2533 2541/700/2541 2540/699/2540 2532/663/2532
f 2534/665/2534 2542/701/2542 2541/700/2541 2533/664/2533
f 2535/666/2535 2543/702/2543 2542/701/2542 2534/665/2534
f 2536/659/2529 2544/695/2537 2543/702/2543 2535/666/2535
f 2537/694/2536 2545/730/2544 2552/731/2545 2544/695/2537
f 2538/696/2538 2546/732/2546 2545/733/2544 2537/697/2536
f 2539/698/2539 2547/734/2547 2546/732/2546 2538/696/2538
f 2540/699/2540 2548/735/2548 2547/734/2547 2539/698/2539
f 2541/700/2541 2549/736/2549 2548/735/2548 2540/699/2540
f 2542/701/2542 2550/737/2550 2549/736/2549 2541/700/2541
f 2543/702/2543 2551/738/2551 2550/737/2550 2542/701/2542
f 2544/695/2537 2552/731/2545 2551/738/2551 2543/702/2543
f 2545/730/2544 2553/766/2552 2560/767/2553 2552/731/2545
f 2546/732/2546 2554/768/2554 2553/769/2552 2545/733/2544
f 2547/734/2547 2555/770/2555 2554/768/2554 2546/732/2546
f 2548/735/2548 2556/771/2556 2555/770/2555 2547/734/2547
f 2549/736/2549 2557/772/2557 2556/771/2556 2548/735/2548
f 2550/737/2550 2558/773/2558 2557/772/2557 2549/736/2549
f 2551/738/2551 2559/774/2559 2558/773/2558 2550/737/2550
f 2552/731/2545 2560/767/2553 2559/774/2559 2551/738/2551
f 2561/550/2560 2569/937/2561 2576/938/2562 2568/553/2563
f 2562/554/2564 2570/939/2565 2569/940/2561 2561/557/2560
f 2563/558/2566 2571/941/2567 2570/939/2565 2562/554/2564
f 2564/560/2568 2572/942/2569 2571/941/2567 2563/558/2566
f 2565/562/2570 2573/943/2571 2572/942/2569 2564/560/2568
f 2566/564/2572 2574/944/2573 2573/943/2571 2565/562/2570
f 2567/566/2574 2575/945/2575 2574/944/2573 2566/564/2572
f 2568/553/2563 2576/938/2562 2575/945/2575 2567/566/2574
f 2569/937/2561 2577/946/2576 2584/947/2577 2576/938/2562
f 2570/939/2565 2578/948/2578 2577/949/2576 2569/940/2561
f 2571/941/2567 2579/950/2579 2578/948/2578 2570/939/2565
f 2572/942/2569 2580/951/2580 2579/950/2579 2571/941/2567
f 2573/943/2571 2581/952/2581 2580/951/2580 2572/942/2569
f 2574/944/2573 2582/953/2582 2581/952/2581 2573/943/2571
f 2575/945/2575 2583/954/2583 2582/953/2582 2574/944/2573
f 2576/938/2562 2584/947/2577 2583/954/2583 2575/945/2575
f 2577/946/2576 2585/955/2584 2592/956/2585 2584/947/2577
f 2578/948/2578 2586/957/2586 2585/958/2584 2577/949/2576
f 2579/950/2579 2587/959/2587 2586/957/2586 2578/948/2578
f 2580/951/2580 2588/960/2588 2587/959/2587 2579/950/2579
f 2581/952/2581 2589/961/2589 2588/960/2588 2580/951/2580
f 2582/953/2582 2590/962/2590 2589/961/2589 2581/952/2581
f 2583/954/2583 2591/963/2591 2590/962/2590 2582/953/2582
f 2584/947/2577 2592/956/2585 2591/963/2591 2583/954/2583
f 2585/955/2584 2593/964/2592 2600/965/2593 2592/956/2585
f 2586/957/2586 2594/966/2594 2593/967/2592 2585/958/2584
f 2587/959/2587 2595/968/2595 2594/966/2594 2586/957/2586
f 2588/960/2588 2596/969/2596 2595/968/2595 2587/959/2587
f 2589/961/2589 2597/970/2597 2596/969/2596 2588/960/2588
f 2590/962/2590 2598/971/2598 2597/970/2597 2589/961/2589
f 2591/963/2591 2599/972/2599 2598/971/2598 2590/962/2590
f 2592/956/2585 2600/965/2593 2599/972/2599 2591/963/2591
f 2593/964/2592 2601/622/2600 2608/623/2601 2600/965/2593
f 2594/966/2594 2602/624/2602 2601/625/2600 2593/967/2592
f 2595/968/2595 2603/626/2603 2602/624/2602 2594/966/2594
f 2596/969/2596 2604/627/2604 2603/626/2603 2595/968/2595
f 2597/970/2597 2605/628/2605 2604/627/2604 2596/969/2596
f 2598/971/2598 2606/629/2606 2605/628/2605 2597/970/2597
f 2599/972/2599 2607/630/2607 2606/629/2606 2598/971/2598
f 2600/965/2593 2608/623/2601 2607/630/2607 2599/972/2599
f 2601/622/2600 2609/973/2608 2616/974/2609 2608/623/2601
f 2602/624/2602 2610/975/2610 2609/976/2608 2601/625/2600
f 2603/626/2603 2611/977/2611 2610/975/2610 2602/624/2602
f 2604/627/2604 2612/978/2612 2611/977/2611 2603/626/2603
f 2605/628/2605 2613/979/2613 2612/978/2612 2604/627/2604
f 2606/629/2606 2614/980/2614 2613/979/2613 2605/628/2605
f 2607/630/2607 2615/981/2615 2614/980/2614 2606/629/2606
f 2608/623/2601 2616/974/2609 2615/981/2615 2607/630/2607
f 2609/973/2608 2617/982/2616 2624/983/2617 2616/974/2609
f 2610/975/2610 2618/984/2618 2617/985/2616 2609/976/2608
f 2611/977/2611 2619/986/2619 2618/984/2618 2610/975/2610
f 2612/978/2612 2620/987/2620 2619/986/2619 2611/977/2611
f 2613/979/2613 2621/988/2621 2620/987/2620 2612/978/2612
f 2614/980/2614 2622/989/2622 2621/988/2621 2613/979/2613
f 2615/981/2615 2623/990/2623 2622/989/2622 2614/980/2614
f 2616/974/2609 2624/983/2617 2623/990/2623 2615/981/2615
f 2617/982/2616 2625/991/2624 2632/992/2625 2624/983/2617
f 2618/984/2618 2626/993/2626 2625/994/2624 2617/985/2616
f 2619/986/2619 2627/995/2627 2626/993/2626 2618/984/2618
f 2620/987/2620 2628/996/2628 2627/995/2627 2619/986/2619
f 2621/988/2621 2629/997/2629 2628/996/2628 2620/987/2620
f 2622/989/2622 2630/998/2630 2629/997/2629 2621/988/2621
f 2623/990/2623 2631/999/2631 2630/998/2630 2622/989/2622
f 2624/983/2617 2632/992/2625 2631/999/2631 2623/990/2623
f 2625/991/2624 2633/1000/2632 2640/1001/2633 2632/992/2625
f 2626/993/2626 2634/1002/2634 2633/1003/2632 2625/994/2624
f 2627/995/2627 2635/1004/2635 2634/1002/2634 2626/993/2626
f 2628/996/2628 2636/1005/2636 2635/1004/2635 2627/995/2627
f 2629/997/2629 2637/1006/2637 2636/1005/2636 2628/996/2628
f 2630/998/2630 2638/1007/2638 2637/1006/2637 2629/997/2629
f 2631/999/2631 2639/1008/2639 2638/1007/2638 2630/998/2630
f 2632/992/2625 2640/1001/2633 2639/1008/2639 2631/999/2631
f 2633/1000/2632 2641/694/2640 2648/695/2641 2640/1001/2633
f 2634/1002/2634 2642/696/2642 2641/697/2640 2633/1003/2632
f 2635/1004/2635 2643/698/2643 2642/696/2642 2634/1002/2634
f 2636/1005/2636 2644/699/2644 2643/698/2643 2635/1004/2635
f 2637/1006/2637 2645/700/2645 2644/699/2644 2636/1005/2636
f 2638/1007/2638 2646/701/2646 2645/700/2645 2637/1006/2637
f 2639/1008/2639 2647/702/2647 2646/701/2646 2638/1007/2638
f 2640/1001/2633 2648/695/2641 2647/702/2647 2639/1008/2639
f 2641/694/2640 2649/1009/2648 2656/1010/2649 2648/695/2641
f 2642/696/2642 2650/1011/2650 2649/1012/2648 2641/697/2640
f 2643/698/2643 2651/1013/2651 2650/1011/2650 2642/696/2642
f 2644/699/2644 2652/1014/2652 2651/1013/2651 2643/698/2643
f 2645/700/2645 2653/1015/2653 2652/1014/2652 2644/699/2644
f 2646/701/2646 2654/1016/2654 2653/1015/2653 2645/700/2645
f 2647/702/2647 2655/1017/2655 2654/1016/2654 2646/701/2646
f 2648/695/2641 2656/1010/2649 2655/1017/2655 2647/702/2647
f 2649/1009/2648 2657/1018/2656 2664/1019/2657 2656/1010/2649
f 2650/1011/2650 2658/1020/2658 2657/1021/2656 2649/1012/2648
f 2651/1013/2651 2659/1022/2659 2658/1020/2658 2650/1011/2650
f 2652/1014/2652 2660/1023/2660 2659/1022/2659 2651/1013/2651
f 2653/1015/2653 2661/1024/2661 2660/1023/2660 2652/1014/2652
f 2654/1016/2654 2662/1025/2662 2661/1024/2661 2653/1015/2653
f 2655/1017/2655 2663/1026/2663 2662/1025/2662 2654/1016/2654
f 2656/1010/2649 2664/1019/2657 2663/1026/2663 2655/1017/2655
f 2657/1018/2656 2665/1027/2664 2672/1028/2665 2664/1019/2657
f 2658/1020/2658 2666/1029/2666 2665/1030/2664 2657/1021/2656
f 2659/1022/2659 2667/1031/2667 2666/1029/2666 2658/1020/2658
f 2660/1023/2660 2668/1032/2668 2667/1031/2667 2659/1022/2659
f 2661/1024/2661 2669/1033/2669 2668/1032/2668 2660/1023/2660
f 2662/1025/2662 2670/1034/2670 2669/1033/2669 2661/1024/2661
f 2663/1026/2663 2671/1035/2671 2670/1034/2670 2662/1025/2662
f 2664/1019/2657 2672/1028/2665 2671/1035/2671 2663/1026/2663
f 2665/1027/2664 2673/1036/2672 2680/1037/2673 2672/1028/2665
f 2666/1029/2666 2674/1038/2674 2673/1039/2672 2665/1030/2664
f 2667/1031/2667 2675/1040/2675 2674/1038/2674 2666/1029/2666
f 2668/1032/2668 2676/1041/2676 2675/1040/2675 2667/1031/2667
f 2669/1033/2669 2677/1042/2677 2676/1041/2676 2668/1032/2668
f 2670/1034/2670 2678/1043/2678 2677/1042/2677 2669/1033/2669
f 2671/1035/2671 2679/1044/2679 2678/1043/2678 2670/1034/2670
f 2672/1028/2665 2680/1037/2673 2679/1044/2679 2671/1035/2671
f 2673/1036/2672 2681/766/2680 2688/767/2681 2680/1037/2673
f 2674/1038/2674 2682/768/2682 2681/769/2680 2673/1039/2672
f 2675/1040/2675 2683/770/2683 2682/768/2682 2674/1038/2674
f 2676/1041/2676 2684/771/2684 2683/770/2683 2675/1040/2675
f 2677/1042/2677 2685/772/2685 2684/771/2684 2676/1041/2676
f 2678/1043/2678 2686/773/2686 2685/772/2685 2677/1042/2677
f 2679/1044/2679 2687/774/2687 2686/773/2686 2678/1043/2678
f 2680/1037/2673 2688/767/2681 2687/774/2687 2679/1044/2679
f 2689/550/2688 2697/937/2689 2704/938/2690 2696/553/2691
f 2690/554/2692 2698/939/2693 2697/940/2689 2689/557/2688
f 2691/558/2694 2699/941/2695 2698/939/2693 2690/554/2692
f 2692/560/2696 2700/942/2697 2699/941/2695 2691/558/2694
f 2693/562/2698 2701/943/2699 2700/942/2697 2692/560/2696
f 2694/564/2700 2702/944/2701 2701/943/2699 2693/562/2698
f 2695/566/2702 2703/945/2703 2702/944/2701 2694/564/2700
f 2696/553/2691 2704/938/2690 2703/945/2703 2695/566/2702
f 2697/937/2689 2705/946/2704 2712/947/2705 2704/938/2690
f 2698/939/2693 2706/948/2706 2705/949/2704 2697/940/2689
f 2699/941/2695 2707/950/2707 2706/948/2706 2698/939/2693
f 2700/942/2697 2708/951/2708 2707/950/2707 2699/941/2695
f 2701/943/2699 2709/952/2709 2708/951/2708 2700/942/2697
f 2702/944/2701 2710/953/2710 2709/952/2709 2701/943/2699
f 2703/945/2703 2711/954/2711 2710/953/2710 2702/944/2701
f 2704/938/2690 2712/947/2705 2711/954/2711 2703/945/2703
f 2705/946/2704 2713/955/2712 2720/956/2713 2712/947/2705
f 2706/948/2706 2714/957/2714 2713/958/2712 2705/949/2704
f 2707/950/2707 2715/959/2715 2714/957/2714 2706/948/2706
f 2708/951/2708 2716/960/2716 2715/959/2715 2707/950/2707
f 2709/952/2709 2717/961/2717 2716/960/2716 2708/951/2708
f 2710/953/2710 2718/962/2718 2717/961/2717 2709/952/2709
f 2711/954/2711 2719/963/2719 2718/962/2718 2710/953/2710
f 2712/947/2705 2720/956/2713 2719/963/2719 2711/954/2711
f 2713/955/2712 2721/964/2720 2728/965/2721 2720/956/2713
f 2714/957/2714 2722/966/2722 2721/967/2720 2713/958/2712
f 2715/959/2715 2723/968/2723 2722/966/2722 2714/957/2714
f 2716/960/2716 2724/969/2724 2723/968/2723 2715/959/2715
f 2717/961/2717 2725/970/2725 2724/969/2724 2716/960/2716
f 2718/962/2718 2726/971/2726 2725/970/2725 2717/961/2717
f 2719/963/2719 2727/972/2727 2726/971/2726 2718/962/2718
f 2720/956/2713 2728/965/2721 2727/972/2727 2719/963/2719
f 2721/964/2720 2729/622/2728 2736/623/2729 2728/965/2721
f 2722/966/2722 2730/624/2730 2729/625/2728 2721/967/2720
f 2723/968/2723 2731/626/2731 2730/624/2730 2722/966/2722
f 2724/969/2724 2732/627/2732 2731/626/2731 2723/968/2723
f 2725/970/2725 2733/628/2733 2732/627/2732 2724/969/2724
f 2726/971/2726 2734/629/2734 2733/628/2733 2725/970/2725
f 2727/972/2727 2735/630/2735 2734/629/2734 2726/971/2726
f 2728/965/2721 2736/623/2729 2735/630/2735 2727/972/2727
f 2729/622/2728 2737/973/2736 2744/974/2737 2736/623/2729
f 2730/624/2730 2738/975/2738 2737/976/2736 2729/625/2728
f 2731/626/2731 2739/977/2739 2738/975/2738 2730/624/2730
f 2732/627/2732 2740/978/2740 2739/977/2739 2731/626/2731
f 2733/628/2733 2741/979/2741 2740/978/2740 2732/627/2732
f 2734/629/2734 2742/980/2742 2741/979/2741 2733/628/2733
f 2735/630/2735 2743/981/2743 2742/980/2742 2734/629/2734
f 2736/623/2729 2744/974/2737 2743/981/2743 2735/630/2735
f 2737/973/2736 2745/982/2744 2752/983/2745 2744/974/2737
f 2738/975/2738 2746/984/2746 2745/985/2744 2737/976/2736
f 2739/977/2739 2747/986/2747 2746/984/2746 2738/975/2738
f 2740/978/2740 2748/987/2748 2747/986/2747 2739/977/2739
f 2741/979/2741 2749/988/2749 2748/987/2748 2740/978/2740
f 2742/980/2742 2750/989/2750 2749/988/2749 2741/979/2741
f 2743/981/2743 2751/990/2751 2750/989/2750 2742/980/2742
f 2744/974/2737 2752/983/2745 2751/990/2751 2743/981/2743
f 2745/982/2744 2753/991/2752 2760/992/2753 2752/983/2745
f 2746/984/2746 2754/993/2754 2753/994/2752 2745/985/2744
f 2747/986/2747 2755/995/2755 2754/993/2754 2746/984/2746
f 2748/987/2748 2756/996/2756 2755/995/2755 2747/986/2747
f 2749/988/2749 2757/997/2757 2756/996/2756 2748/987/2748
f 2750/989/2750 2758/998/2758 2757/997/2757 2749/988/2749
f 2751/990/2751 2759/999/2759 2758/998/2758 2750/989/2750
f 2752/983/2745 2760/992/2753 2759/999/2759 2751/990/2751
f 2753/991/2752 2761/1000/2760 2768/1001/2761 2760/992/2753
f 2754/993/2754 2762/1002/2762 2761/1003/2760 2753/994/2752
f 2755/995/2755 2763/1004/2763 2762/1002/2762 2754/993/2754
f 2756/996/2756 2764/1005/2764 2763/1004/2763 2755/995/2755
f 2757/997/2757 2765/1006/2765 2764/1005/2764 2756/996/2756
f 2758/998/2758 2766/1007/2766 2765/1006/2765 2757/997/2757
f 2759/999/2759 2767/1008/2767 2766/1007/2766 2758/998/2758
f 2760/992/2753 2768/1001/2761 2767/1008/2767 2759/999/2759
f 2761/1000/2760 2769/694/2768 2776/695/2769 2768/1001/2761
f 2762/1002/2762 2770/696/2770 2769/697/2768 2761/1003/2760
f 2763/1004/2763 2771/698/2771 2770/696/2770 2762/1002/2762
f 2764/1005/2764 2772/699/2772 2771/698/2771 2763/1004/2763
f 2765/1006/2765 2773/700/2773 2772/699/2772 2764/1005/2764
f 2766/1007/2766 2774/701/2774 2773/700/2773 2765/1006/2765
f 2767/1008/2767 2775/702/2775 2774/701/2774 2766/1007/2766
f 2768/1001/2761 2776/695/2769 2775/702/2775 2767/1008/2767
f 2769/694/2768 2777/1009/2776 2784/1010/2777 2776/695/2769
f 2770/696/2770 2778/1011/2778 2777/1012/2776 2769/697/2768
f 2771/698/2771 2779/1013/2779 2778/1011/2778 2770/696/2770
f 2772/699/2772 2780/1014/2780 2779/1013/2779 2771/698/2771
f 2773/700/2773 2781/1015/2781 2780/1014/2780 2772/699/2772
f 2774/701/2774 2782/1016/2782 2781/1015/2781 2773/700/2773
f 2775/702/2775 2783/1017/2783 2782/1016/2782 2774/701/2774
f 2776/695/2769 2784/1010/2777 2783/1017/2783 2775/702/2775
f 2777/1009/2776 2785/1018/2784 2792/1019/2785 2784/1010/2777
f 2778/1011/2778 2786/1020/2786 2785/1021/2784 2777/1012/2776
f 2779/1013/2779 2787/1022/2787 2786/1020/2786 2778/1011/2778
f 2780/1014/2780 2788/1023/2788 2787/1022/2787 2779/1013/2779
f 2781/1015/2781 2789/1024/2789 2788/1023/2788 2780/1014/2780
f 2782/1016/2782 2790/1025/2790 2789/1024/2789 2781/1015/2781
f 2783/1017/2783 2791/1026/2791 2790/1025/2790 2782/1016/2782
f 2784/1010/2777 2792/1019/2785 2791/1026/2791 2783/1017/2783
f 2785/1018/2784 2793/1027/2792 2800/1028/2793 2792/1019/2785
f 2786/1020/2786 2794/1029/2794 2793/1030/2792 2785/1021/2784
f 2787/1022/2787 2795/1031/2795 2794/1029/2794 2786/1020/2786
f 2788/1023/2788 2796/1032/2796 2795/1031/2795 2787/1022/2787
f 2789/1024/2789 2797/1033/2797 2796/1032/2796 2788/1023/2788
f 2790/1025/2790 2798/1034/2798 2797/1033/2797 2789/1024/2789
f 2791/1026/2791 2799/1035/2799 2798/1034/2798 2790/1025/2790
f 2792/1019/2785 2800/1028/2793 2799/1035/2799 2791/1026/2791
f 2793/1027/2792 2801/1036/2800 2808/1037/2801 2800/1028/2793
f 2794/1029/2794 2802/1038/2802 2801/1039/2800 2793/1030/2792
f 2795/1031/2795 2803/1040/2803 2802/1038/2802 2794/1029/2794
f 2796/1032/2796 2804/1041/2804 2803/1040/2803 2795/1031/2795
f 2797/1033/2797 2805/1042/2805 2804/1041/2804 2796/1032/2796
f 2798/1034/2798 2806/1043/2806 2805/1042/2805 2797/1033/2797
f 2799/1035/2799 2807/1044/2807 2806/1043/2806 2798/1034/2798
f 2800/1028/2793 2808/1037/2801 2807/1044/2807 2799/1035/2799
f 2801/1036/2800 2809/766/2808 2816/767/2809 2808/1037/2801
f 2802/1038/2802 2810/768/2810 2809/769/2808 2801/1039/2800
f 2803/1040/2803 2811/770/2811 2810/768/2810 2802/1038/2802
f 2804/1041/2804 2812/771/2812 2811/770/2811 2803/1040/2803
f 2805/1042/2805 2813/772/2813 2812/771/2812 2804/1041/2804
f 2806/1043/2806 2814/773/2814 2813/772/2813 2805/1042/2805
f 2807/1044/2807 2815/774/2815 2814/773/2814 2806/1043/2806
f 2808/1037/2801 2816/767/2809 2815/774/2815 2807/1044/2807
f 2817/550/2816 2825/937/2817 2832/938/2818 2824/553/2819
f 2818/554/2820 2826/939/2821 2825/940/2817 2817/557/2816
f 2819/558/2822 2827/941/2823 2826/939/2821 2818/554/2820
f 2820/560/2824 2828/942/2825 2827/941/2823 2819/558/2822
f 2821/562/2826 2829/943/2827 2828/942/2825 2820/560/2824
f 2822/564/2828 2830/944/2829 2829/943/2827 2821/562/2826
f 2823/566/2830 2831/945/2831 2830/944/2829 2822/564/2828
f 2824/553/2819 2832/938/2818 2831/945/2831 2823/566/2830
f 2825/937/2817 2833/946/2832 2840/947/2833 2832/938/2818
f 2826/939/2821 2834/948/2834 2833/949/2832 2825/940/2817
f 2827/941/2823 2835/950/2835 2834/948/2834 2826/939/2821
f 2828/942/2825 2836/951/2836 2835/950/2835 2827/941/2823
f 2829/943/2827 2837/952/2837 2836/951/2836 2828/942/2825
f 2830/944/2829 2838/953/2838 2837/952/2837 2829/943/2827
f 2831/945/2831 2839/954/2839 2838/953/2838 2830/944/2829
f 2832/938/2818 2840/947/2833 2839/954/2839 2831/945/2831
f 2833/946/2832 2841/955/2840 2848/956/2841 2840/947/2833
f 2834/948/2834 2842/957/2842 2841/958/2840 2833/949/2832
f 2835/950/2835 2843/959/2843 2842/957/2842 2834/948/2834
f 2836/951/2836 2844/960/2844 2843/959/2843 2835/950/2835
f 2837/952/2837 2845/961/2845 2844/960/2844 2836/951/2836
f 2838/953/2838 2846/962/2846 2845/961/2845 2837/952/2837
f 2839/954/2839 2847/963/2847 2846/962/2846 2838/953/2838
f 2840/947/2833 2848/956/2841 2847/963/2847 2839/954/2839
f 2841/955/2840 2849/964/2848 2856/965/2849 2848/956/2841
f 2842/957/2842 2850/966/2850 2849/967/2848 2841/958/2840
f 2843/959/2843 2851/968/2851 2850/966/2850 2842/957/2842
f 2844/960/2844 2852/969/2852 2851/968/2851 2843/959/2843
f 2845/961/2845 2853/970/2853 2852/969/2852 2844/960/2844
f 2846/962/2846 2854/971/2854 2853/970/2853 2845/961/2845
f 2847/963/2847 2855/972/2855 2854/971/2854 2846/962/2846
f 2848/956/2841 2856/965/2849 2855/972/2855 2847/963/2847
f 2849/964/2848 2857/622/2856 2864/623/2857 2856/965/2849
f 2850/966/2850 2858/624/2858 2857/625/2856 2849/967/2848
f 2851/968/2851 2859/626/2859 2858/624/2858 2850/966/2850
f 2852/969/2852 2860/627/2860 2859/626/2859 2851/968/2851
f 2853/970/2853 2861/628/2861 2860/627/2860 2852/969/2852
f 2854/971/2854 2862/629/2862 2861/628/2861 2853/970/2853
f 2855/972/2855 2863/630/2863 2862/629/2862 2854/971/2854
f 2856/965/2849 2864/623/2857 2863/630/2863 2855/972/2855
f 2857/622/2856 2865/973/2864 2872/974/2865 2864/623/2857
f 2858/624/2858 2866/975/2866 2865/976/2864 2857/625/2856
f 2859/626/2859 2867/977/2867 2866/975/2866 2858/624/2858
f 2860/627/2860 2868/978/2868 2867/977/2867 2859/626/2859
f 2861/628/2861 2869/979/2869 2868/978/2868 2860/627/2860
f 2862/629/2862 2870/980/2870 2869/979/2869 2861/628/2861
f 2863/630/2863 2871/981/2871 2870/980/2870 2862/629/2862
f 2864/623/2857 2872/974/2865 2871/981/2871 2863/630/2863
f 2865/973/2864 2873/982/2872 2880/983/2873 2872/974/2865
f 2866/975/2866 2874/984/2874 2873/985/2872 2865/976/2864
f 2867/977/2867 2875/986/2875 2874/984/2874 2866/975/2866
f 2868/978/2868 2876/987/2876 2875/986/2875 2867/977/2867
f 2869/979/2869 2877/988/2877 2876/987/2876 2868/978/2868
f 2870/980/2870 2878/989/2878 2877/988/2877 2869/979/2869
f 2871/981/2871 2879/990/2879 2878/989/2878 2870/980/2870
f 2872/974/2865 2880/983/2873 2879/990/2879 2871/981/2871
f 2873/982/2872 2881/991/2880 2888/992/2881 2880/983/2873
f 2874/984/2874 2882/993/2882 2881/994/2880 2873/985/2872
f 2875/986/2875 2883/995/2883 2882/993/2882 2874/984/2874
f 2876/987/2876 2884/996/2884 2883/995/2883 2875/986/2875
f 2877/988/2877 2885/997/2885 2884/996/2884 2876/987/2876
f 2878/989/2878 2886/998/2886 2885/997/2885 2877/988/2877
f 2879/990/2879 2887/999/2887 2886/998/2886 2878/989/2878
f 2880/983/2873 2888/992/2881 2887/999/2887 2879/990/2879
f 2881/991/2880 2889/1000/2888 2896/1001/2889 2888/992/2881
f 2882/993/2882 2890/1002/2890 2889/1003/2888 2881/994/2880
f 2883/995/2883 2891/1004/2891 2890/1002/2890 2882/993/2882
f 2884/996/2884 2892/1005/2892 2891/1004/2891 2883/995/2883
f 2885/997/2885 2893/1006/2893 2892/1005/2892 2884/996/2884
f 2886/998/2886 2894/1007/2894 2893/1006/2893 2885/997/2885
f 2887/999/2887 2895/1008/2895 2894/1007/2894 2886/998/2886
f 2888/992/2881 2896/1001/2889 2895/1008/2895 2887/999/2887
f 2889/1000/2888 2897/694/2896 2904/695/2897 2896/1001/2889
f 2890/1002/2890 2898/696/2898 2897/697/2896 2889/1003/2888
f 2891/1004/2891 2899/698/2899 2898/696/2898 2890/1002/2890
f 2892/1005/2892 2900/699/2900 2899/698/2899 2891/1004/2891
f 2893/1006/2893 2901/700/2901 2900/699/2900 2892/1005/2892
f 2894/1007/2894 2902/701/2902 2901/700/2901 2893/1006/2893
f 2895/1008/2895 2903/702/2903 2902/701/2902 2894/1007/2894
f 2896/1001/2889 2904/695/2897 2903/702/2903 2895/1008/2895
f 2897/694/2896 2905/1009/2904 2912/1010/2905 2904/695/2897
f 2898/696/2898 2906/1011/2906 2905/1012/2904 2897/697/2896
f 2899/698/2899 2907/1013/2907 2906/1011/2906 2898/696/2898
f 2900/699/2900 2908/1014/2908 2907/1013/2907 2899/698/2899
f 2901/700/2901 2909/1015/2909 2908/1014/2908 2900/699/2900
f 2902/701/2902 2910/1016/2910 2909/1015/2909 2901/700/2901
f 2903/702/2903 2911/1017/2911 2910/1016/2910 2902/701/2902
f 2904/695/2897 2912/1010/2905 2911/1017/2911 2903/702/2903
f 2905/1009/2904 2913/1018/2912 2920/1019/2913 2912/1010/2905
f 2906/1011/2906 2914/1020/2914 2913/1021/2912 2905/1012/2904
f 2907/1013/2907 2915/1022/2915 2914/1020/2914 2906/1011/2906
f 2908/1014/2908 2916/1023/2916 2915/1022/2915 2907/1013/2907
f 2909/1015/2909 2917/1024/2917 2916/1023/2916 2908/1014/2908
f 2910/1016/2910 2918/1025/2918 2917/1024/2917 2909/1015/2909
f 2911/1017/2911 2919/1026/2919 2918/1025/2918 2910/1016/2910
f 2912/1010/2905 2920/1019/2913 2919/1026/2919 2911/1017/2911
f 2913/1018/2912 2921/1027/2920 2928/1028/2921 2920/1019/2913
f 2914/1020/2914 2922/1029/2922 2921/1030/2920 2913/1021/2912
f 2915/1022/2915 2923/1031/2923 2922/1029/2922 2914/1020/2914
f 2916/1023/2916 2924/1032/2924 2923/1031/2923 2915/1022/2915
f 2917/1024/2917 2925/1033/2925 2924/1032/2924 2916/1023/2916
f 2918/1025/2918 2926/1034/2926 2925/1033/2925 2917/1024/2917
f 2919/1026/2919 2927/1035/2927 2926/1034/2926 2918/1025/2918
f 2920/1019/2913 2928/1028/2921 2927/1035/2927 2919/1026/2919
f 2921/1027/2920 2929/1036/2928 2936/1037/2929 2928/1028/2921
f 2922/1029/2922 2930/1038/2930 2929/1039/2928 2921/1030/2920
f 2923/1031/2923 2931/1040/2931 2930/1038/2930 2922/1029/2922
f 2924/1032/2924 2932/1041/2932 2931/1040/2931 2923/1031/2923
f 2925/1033/2925 2933/1042/2933 2932/1041/2932 2924/1032/2924
f 2926/1034/2926 2934/1043/2934 2933/1042/2933 2925/1033/2925
f 2927/1035/2927 2935/1044/2935 2934/1043/2934 2926/1034/2926
f 2928/1028/2921 2936/1037/2929 2935/1044/2935 2927/1035/2927
f 2929/1036/2928 2937/766/2936 2944/767/2937 2936/1037/2929
f 2930/1038/2930 2938/768/2938 2937/769/2936 2929/1039/2928
f 2931/1040/2931 2939/770/2939 2938/768/2938 2930/1038/2930
f 2932/1041/2932 2940/771/2940 2939/770/2939 2931/1040/2931
f 2933/1042/2933 2941/772/2941 2940/771/2940 2932/1041/2932
f 2934/1043/2934 2942/773/2942 2941/772/2941 2933/1042/2933
f 2935/1044/2935 2943/774/2943 2942/773/2942 2934/1043/2934
f 2936/1037/2929 2944/767/2937 2943/774/2943 2935/1044/2935
f 2945/550/2944 2953/937/2945 2960/938/2946 2952/553/2947
f 2946/554/2948 2954/939/2949 2953/940/2945 2945/557/2944
f 2947/558/2950 2955/941/2951 2954/939/2949 2946/554/2948
f 2948/560/2952 2956/942/2953 2955/941/2951 2947/558/2950
f 2949/562/2954 2957/943/2955 2956/942/2953 2948/560/2952
f 2950/564/2956 2958/944/2957 2957/943/2955 2949/562/2954
f 2951/566/2958 2959/945/2959 2958/944/2957 2950/564/2956
f 2952/553/2947 2960/938/2946 2959/945/2959 2951/566/2958
f 2953/937/2945 2961/946/2960 2968/947/2961 2960/938/2946
f 2954/939/2949 2962/948/2962 2961/949/2960 2953/940/2945
f 2955/941/2951 2963/950/2963 2962/948/2962 2954/939/2949
f 2956/942/2953 2964/951/2964 2963/950/2963 2955/941/2951
f 2957/943/2955 2965/952/2965 2964/951/2964 2956/942/2953
f 2958/944/2957 2966/953/2966 2965/952/2965 2957/943/2955
f 2959/945/2959 2967/954/2967 2966/953/2966 2958/944/2957
f 2960/938/2946 2968/947/2961 2967/954/2967 2959/945/2959
f 2961/946/2960 2969/955/2968 2976/956/2969 2968/947/2961
f 2962/948/2962 2970/957/2970 2969/958/2968 2961/949/2960
f 2963/950/2963 2971/959/2971 2970/957/2970 2962/948/2962
f 2964/951/2964 2972/960/2972 2971/959/2971 2963/950/2963
f 2965/952/2965 2973/961/2973 2972/960/2972 2964/951/2964
f 2966/953/2966 2974/962/2974 2973/961/2973 2965/952/2965
f 2967/954/2967 2975/963/2975 2974/962/2974 2966/953/2966
f 2968/947/2961 2976/956/2969 2975/963/2975 2967/954/2967
f 2969/955/2968 2977/964/2976 2984/965/2977 2976/956/2969
f 2970/957/2970 2978/966/2978 2977/967/2976 2969/958/2968
f 2971/959/2971 2979/968/2979 2978/966/2978 2970/957/2970
f 2972/960/2972 2980/969/2980 2979/968/2979 2971/959/2971
f 2973/961/2973 2981/970/2981 2980/969/2980 2972/960/2972
f 2974/962/2974 2982/971/2982 2981/970/2981 2973/961/2973
f 2975/963/2975 2983/972/2983 2982/971/2982 2974/962/2974
f 2976/956/2969 2984/965/2977 2983/972/2983 2975/963/2975
f 2977/964/2976 2985/622/2984 2992/623/2985 2984/965/2977
f 2978/966/2978 2986/624/2986 2985/625/2984 2977/967/2976
f 2979/968/2979 2987/626/2987 2986/624/2986 2978/966/2978
f 2980/969/2980 2988/627/2988 2987/626/2987 2979/968/2979
f 2981/970/2981 2989/628/2989 2988/627/2988 2980/969/2980
f 2982/971/2982 2990/629/2990 2989/628/2989 2981/970/2981
f 2983/972/2983 2991/630/2991 2990/629/2990 2982/971/2982
f 2984/965/2977 2992/623/2985 2991/630/2991 2983/972/2983
f 2985/622/2984 2993/973/2992 3000/974/2993 2992/623/2985
f 2986/624/2986 2994/975/2994 2993/976/2992 2985/625/2984
f 2987/626/2987 2995/977/2995 2994/975/2994 2986/624/2986
f 2988/627/2988 2996/978/2996 2995/977/2995 2987/626/2987
f 2989/628/2989 2997/979/2997 2996/978/2996 2988/627/2988
f 2990/629/2990 2998/980/2998 2997/979/2997 2989/628/2989
f 2991/630/2991 2999/981/2999 2998/980/2998 2990/629/2990
f 2992/623/2985 3000/974/2993 2999/981/2999 2991/630/2991
f 2993/973/2992 3001/982/3000 3008/983/3001 3000/974/2993
f 2994/975/2994 3002/984/3002 3001/985/3000 2993/976/2992
f 2995/977/2995 3003/986/3003 3002/984/3002 2994/975/2994
f 2996/978/2996 3004/987/3004 3003/986/3003 2995/977/2995
f 2997/979/2997 3005/988/3005 3004/987/3004 2996/978/2996
f 2998/980/2998 3006/989/3006 3005/988/3005 2997/979/2997
f 2999/981/2999 3007/990/3007 3006/989/3006 2998/980/2998
f 3000/974/2993 3008/983/3001 3007/990/3007 2999/981/2999
f 3001/982/3000 3009/991/3008 3016/992/3009 3008/983/3001
f 3002/984/3002 3010/993/3010 3009/994/3008 3001/985/3000
f 3003/986/3003 3011/995/3011 3010/993/3010 3002/984/3002
f 3004/987/3004 3012/996/3012 3011/995/3011 3003/986/3003
f 3005/988/3005 3013/997/3013 3012/996/3012 3004/987/3004
f 3006/989/3006 3014/998/3014 3013/997/3013 3005/988/3005
f 3007/990/3007 3015/999/3015 3014/998/3014 3006/989/3006
f 3008/983/3001 3016/992/3009 3015/999/3015 3007/990/3007
f 3009/991/3008 3017/1000/3016 3024/1001/3017 3016/992/3009
f 3010/993/3010 3018/1002/3018 3017/1003/3016 3009/994/3008
f 3011/995/3011 3019/1004/3019 3018/1002/3018 3010/993/3010
f 3012/996/3012 3020/1005/3020 3019/1004/3019 3011/995/3011
f 3013/997/3013 3021/1006/3021 3020/1005/3020 3012/996/3012
f 3014/998/3014 3022/1007/3022 3021/1006/3021 3013/997/3013
f 3015/999/3015 3023/1008/3023 3022/1007/3022 3014/998/3014
f 3016/992/3009 3024/1001/3017 3023/1008/3023 3015/999/3015
f 3017/1000/3016 3025/694/3024 3032/695/3025 3024/1001/3017
f 3018/1002/3018 3026/696/3026 3025/697/3024 3017/1003/3016
f 3019/1004/3019 3027/698/3027 3026/696/3026 3018/1002/3018
f 3020/1005/3020 3028/699/3028 3027/698/3027 3019/1004/3019
f 3021/1006/3021 3029/700/3029 3028/699/3028 3020/1005/3020
f 3022/1007/3022 3030/701/3030 3029/700/3029 3021/1006/3021
f 3023/1008/3023 3031/702/3031 3030/701/3030 3022/1007/3022
f 3024/1001/3017 3032/695/3025 3031/702/3031 3023/1008/3023
f 3025/694/3024 3033/1009/3032 3040/1010/3033 3032/695/3025
f 3026/696/3026 3034/1011/3034 3033/1012/3032 3025/697/3024
f 3027/698/3027 3035/1013/3035 3034/1011/3034 3026/696/3026
f 3028/699/3028 3036/1014/3036 3035/1013/3035 3027/698/3027
f 3029/700/3029 3037/1015/3037 3036/1014/3036 3028/699/3028
f 3030/701/3030 3038/1016/3038 3037/1015/3037 3029/700/3029
f 3031/702/3031 3039/1017/3039 3038/1016/3038 3030/701/3030
f 3032/695/3025 3040/1010/3033 3039/1017/3039 3031/702/3031
f 3033/1009/3032 3041/1018/3040 3048/1019/3041 3040/1010/3033
f 3034/1011/3034 3042/1020/3042 3041/1021/3040 3033/1012/3032
f 3035/1013/3035 3043/1022/3043 3042/1020/3042 3034/1011/3034
f 3036/1014/3036 3044/1023/3044 3043/1022/3043 3035/1013/3035
f 3037/1015/3037 3045/1024/3045 3044/1023/3044 3036/1014/3036
f 3038/1016/3038 3046/1025/3046 3045/1024/3045 3037/1015/3037
f 3039/1017/3039 3047/1026/3047 3046/1025/3046 3038/1016/3038
f 3040/1010/3033 3048/1019/3041 3047/1026/3047 3039/1017/3039
f 3041/1018/3040 3049/1027/3048 3056/1028/3049 3048/1019/3041
f 3042/1020/3042 3050/1029/3050 3049/1030/3048 3041/1021/3040
f 3043/1022/3043 3051/1031/3051 3050/1029/3050 3042/1020/3042
f 3044/1023/3044 3052/1032/3052 3051/1031/3051 3043/1022/3043
f 3045/1024/3045 3053/1033/3053 3052/1032/3052 3044/1023/3044
f 3046/1025/3046 3054/1034/3054 3053/1033/3053 3045/1024/3045
f 3047/1026/3047 3055/1035/3055 3054/1034/3054 3046/1025/3046
f 3048/1019/3041 3056/1028/3049 3055/1035/3055 3047/1026/3047
f 3049/1027/3048 3057/1036/3056 3064/1037/3057 3056/1028/3049
f 3050/1029/3050 3058/1038/3058 3057/1039/3056 3049/1030/3048
f 3051/1031/3051 3059/1040/3059 3058/1038/3058 3050/1029/3050
f 3052/1032/3052 3060/1041/3060 3059/1040/3059 3051/1031/3051
f 3053/1033/3053 3061/1042/3061 3060/1041/3060 3052/1032/3052
f 3054/1034/3054 3062/1043/3062 3061/1042/3061 3053/1033/3053
f 3055/1035/3055 3063/1044/3063 3062/1043/3062 3054/1034/3054
f 3056/1028/3049 3064/1037/3057 3063/1044/3063 3055/1035/3055
f 3057/1036/3056 3065/766/3064 3072/767/3065 3064/1037/3057
f 3058/1038/3058 3066/768/3066 3065/769/3064 3057/1039/3056
f 3059/1040/3059 3067/770/3067 3066/768/3066 3058/1038/3058
f 3060/1041/3060 3068/771/3068 3067/770/3067 3059/1040/3059
f 3061/1042/3061 3069/772/3069 3068/771/3068 3060/1041/3060
f 3062/1043/3062 3070/773/3070 3069/772/3069 3061/1042/3061
f 3063/1044/3063 3071/774/3071 3070/773/3070 3062/1043/3062
f 3064/1037/3057 3072/767/3065 3071/774/3071 3063/1044/3063
f 3073/550/3072 3081/937/3073 3088/938/3074 3080/553/3075
f 3074/554/3076 3082/939/3077 3081/940/3073 3073/557/3072
f 3075/558/3078 3083/941/3079 3082/939/3077 3074/554/3076
f 3076/560/3080 3084/942/3081 3083/941/3079 3075/558/3078
f 3077/562/3082 3085/943/3083 3084/942/3081 3076/560/3080
f 3078/564/3084 3086/944/3085 3085/943/3083 3077/562/3082
f 3079/566/3086 3087/945/3087 3086/944/3085 3078/564/3084
f 3080/553/3075 3088/938/3074 3087/945/3087 3079/566/3086
f 3081/937/3073 3089/946/3088 3096/947/3089 3088/938/3074
f 3082/939/3077 3090/948/3090 3089/949/3088 3081/940/3073
f 3083/941/3079 3091/950/3091 3090/948/3090 3082/939/3077
f 3084/942/3081 3092/951/3092 3091/950/3091 3083/941/3079
f 3085/943/3083 3093/952/3093 3092/951/3092 3084/942/3081
f 3086/944/3085 3094/953/3094 3093/952/3093 3085/943/3083
f 3087/945/3087 3095/954/3095 3094/953/3094 3086/944/3085
f 3088/938/3074 3096/947/3089 3095/954/3095 3087/945/3087
f 3089/946/3088 3097/955/3096 3104/956/3097 3096/947/3089
f 3090/948/3090 3098/957/3098 3097/958/3096 3089/949/3088
f 3091/950/3091 3099/959/3099 3098/957/3098 3090/948/3090
f 3092/951/3092 3100/960/3100 3099/959/3099 3091/950/3091
f 3093/952/3093 3101/961/3101 3100/960/3100 3092/951/3092
f 3094/953/3094 3102/962/3102 3101/961/3101 3093/952/3093
f 3095/954/3095 3103/963/3103 3102/962/3102 3094/953/3094
f 3096/947/3089 3104/956/3097 3103/963/3103 3095/954/3095
f 3097/955/3096 3105/964/3104 3112/965/3105 3104/956/3097
f 3098/957/3098 3106/966/3106 3105/967/3104 3097/958/3096
f 3099/959/3099 3107/968/3107 3106/966/3106 3098/957/3098
f 3100/960/3100 3108/969/3108 3107/968/3107 3099/959/3099
f 3101/961/3101 3109/970/3109 3108/969/3108 3100/960/3100
f 3102/962/3102 3110/971/3110 3109/970/3109 3101/961/3101
f 3103/963/3103 3111/972/3111 3110/971/3110 3102/962/3102
f 3104/956/3097 3112/965/3105 3111/972/3111 3103/963/3103
f 3105/964/3104 3113/622/3112 3120/623/3113 3112/965/3105
f 3106/966/3106 3114/624/3114 3113/625/3112 3105/967/3104
f 3107/968/3107 3115/626/3115 3114/624/3114 3106/966/3106
f 3108/969/3108 3116/627/3116 3115/626/3115 3107/968/3107
f 3109/970/3109 3117/628/3117 3116/627/3116 3108/969/3108
f 3110/971/3110 3118/629/3118 3117/628/3117 3109/970/3109
f 3111/972/3111 3119/630/3119 3118/629/3118 3110/971/3110
f 3112/965/3105 3120/623/3113 3119/630/3119 3111/972/3111
f 3113/622/3112 3121/973/3120 3128/974/3121 3120/623/3113
f 3114/624/3114 3122/975/3122 3121/976/3120 3113/625/3112
f 3115/626/3115 3123/977/3123 3122/975/3122 3114/624/3114
f 3116/627/3116 3124/978/3124 3123/977/3123 3115/626/3115
f 3117/628/3117 3125/979/3125 3124/978/3124 3116/627/3116
f 3118/629/3118 3126/980/3126 3125/979/3125 3117/628/3117
f 3119/630/3119 3127/981/3127 3126/980/3126 3118/629/3118
f 3120/623/3113 3128/974/3121 3127/981/3127 3119/630/3119
f 3121/973/3120 3129/982/3128 3136/983/3129 3128/974/3121
f 3122/975/3122 3130/984/3130 3129/985/3128 3121/976/3120
f 3123/977/3123 3131/986/3131 3130/984/3130 3122/975/3122
f 3124/978/3124 3132/987/3132 3131/986/3131 3123/977/3123
f 3125/979/3125 3133/988/3133 3132/987/3132 3124/978/3124
f 3126/980/3126 3134/989/3134 3133/988/3133 3125/979/3125
f 3127/981/3127 3135/990/3135 3134/989/3134 3126/980/3126
f 3128/974/3121 3136/983/3129 3135/990/3135 3127/981/3127
f 3129/982/3128 3137/991/3136 3144/992/3137 3136/983/3129
f 3130/984/3130 3138/993/3138 3137/994/3136 3129/985/3128
f 3131/986/3131 3139/995/3139 3138/993/3138 3130/984/3130
f 3132/987/3132 3140/996/3140 3139/995/3139 3131/986/3131
f 3133/988/3133 3141/997/3141 3140/996/3140 3132/987/3132
f 3134/989/3134 3142/998/3142 3141/997/3141 3133/988/3133
f 3135/990/3135 3143/999/3143 3142/998/3142 3134/989/3134
f 3136/983/3129 3144/992/3137 3143/999/3143 3135/990/3135
f 3137/991/3136 3145/1000/3144 3152/1001/3145 3144/992/3137
f 3138/993/3138 3146/1002/3146 3145/1003/3144 3137/994/3136
f 3139/995/3139 3147/1004/3147 3146/1002/3146 3138/993/3138
f 3140/996/3140 3148/1005/3148 3147/1004/3147 3139/995/3139
f 3141/997/3141 3149/1006/3149 3148/1005/3148 3140/996/3140
f 3142/998/3142 3150/1007/3150 3149/1006/3149 3141/997/3141
f 3143/999/3143 3151/1008/3151 3150/1007/3150 3142/998/3142
f 3144/992/3137 3152/1001/3145 3151/1008/3151 3143/999/3143
f 3145/1000/3144 3153/694/3152 3160/695/3153 3152/1001/3145
f 3146/1002/3146 3154/696/3154 3153/697/3152 3145/1003/3144
f 3147/1004/3147 3155/698/3155 3154/696/3154 3146/1002/3146
f 3148/1005/3148 3156/699/3156 3155/698/3155 3147/1004/3147
f 3149/1006/3149 3157/700/3157 3156/699/3156 3148/1005/3148
f 3150/1007/3150 3158/701/3158 3157/700/3157 3149/1006/3149
f 3151/1008/3151 3159/702/3159 3158/701/3158 3150/1007/3150
f 3152/1001/3145 3160/695/3153 3159/702/3159 3151/1008/3151
f 3153/694/3152 3161/1009/3160 3168/1010/3161 3160/695/3153
f 3154/696/3154 3162/1011/3162 3161/1012/3160 3153/697/3152
f 3155/698/3155 3163/1013/3163 3162/1011/3162 3154/696/3154
f 3156/699/3156 3164/1014/3164 3163/1013/3163 3155/698/3155
f 3157/700/3157 3165/1015/3165 3164/1014/3164 3156/699/3156
f 3158/701/3158 3166/1016/3166 3165/1015/3165 3157/700/3157
f 3159/702/3159 3167/1017/3167 3166/1016/3166 3158/701/3158
f 3160/695/3153 3168/1010/3161 3167/1017/3167 3159/702/3159
f 3161/1009/3160 3169/1018/3168 3176/1019/3169 3168/1010/3161
f 3162/1011/3162 3170/1020/3170 3169/1021/3168 3161/1012/3160
f 3163/1013/3163 3171/1022/3171 3170/1020/3170 3162/1011/3162
f 3164/1014/3164 3172/1023/3172 3171/1022/3171 3163/1013/3163
f 3165/1015/3165 3173/1024/3173 3172/1023/3172 3164/1014/3164
f 3166/1016/3166 3174/1025/3174 3173/1024/3173 3165/1015/3165
f 3167/1017/3167 3175/1026/3175 3174/1025/3174 3166/1016/3166
f 3168/1010/3161 3176/1019/3169 3175/1026/3175 3167/1017/3167
f 3169/1018/3168 3177/1027/3176 3184/1028/3177 3176/1019/3169
f 3170/1020/3170 3178/1029/3178 3177/1030/3176 3169/1021/3168
f 3171/1022/3171 3179/1031/3179 3178/1029/3178 3170/1020/3170
f 3172/1023/3172 3180/1032/3180 3179/1031/3179 3171/1022/3171
f 3173/1024/3173 3181/1033/3181 3180/1032/3180 3172/1023/3172
f 3174/1025/3174 3182/1034/3182 3181/1033/3181 3173/1024/3173
f 3175/1026/3175 3183/1035/3183 3182/1034/3182 3174/1025/3174
f 3176/1019/3169 3184/1028/3177 3183/1035/3183 3175/1026/3175
f 3177/1027/3176 3185/1036/3184 3192/1037/3185 3184/1028/3177
f 3178/1029/3178 3186/1038/3186 3185/1039/3184 3177/1030/3176
f 3179/1031/3179 3187/1040/3187 3186/1038/3186 3178/1029/3178
f 3180/1032/3180 3188/1041/3188 3187/1040/3187 3179/1031/3179
f 3181/1033/3181 3189/1042/3189 3188/1041/3188 3180/1032/3180
f 3182/1034/3182 3190/1043/3190 3189/1042/3189 3181/1033/3181
f 3183/1035/3183 3191/1044/3191 3190/1043/3190 3182/1034/3182
f 3184/1028/3177 3192/1037/3185 3191/1044/3191 3183/1035/3183
f 3185/1036/3184 3193/766/3192 3200/767/3193 3192/1037/3185
f 3186/1038/3186 3194/768/3194 3193/769/3192 3185/1039/3184
f 3187/1040/3187 3195/770/3195 3194/768/3194 3186/1038/3186
f 3188/1041/3188 3196/771/3196 3195/770/3195 3187/1040/3187
f 3189/1042/3189 3197/772/3197 3196/771/3196 3188/1041/3188
f 3190/1043/3190 3198/773/3198 3197/772/3197 3189/1042/3189
f 3191/1044/3191 3199/774/3199 3198/773/3198 3190/1043/3190
f 3192/1037/3185 3200/767/3193 3199/774/3199 3191/1044/3191
f 3201/550/3200 3209/937/3201 3216/938/3202 3208/553/3203
f 3202/554/3204 3210/939/3205 3209/940/3201 3201/557/3200
f 3203/558/3206 3211/941/3207 3210/939/3205 3202/554/3204
f 3204/560/3208 3212/942/3209 3211/941/3207 3203/558/3206
f 3205/562/3210 3213/943/3211 3212/942/3209 3204/560/3208
f 3206/564/3212 3214/944/3213 3213/943/3211 3205/562/3210
f 3207/566/3214 3215/945/3215 3214/944/3213 3206/564/3212
f 3208/553/3203 3216/938/3202 3215/945/3215 3207/566/3214
f 3209/937/3201 3217/946/3216 3224/947/3217 3216/938/3202
f 3210/939/3205 3218/948/3218 3217/949/3216 3209/940/3201
f 3211/941/3207 3219/950/3219 3218/948/3218 3210/939/3205
f 3212/942/3209 3220/951/3220 3219/950/3219 3211/941/3207
f 3213/943/3211 3221/952/3221 3220/951/3220 3212/942/3209
f 3214/944/3213 3222/953/3222 3221/952/3221 3213/943/3211
f 3215/945/3215 3223/954/3223 3222/953/3222 3214/944/3213
f 3216/938/3202 3224/947/3217 3223/954/3223 3215/945/3215
f 3217/946/3216 3225/955/3224 3232/956/3225 3224/947/3217
f 3218/948/3218 3226/957/3226 3225/958/3224 3217/949/3216
f 3219/950/3219 3227/959/3227 3226/957/3226 3218/948/3218
f 3220/951/3220 3228/960/3228 3227/959/3227 3219/950/3219
f 3221/952/3221 3229/961/3229 3228/960/3228 3220/951/3220
f 3222/953/3222 3230/962/3230 3229/961/3229 3221/952/3221
f 3223/954/3223 3231/963/3231 3230/962/3230 3222/953/3222
f 3224/947/3217 3232/956/3225 3231/963/3231 3223/954/3223
f 3225/955/3224 3233/964/3232 3240/965/3233 3232/956/3225
f 3226/957/3226 3234/966/3234 3233/967/3232 3225/958/3224
f 3227/959/3227 3235/968/3235 3234/966/3234 3226/957/3226
f 3228/960/3228 3236/969/3236 3235/968/3235 3227/959/3227
f 3229/961/3229 3237/970/3237 3236/969/3236 3228/960/3228
f 3230/962/3230 3238/971/3238 3237/970/3237 3229/961/3229
f 3231/963/3231 3239/972/3239 3238/971/3238 3230/962/3230
f 3232/956/3225 3240/965/3233 3239/972/3239 3231/963/3231
f 3233/964/3232 3241/622/3240 3248/623/3241 3240/965/3233
f 3234/966/3234 3242/624/3242 3241/625/3240 3233/967/3232
f 3235/968/3235 3243/626/3243 3242/624/3242 3234/966/3234
f 3236/969/3236 3244/627/3244 3243/626/3243 3235/968/3235
f 3237/970/3237 3245/628/3245 3244/627/3244 3236/969/3236
f 3238/971/3238 3246/629/3246 3245/628/3245 3237/970/3237
f 3239/972/3239 3247/630/3247 3246/629/3246 3238/971/3238
f 3240/965/3233 3248/623/3241 3247/630/3247 3239/972/3239
f 3241/622/3240 3249/973/3248 3256/974/3249 3248/623/3241
f 3242/624/3242 3250/975/3250 3249/976/3248 3241/625/3240
f 3243/626/3243 3251/977/3251 3250/975/3250 3242/624/3242
f 3244/627/3244 3252/978/3252 3251/977/3251 3243/626/3243
f 3245/628/3245 3253/979/3253 3252/978/3252 3244/627/3244
f 3246/629/3246 3254/980/3254 3253/979/3253 3245/628/3245
f 3247/630/3247 3255/981/3255 3254/980/3254 3246/629/3246
f 3248/623/3241 3256/974/3249 3255/981/3255 3247/630/3247
f 3249/973/3248 3257/982/3256 3264/983/3257 3256/974/3249
f 3250/975/3250 3258/984/3258 3257/985/3256 3249/976/3248
f 3251/977/3251 3259/986/3259 3258/984/3258 3250/975/3250
f 3252/978/3252 3260/987/3260 3259/986/3259 3251/977/3251
f 3253/979/3253 3261/988/3261 3260/987/3260 3252/978/3252
f 3254/980/3254 3262/989/3262 3261/988/3261 3253/979/3253
f 3255/981/3255 3263/990/3263 3262/989/3262 3254/980/3254
f 3256/974/3249 3264/983/3257 3263/990/3263 3255/981/3255
f 3257/982/3256 3265/991/3264 3272/992/3265 3264/983/3257
f 3258/984/3258 3266/993/3266 3265/994/3264 3257/985/3256
f 3259/986/3259 3267/995/3267 3266/993/3266 3258/984/3258
f 3260/987/3260 3268/996/3268 3267/995/3267 3259/986/3259
f 3261/988/3261 3269/997/3269 3268/996/3268 3260/987/3260
f 3262/989/3262 3270/998/3270 3269/997/3269 3261/988/3261
f 3263/990/3263 3271/999/3271 3270/998/3270 3262/989/3262
f 3264/983/3257 3272/992/3265 3271/999/3271 3263/990/3263
f 3265/991/3264 3273/1000/3272 3280/1001/3273 3272/992/3265
f 3266/993/3266 3274/1002/3274 3273/1003/3272 3265/994/3264
f 3267/995/3267 3275/1004/3275 3274/1002/3274 3266/993/3266
f 3268/996/3268 3276/1005/3276 3275/1004/3275 3267/995/3267
f 3269/997/3269 3277/1006/3277 3276/1005/3276 3268/996/3268
f 3270/998/3270 3278/1007/3278 3277/1006/3277 3269/997/3269
f 3271/999/3271 3279/1008/3279 3278/1007/3278 3270/998/3270
f 3272/992/3265 3280/1001/3273 3279/1008/3279 3271/999/3271
f 3273/1000/3272 3281/694/3280 3288/695/3281 3280/1001/3273
f 3274/1002/3274 3282/696/3282 3281/697/3280 3273/1003/3272
f 3275/1004/3275 3283/698/3283 3282/696/3282 3274/1002/3274
f 3276/1005/3276 3284/699/3284 3283/698/3283 3275/1004/3275
f 3277/1006/3277 3285/700/3285 3284/699/3284 3276/1005/3276
f 3278/1007/3278 3286/701/3286 3285/700/3285 3277/1006/3277
f 3279/1008/3279 3287/702/3287 3286/701/3286 3278/1007/3278
f 3280/1001/3273 3288/695/3281 3287/702/3287 3279/1008/3279
f 3281/694/3280 3289/1009/3288 3296/1010/3289 3288/695/3281
f 3282/696/3282 3290/1011/3290 3289/1012/3288 3281/697/3280
f 3283/698/3283 3291/1013/3291 3290/1011/3290 3282/696/3282
f 3284/699/3284 3292/1014/3292 3291/1013/3291 3283/698/3283
f 3285/700/3285 3293/1015/3293 3292/1014/3292 3284/699/3284
f 3286/701/3286 3294/1016/3294 3293/1015/3293 3285/700/3285
f 3287/702/3287 3295/1017/3295 3294/1016/3294 3286/701/3286
f 3288/695/3281 3296/1010/3289 3295/1017/3295 3287/702/3287
f 3289/1009/3288 3297/1018/3296 3304/1019/3297 3296/1010/3289
f 3290/1011/3290 3298/1020/3298 3297/1021/3296 3289/1012/3288
f 3291/1013/3291 3299/1022/3299 3298/1020/3298 3290/1011/3290
f 3292/1014/3292 3300/1023/3300 3299/1022/3299 3291/1013/3291
f 3293/1015/3293 3301/1024/3301 3300/1023/3300 3292/1014/3292
f 3294/1016/3294 3302/1025/3302 3301/1024/3301 3293/1015/3293
f 3295/1017/3295 3303/1026/3303 3302/1025/3302 3294/1016/3294
f 3296/1010/3289 3304/1019/3297 3303/1026/3303 3295/1017/3295
f 3297/1018/3296 3305/1027/3304 3312/1028/3305 3304/1019/3297
f 3298/1020/3298 3306/1029/3306 3305/1030/3304 3297/1021/3296
f 3299/1022/3299 3307/1031/3307 3306/1029/3306 3298/1020/3298
f 3300/1023/3300 3308/1032/3308 3307/1031/3307 3299/1022/3299
f 3301/1024/3301 3309/1033/3309 3308/1032/3308 3300/1023/3300
f 3302/1025/3302 3310/1034/3310 3309/1033/3309 3301/1024/3301
f 3303/1026/3303 3311/1035/3311 3310/1034/3310 3302/1025/3302
f 3304/1019/3297 3312/1028/3305 3311/1035/3311 3303/1026/3303
f 3305/1027/3304 3313/1036/3312 3320/1037/3313 3312/1028/3305
f 3306/1029/3306 3314/1038/3314 3313/1039/3312 3305/1030/3304
f 3307/1031/3307 3315/1040/3315 3314/1038/3314 3306/1029/3306
f 3308/1032/3308 3316/1041/3316 3315/1040/3315 3307/1031/3307
f 3309/1033/3309 3317/1042/3317 3316/1041/3316 3308/1032/3308
f 3310/1034/3310 3318/1043/3318 3317/1042/3317 3309/1033/3309
f 3311/1035/3311 3319/1044/3319 3318/1043/3318 3310/1034/3310
f 3312/1028/3305 3320/1037/3313 3319/1044/3319 3311/1035/3311
f 3313/1036/3312 3321/766/3320 3328/767/3321 3320/1037/3313
f 3314/1038/3314 3322/768/3314 3321/769/3320 3313/1039/3312
f 3315/1040/3315 3323/770/3322 3322/768/3314 3314/1038/3314
f 3316/1041/3316 3324/771/3323 3323/770/3322 3315/1040/3315
f 3317/1042/3317 3325/772/3324 3324/771/3323 3316/1041/3316
f 3318/1043/3318 3326/773/3325 3325/772/3324 3317/1042/3317
f 3319/1044/3319 3327/774/3326 3326/773/3325 3318/1043/3318
f 3320/1037/3313 3328/767/3321 3327/774/3326 3319/1044/3319
f 3329/550/3327 3337/937/3328 3344/938/3329 3336/553/3330
f 3330/554/3331 3338/939/3332 3337/940/3328 3329/557/3327
f 3331/558/3333 3339/941/3334 3338/939/3332 3330/554/3331
f 3332/560/3335 3340/942/3336 3339/941/3334 3331/558/3333
f 3333/562/3337 3341/943/3338 3340/942/3336 3332/560/3335
f 3334/564/3339 3342/944/3340 3341/943/3338 3333/562/3337
f 3335/566/3341 3343/945/3342 3342/944/3340 3334/564/3339
f 3336/553/3330 3344/938/3329 3343/945/3342 3335/566/3341
f 3337/937/3328 3345/946/3343 3352/947/3344 3344/938/3329
f 3338/939/3332 3346/948/3345 3345/949/3343 3337/940/3328
f 3339/941/3334 3347/950/3346 3346/948/3345 3338/939/3332
f 3340/942/3336 3348/951/3347 3347/950/3346 3339/941/3334
f 3341/943/3338 3349/952/3348 3348/951/3347 3340/942/3336
f 3342/944/3340 3350/953/3349 3349/952/3348 3341/943/3338
f 3343/945/3342 3351/954/3350 3350/953/3349 3342/944/3340
f 3344/938/3329 3352/947/3344 3351/954/3350 3343/945/3342
f 3345/946/3343 3353/955/3351 3360/956/3352 3352/947/3344
f 3346/948/3345 3354/957/3353 3353/958/3351 3345/949/3343
f 3347/950/3346 3355/959/3354 3354/957/3353 3346/948/3345
f 3348/951/3347 3356/960/3355 3355/959/3354 3347/950/3346
f 3349/952/3348 3357/961/3356 3356/960/3355 3348/951/3347
f 3350/953/3349 3358/962/3357 3357/961/3356 3349/952/3348
f 3351/954/3350 3359/963/3358 3358/962/3357 3350/953/3349
f 3352/947/3344 3360/956/3352 3359/963/3358 3351/954/3350
f 3353/955/3351 3361/964/3359 3368/965/3360 3360/956/3352
f 3354/957/3353 3362/966/3361 3361/967/3359 3353/958/3351
f 3355/959/3354 3363/968/3362 3362/966/3361 3354/957/3353
f 3356/960/3355 3364/969/3363 3363/968/3362 3355/959/3354
f 3357/961/3356 3365/970/3364 3364/969/3363 3356/960/3355
f 3358/962/3357 3366/971/3365 3365/970/3364 3357/961/3356
f 3359/963/3358 3367/972/3366 3366/971/3365 3358/962/3357
f 3360/956/3352 3368/965/3360 3367/972/3366 3359/963/3358
f 3361/964/3359 3369/622/3367 3376/623/3368 3368/965/3360
f 3362/966/3361 3370/624/3369 3369/625/3367 3361/967/3359
f 3363/968/3362 3371/626/3370 3370/624/3369 3362/966/3361
f 3364/969/3363 3372/627/3371 3371/626/3370 3363/968/3362
f 3365/970/3364 3373/628/3372 3372/627/3371 3364/969/3363
f 3366/971/3365 3374/629/3373 3373/628/3372 3365/970/3364
f 3367/972/3366 3375/630/3374 3374/629/3373 3366/971/3365
f 3368/965/3360 3376/623/3368 3375/630/3374 3367/972/3366
f 3369/622/3367 3377/973/3375 3384/974/3376 3376/623/3368
f 3370/624/3369 3378/975/3377 3377/976/3375 3369/625/3367
f 3371/626/3370 3379/977/3378 3378/975/3377 3370/624/3369
f 3372/627/3371 3380/978/3379 3379/977/3378 3371/626/3370
f 3373/628/3372 3381/979/3380 3380/978/3379 3372/627/3371
f 3374/629/3373 3382/980/3381 3381/979/3380 3373/628/3372
f 3375/630/3374 3383/981/3382 3382/980/3381 3374/629/3373
f 3376/623/3368 3384/974/3376 3383/981/3382 3375/630/3374
f 3377/973/3375 3385/982/3383 3392/983/3384 3384/974/3376
f 3378/975/3377 3386/984/3385 3385/985/3383 3377/976/3375
f 3379/977/3378 3387/986/3386 3386/984/3385 3378/975/3377
f 3380/978/3379 3388/987/3387 3387/986/3386 3379/977/3378
f 3381/979/3380 3389/988/3388 3388/987/3387 3380/978/3379
f 3382/980/3381 3390/989/3389 3389/988/3388 3381/979/3380
f 3383/981/3382 3391/990/3390 3390/989/3389 3382/980/3381
f 3384/974/3376 3392/983/3384 3391/990/3390 3383/981/3382
f 3385/982/3383 3393/991/3391 3400/992/3392 3392/983/3384
f 3386/984/3385 3394/993/3393 3393/994/3391 3385/985/3383
f 3387/986/3386 3395/995/3394 3394/993/3393 3386/984/3385
f 3388/987/3387 3396/996/3395 3395/995/3394 3387/986/3386
f 3389/988/3388 3397/997/3396 3396/996/3395 3388/987/3387
f 3390/989/3389 3398/998/3397 3397/997/3396 3389/988/3388
f 3391/990/3390 3399/999/3398 3398/998/3397 3390/989/3389
f 3392/983/3384 3400/992/3392 3399/999/3398 3391/990/3390
f 3393/991/3391 3401/1000/3399 3408/1001/3400 3400/992/3392
f 3394/993/3393 3402/1002/3401 3401/1003/3399 3393/994/3391
f 3395/995/3394 3403/1004/3402 3402/1002/3401 3394/993/3393
f 3396/996/3395 3404/1005/3403 3403/1004/3402 3395/995/3394
f 3397/997/3396 3405/1006/3404 3404/1005/3403 3396/996/3395
f 3398/998/3397 3406/1007/3405 3405/1006/3404 3397/997/3396
f 3399/999/3398 3407/1008/3406 3406/1007/3405 3398/998/3397
f 3400/992/3392 3408/1001/3400 3407/1008/3406 3399/999/3398
f 3401/1000/3399 3409/694/3407 3416/695/3408 3408/1001/3400
f 3402/1002/3401 3410/696/3409 3409/697/3407 3401/1003/3399
f 3403/1004/3402 3411/698/3410 3410/696/3409 3402/1002/3401
f 3404/1005/3403 3412/699/3411 3411/698/3410 3403/1004/3402
f 3405/1006/3404 3413/700/3412 3412/699/3411 3404/1005/3403
f 3406/1007/3405 3414/701/3413 3413/700/3412 3405/1006/3404
f 3407/1008/3406 3415/702/3414 3414/701/3413 3406/1007/3405
f 3408/1001/3400 3416/695/3408 3415/702/3414 3407/1008/3406
f 3409/694/3407 3417/1009/3415 3424/1010/3416 3416/695/3408
f 3410/696/3409 3418/1011/3417 3417/1012/3415 3409/697/3407
f 3411/698/3410 3419/1013/3418 3418/1011/3417 3410/696/3409
f 3412/699/3411 3420/1014/3419 3419/1013/3418 3411/698/3410
f 3413/700/3412 3421/1015/3420 3420/1014/3419 3412/699/3411
f 3414/701/3413 3422/1016/3421 3421/1015/3420 3413/700/3412
f 3415/702/3414 3423/1017/3422 3422/1016/3421 3414/701/3413
f 3416/695/3408 3424/1010/3416 3423/1017/3422 3415/702/3414
f 3417/1009/3415 3425/1018/3423 3432/1019/3424 3424/1010/3416
f 3418/1011/3417 3426/1020/3425 3425/1021/3423 3417/1012/3415
f 3419/1013/3418 3427/1022/3426 3426/1020/3425 3418/1011/3417
f 3420/1014/3419 3428/1023/3427 3427/1022/3426 3419/1013/3418
f 3421/1015/3420 3429/1024/3428 3428/1023/3427 3420/1014/3419
f 3422/1016/3421 3430/1025/3429 3429/1024/3428 3421/1015/3420
f 3423/1017/3422 3431/1026/3430 3430/1025/3429 3422/1016/3421
f 3424/1010/3416 3432/1019/3424 3431/1026/3430 3423/1017/3422
f 3425/1018/3423 3433/1027/3431 3440/1028/3432 3432/1019/3424
f 3426/1020/3425 3434/1029/3433 3433/1030/3431 3425/1021/3423
f 3427/1022/3426 3435/1031/3434 3434/1029/3433 3426/1020/3425
f 3428/1023/3427 3436/1032/3435 3435/1031/3434 3427/1022/3426
f 3429/1024/3428 3437/1033/3436 3436/1032/3435 3428/1023/3427
f 3430/1025/3429 3438/1034/3437 3437/1033/3436 3429/1024/3428
f 3431/1026/3430 3439/1035/3438 3438/1034/3437 3430/1025/3429
f 3432/1019/3424 3440/1028/3432 3439/1035/3438 3431/1026/3430
f 3433/1027/3431 3441/1036/3439 3448/1037/3440 3440/1028/3432
f 3434/1029/3433 3442/1038/3441 3441/1039/3439 3433/1030/3431
f 3435/1031/3434 3443/1040/3442 3442/1038/3441 3434/1029/3433
f 3436/1032/3435 3444/1041/3443 3443/1040/3442 3435/1031/3434
f 3437/1033/3436 3445/1042/3444 3444/1041/3443 3436/1032/3435
f 3438/1034/3437 3446/1043/3445 3445/1042/3444 3437/1033/3436
f 3439/1035/3438 3447/1044/3446 3446/1043/3445 3438/1034/3437
f 3440/1028/3432 3448/1037/3440 3447/1044/3446 3439/1035/3438
f 3441/1036/3439 3449/766/3447 3456/767/3448 3448/1037/3440
f 3442/1038/3441 3450/768/3449 3449/769/3447 3441/1039/3439
f 3443/1040/3442 3451/770/3450 3450/768/3449 3442/1038/3441
f 3444/1041/3443 3452/771/3451 3451/770/3450 3443/1040/3442
f 3445/1042/3444 3453/772/3452 3452/771/3451 3444/1041/3443
f 3446/1043/3445 3454/773/3453 3453/772/3452 3445/1042/3444
f 3447/1044/3446 3455/774/3454 3454/773/3453 3446/1043/3445
f 3448/1037/3440 3456/767/3448 3455/774/3454 3447/1044/3446
f 3457/550/3455 3465/937/3456 3472/938/3457 3464/553/3458
f 3458/554/3459 3466/939/3460 3465/940/3456 3457/557/3455
f 3459/558/3461 3467/941/3462 3466/939/3460 3458/554/3459
f 3460/560/3463 3468/942/3464 3467/941/3462 3459/558/3461
f 3461/562/3465 3469/943/3466 3468/942/3464 3460/560/3463
f 3462/564/3467 3470/944/3468 3469/943/3466 3461/562/3465
f 3463/566/3469 3471/945/3470 3470/944/3468 3462/564/3467
f 3464/553/3458 3472/938/3457 3471/945/3470 3463/566/3469
f 3465/937/3456 3473/946/3471 3480/947/3472 3472/938/3457
f 3466/939/3460 3474/948/3473 3473/949/3471 3465/940/3456
f 3467/941/3462 3475/950/3474 3474/948/3473 3466/939/3460
f 3468/942/3464 3476/951/3475 3475/950/3474 3467/941/3462
f 3469/943/3466 3477/952/3476 3476/951/3475 3468/942/3464
f 3470/944/3468 3478/953/3477 3477/952/3476 3469/943/3466
f 3471/945/3470 3479/954/3478 3478/953/3477 3470/944/3468
f 3472/938/3457 3480/947/3472 3479/954/3478 3471/945/3470
f 3473/946/3471 3481/955/3479 3488/956/3480 3480/947/3472
f 3474/948/3473 3482/957/3481 3481/958/3479 3473/949/3471
f 3475/950/3474 3483/959/3482 3482/957/3481 3474/948/3473
f 3476/951/3475 3484/960/3483 3483/959/3482 3475/950/3474
f 3477/952/3476 3485/961/3484 3484/960/3483 3476/951/3475
f 3478/953/3477 3486/962/3485 3485/961/3484 3477/952/3476
f 3479/954/3478 3487/963/3486 3486/962/3485 3478/953/3477
f 3480/947/3472 3488/956/3480 3487/963/3486 3479/954/3478
f 3481/955/3479 3489/964/3487 3496/965/3488 3488/956/3480
f 3482/957/3481 3490/966/3489 3489/967/3487 3481/958/3479
f 3483/959/3482 3491/968/3490 3490/966/3489 3482/957/3481
f 3484/960/3483 3492/969/3491 3491/968/3490 3483/959/3482
f 3485/961/3484 3493/970/3492 3492/969/3491 3484/960/3483
f 3486/962/3485 3494/971/3493 3493/970/3492 3485/961/3484
f 3487/963/3486 3495/972/3494 3494/971/3493 3486/962/3485
f 3488/956/3480 3496/965/3488 3495/972/3494 3487/963/3486
f 3489/964/3487 3497/622/3495 3504/623/3496 3496/965/3488
f 3490/966/3489 3498/624/3497 3497/625/3495 3489/967/3487
f 3491/968/3490 3499/626/3498 3498/624/3497 3490/966/3489
f 3492/969/3491 3500/627/3499 3499/626/3498 3491/968/3490
f 3493/970/3492 3501/628/3500 3500/627/3499 3492/969/3491
f 3494/971/3493 3502/629/3501 3501/628/3500 3493/970/3492
f 3495/972/3494 3503/630/3502 3502/629/3501 3494/971/3493
f 3496/965/3488 3504/623/3496 3503/630/3502 3495/972/3494
f 3497/622/3495 3505/973/3503 3512/974/3504 3504/623/3496
f 3498/624/3497 3506/975/3505 3505/976/3503 3497/625/3495
f 3499/626/3498 3507/977/3506 3506/975/3505 3498/624/3497
f 3500/627/3499 3508/978/3507 3507/977/3506 3499/626/3498
f 3501/628/3500 3509/979/3508 3508/978/3507 3500/627/3499
f 3502/629/3501 3510/980/3509 3509/979/3508 3501/628/3500
f 3503/630/3502 3511/981/3510 3510/980/3509 3502/629/3501
f 3504/623/3496 3512/974/3504 3511/981/3510 3503/630/3502
f 3505/973/3503 3513/982/3511 3520/983/3512 3512/974/3504
f 3506/975/3505 3514/984/3513 3513/985/3511 3505/976/3503
f 3507/977/3506 3515/986/3514 3514/984/3513 3506/975/3505
f 3508/978/3507 3516/987/3515 3515/986/3514 3507/977/3506
f 3509/979/3508 3517/988/3516 3516/987/3515 3508/978/3507
f 3510/980/3509 3518/989/3517 3517/988/3516 3509/979/3508
f 3511/981/3510 3519/990/3518 3518/989/3517 3510/980/3509
f 3512/974/3504 3520/983/3512 3519/990/3518 3511/981/3510
f 3513/982/3511 3521/991/3519 3528/992/3520 3520/983/3512
f 3514/984/3513 3522/993/3521 3521/994/3519 3513/985/3511
f 3515/986/3514 3523/995/3522 3522/993/3521 3514/984/3513
f 3516/987/3515 3524/996/3523 3523/995/3522 3515/986/3514
f 3517/988/3516 3525/997/3524 3524/996/3523 3516/987/3515
f 3518/989/3517 3526/998/3525 3525/997/3524 3517/988/3516
f 3519/990/3518 3527/999/3526 3526/998/3525 3518/989/3517
f 3520/983/3512 3528/992/3520 3527/999/3526 3519/990/3518
f 3521/991/3519 3529/1000/3527 3536/1001/3528 3528/992/3520
f 3522/993/3521 3530/1002/3529 3529/1003/3527 3521/994/3519
f 3523/995/3522 3531/1004/3530 3530/1002/3529 3522/993/3521
f 3524/996/3523 3532/1005/3531 3531/1004/3530 3523/995/3522
f 3525/997/3524 3533/1006/3532 3532/1005/3531 3524/996/3523
f 3526/998/3525 3534/1007/3533 3533/1006/3532 3525/997/3524
f 3527/999/3526 3535/1008/3534 3534/1007/3533 3526/998/3525
f 3528/992/3520 3536/1001/3528 3535/1008/3534 3527/999/3526
f 3529/1000/3527 3537/694/3535 3544/695/3536 3536/1001/3528
f 3530/1002/3529 3538/696/3537 3537/697/3535 3529/1003/3527
f 3531/1004/3530 3539/698/3538 3538/696/3537 3530/1002/3529
f 3532/1005/3531 3540/699/3539 3539/698/3538 3531/1004/3530
f 3533/1006/3532 3541/700/3540 3540/699/3539 3532/1005/3531
f 3534/1007/3533 3542/701/3541 3541/700/3540 3533/1006/3532
f 3535/1008/3534 3543/702/3542 3542/701/3541 3534/1007/3533
f 3536/1001/3528 3544/695/3536 3543/702/3542 3535/1008/3534
f 3537/694/3535 3545/1009/3543 3552/1010/3544 3544/695/3536
f 3538/696/3537 3546/1011/3545 3545/1012/3543 3537/697/3535
f 3539/698/3538 3547/1013/3546 3546/1011/3545 3538/696/3537
f 3540/699/3539 3548/1014/3547 3547/1013/3546 3539/698/3538
f 3541/700/3540 3549/1015/3548 3548/1014/3547 3540/699/3539
f 3542/701/3541 3550/1016/3549 3549/1015/3548 3541/700/3540
f 3543/702/3542 3551/1017/3550 3550/1016/3549 3542/701/3541
f 3544/695/3536 3552/1010/3544 3551/1017/3550 3543/702/3542
f 3545/1009/3543 3553/1018/3551 3560/1019/3552 3552/1010/3544
f 3546/1011/3545 3554/1020/3553 3553/1021/3551 3545/1012/3543
f 3547/1013/3546 3555/1022/3554 3554/1020/3553 3546/1011/3545
f 3548/1014/3547 3556/1023/3555 3555/1022/3554 3547/1013/3546
f 3549/1015/3548 3557/1024/3556 3556/1023/3555 3548/1014/3547
f 3550/1016/3549 3558/1025/3557 3557/1024/3556 3549/1015/3548
f 3551/1017/3550 3559/1026/3558 3558/1025/3557 3550/1016/3549
f 3552/1010/3544 3560/1019/3552 3559/1026/3558 3551/1017/3550
f 3553/1018/3551 3561/1027/3559 3568/1028/3560 3560/1019/3552
f 3554/1020/3553 3562/1029/3561 3561/1030/3559 3553/1021/3551
f 3555/1022/3554 3563/1031/3562 3562/1029/3561 3554/1020/3553
f 3556/1023/3555 3564/1032/3563 3563/1031/3562 3555/1022/3554
f 3557/1024/3556 3565/1033/3564 3564/1032/3563 3556/1023/3555
f 3558/1025/3557 3566/1034/3565 3565/1033/3564 3557/1024/3556
f 3559/1026/3558 3567/1035/3566 3566/1034/3565 3558/1025/3557
f 3560/1019/3552 3568/1028/3560 3567/1035/3566 3559/1026/3558
f 3561/1027/3559 3569/1036/3567 3576/1037/3568 3568/1028/3560
f 3562/1029/3561 3570/1038/3569 3569/1039/3567 3561/1030/3559
f 3563/1031/3562 3571/1040/3570 3570/1038/3569 3562/1029/3561
f 3564/1032/3563 3572/1041/3571 3571/1040/3570 3563/1031/3562
f 3565/1033/3564 3573/1042/3572 3572/1041/3571 3564/1032/3563
f 3566/1034/3565 3574/1043/3573 3573/1042/3572 3565/1033/3564
f 3567/1035/3566 3575/1044/3574 3574/1043/3573 3566/1034/3565
f 3568/1028/3560 3576/1037/3568 3575/1044/3574 3567/1035/3566
f 3569/1036/3567 3577/766/3575 3584/767/3576 3576/1037/3568
f 3570/1038/3569 3578/768/3577 3577/769/3575 3569/1039/3567
f 3571/1040/3570 3579/770/3578 3578/768/3577 3570/1038/3569
f 3572/1041/3571 3580/771/3579 3579/770/3578 3571/1040/3570
f 3573/1042/3572 3581/772/3580 3580/771/3579 3572/1041/3571
f 3574/1043/3573 3582/773/3581 3581/772/3580 3573/1042/3572
f 3575/1044/3574 3583/774/3582 3582/773/3581 3574/1043/3573
f 3576/1037/3568 3584/767/3576 3583/774/3582 3575/1044/3574
f 3585/550/3583 3593/568/3584 3600/569/3585 3592/553/3586
f 3586/554/3587 3594/570/3588 3593/571/3584 3585/557/3583
f 3587/558/3589 3595/572/3590 3594/570/3588 3586/554/3587
f 3588/560/3591 3596/573/3592 3595/572/3590 3587/558/3589
f 3589/562/3593 3597/574/3594 3596/573/3592 3588/560/3591
f 3590/564/3595 3598/575/3596 3597/574/3594 3589/562/3593
f 3591/566/3597 3599/576/3598 3598/575/3596 3590/564/3595
f 3592/553/3586 3600/569/3585 3599/576/3598 3591/566/3597
f 3593/568/3584 3601/586/3599 3608/587/3600 3600/569/3585
f 3594/570/3588 3602/588/3601 3601/589/3599 3593/571/3584
f 3595/572/3590 3603/590/3602 3602/588/3601 3594/570/3588
f 3596/573/3592 3604/591/3603 3603/590/3602 3595/572/3590
f 3597/574/3594 3605/592/3604 3604/591/3603 3596/573/3592
f 3598/575/3596 3606/593/3605 3605/592/3604 3597/574/3594
f 3599/576/3598 3607/594/3606 3606/593/3605 3598/575/3596
f 3600/569/3585 3608/587/3600 3607/594/3606 3599/576/3598
f 3601/586/3599 3609/604/3607 3616/605/3608 3608/587/3600
f 3602/588/3601 3610/606/3609 3609/607/3607 3601/589/3599
f 3603/590/3602 3611/608/3610 3610/606/3609 3602/588/3601
f 3604/591/3603 3612/609/3611 3611/608/3610 3603/590/3602
f 3605/592/3604 3613/610/3612 3612/609/3611 3604/591/3603
f 3606/593/3605 3614/611/3613 3613/610/3612 3605/592/3604
f 3607/594/3606 3615/612/3614 3614/611/3613 3606/593/3605
f 3608/587/3600 3616/605/3608 3615/612/3614 3607/594/3606
f 3609/604/3607 3617/622/3615 3624/623/3616 3616/605/3608
f 3610/606/3609 3618/624/3617 3617/625/3615 3609/607/3607
f 3611/608/3610 3619/626/3618 3618/624/3617 3610/606/3609
f 3612/609/3611 3620/627/3619 3619/626/3618 3611/608/3610
f 3613/610/3612 3621/628/3620 3620/627/3619 3612/609/3611
f 3614/611/3613 3622/629/3621 3621/628/3620 3613/610/3612
f 3615/612/3614 3623/630/3622 3622/629/3621 3614/611/3613
f 3616/605/3608 3624/623/3616 3623/630/3622 3615/612/3614
f 3617/622/3615 3625/640/3623 3632/641/3624 3624/623/3616
f 3618/624/3617 3626/642/3625 3625/643/3623 3617/625/3615
f 3619/626/3618 3627/644/3626 3626/642/3625 3618/624/3617
f 3620/627/3619 3628/645/3627 3627/644/3626 3619/626/3618
f 3621/628/3620 3629/646/3628 3628/645/3627 3620/627/3619
f 3622/629/3621 3630/647/3629 3629/646/3628 3621/628/3620
f 3623/630/3622 3631/648/3630 3630/647/3629 3622/629/3621
f 3624/623/3616 3632/641/3624 3631/648/3630 3623/630/3622
f 3625/640/3623 3633/658/3631 3640/659/3632 3632/641/3624
f 3626/642/3625 3634/660/3633 3633/661/3631 3625/643/3623
f 3627/644/3626 3635/662/3634 3634/660/3633 3626/642/3625
f 3628/645/3627 3636/663/3635 3635/662/3634 3627/644/3626
f 3629/646/3628 3637/664/3636 3636/663/3635 3628/645/3627
f 3630/647/3629 3638/665/3637 3637/664/3636 3629/646/3628
f 3631/648/3630 3639/666/3638 3638/665/3637 3630/647/3629
f 3632/641/3624 3640/659/3632 3639/666/3638 3631/648/3630
f 3633/658/3631 3641/676/3639 3648/677/3640 3640/659/3632
f 3634/660/3633 3642/678/3641 3641/679/3639 3633/661/3631
f 3635/662/3634 3643/680/3642 3642/678/3641 3634/660/3633
f 3636/663/3635 3644/681/3643 3643/680/3642 3635/662/3634
f 3637/664/3636 3645/682/3644 3644/681/3643 3636/663/3635
f 3638/665/3637 3646/683/3645 3645/682/3644 3637/664/3636
f 3639/666/3638 3647/684/3646 3646/683/3645 3638/665/3637
f 3640/659/3632 3648/677/3640 3647/684/3646 3639/666/3638
f 3641/676/3639 3649/694/3647 3656/695/3648 3648/677/3640
f 3642/678/3641 3650/696/3649 3649/697/3647 3641/679/3639
f 3643/680/3642 3651/698/3650 3650/696/3649 3642/678/3641
f 3644/681/3643 3652/699/3651 3651/698/3650 3643/680/3642
f 3645/682/3644 3653/700/3652 3652/699/3651 3644/681/3643
f 3646/683/3645 3654/701/3653 3653/700/3652 3645/682/3644
f 3647/684/3646 3655/702/3654 3654/701/3653 3646/683/3645
f 3648/677/3640 3656/695/3648 3655/702/3654 3647/684/3646
f 3649/694/3647 3657/712/3655 3664/713/3656 3656/695/3648
f 3650/696/3649 3658/714/3657 3657/715/3655 3649/697/3647
f 3651/698/3650 3659/716/3658 3658/714/3657 3650/696/3649
f 3652/699/3651 3660/717/3659 3659/716/3658 3651/698/3650
f 3653/700/3652 3661/718/3660 3660/717/3659 3652/699/3651
f 3654/701/3653 3662/719/3661 3661/718/3660 3653/700/3652
f 3655/702/3654 3663/720/3662 3662/719/3661 3654/701/3653
f 3656/695/3648 3664/713/3656 3663/720/3662 3655/702/3654
f 3657/712/3655 3665/730/3663 3672/731/3664 3664/713/3656
f 3658/714/3657 3666/732/3665 3665/733/3663 3657/715/3655
f 3659/716/3658 3667/734/3666 3666/732/3665 3658/714/3657
f 3660/717/3659 3668/735/3667 3667/734/3666 3659/716/3658
f 3661/718/3660 3669/736/3668 3668/735/3667 3660/717/3659
f 3662/719/3661 3670/737/3669 3669/736/3668 3661/718/3660
f 3663/720/3662 3671/738/3670 3670/737/3669 3662/719/3661
f 3664/713/3656 3672/731/3664 3671/738/3670 3663/720/3662
f 3665/730/3663 3673/748/3671 3680/749/3672 3672/731/3664
f 3666/732/3665 3674/750/3673 3673/751/3671 3665/733/3663
f 3667/734/3666 3675/752/3674 3674/750/3673 3666/732/3665
f 3668/735/3667 3676/753/3675 3675/752/3674 3667/734/3666
f 3669/736/3668 3677/754/3676 3676/753/3675 3668/735/3667
f 3670/737/3669 3678/755/3677 3677/754/3676 3669/736/3668
f 3671/738/3670 3679/756/3678 3678/755/3677 3670/737/3669
f 3672/731/3664 3680/749/3672 3679/756/3678 3671/738/3670
f 3673/748/3671 3681/766/3679 3688/767/3680 3680/749/3672
f 3674/750/3673 3682/768/3681 3681/769/3679 3673/751/3671
f 3675/752/3674 3683/770/3682 3682/768/3681 3674/750/3673
f 3676/753/3675 3684/771/3683 3683/770/3682 3675/752/3674
f 3677/754/3676 3685/772/3684 3684/771/3683 3676/753/3675
f 3678/755/3677 3686/773/3685 3685/772/3684 3677/754/3676
f 3679/756/3678 3687/774/3686 3686/773/3685 3678/755/3677
f 3680/749/3672 3688/767/3680 3687/774/3686 3679/756/3678
f 3689/550/3687 3697/586/3688 3704/587/3689 3696/553/3690
f 3690/554/3691 3698/588/3692 3697/589/3688 3689/557/3687
f 3691/558/3693 3699/590/3694 3698/588/3692 3690/554/3691
f 3692/560/3695 3700/591/3696 3699/590/3694 3691/558/3693
f 3693/562/3697 3701/592/3698 3700/591/3696 3692/560/3695
f 3694/564/3699 3702/593/3700 3701/592/3698 3693/562/3697
f 3695/566/3701 3703/594/3702 3702/593/3700 3694/564/3699
f 3696/553/3690 3704/587/3689 3703/594/3702 3695/566/3701
f 3697/586/3688 3705/622/3703 3712/623/3704 3704/587/3689
f 3698/588/3692 3706/624/3705 3705/625/3703 3697/589/3688
f 3699/590/3694 3707/626/3706 3706/624/3705 3698/588/3692
f 3700/591/3696 3708/627/3707 3707/626/3706 3699/590/3694
f 3701/592/3698 3709/628/3708 3708/627/3707 3700/591/3696
f 3702/593/3700 3710/629/3709 3709/628/3708 3701/592/3698
f 3703/594/3702 3711/630/3710 3710/629/3709 3702/593/3700
f 3704/587/3689 3712/623/3704 3711/630/3710 3703/594/3702
f 3705/622/3703 3713/658/3711 3720/659/3712 3712/623/3704
f 3706/624/3705 3714/660/3713 3713/661/3711 3705/625/3703
f 3707/626/3706 3715/662/3714 3714/660/3713 3706/624/3705
f 3708/627/3707 3716/663/3715 3715/662/3714 3707/626/3706
f 3709/628/3708 3717/664/3716 3716/663/3715 3708/627/3707
f 3710/629/3709 3718/665/3717 3717/664/3716 3709/628/3708
f 3711/630/3710 3719/666/3718 3718/665/3717 3710/629/3709
f 3712/623/3704 3720/659/3712 3719/666/3718 3711/630/3710
f 3713/658/3711 3721/694/3719 3728/695/3720 3720/659/3712
f 3714/660/3713 3722/696/3721 3721/697/3719 3713/661/3711
f 3715/662/3714 3723/698/3722 3722/696/3721 3714/660/3713
f 3716/663/3715 3724/699/3723 3723/698/3722 3715/662/3714
f 3717/664/3716 3725/700/3724 3724/699/3723 3716/663/3715
f 3718/665/3717 3726/701/3725 3725/700/3724 3717/664/3716
f 3719/666/3718 3727/702/3726 3726/701/3725 3718/665/3717
f 3720/659/3712 3728/695/3720 3727/702/3726 3719/666/3718
f 3721/694/3719 3729/730/3727 3736/731/3728 3728/695/3720
f 3722/696/3721 3730/732/3729 3729/733/3727 3721/697/3719
f 3723/698/3722 3731/734/3730 3730/732/3729 3722/696/3721
f 3724/699/3723 3732/735/3731 3731/734/3730 3723/698/3722
f 3725/700/3724 3733/736/3732 3732/735/3731 3724/699/3723
f 3726/701/3725 3734/737/3733 3733/736/3732 3725/700/3724
f 3727/702/3726 3735/738/3734 3734/737/3733 3726/701/3725
f 3728/695/3720 3736/731/3728 3735/738/3734 3727/702/3726
f 3729/730/3727 3737/766/3735 3744/767/3736 3736/731/3728
f 3730/732/3729 3738/768/3737 3737/769/3735 3729/733/3727
f 3731/734/3730 3739/770/3738 3738/768/3737 3730/732/3729
f 3732/735/3731 3740/771/3739 3739/770/3738 3731/734/3730
f 3733/736/3732 3741/772/3740 3740/771/3739 3732/735/3731
f 3734/737/3733 3742/773/3741 3741/772/3740 3733/736/3732
f 3735/738/3734 3743/774/3742 3742/773/3741 3734/737/3733
f 3736/731/3728 3744/767/3736 3743/774/3742 3735/738/3734
f 3745/550/3743 3753/1045/3744 3760/1046/3745 3752/553/3746
f 3746/554/3747 3754/1047/3748 3753/1048/3744 3745/557/3743
f 3747/558/3749 3755/1049/3750 3754/1047/3748 3746/554/3747
f 3748/560/3751 3756/1050/3752 3755/1049/3750 3747/558/3749
f 3749/562/3753 3757/1051/3754 3756/1050/3752 3748/560/3751
f 3750/564/3755 3758/1052/3756 3757/1051/3754 3749/562/3753
f 3751/566/3757 3759/1053/3758 3758/1052/3756 3750/564/3755
f 3752/553/3746 3760/1046/3745 3759/1053/3758 3751/566/3757
f 3753/1045/3744 3761/1054/3759 3768/1055/3760 3760/1046/3745
f 3754/1047/3748 3762/1056/3761 3761/1057/3759 3753/1048/3744
f 3755/1049/3750 3763/1058/3762 3762/1056/3761 3754/1047/3748
f 3756/1050/3752 3764/1059/3763 3763/1058/3762 3755/1049/3750
f 3757/1051/3754 3765/1060/3764 3764/1059/3763 3756/1050/3752
f 3758/1052/3756 3766/1061/3765 3765/1060/3764 3757/1051/3754
f 3759/1053/3758 3767/1062/3766 3766/1061/3765 3758/1052/3756
f 3760/1046/3745 3768/1055/3760 3767/1062/3766 3759/1053/3758
f 3761/1054/3759 3769/622/3767 3776/623/3768 3768/1055/3760
f 3762/1056/3761 3770/624/3769 3769/625/3767 3761/1057/3759
f 3763/1058/3762 3771/626/3770 3770/624/3769 3762/1056/3761
f 3764/1059/3763 3772/627/3771 3771/626/3770 3763/1058/3762
f 3765/1060/3764 3773/628/3772 3772/627/3771 3764/1059/3763
f 3766/1061/3765 3774/629/3773 3773/628/3772 3765/1060/3764
f 3767/1062/3766 3775/630/3774 3774/629/3773 3766/1061/3765
f 3768/1055/3760 3776/623/3768 3775/630/3774 3767/1062/3766
f 3769/622/3767 3777/1063/3775 3784/1064/3776 3776/623/3768
f 3770/624/3769 3778/1065/3777 3777/1066/3775 3769/625/3767
f 3771/626/3770 3779/1067/3778 3778/1065/3777 3770/624/3769
f 3772/627/3771 3780/1068/3779 3779/1067/3778 3771/626/3770
f 3773/628/3772 3781/1069/3780 3780/1068/3779 3772/627/3771
f 3774/629/3773 3782/1070/3781 3781/1069/3780 3773/628/3772
f 3775/630/3774 3783/1071/3782 3782/1070/3781 3774/629/3773
f 3776/623/3768 3784/1064/3776 3783/1071/3782 3775/630/3774
f 3777/1063/3775 3785/1072/3783 3792/1073/3784 3784/1064/3776
f 3778/1065/3777 3786/1074/3785 3785/1075/3783 3777/1066/3775
f 3779/1067/3778 3787/1076/3786 3786/1074/3785 3778/1065/3777
f 3780/1068/3779 3788/1077/3787 3787/1076/3786 3779/1067/3778
f 3781/1069/3780 3789/1078/3788 3788/1077/3787 3780/1068/3779
f 3782/1070/3781 3790/1079/3789 3789/1078/3788 3781/1069/3780
f 3783/1071/3782 3791/1080/3790 3790/1079/3789 3782/1070/3781
f 3784/1064/3776 3792/1073/3784 3791/1080/3790 3783/1071/3782
f 3785/1072/3783 3793/694/3791 3800/695/3792 3792/1073/3784
f 3786/1074/3785 3794/696/3793 3793/697/3791 3785/1075/3783
f 3787/1076/3786 3795/698/3794 3794/696/3793 3786/1074/3785
f 3788/1077/3787 3796/699/3795 3795/698/3794 3787/1076/3786
f 3789/1078/3788 3797/700/3796 3796/699/3795 3788/1077/3787
f 3790/1079/3789 3798/701/3797 3797/700/3796 3789/1078/3788
f 3791/1080/3790 3799/702/3798 3798/701/3797 3790/1079/3789
f 3792/1073/3784 3800/695/3792 3799/702/3798 3791/1080/3790
f 3793/694/3791 3801/1081/3799 3808/1082/3800 3800/695/3792
f 3794/696/3793 3802/1083/3801 3801/1084/3799 3793/697/3791
f 3795/698/3794 3803/1085/3802 3802/1083/3801 3794/696/3793
f 3796/699/3795 3804/1086/3803 3803/1085/3802 3795/698/3794
f 3797/700/3796 3805/1087/3804 3804/1086/3803 3796/699/3795
f 3798/701/3797 3806/1088/3805 3805/1087/3804 3797/700/3796
f 3799/702/3798 3807/1089/3806 3806/1088/3805 3798/701/3797
f 3800/695/3792 3808/1082/3800 3807/1089/3806 3799/702/3798
f 3801/1081/3799 3809/1090/3807 3816/1091/3808 3808/1082/3800
f 3802/1083/3801 3810/1092/3809 3809/1093/3807 3801/1084/3799
f 3803/1085/3802 3811/1094/3810 3810/1092/3809 3802/1083/3801
f 3804/1086/3803 3812/1095/3811 3811/1094/3810 3803/1085/3802
f 3805/1087/3804 3813/1096/3812 3812/1095/3811 3804/1086/3803
f 3806/1088/3805 3814/1097/3813 3813/1096/3812 3805/1087/3804
f 3807/1089/3806 3815/1098/3814 3814/1097/3813 3806/1088/3805
f 3808/1082/3800 3816/1091/3808 3815/1098/3814 3807/1089/3806
f 3809/1090/3807 3817/766/3815 3824/767/3816 3816/1091/3808
f 3810/1092/3809 3818/768/3817 3817/769/3815 3809/1093/3807
f 3811/1094/3810 3819/770/3818 3818/768/3817 3810/1092/3809
f 3812/1095/3811 3820/771/3819 3819/770/3818 3811/1094/3810
f 3813/1096/3812 3821/772/3820 3820/771/3819 3812/1095/3811
f 3814/1097/3813 3822/773/3821 3821/772/3820 3813/1096/3812
f 3815/1098/3814 3823/774/3822 3822/773/3821 3814/1097/3813
f 3816/1091/3808 3824/767/3816 3823/774/3822 3815/1098/3814
f 3825/550/3823 3833/586/3824 3840/587/3825 3832/553/3826
f 3826/554/3827 3834/588/3828 3833/589/3824 3825/557/3823
f 3827/558/3829 3835/590/3830 3834/588/3828 3826/554/3827
f 3828/560/3831 3836/591/3832 3835/590/3830 3827/558/3829
f 3829/562/3833 3837/592/3834 3836/591/3832 3828/560/3831
f 3830/564/3835 3838/593/3836 3837/592/3834 3829/562/3833
f 3831/566/3837 3839/594/3838 3838/593/3836 3830/564/3835
f 3832/553/3826 3840/587/3825 3839/594/3838 3831/566/3837
f 3833/586/3824 3841/622/3839 3848/623/3840 3840/587/3825
f 3834/588/3828 3842/624/3841 3841/625/3839 3833/589/3824
f 3835/590/3830 3843/626/3842 3842/624/3841 3834/588/3828
f 3836/591/3832 3844/627/3843 3843/626/3842 3835/590/3830
f 3837/592/3834 3845/628/3844 3844/627/3843 3836/591/3832
f 3838/593/3836 3846/629/3845 3845/628/3844 3837/592/3834
f 3839/594/3838 3847/630/3846 3846/629/3845 3838/593/3836
f 3840/587/3825 3848/623/3840 3847/630/3846 3839/594/3838
f 3841/622/3839 3849/658/3847 3856/659/3848 3848/623/3840
f 3842/624/3841 3850/660/3849 3849/661/3847 3841/625/3839
f 3843/626/3842 3851/662/3850 3850/660/3849 3842/624/3841
f 3844/627/3843 3852/663/3851 3851/662/3850 3843/626/3842
f 3845/628/3844 3853/664/3852 3852/663/3851 3844/627/3843
f 3846/629/3845 3854/665/3853 3853/664/3852 3845/628/3844
f 3847/630/3846 3855/666/3854 3854/665/3853 3846/629/3845
f 3848/623/3840 3856/659/3848 3855/666/3854 3847/630/3846
f 3849/658/3847 3857/694/3855 3864/695/3856 3856/659/3848
f 3850/660/3849 3858/696/3857 3857/697/3855 3849/661/3847
f 3851/662/3850 3859/698/3858 3858/696/3857 3850/660/3849
f 3852/663/3851 3860/699/3859 3859/698/3858 3851/662/3850
f 3853/664/3852 3861/700/3860 3860/699/3859 3852/663/3851
f 3854/665/3853 3862/701/3861 3861/700/3860 3853/664/3852
f 3855/666/3854 3863/702/3862 3862/701/3861 3854/665/3853
f 3856/659/3848 3864/695/3856 3863/702/3862 3855/666/3854
f 3857/694/3855 3865/730/3863 3872/731/3864 3864/695/3856
f 3858/696/3857 3866/732/3865 3865/733/3863 3857/697/3855
f 3859/698/3858 3867/734/3866 3866/732/3865 3858/696/3857
f 3860/699/3859 3868/735/3867 3867/734/3866 3859/698/3858
f 3861/700/3860 3869/736/3868 3868/735/3867 3860/699/3859
f 3862/701/3861 3870/737/3869 3869/736/3868 3861/700/3860
f 3863/702/3862 3871/738/3870 3870/737/3869 3862/701/3861
f 3864/695/3856 3872/731/3864 3871/738/3870 3863/702/3862
f 3865/730/3863 3873/766/3871 3880/767/3872 3872/731/3864
f 3866/732/3865 3874/768/3873 3873/769/3871 3865/733/3863
f 3867/734/3866 3875/770/3874 3874/768/3873 3866/732/3865
f 3868/735/3867 3876/771/3875 3875/770/3874 3867/734/3866
f 3869/736/3868 3877/772/3876 3876/771/3875 3868/735/3867
f 3870/737/3869 3878/773/3877 3877/772/3876 3869/736/3868
f 3871/738/3870 3879/774/3878 3878/773/3877 3870/737/3869
f 3872/731/3864 3880/767/3872 3879/774/3878 3871/738/3870
f 3881/550/3879 3889/568/3880 3896/569/3881 3888/553/3882
f 3882/554/3883 3890/570/3884 3889/571/3880 3881/557/3879
f 3883/558/3885 3891/572/3886 3890/570/3884 3882/554/3883
f 3884/560/3887 3892/573/3888 3891/572/3886 3883/558/3885
f 3885/562/3889 3893/574/3890 3892/573/3888 3884/560/3887
f 3886/564/3891 3894/575/3892 3893/574/3890 3885/562/3889
f 3887/566/3893 3895/576/3894 3894/575/3892 3886/564/3891
f 3888/553/3882 3896/569/3881 3895/576/3894 3887/566/3893
f 3889/568/3880 3897/586/3895 3904/587/3896 3896/569/3881
f 3890/570/3884 3898/588/3897 3897/589/3895 3889/571/3880
f 3891/572/3886 3899/590/3898 3898/588/3897 3890/570/3884
f 3892/573/3888 3900/591/3899 3899/590/3898 3891/572/3886
f 3893/574/3890 3901/592/3900 3900/591/3899 3892/573/3888
f 3894/575/3892 3902/593/3901 3901/592/3900 3893/574/3890
f 3895/576/3894 3903/594/3902 3902/593/3901 3894/575/3892
f 3896/569/3881 3904/587/3896 3903/594/3902 3895/576/3894
f 3897/586/3895 3905/604/3903 3912/605/3904 3904/587/3896
f 3898/588/3897 3906/606/3905 3905/607/3903 3897/589/3895
f 3899/590/3898 3907/608/3906 3906/606/3905 3898/588/3897
f 3900/591/3899 3908/609/3907 3907/608/3906 3899/590/3898
f 3901/592/3900 3909/610/3908 3908/609/3907 3900/591/3899
f 3902/593/3901 3910/611/3909 3909/610/3908 3901/592/3900
f 3903/594/3902 3911/612/3910 3910/611/3909 3902/593/3901
f 3904/587/3896 3912/605/3904 3911/612/3910 3903/594/3902
f 3905/604/3903 3913/622/3911 3920/623/3912 3912/605/3904
f 3906/606/3905 3914/624/3913 3913/625/3911 3905/607/3903
f 3907/608/3906 3915/626/3914 3914/624/3913 3906/606/3905
f 3908/609/3907 3916/627/3915 3915/626/3914 3907/608/3906
f 3909/610/3908 3917/628/3916 3916/627/3915 3908/609/3907
f 3910/611/3909 3918/629/3917 3917/628/3916 3909/610/3908
f 3911/612/3910 3919/630/3918 3918/629/3917 3910/611/3909
f 3912/605/3904 3920/623/3912 3919/630/3918 3911/612/3910
f 3913/622/3911 3921/640/3919 3928/641/3920 3920/623/3912
f 3914/624/3913 3922/642/3921 3921/643/3919 3913/625/3911
f 3915/626/3914 3923/644/3922 3922/642/3921 3914/624/3913
f 3916/627/3915 3924/645/3923 3923/644/3922 3915/626/3914
f 3917/628/3916 3925/646/3924 3924/645/3923 3916/627/3915
f 3918/629/3917 3926/647/3925 3925/646/3924 3917/628/3916
f 3919/630/3918 3927/648/3926 3926/647/3925 3918/629/3917
f 3920/623/3912 3928/641/3920 3927/648/3926 3919/630/3918
f 3921/640/3919 3929/658/3927 3936/659/3928 3928/641/3920
f 3922/642/3921 3930/660/3929 3929/661/3927 3921/643/3919
f 3923/644/3922 3931/662/3930 3930/660/3929 3922/642/3921
f 3924/645/3923 3932/663/3931 3931/662/3930 3923/644/3922
f 3925/646/3924 3933/664/3932 3932/663/3931 3924/645/3923
f 3926/647/3925 3934/665/3933 3933/664/3932 3925/646/3924
f 3927/648/3926 3935/666/3934 3934/665/3933 3926/647/3925
f 3928/641/3920 3936/659/3928 3935/666/3934 3927/648/3926
f 3929/658/3927 3937/676/3935 3944/677/3936 3936/659/3928
f 3930/660/3929 3938/678/3937 3937/679/3935 3929/661/3927
f 3931/662/3930 3939/680/3938 3938/678/3937 3930/660/3929
f 3932/663/3931 3940/681/3939 3939/680/3938 3931/662/3930
f 3933/664/3932 3941/682/3940 3940/681/3939 3932/663/3931
f 3934/665/3933 3942/683/3941 3941/682/3940 3933/664/3932
f 3935/666/3934 3943/684/3942 3942/683/3941 3934/665/3933
f 3936/659/3928 3944/677/3936 3943/684/3942 3935/666/3934
f 3937/676/3935 3945/694/3943 3952/695/3944 3944/677/3936
f 3938/678/3937 3946/696/3945 3945/697/3943 3937/679/3935
f 3939/680/3938 3947/698/3946 3946/696/3945 3938/678/3937
f 3940/681/3939 3948/699/3947 3947/698/3946 3939/680/3938
f 3941/682/3940 3949/700/3948 3948/699/3947 3940/681/3939
f 3942/683/3941 3950/701/3949 3949/700/3948 3941/682/3940
f 3943/684/3942 3951/702/3950 3950/701/3949 3942/683/3941
f 3944/677/3936 3952/695/3944 3951/702/3950 3943/684/3942
f 3945/694/3943 3953/712/3951 3960/713/3952 3952/695/3944
f 3946/696/3945 3954/714/3953 3953/715/3951 3945/697/3943
f 3947/698/3946 3955/716/3954 3954/714/3953 3946/696/3945
f 3948/699/3947 3956/717/3955 3955/716/3954 3947/698/3946
f 3949/700/3948 3957/718/3956 3956/717/3955 3948/699/3947
f 3950/701/3949 3958/719/3957 3957/718/3956 3949/700/3948
f 3951/702/3950 3959/720/3958 3958/719/3957 3950/701/3949
f 3952/695/3944 3960/713/3952 3959/720/3958 3951/702/3950
f 3953/712/3951 3961/730/3959 3968/731/3960 3960/713/3952
f 3954/714/3953 3962/732/3961 3961/733/3959 3953/715/3951
f 3955/716/3954 3963/734/3962 3962/732/3961 3954/714/3953
f 3956/717/3955 3964/735/3963 3963/734/3962 3955/716/3954
f 3957/718/3956 3965/736/3964 3964/735/3963 3956/717/3955
f 3958/719/3957 3966/737/3965 3965/736/3964 3957/718/3956
f 3959/720/3958 3967/738/3966 3966/737/3965 3958/719/3957
f 3960/713/3952 3968/731/3960 3967/738/3966 3959/720/3958
f 3961/730/3959 3969/748/3967 3976/749/3968 3968/731/3960
f 3962/732/3961 3970/750/3969 3969/751/3967 3961/733/3959
f 3963/734/3962 3971/752/3970 3970/750/3969 3962/732/3961
f 3964/735/3963 3972/753/3971 3971/752/3970 3963/734/3962
f 3965/736/3964 3973/754/3972 3972/753/3971 3964/735/3963
f 3966/737/3965 3974/755/3973 3973/754/3972 3965/736/3964
f 3967/738/3966 3975/756/3974 3974/755/3973 3966/737/3965
f 3968/731/3960 3976/749/3968 3975/756/3974 3967/738/3966
f 3969/748/3967 3977/766/3975 3984/767/3976 3976/749/3968
f 3970/750/3969 3978/768/3977 3977/769/3975 3969/751/3967
f 3971/752/3970 3979/770/3978 3978/768/3977 3970/750/3969
f 3972/753/3971 3980/771/3979 3979/770/3978 3971/752/3970
f 3973/754/3972 3981/772/3980 3980/771/3979 3972/753/3971
f 3974/755/3973 3982/773/3981 3981/772/3980 3973/754/3972
f 3975/756/3974 3983/774/3982 3982/773/3981 3974/755/3973
f 3976/749/3968 3984/767/3976 3983/774/3982 3975/756/3974
f 3985/550/3983 3993/586/3984 4000/587/3985 3992/553/3986
f 3986/554/3987 3994/588/3988 3993/589/3984 3985/557/3983
f 3987/558/3989 3995/590/3990 3994/588/3988 3986/554/3987
f 3988/560/3991 3996/591/3992 3995/590/3990 3987/558/3989
f 3989/562/3993 3997/592/3994 3996/591/3992 3988/560/3991
f 3990/564/3995 3998/593/3996 3997/592/3994 3989/562/3993
f 3991/566/3997 3999/594/3998 3998/593/3996 3990/564/3995
f 3992/553/3986 4000/587/3985 3999/594/3998 3991/566/3997
f 3993/586/3984 4001/622/3999 4008/623/4000 4000/587/3985
f 3994/588/3988 4002/624/4001 4001/625/3999 3993/589/3984
f 3995/590/3990 4003/626/4002 4002/624/4001 3994/588/3988
f 3996/591/3992 4004/627/4003 4003/626/4002 3995/590/3990
f 3997/592/3994 4005/628/4004 4004/627/4003 3996/591/3992
f 3998/593/3996 4006/629/4005 4005/628/4004 3997/592/3994
f 3999/594/3998 4007/630/4006 4006/629/4005 3998/593/3996
f 4000/587/3985 4008/623/4000 4007/630/4006 3999/594/3998
f 4001/622/3999 4009/658/4007 4016/659/4008 4008/623/4000
f 4002/624/4001 4010/660/4009 4009/661/4007 4001/625/3999
f 4003/626/4002 4011/662/4010 4010/660/4009 4002/624/4001
f 4004/627/4003 4012/663/4011 4011/662/4010 4003/626/4002
f 4005/628/4004 4013/664/4012 4012/663/4011 4004/627/4003
f 4006/629/4005 4014/665/4013 4013/664/4012 4005/628/4004
f 4007/630/4006 4015/666/4014 4014/665/4013 4006/629/4005
f 4008/623/4000 4016/659/4008 4015/666/4014 4007/630/4006
f 4009/658/4007 4017/694/4015 4024/695/4016 4016/659/4008
f 4010/660/4009 4018/696/4017 4017/697/4015 4009/661/4007
f 4011/662/4010 4019/698/4018 4018/696/4017 4010/660/4009
f 4012/663/4011 4020/699/4019 4019/698/4018 4011/662/4010
f 4013/664/4012 4021/700/4020 4020/699/4019 4012/663/4011
f 4014/665/4013 4022/701/4021 4021/700/4020 4013/664/4012
f 4015/666/4014 4023/702/4022 4022/701/4021 4014/665/4013
f 4016/659/4008 4024/695/4016 4023/702/4022 4015/666/4014
f 4017/694/4015 4025/730/4023 4032/731/4024 4024/695/4016
f 4018/696/4017 4026/732/4025 4025/733/4023 4017/697/4015
f 4019/698/4018 4027/734/4026 4026/732/4025 4018/696/4017
f 4020/699/4019 4028/735/4027 4027/734/4026 4019/698/4018
f 4021/700/4020 4029/736/4028 4028/735/4027 4020/699/4019
f 4022/701/4021 4030/737/4029 4029/736/4028 4021/700/4020
f 4023/702/4022 4031/738/4030 4030/737/4029 4022/701/4021
f 4024/695/4016 4032/731/4024 4031/738/4030 4023/702/4022
f 4025/730/4023 4033/766/4031 4040/767/4032 4032/731/4024
f 4026/732/4025 4034/768/4033 4033/769/4031 4025/733/4023
f 4027/734/4026 4035/770/4034 4034/768/4033 4026/732/4025
f 4028/735/4027 4036/771/4035 4035/770/4034 4027/734/4026
f 4029/736/4028 4037/772/4036 4036/771/4035 4028/735/4027
f 4030/737/4029 4038/773/4037 4037/772/4036 4029/736/4028
f 4031/738/4030 4039/774/4038 4038/773/4037 4030/737/4029
f 4032/731/4024 4040/767/4032 4039/774/4038 4031/738/4030
f 4041/550/4039 4049/568/4040 4056/569/4041 4048/553/4042
f 4042/554/4043 4050/570/4044 4049/571/4040 4041/557/4039
f 4043/558/4045 4051/572/4046 4050/570/4044 4042/554/4043
f 4044/560/4047 4052/573/4048 4051/572/4046 4043/558/4045
f 4045/562/4049 4053/574/4050 4052/573/4048 4044/560/4047
f 4046/564/4051 4054/575/4052 4053/574/4050 4045/562/4049
f 4047/566/4053 4055/576/4054 4054/575/4052 4046/564/4051
f 4048/553/4042 4056/569/4041 4055/576/4054 4047/566/4053
f 4049/568/4040 4057/586/4055 4064/587/4056 4056/569/4041
f 4050/570/4044 4058/588/4057 4057/589/4055 4049/571/4040
f 4051/572/4046 4059/590/4058 4058/588/4057 4050/570/4044
f 4052/573/4048 4060/591/4059 4059/590/4058 4051/572/4046
f 4053/574/4050 4061/592/4060 4060/591/4059 4052/573/4048
f 4054/575/4052 4062/593/4061 4061/592/4060 4053/574/4050
f 4055/576/4054 4063/594/4062 4062/593/4061 4054/575/4052
f 4056/569/4041 4064/587/4056 4063/594/4062 4055/576/4054
f 4057/586/4055 4065/604/4063 4072/605/4064 4064/587/4056
f 4058/588/4057 4066/606/4065 4065/607/4063 4057/589/4055
f 4059/590/4058 4067/608/4066 4066/606/4065 4058/588/4057
f 4060/591/4059 4068/609/4067 4067/608/4066 4059/590/4058
f 4061/592/4060 4069/610/4068 4068/609/4067 4060/591/4059
f 4062/593/4061 4070/611/4069 4069/610/4068 4061/592/4060
f 4063/594/4062 4071/612/4070 4070/611/4069 4062/593/4061
f 4064/587/4056 4072/605/4064 4071/612/4070 4063/594/4062
f 4065/604/4063 4073/622/4071 4080/623/4072 4072/605/4064
f 4066/606/4065 4074/624/4073 4073/625/4071 4065/607/4063
f 4067/608/4066 4075/626/4074 4074/624/4073 4066/606/4065
f 4068/609/4067 4076/627/4075 4075/626/4074 4067/608/4066
f 4069/610/4068 4077/628/4076 4076/627/4075 4068/609/4067
f 4070/611/4069 4078/629/4077 4077/628/4076 4069/610/4068
f 4071/612/4070 4079/630/4078 4078/629/4077 4070/611/4069
f 4072/605/4064 4080/623/4072 4079/630/4078 4071/612/4070
f 4073/622/4071 4081/640/4079 4088/641/4080 4080/623/4072
f 4074/624/4073 4082/642/4081 4081/643/4079 4073/625/4071
f 4075/626/4074 4083/644/4082 4082/642/4081 4074/624/4073
f 4076/627/4075 4084/645/4083 4083/644/4082 4075/626/4074
f 4077/628/4076 4085/646/4084 4084/645/4083 4076/627/4075
f 4078/629/4077 4086/647/4085 4085/646/4084 4077/628/4076
f 4079/630/4078 4087/648/4086 4086/647/4085 4078/629/4077
f 4080/623/4072 4088/641/4080 4087/648/4086 4079/630/4078
f 4081/640/4079 4089/658/4087 4096/659/4088 4088/641/4080
f 4082/642/4081 4090/660/4089 4089/661/4087 4081/643/4079
f 4083/644/4082 4091/662/4090 4090/660/4089 4082/642/4081
f 4084/645/4083 4092/663/4091 4091/662/4090 4083/644/4082
f 4085/646/4084 4093/664/4092 4092/663/4091 4084/645/4083
f 4086/647/4085 4094/665/4093 4093/664/4092 4085/646/4084
f 4087/648/4086 4095/666/4094 4094/665/4093 4086/647/4085
f 4088/641/4080 4096/659/4088 4095/666/4094 4087/648/4086
f 4089/658/4087 4097/676/4095 4104/677/4096 4096/659/4088
f 4090/660/4089 4098/678/4097 4097/679/4095 4089/661/4087
f 4091/662/4090 4099/680/4098 4098/678/4097 4090/660/4089
f 4092/663/4091 4100/681/4099 4099/680/4098 4091/662/4090
f 4093/664/4092 4101/682/4100 4100/681/4099 4092/663/4091
f 4094/665/4093 4102/683/4101 4101/682/4100 4093/664/4092
f 4095/666/4094 4103/684/4102 4102/683/4101 4094/665/4093
f 4096/659/4088 4104/677/4096 4103/684/4102 4095/666/4094
f 4097/676/4095 4105/694/4103 4112/695/4104 4104/677/4096
f 4098/678/4097 4106/696/4105 4105/697/4103 4097/679/4095
f 4099/680/4098 4107/698/4106 4106/696/4105 4098/678/4097
f 4100/681/4099 4108/699/4107 4107/698/4106 4099/680/4098
f 4101/682/4100 4109/700/4108 4108/699/4107 4100/681/4099
f 4102/683/4101 4110/701/4109 4109/700/4108 4101/682/4100
f 4103/684/4102 4111/702/4110 4110/701/4109 4102/683/4101
f 4104/677/4096 4112/695/4104 4111/702/4110 4103/684/4102
f 4105/694/4103 4113/712/4111 4120/713/4112 4112/695/4104
f 4106/696/4105 4114/714/4113 4113/715/4111 4105/697/4103
f 4107/698/4106 4115/716/4114 4114/714/4113 4106/696/4105
f 4108/699/4107 4116/717/4115 4115/716/4114 4107/698/4106
f 4109/700/4108 4117/718/4116 4116/717/4115 4108/699/4107
f 4110/701/4109 4118/719/4117 4117/718/4116 4109/700/4108
f 4111/702/4110 4119/720/4118 4118/719/4117 4110/701/4109
f 4112/695/4104 4120/713/4112 4119/720/4118 4111/702/4110
f 4113/712/4111 4121/730/4119 4128/731/4120 4120/713/4112
f 4114/714/4113 4122/732/4121 4121/733/4119 4113/715/4111
f 4115/716/4114 4123/734/4122 4122/732/4121 4114/714/4113
f 4116/717/4115 4124/735/4123 4123/734/4122 4115/716/4114
f 4117/718/4116 4125/736/4124 4124/735/4123 4116/717/4115
f 4118/719/4117 4126/737/4125 4125/736/4124 4117/718/4116
f 4119/720/4118 4127/738/4126 4126/737/4125 4118/719/4117
f 4120/713/4112 4128/731/4120 4127/738/4126 4119/720/4118
f 4121/730/4119 4129/748/4127 4136/749/4128 4128/731/4120
f 4122/732/4121 4130/750/4129 4129/751/4127 4121/733/4119
f 4123/734/4122 4131/752/4130 4130/750/4129 4122/732/4121
f 4124/735/4123 4132/753/4131 4131/752/4130 4123/734/4122
f 4125/736/4124 4133/754/4132 4132/753/4131 4124/735/4123
f 4126/737/4125 4134/755/4133 4133/754/4132 4125/736/4124
f 4127/738/4126 4135/756/4134 4134/755/4133 4126/737/4125
f 4128/731/4120 4136/749/4128 4135/756/4134 4127/738/4126
f 4129/748/4127 4137/766/4135 4144/767/4136 4136/749/4128
f 4130/750/4129 4138/768/4137 4137/769/4135 4129/751/4127
f 4131/752/4130 4139/770/4138 4138/768/4137 4130/750/4129
f 4132/753/4131 4140/771/4139 4139/770/4138 4131/752/4130
f 4133/754/4132 4141/772/4140 4140/771/4139 4132/753/4131
f 4134/755/4133 4142/773/4141 4141/772/4140 4133/754/4132
f 4135/756/4134 4143/774/4142 4142/773/4141 4134/755/4133
f 4136/749/4128 4144/767/4136 4143/774/4142 4135/756/4134
o leaves.001
v -0.147075 3.656927 -0.236007
v -0.245808 3.712424 -0.196090
v -0.323919 3.763507 -0.128860
v -0.381407 3.810176 -0.034317
v -0.282674 3.754680 -0.074234
v -0.204564 3.703597 -0.141464
v -0.220403 4.082313 -0.177545
v -0.188078 4.203723 -0.181484
v -0.142119 4.311751 -0.154768
v -0.082525 4.406398 -0.097398
v -0.114850 4.284988 -0.093459
v -0.160809 4.176960 -0.120175
v -0.156929 4.506703 -0.196209
v -0.073671 4.555278 -0.131886
v 0.008089 4.621190 -0.095954
v 0.088351 4.704437 -0.088413
v 0.005093 4.655861 -0.152736
v -0.076667 4.589950 -0.188668
v -0.189331 4.946659 -0.224816
v -0.258701 5.071789 -0.238822
v -0.340392 5.180463 -0.216999
v -0.434404 5.272680 -0.159347
v -0.365034 5.147549 -0.145341
v -0.283343 5.038876 -0.167164
v -0.147579 3.635889 -0.240762
v -0.174012 3.747256 -0.286952
v -0.181644 3.864057 -0.303564
v -0.170476 3.986294 -0.290596
v -0.144043 3.874928 -0.244406
v -0.136411 3.758126 -0.227794
v -0.225760 4.039491 -0.217788
v -0.314600 4.098570 -0.264074
v -0.399694 4.168867 -0.279104
v -0.481041 4.250382 -0.262879
v -0.392200 4.191303 -0.216594
v -0.307107 4.121006 -0.201563
v -0.212856 4.449539 -0.215994
v -0.177961 4.585121 -0.253715
v -0.135841 4.696769 -0.324765
v -0.086496 4.784482 -0.429143
v -0.121392 4.648899 -0.391422
v -0.163512 4.537251 -0.320372
v -0.221560 4.868247 -0.169297
v -0.295934 4.953304 -0.188792
v -0.344029 5.051909 -0.193748
v -0.365845 5.164062 -0.184167
v -0.291472 5.079005 -0.164672
v -0.243377 4.980400 -0.159715
v 0.320218 4.052505 0.545883
v 0.398758 4.073881 0.674306
v 0.506216 4.096350 0.769997
v 0.642592 4.119914 0.832958
v 0.564052 4.098539 0.704535
v 0.456594 4.076069 0.608844
v 0.468564 4.917832 0.822650
v 0.460800 5.030987 0.814611
v 0.473522 5.134441 0.783040
v 0.506729 5.228195 0.727936
v 0.514493 5.115040 0.735975
v 0.501771 5.011586 0.767546
v 0.066482 4.064713 0.002099
v 0.130354 4.146805 -0.100704
v 0.157979 4.247792 -0.193760
v 0.149357 4.367676 -0.277070
v 0.085485 4.285585 -0.174267
v 0.057860 4.184597 -0.081211
v 0.233375 4.717731 0.068266
v 0.338659 4.801811 0.071281
v 0.438308 4.876443 0.037165
v 0.532321 4.941626 -0.034081
v 0.427037 4.857545 -0.037096
v 0.327388 4.782913 -0.002980
v 0.230329 4.698464 -0.477953
v 0.278903 4.797810 -0.513412
v 0.295305 4.898553 -0.557622
v 0.279536 5.000695 -0.610584
v 0.230962 4.901349 -0.575125
v 0.214560 4.800605 -0.530914
v -0.137439 3.672896 -0.245127
v -0.238322 3.770763 -0.199305
v -0.302640 3.879000 -0.134510
v -0.330392 3.997609 -0.050743
v -0.229509 3.899742 -0.096565
v -0.165191 3.791504 -0.161360
v -0.164258 4.102522 -0.181182
v -0.150183 4.220315 -0.126580
v -0.115799 4.314188 -0.051398
v -0.061105 4.384140 0.044362
v -0.075180 4.266346 -0.010240
v -0.109564 4.172474 -0.085421
v -0.101893 4.531280 -0.180169
v -0.064970 4.621825 -0.122554
v -0.038262 4.723242 -0.093940
v -0.021768 4.835532 -0.094327
v -0.058691 4.744987 -0.151941
v -0.085400 4.643569 -0.180556
v -0.113723 4.969539 -0.250576
v -0.121203 5.043161 -0.354631
v -0.162762 5.113778 -0.445425
v -0.238399 5.181387 -0.522960
v -0.230918 5.107764 -0.418906
v -0.189359 5.037148 -0.328111
v 0.009499 5.539047 0.053950
v 0.013163 5.674994 0.075900
v -0.020670 5.799530 0.103393
v -0.091999 5.912656 0.136427
v -0.095662 5.776710 0.114476
v -0.061830 5.652174 0.086984
v 0.027830 6.153883 0.078103
v -0.005153 6.259174 0.176786
v -0.007366 6.380176 0.250656
v 0.021191 6.516889 0.299714
v 0.054174 6.411597 0.201031
v 0.056387 6.290596 0.127161
v -0.085070 6.689217 -0.152408
v -0.159425 6.752857 -0.262237
v -0.262208 6.796013 -0.348419
v -0.393420 6.818687 -0.410954
v -0.319064 6.755047 -0.301125
v -0.216281 6.711891 -0.214943
v -0.138984 7.078955 -0.622955
v -0.065129 7.136506 -0.682224
v -0.019737 7.199288 -0.754775
v -0.002808 7.267302 -0.840608
v -0.076663 7.209751 -0.781338
v -0.122055 7.146968 -0.708787
v -0.061696 7.351363 -1.164360
v -0.026358 7.319055 -1.275099
v -0.025470 7.282983 -1.384880
v -0.059030 7.243150 -1.493703
v -0.094368 7.275459 -1.382965
v -0.095257 7.311530 -1.273184
v -0.083803 7.510334 -1.684447
v -0.091767 7.581494 -1.804004
v -0.137155 7.649116 -1.909760
v -0.219969 7.713199 -2.001718
v -0.212005 7.642039 -1.882161
v -0.166617 7.574418 -1.776405
v 0.044870 6.693094 0.226123
v -0.046785 6.735472 0.303876
v -0.107774 6.795618 0.390845
v -0.138097 6.873532 0.487031
v -0.046442 6.831155 0.409278
v 0.014547 6.771009 0.322309
v 0.132601 7.242619 0.519170
v 0.193261 7.312467 0.608745
v 0.279249 7.373338 0.672883
v 0.390565 7.425233 0.711583
v 0.329905 7.355385 0.622007
v 0.243917 7.294514 0.557870
v 0.237179 7.796407 0.743160
v 0.179760 7.927731 0.750381
v 0.162884 8.064139 0.752035
v 0.186550 8.205630 0.748123
v 0.243969 8.074306 0.740902
v 0.260845 7.937898 0.739248
v 0.264864 8.371496 0.885923
v 0.235765 8.408072 0.994036
v 0.237014 8.457937 1.095226
v 0.268610 8.521091 1.189493
v 0.297709 8.484514 1.081381
v 0.296460 8.434649 0.980191
v -0.259902 7.142910 -0.458215
v -0.337598 7.264166 -0.460439
v -0.428469 7.363450 -0.430161
v -0.532517 7.440762 -0.367379
v -0.454822 7.319505 -0.365155
v -0.363951 7.220222 -0.395433
v -0.498433 7.707555 -0.589789
v -0.491649 7.794770 -0.680613
v -0.510233 7.893189 -0.748116
v -0.554186 8.002813 -0.792298
v -0.560970 7.915598 -0.701474
v -0.542386 7.817179 -0.633971
v -0.689731 8.205243 -0.705987
v -0.788396 8.257997 -0.764810
v -0.897625 8.303997 -0.789544
v -1.017417 8.343245 -0.780188
v -0.918751 8.290491 -0.721365
v -0.809522 8.244491 -0.696631
v 0.089821 5.644938 -0.808235
v 0.118741 5.790550 -0.807416
v 0.140567 5.924846 -0.766083
v 0.155301 6.047824 -0.684235
v 0.126381 5.902212 -0.685054
v 0.104554 5.767917 -0.726388
v -0.224262 6.359807 -0.742051
v -0.281176 6.418613 -0.825179
v -0.346364 6.491609 -0.879088
v -0.419826 6.578795 -0.903779
v -0.362912 6.519989 -0.820650
v -0.297724 6.446994 -0.766741
v -0.395460 7.118445 -0.813568
v -0.438444 7.224099 -0.858503
v -0.507151 7.315920 -0.883739
v -0.601579 7.393909 -0.889276
v -0.558594 7.288256 -0.844341
v -0.489887 7.196434 -0.819105
v -0.375413 7.896447 -0.876150
v -0.420486 8.012507 -0.952829
v -0.433438 8.141541 -1.005729
v -0.414270 8.283547 -1.034850
v -0.369198 8.167486 -0.958171
v -0.356245 8.038453 -0.905271
v -0.394274 8.519953 -0.822511
v -0.462671 8.617959 -0.773108
v -0.498997 8.714813 -0.704969
v -0.503253 8.810514 -0.618094
v -0.434856 8.712507 -0.667497
v -0.398530 8.615654 -0.735636
v 0.112053 5.635094 -0.811846
v 0.171973 5.732107 -0.837130
v 0.211971 5.822960 -0.888711
v 0.232048 5.907654 -0.966590
v 0.172129 5.810641 -0.941306
v 0.132130 5.719788 -0.889725
v 0.560817 6.247128 -1.002952
v 0.667405 6.304477 -0.968973
v 0.768549 6.369812 -0.969801
v 0.864249 6.443133 -1.005436
v 0.757661 6.385785 -1.039415
v 0.656517 6.320450 -1.038587
v 0.927703 6.839411 -1.348757
v 1.031805 6.867358 -1.422494
v 1.108835 6.884010 -1.519636
v 1.158792 6.889366 -1.640182
v 1.054689 6.861419 -1.566444
v 0.977660 6.844767 -1.469302
v 1.570986 7.254660 -1.488535
v 1.688260 7.328245 -1.493462
v 1.786500 7.408331 -1.532741
v 1.865705 7.494917 -1.606374
v 1.748431 7.421332 -1.601447
v 1.650191 7.341246 -1.562167
v 2.102653 7.481290 -2.010009
v 2.203725 7.434598 -2.027152
v 2.290586 7.390230 -2.073285
v 2.363238 7.348186 -2.148408
v 2.262167 7.394878 -2.131265
v 2.175305 7.439246 -2.085132
v 0.916217 6.841264 -1.349397
v 0.872178 6.963752 -1.400562
v 0.796060 7.062068 -1.450415
v 0.687861 7.136213 -1.498955
v 0.731900 7.013726 -1.447791
v 0.808019 6.915409 -1.397938
v 0.894734 7.554184 -1.668882
v 0.965726 7.641734 -1.728155
v 1.002857 7.742972 -1.785175
v 1.006125 7.857899 -1.839940
v 0.935132 7.770350 -1.780667
v 0.898002 7.669111 -1.723647
v 0.858738 8.274800 -1.920200
v 0.854714 8.348361 -2.026236
v 0.816159 8.420816 -2.118747
v 0.743074 8.492167 -2.197731
v 0.747098 8.418607 -2.091695
v 0.785653 8.346151 -1.999185
v -0.312817 4.918802 0.270436
v -0.327716 5.068224 0.256828
v -0.357315 5.207207 0.282615
v -0.401613 5.335748 0.347799
v -0.386714 5.186326 0.361407
v -0.357116 5.047344 0.335620
v -0.371671 5.195492 0.229440
v -0.349852 5.255899 0.110367
v -0.347865 5.341587 0.013177
v -0.365708 5.452556 -0.062129
v -0.387527 5.392149 0.056945
v -0.389514 5.306461 0.154134
v -0.403701 5.489079 0.201250
v -0.486127 5.594285 0.140747
v -0.592889 5.679748 0.108442
v -0.723988 5.745468 0.104334
v -0.641562 5.640263 0.164837
v -0.534799 5.554800 0.197142
v -0.411328 5.754511 0.190305
v -0.377325 5.866006 0.164620
v -0.345171 5.975389 0.173118
v -0.314865 6.082659 0.215799
v -0.348867 5.971164 0.241484
v -0.381022 5.861781 0.232986
v -0.415724 6.055687 0.205979
v -0.494964 6.138639 0.284144
v -0.537354 6.236839 0.363130
v -0.542893 6.350286 0.442936
v -0.463653 6.267334 0.364771
v -0.421264 6.169134 0.285785
v -0.412438 6.316888 0.244106
v -0.377528 6.445513 0.294723
v -0.308303 6.557789 0.330061
v -0.204762 6.653717 0.350122
v -0.239672 6.525092 0.299505
v -0.308897 6.412816 0.264167
v -0.407400 6.616892 0.235335
v -0.333849 6.729485 0.267148
v -0.298572 6.852149 0.302230
v -0.301567 6.984886 0.340580
v -0.375118 6.872294 0.308767
v -0.410395 6.749629 0.273685
v -0.399375 6.875739 0.168077
v -0.333774 6.957060 0.082735
v -0.305984 7.042619 -0.010026
v -0.316007 7.132415 -0.110206
v -0.381608 7.051094 -0.024864
v -0.409398 6.965535 0.067897
v -0.403349 7.168248 0.136570
v -0.393495 7.287709 0.142363
v -0.370461 7.394708 0.177483
v -0.334248 7.489243 0.241931
v -0.344103 7.369781 0.236138
v -0.367137 7.262783 0.201018
v -0.423581 7.436590 0.176062
v -0.512047 7.520906 0.180272
v -0.574784 7.616523 0.205575
v -0.611790 7.723440 0.251972
v -0.523323 7.639123 0.247763
v -0.460587 7.543506 0.222459
v -0.449788 7.714978 0.236347
v -0.475792 7.826344 0.321330
v -0.463915 7.924853 0.415029
v -0.414158 8.010504 0.517444
v -0.388154 7.899137 0.432461
v -0.400031 7.800629 0.338762
v 0.311983 5.231732 -0.680007
v 0.306497 5.363106 -0.604382
v 0.288477 5.503018 -0.569619
v 0.257922 5.651469 -0.575719
v 0.263408 5.520095 -0.651344
v 0.281429 5.380183 -0.686107
v 0.413524 5.725534 -0.514569
v 0.387434 5.739898 -0.387816
v 0.398429 5.750289 -0.264023
v 0.446509 5.756708 -0.143191
v 0.472599 5.742344 -0.269944
v 0.461604 5.731953 -0.393737
v 0.581204 6.222479 -0.384304
v 0.605098 6.344285 -0.408959
v 0.625141 6.449489 -0.465738
v 0.641334 6.538088 -0.554640
v 0.617440 6.416282 -0.529984
v 0.597397 6.311079 -0.473206
v 0.746066 6.742708 -0.351747
v 0.740302 6.844073 -0.247400
v 0.759782 6.960335 -0.172902
v 0.804506 7.091494 -0.128254
v 0.810269 6.990129 -0.232601
v 0.790790 6.873867 -0.307099
v 0.813413 7.276967 -0.325291
v 0.847829 7.353272 -0.395858
v 0.854045 7.419973 -0.476538
v 0.832062 7.477069 -0.567332
v 0.797647 7.400764 -0.496765
v 0.791430 7.334063 -0.416084
v 0.813011 7.801366 -0.388768
v 0.839117 7.934615 -0.357166
v 0.825678 8.064915 -0.331240
v 0.772693 8.192265 -0.310990
v 0.746587 8.059015 -0.342592
v 0.760026 7.928716 -0.368518
v 0.309653 5.652138 -0.962467
v 0.379711 5.680386 -1.092166
v 0.409375 5.723115 -1.226189
v 0.398644 5.780326 -1.364536
v 0.328586 5.752079 -1.234837
v 0.298922 5.709349 -1.100813
v 0.269579 6.068255 -1.326313
v 0.227731 6.138759 -1.431271
v 0.154825 6.193168 -1.520703
v 0.050863 6.231483 -1.594608
v 0.092712 6.160979 -1.489650
v 0.165617 6.106570 -1.400218
v 0.296983 6.508611 -1.642853
v 0.370277 6.596435 -1.662788
v 0.415025 6.691888 -1.698221
v 0.431228 6.794970 -1.749151
v 0.357934 6.707147 -1.729216
v 0.313186 6.611693 -1.693783
v 0.369782 6.971919 -1.910910
v 0.406248 7.003813 -2.011535
v 0.411214 7.030300 -2.115056
v 0.384681 7.051379 -2.221470
v 0.348216 7.019484 -2.120845
v 0.343249 6.992998 -2.017325
v 0.335317 7.407099 -2.168061
v 0.316717 7.525607 -2.190803
v 0.268087 7.631520 -2.200489
v 0.189427 7.724839 -2.197120
v 0.208027 7.606331 -2.174378
v 0.256657 7.500418 -2.164692
vn 0.4263 0.8868 -0.1786
vn 0.8437 -0.2402 -0.4801
vn -0.6748 0.6135 0.4102
vn 0.7477 0.4673 0.4718
vn 0.8455 -0.0206 -0.5336
vn 0.6355 0.6993 -0.3272
vn -0.9370 0.1539 -0.3136
vn 0.4148 0.1573 -0.8962
vn -0.1320 0.9877 -0.0836
vn -0.7702 -0.0976 -0.6303
vn 0.4659 0.5273 0.7105
vn 0.4660 0.5273 0.7105
vn -0.6188 0.7786 -0.1042
vn -0.2209 0.4219 0.8794
vn 0.2297 0.5967 -0.7689
vn 0.7947 0.1745 -0.5814
vn -0.9174 0.1360 0.3741
vn 0.1478 0.8123 0.5641
vn 0.1922 -0.1615 0.9680
vn -0.6903 0.3678 -0.6231
vn -0.1250 0.8194 0.5594
vn -0.1344 0.7894 0.5990
vn -0.1117 0.9438 -0.3110
vn 0.1046 0.8576 0.5035
vn -0.2217 0.7224 -0.6550
vn -0.2131 0.8352 -0.5069
vn -0.1354 -0.0047 -0.9908
vn -0.4426 0.8065 -0.3920
vn 0.6817 0.4474 0.5788
vn 0.6973 0.4903 0.5229
vn 0.3186 0.9061 0.2782
vn 0.9741 -0.1941 0.1163
vn 0.7737 0.6277 -0.0857
vn 0.3529 0.4841 0.8007
vn 0.6380 -0.2364 -0.7328
vn 0.4113 0.6226 -0.6657
vn -0.7210 0.5538 0.4164
vn -0.5213 0.8104 0.2675
vn -0.3168 0.9443 -0.0893
vn -0.4725 0.7804 0.4095
vn 0.3990 0.9087 -0.1227
vn -0.1999 0.3156 0.9276
vn 0.2260 0.4138 0.8819
vn 0.1913 0.8099 0.5546
vn 0.9181 0.1258 0.3759
vn 0.8600 0.3740 0.3473
vn 0.2991 0.6409 0.7069
vn 0.9581 -0.2843 0.0342
vn -0.2119 0.5554 -0.8042
vn -0.2034 0.4058 -0.8910
vn 0.0090 -0.2774 0.9607
vn -0.0483 0.7414 0.6694
vn 0.9021 -0.0537 -0.4282
vn 0.4206 0.4797 -0.7700
vn 0.3693 0.6167 -0.6952
vn -0.9497 -0.1851 0.2526
vn 0.0988 0.9909 -0.0919
vn 0.0988 0.9908 -0.0919
vn -0.9805 0.1957 0.0164
vn -0.7851 0.4220 -0.4533
vn -0.4393 0.7087 0.5520
vn -0.1240 -0.2059 0.9707
vn 0.2832 0.8938 0.3477
vn -0.1218 0.8008 0.5865
vn -0.3258 0.4595 0.8263
vn -0.1854 0.9541 0.2352
vn 0.3073 0.2256 0.9245
vt 0.500000 0.000000
vt 0.400000 0.333333
vt 0.400000 0.666667
vt 0.500000 1.000000
vt 0.600000 0.666667
vt 0.600000 0.333333
s 0
f 4145/1099/4143 4146/1100/4143 4147/1101/4143 4148/1102/4143
f 4145/1099/4143 4148/1102/4143 4149/1103/4143 4150/1104/4143
f 4151/1099/4144 4152/1100/4144 4153/1101/4144 4154/1102/4144
f 4151/1099/4144 4154/1102/4144 4155/1103/4144 4156/1104/4144
f 4157/1099/4145 4158/1100/4145 4159/1101/4145 4160/1102/4145
f 4157/1099/4145 4160/1102/4145 4161/1103/4145 4162/1104/4145
f 4163/1099/4146 4164/1100/4146 4165/1101/4146 4166/1102/4146
f 4163/1099/4146 4166/1102/4146 4167/1103/4146 4168/1104/4146
f 4169/1099/4147 4170/1100/4147 4171/1101/4147 4172/1102/4147
f 4169/1099/4147 4172/1102/4147 4173/1103/4147 4174/1104/4147
f 4175/1099/4148 4176/1100/4148 4177/1101/4148 4178/1102/4148
f 4175/1099/4148 4178/1102/4148 4179/1103/4148 4180/1104/4148
f 4181/1099/4149 4182/1100/4149 4183/1101/4149 4184/1102/4149
f 4181/1099/4149 4184/1102/4149 4185/1103/4149 4186/1104/4149
f 4187/1099/4150 4188/1100/4150 4189/1101/4150 4190/1102/4150
f 4187/1099/4150 4190/1102/4150 4191/1103/4150 4192/1104/4150
f 4193/1099/4151 4194/1100/4151 4195/1101/4151 4196/1102/4151
f 4193/1099/4151 4196/1102/4151 4197/1103/4151 4198/1104/4151
f 4199/1099/4152 4200/1100/4152 4201/1101/4152 4202/1102/4152
f 4199/1099/4152 4202/1102/4152 4203/1103/4152 4204/1104/4152
f 4205/1099/4153 4206/1100/4153 4207/1101/4153 4208/1102/4153
f 4205/1099/4154 4208/1102/4154 4209/1103/4154 4210/1104/4154
f 4211/1099/4155 4212/1100/4155 4213/1101/4155 4214/1102/4155
f 4211/1099/4155 4214/1102/4155 4215/1103/4155 4216/1104/4155
f 4217/1099/4156 4218/1100/4156 4219/1101/4156 4220/1102/4156
f 4217/1099/4156 4220/1102/4156 4221/1103/4156 4222/1104/4156
f 4223/1099/4157 4224/1100/4157 4225/1101/4157 4226/1102/4157
f 4223/1099/4157 4226/1102/4157 4227/1103/4157 4228/1104/4157
f 4229/1099/4158 4230/1100/4158 4231/1101/4158 4232/1102/4158
f 4229/1099/4158 4232/1102/4158 4233/1103/4158 4234/1104/4158
f 4235/1099/4159 4236/1100/4159 4237/1101/4159 4238/1102/4159
f 4235/1099/4159 4238/1102/4159 4239/1103/4159 4240/1104/4159
f 4241/1099/4160 4242/1100/4160 4243/1101/4160 4244/1102/4160
f 4241/1099/4160 4244/1102/4160 4245/1103/4160 4246/1104/4160
f 4247/1099/4161 4248/1100/4161 4249/1101/4161 4250/1102/4161
f 4247/1099/4161 4250/1102/4161 4251/1103/4161 4252/1104/4161
f 4253/1099/4162 4254/1100/4162 4255/1101/4162 4256/1102/4162
f 4253/1099/4162 4256/1102/4162 4257/1103/4162 4258/1104/4162
f 4259/1099/4163 4260/1100/4163 4261/1101/4163 4262/1102/4163
f 4259/1099/4163 4262/1102/4163 4263/1103/4163 4264/1104/4163
f 4265/1099/4164 4266/1100/4164 4267/1101/4164 4268/1102/4164
f 4265/1099/4164 4268/1102/4164 4269/1103/4164 4270/1104/4164
f 4271/1099/4165 4272/1100/4165 4273/1101/4165 4274/1102/4165
f 4271/1099/4165 4274/1102/4165 4275/1103/4165 4276/1104/4165
f 4277/1099/4166 4278/1100/4166 4279/1101/4166 4280/1102/4166
f 4277/1099/4166 4280/1102/4166 4281/1103/4166 4282/1104/4166
f 4283/1099/4167 4284/1100/4167 4285/1101/4167 4286/1102/4167
f 4283/1099/4167 4286/1102/4167 4287/1103/4167 4288/1104/4167
f 4289/1099/4168 4290/1100/4168 4291/1101/4168 4292/1102/4168
f 4289/1099/4168 4292/1102/4168 4293/1103/4168 4294/1104/4168
f 4295/1099/4169 4296/1100/4169 4297/1101/4169 4298/1102/4169
f 4295/1099/4169 4298/1102/4169 4299/1103/4169 4300/1104/4169
f 4301/1099/4170 4302/1100/4170 4303/1101/4170 4304/1102/4170
f 4301/1099/4170 4304/1102/4170 4305/1103/4170 4306/1104/4170
f 4307/1099/4171 4308/1100/4171 4309/1101/4171 4310/1102/4171
f 4307/1099/4171 4310/1102/4171 4311/1103/4171 4312/1104/4171
f 4313/1099/4172 4314/1100/4172 4315/1101/4172 4316/1102/4172
f 4313/1099/4172 4316/1102/4172 4317/1103/4172 4318/1104/4172
f 4319/1099/4173 4320/1100/4173 4321/1101/4173 4322/1102/4173
f 4319/1099/4173 4322/1102/4173 4323/1103/4173 4324/1104/4173
f 4325/1099/4174 4326/1100/4174 4327/1101/4174 4328/1102/4174
f 4325/1099/4174 4328/1102/4174 4329/1103/4174 4330/1104/4174
f 4331/1099/4175 4332/1100/4175 4333/1101/4175 4334/1102/4175
f 4331/1099/4175 4334/1102/4175 4335/1103/4175 4336/1104/4175
f 4337/1099/4176 4338/1100/4176 4339/1101/4176 4340/1102/4176
f 4337/1099/4176 4340/1102/4176 4341/1103/4176 4342/1104/4176
f 4343/1099/4177 4344/1100/4177 4345/1101/4177 4346/1102/4177
f 4343/1099/4177 4346/1102/4177 4347/1103/4177 4348/1104/4177
f 4349/1099/4178 4350/1100/4178 4351/1101/4178 4352/1102/4178
f 4349/1099/4178 4352/1102/4178 4353/1103/4178 4354/1104/4178
f 4355/1099/4179 4356/1100/4179 4357/1101/4179 4358/1102/4179
f 4355/1099/4179 4358/1102/4179 4359/1103/4179 4360/1104/4179
f 4361/1099/4180 4362/1100/4180 4363/1101/4180 4364/1102/4180
f 4361/1099/4180 4364/1102/4180 4365/1103/4180 4366/1104/4180
f 4367/1099/4181 4368/1100/4181 4369/1101/4181 4370/1102/4181
f 4367/1099/4181 4370/1102/4181 4371/1103/4181 4372/1104/4181
f 4373/1099/4182 4374/1100/4182 4375/1101/4182 4376/1102/4182
f 4373/1099/4182 4376/1102/4182 4377/1103/4182 4378/1104/4182
f 4379/1099/4183 4380/1100/4183 4381/1101/4183 4382/1102/4183
f 4379/1099/4183 4382/1102/4183 4383/1103/4183 4384/1104/4183
f 4385/1099/4184 4386/1100/4184 4387/1101/4184 4388/1102/4184
f 4385/1099/4184 4388/1102/4184 4389/1103/4184 4390/1104/4184
f 4391/1099/4185 4392/1100/4185 4393/1101/4185 4394/1102/4185
f 4391/1099/4185 4394/1102/4185 4395/1103/4185 4396/1104/4185
f 4397/1099/4186 4398/1100/4186 4399/1101/4186 4400/1102/4186
f 4397/1099/4186 4400/1102/4186 4401/1103/4186 4402/1104/4186
f 4403/1099/4187 4404/1100/4187 4405/1101/4187 4406/1102/4187
f 4403/1099/4187 4406/1102/4187 4407/1103/4187 4408/1104/4187
f 4409/1099/4188 4410/1100/4188 4411/1101/4188 4412/1102/4188
f 4409/1099/4188 4412/1102/4188 4413/1103/4188 4414/1104/4188
f 4415/1099/4189 4416/1100/4189 4417/1101/4189 4418/1102/4189
f 4415/1099/4189 4418/1102/4189 4419/1103/4189 4420/1104/4189
f 4421/1099/4190 4422/1100/4190 4423/1101/4190 4424/1102/4190
f 4421/1099/4190 4424/1102/4190 4425/1103/4190 4426/1104/4190
f 4427/1099/4191 4428/1100/4191 4429/1101/4191 4430/1102/4191
f 4427/1099/4191 4430/1102/4191 4431/1103/4191 4432/1104/4191
f 4433/1099/4192 4434/1100/4192 4435/1101/4192 4436/1102/4192
f 4433/1099/4192 4436/1102/4192 4437/1103/4192 4438/1104/4192
f 4439/1099/4193 4440/1100/4193 4441/1101/4193 4442/1102/4193
f 4439/1099/4193 4442/1102/4193 4443/1103/4193 4444/1104/4193
f 4445/1099/4194 4446/1100/4194 4447/1101/4194 4448/1102/4194
f 4445/1099/4194 4448/1102/4194 4449/1103/4194 4450/1104/4194
f 4451/1099/4195 4452/1100/4195 4453/1101/4195 4454/1102/4195
f 4451/1099/4195 4454/1102/4195 4455/1103/4195 4456/1104/4195
f 4457/1099/4196 4458/1100/4196 4459/1101/4196 4460/1102/4196
f 4457/1099/4196 4460/1102/4196 4461/1103/4196 4462/1104/4196
f 4463/1099/4197 4464/1100/4197 4465/1101/4197 4466/1102/4197
f 4463/1099/4197 4466/1102/4197 4467/1103/4197 4468/1104/4197
f 4469/1099/4198 4470/1100/4198 4471/1101/4198 4472/1102/4198
f 4469/1099/4198 4472/1102/4198 4473/1103/4198 4474/1104/4198
f 4475/1099/4199 4476/1100/4199 4477/1101/4199 4478/1102/4199
f 4475/1099/4200 4478/1102/4200 4479/1103/4200 4480/1104/4200
f 4481/1099/4201 4482/1100/4201 4483/1101/4201 4484/1102/4201
f 4481/1099/4201 4484/1102/4201 4485/1103/4201 4486/1104/4201
f 4487/1099/4202 4488/1100/4202 4489/1101/4202 4490/1102/4202
f 4487/1099/4202 4490/1102/4202 4491/1103/4202 4492/1104/4202
f 4493/1099/4203 4494/1100/4203 4495/1101/4203 4496/1102/4203
f 4493/1099/4203 4496/1102/4203 4497/1103/4203 4498/1104/4203
f 4499/1099/4204 4500/1100/4204 4501/1101/4204 4502/1102/4204
f 4499/1099/4204 4502/1102/4204 4503/1103/4204 4504/1104/4204
f 4505/1099/4205 4506/1100/4205 4507/1101/4205 4508/1102/4205
f 4505/1099/4205 4508/1102/4205 4509/1103/4205 4510/1104/4205
f 4511/1099/4206 4512/1100/4206 4513/1101/4206 4514/1102/4206
f 4511/1099/4206 4514/1102/4206 4515/1103/4206 4516/1104/4206
f 4517/1099/4207 4518/1100/4207 4519/1101/4207 4520/1102/4207
f 4517/1099/4207 4520/1102/4207 4521/1103/4207 4522/1104/4207
f 4523/1099/4208 4524/1100/4208 4525/1101/4208 4526/1102/4208
f 4523/1099/4208 4526/1102/4208 4527/1103/4208 4528/1104/4208
f 4529/1099/4209 4530/1100/4209 4531/1101/4209 4532/1102/4209
f 4529/1099/4209 4532/1102/4209 4533/1103/4209 4534/1104/4209
