# Blender 4.0.2
# www.blender.org
o tree
v -0.070049 0.000000 0.121328
v 0.070049 0.000000 0.121328
v 0.140097 0.000000 -0.000000
v 0.070049 0.000000 -0.121328
v -0.070049 0.000000 -0.121328
v -0.140097 0.000000 0.000000
v -0.065724 0.122008 0.112151
v 0.066941 0.121981 0.112151
v 0.133273 0.121864 -0.002740
v 0.066941 0.121773 -0.117631
v -0.065724 0.121800 -0.117631
v -0.132056 0.121917 -0.002740
v -0.062539 0.245474 0.108125
v 0.062674 0.247601 0.108203
v 0.125214 0.256589 0.000078
v 0.062540 0.263450 -0.108125
v -0.062674 0.261323 -0.108203
v -0.125214 0.252335 -0.000078
v -0.062347 0.363681 0.116704
v 0.055389 0.367518 0.116980
v 0.114007 0.384398 0.016205
v 0.054888 0.397442 -0.084847
v -0.062849 0.393605 -0.085123
v -0.121466 0.376724 0.015652
v -0.063177 0.489312 0.131601
v 0.047143 0.492497 0.131797
v 0.102034 0.509220 0.037520
v 0.046604 0.522759 -0.056952
v -0.063716 0.519574 -0.057148
v -0.118607 0.502850 0.037129
v -0.062189 0.613202 0.143715
v 0.040719 0.615512 0.143795
v 0.091947 0.629784 0.055663
v 0.040268 0.641747 -0.032550
v -0.062640 0.639438 -0.032630
v -0.113868 0.625166 0.055502
v -0.061296 0.735736 0.155251
v 0.034139 0.739277 0.155527
v 0.081669 0.752505 0.073757
v 0.033764 0.762191 -0.008290
v -0.061671 0.758649 -0.008567
v -0.109201 0.745422 0.073204
v -0.063926 0.858720 0.165060
v 0.024084 0.861906 0.165304
v 0.067921 0.873923 0.089872
v 0.023748 0.882752 0.014197
v -0.064262 0.879565 0.013953
v -0.108099 0.867549 0.089384
v -0.062814 0.981922 0.176228
v 0.017798 0.980044 0.175726
v 0.057939 0.990445 0.106569
v 0.017468 1.002724 0.037915
v -0.063144 1.004602 0.038417
v -0.103285 0.994202 0.107573
v -0.050571 1.104560 0.192448
v 0.022389 1.098713 0.191266
v 0.058790 1.107405 0.128353
v 0.022231 1.121944 0.066622
v -0.050728 1.127791 0.067804
v -0.087129 1.119099 0.130717
v -0.035228 1.226839 0.208731
v 0.030371 1.222199 0.207778
v 0.063028 1.229387 0.151142
v 0.030084 1.241214 0.095459
v -0.035515 1.245854 0.096412
v -0.068171 1.238666 0.153048
v -0.025536 1.346261 0.220312
v 0.032730 1.343435 0.219666
v 0.061652 1.349105 0.169322
v 0.032309 1.357601 0.119622
v -0.025957 1.360427 0.120267
v -0.054879 1.354757 0.170612
v -0.015938 1.466088 0.229531
v 0.034863 1.462899 0.228870
v 0.060051 1.466997 0.184824
v 0.034440 1.474283 0.141439
v -0.016361 1.477472 0.142100
v -0.041549 1.473374 0.186146
v -0.002553 1.589088 0.238831
v 0.040783 1.585714 0.238186
v 0.062235 1.588396 0.200471
v 0.040351 1.594454 0.163400
v -0.002985 1.597829 0.164045
v -0.024437 1.595146 0.201760
v 0.010904 1.712183 0.245170
v 0.046860 1.709783 0.244676
v 0.064589 1.711266 0.213335
v 0.046363 1.715150 0.182488
v 0.010407 1.717550 0.182982
v -0.007322 1.716067 0.214323
v 0.021480 1.835881 0.247014
v 0.050047 1.834416 0.246653
v 0.064093 1.835153 0.221743
v 0.049573 1.837355 0.197195
v 0.021007 1.838821 0.197555
v 0.006960 1.838084 0.222465
v 0.031047 1.959232 0.246771
v 0.052191 1.958147 0.246504
v 0.062588 1.958693 0.228066
v 0.051840 1.960323 0.209896
v 0.030696 1.961408 0.210163
v 0.020299 1.960862 0.228600
v -0.088807 0.270619 0.086807
v 0.031944 0.270619 0.120006
v 0.120751 0.254462 0.033200
v 0.088807 0.238305 -0.086807
v -0.031944 0.238305 -0.120006
v -0.120751 0.254462 -0.033200
v -0.072065 0.563501 0.038067
v 0.041520 0.563508 0.069296
v 0.125055 0.548304 -0.012358
v 0.095006 0.533091 -0.125240
v -0.018578 0.533083 -0.156468
v -0.102114 0.548288 -0.074814
v -0.053755 0.882396 -0.012648
v 0.052635 0.881736 0.016704
v 0.130920 0.867988 -0.059867
v 0.102816 0.854899 -0.165790
v -0.003574 0.855560 -0.195141
v -0.081860 0.869308 -0.118570
v -0.034778 1.178217 -0.055717
v 0.064425 1.177109 -0.028278
v 0.137462 1.164810 -0.099761
v 0.111296 1.153621 -0.198683
v 0.012093 1.154730 -0.226122
v -0.060944 1.167028 -0.154639
v -0.016033 1.473641 -0.097240
v 0.076025 1.473038 -0.071833
v 0.143837 1.462790 -0.138294
v 0.119591 1.453145 -0.230161
v 0.027533 1.453748 -0.255567
v -0.040278 1.463996 -0.189107
v -0.001346 1.774244 -0.134832
v 0.083561 1.774055 -0.111447
v 0.146067 1.763884 -0.172648
v 0.123667 1.753901 -0.257233
v 0.038760 1.754090 -0.280617
v -0.023746 1.764261 -0.219417
v 0.017257 2.077173 -0.185168
v 0.094968 2.076399 -0.163660
v 0.151932 2.061846 -0.218845
v 0.131186 2.048067 -0.295538
v 0.053476 2.048841 -0.317046
v -0.003488 2.063395 -0.261862
v 0.047926 2.372726 -0.263467
v 0.118444 2.371645 -0.243853
v 0.169803 2.353841 -0.292882
v 0.150644 2.337117 -0.361526
v 0.080126 2.338198 -0.381140
v 0.028767 2.356002 -0.332110
v 0.080493 2.660486 -0.352705
v 0.143916 2.660268 -0.335291
v 0.190039 2.644025 -0.379274
v 0.172740 2.628000 -0.440671
v 0.109317 2.628217 -0.458085
v 0.063194 2.644460 -0.414102
v 0.103691 2.921710 -0.430521
v 0.159996 2.922203 -0.415267
v 0.200977 2.908749 -0.454545
v 0.185652 2.894801 -0.509078
v 0.129347 2.894308 -0.524333
v 0.088366 2.907763 -0.485054
v 0.125464 3.184136 -0.507223
v 0.174576 3.184272 -0.493834
v 0.210358 3.172865 -0.528197
v 0.197028 3.161323 -0.575950
v 0.147916 3.161187 -0.589340
v 0.112134 3.172594 -0.554976
v 0.150352 3.448270 -0.578742
v 0.192279 3.448186 -0.567256
v 0.222852 3.438674 -0.596660
v 0.211498 3.429245 -0.637550
v 0.169571 3.429329 -0.649036
v 0.138998 3.438841 -0.619632
v 0.173427 3.712682 -0.650316
v 0.208220 3.713155 -0.640932
v 0.233572 3.705368 -0.665334
v 0.224131 3.697109 -0.699120
v 0.189339 3.696636 -0.708504
v 0.163987 3.704423 -0.684101
v 0.191108 3.981096 -0.728376
v 0.218748 3.981943 -0.721053
v 0.238873 3.975791 -0.740431
v 0.231358 3.968792 -0.767130
v 0.203717 3.967945 -0.774452
v 0.183592 3.974096 -0.755075
v 0.206503 4.249179 -0.808232
v 0.226962 4.249807 -0.802812
v 0.241858 4.245253 -0.817155
v 0.236295 4.240073 -0.836917
v 0.215837 4.239445 -0.842337
v 0.200941 4.243999 -0.827994
v 0.030317 1.001137 0.136931
v 0.029303 1.001137 0.075481
v -0.023686 0.992323 0.045621
v -0.075662 0.983509 0.077211
v -0.074649 0.983509 0.138662
v -0.021660 0.992323 0.168522
v -0.008827 1.200569 0.134829
v -0.009747 1.200570 0.079043
v -0.057851 1.192563 0.051936
v -0.105035 1.184555 0.080614
v -0.104115 1.184554 0.136400
v -0.056011 1.192561 0.163508
v -0.049576 1.417102 0.132583
v -0.050398 1.417073 0.082461
v -0.093776 1.410894 0.058108
v -0.136332 1.404744 0.083877
v -0.135510 1.404773 0.133999
v -0.092132 1.410952 0.158352
v -0.079950 1.625091 0.130087
v -0.080665 1.624970 0.085629
v -0.119114 1.619305 0.064028
v -0.156848 1.613761 0.086885
v -0.156133 1.613883 0.131343
v -0.117684 1.619548 0.152943
v -0.121100 1.834140 0.126920
v -0.121683 1.833825 0.088128
v -0.154580 1.825572 0.069287
v -0.186895 1.817634 0.089239
v -0.186312 1.817950 0.128031
v -0.153415 1.826203 0.146872
v -0.192459 2.036661 0.122755
v -0.192907 2.036224 0.089628
v -0.220227 2.026576 0.073555
v -0.247099 2.017365 0.090609
v -0.246652 2.017802 0.123737
v -0.219331 2.027450 0.139810
v -0.270534 2.233626 0.118013
v -0.270893 2.233230 0.090550
v -0.293658 2.225572 0.077222
v -0.316063 2.218311 0.091357
v -0.315704 2.218708 0.118820
v -0.292939 2.226365 0.132148
v -0.325911 2.405496 0.113499
v -0.326198 2.405187 0.091700
v -0.344509 2.399897 0.081112
v -0.362534 2.394916 0.092324
v -0.362247 2.395225 0.114123
v -0.343935 2.400515 0.124711
v -0.378567 2.579262 0.108866
v -0.378780 2.579033 0.092731
v -0.392333 2.575118 0.084894
v -0.405674 2.571431 0.093193
v -0.405461 2.571660 0.109328
v -0.391908 2.575575 0.117164
v 0.112227 2.065599 -0.241640
v 0.091991 2.065599 -0.273973
v 0.053986 2.062620 -0.272686
v 0.036217 2.059641 -0.239067
v 0.056452 2.059641 -0.206733
v 0.094457 2.062620 -0.208020
v 0.096878 2.190984 -0.237773
v 0.078510 2.190950 -0.267127
v 0.044010 2.188223 -0.265961
v 0.027877 2.185529 -0.235439
v 0.046245 2.185563 -0.206085
v 0.080745 2.188291 -0.207252
v 0.085161 2.325884 -0.228914
v 0.068540 2.328147 -0.255117
v 0.037464 2.327244 -0.253953
v 0.023008 2.324078 -0.226586
v 0.039628 2.321816 -0.200384
v 0.070705 2.322719 -0.201548
v 0.083016 2.456497 -0.210457
v 0.068290 2.460916 -0.233372
v 0.040736 2.461771 -0.232116
v 0.027909 2.458205 -0.207945
v 0.042635 2.453786 -0.185029
v 0.070189 2.452931 -0.186285
v 0.088252 2.586623 -0.184779
v 0.075492 2.591937 -0.204497
v 0.051513 2.593710 -0.203205
v 0.040293 2.590170 -0.182195
v 0.053053 2.584857 -0.162477
v 0.077032 2.583083 -0.163770
v 0.097720 2.711607 -0.155616
v 0.086896 2.716862 -0.172292
v 0.066476 2.718957 -0.171057
v 0.056881 2.715797 -0.153146
v 0.067705 2.710541 -0.136470
v 0.088124 2.708446 -0.137705
v 0.110445 2.836436 -0.124770
v 0.101471 2.840787 -0.138596
v 0.084564 2.842701 -0.137531
v 0.076632 2.840264 -0.122639
v 0.085606 2.835912 -0.108813
v 0.102512 2.833998 -0.109879
v 0.121720 2.954570 -0.098938
v 0.114573 2.957832 -0.109955
v 0.101153 2.959353 -0.109109
v 0.094881 2.957611 -0.097246
v 0.102029 2.954349 -0.086228
v 0.115449 2.952828 -0.087075
v 0.133348 3.072847 -0.073945
v 0.128057 3.075262 -0.082100
v 0.118124 3.076387 -0.081474
v 0.113482 3.075098 -0.072693
v 0.118773 3.072683 -0.064538
v 0.128705 3.071558 -0.065164
v 0.071554 2.328937 -0.209361
v 0.078660 2.328937 -0.234029
v 0.061190 2.324981 -0.252419
v 0.036614 2.321025 -0.246140
v 0.029509 2.321025 -0.221471
v 0.046979 2.324981 -0.203082
v 0.030609 2.544706 -0.221927
v 0.036911 2.544709 -0.243808
v 0.021416 2.541197 -0.260119
v -0.000381 2.537682 -0.254550
v -0.006683 2.537679 -0.232669
v 0.008812 2.541191 -0.216358
v -0.010924 2.779993 -0.236135
v -0.005396 2.779819 -0.255219
v -0.018957 2.777001 -0.269465
v -0.038046 2.774356 -0.264626
v -0.043574 2.774530 -0.245542
v -0.030013 2.777348 -0.231297
v -0.042724 2.998412 -0.250207
v -0.037974 2.998059 -0.266493
v -0.049577 2.995801 -0.278667
v -0.065928 2.993896 -0.274555
v -0.070678 2.994248 -0.258269
v -0.059076 2.996506 -0.246095
v -0.072552 3.217303 -0.266597
v -0.068592 3.216839 -0.280087
v -0.078190 3.214813 -0.290169
v -0.091748 3.213252 -0.286762
v -0.095709 3.213717 -0.273272
v -0.086111 3.215742 -0.263190
v -0.105763 3.439465 -0.286947
v -0.102605 3.438994 -0.297647
v -0.110202 3.437230 -0.305637
v -0.120957 3.435938 -0.302928
v -0.124114 3.436409 -0.292229
v -0.116517 3.438173 -0.284238
v -0.139580 3.661210 -0.308951
v -0.137242 3.660861 -0.316871
v -0.142866 3.659555 -0.322785
v -0.150826 3.658599 -0.320780
v -0.153163 3.658948 -0.312861
v -0.147540 3.660253 -0.306946
v -0.119146 1.826572 0.103748
v -0.140331 1.826572 0.075729
v -0.175182 1.825887 0.080060
v -0.188849 1.825202 0.112411
v -0.167665 1.825202 0.140431
v -0.132813 1.825887 0.136099
v -0.128848 2.067707 0.108278
v -0.146939 2.067709 0.084350
v -0.176702 2.067122 0.088049
v -0.188373 2.066534 0.115676
v -0.170282 2.066532 0.139604
v -0.140519 2.067119 0.135905
v -0.138380 2.330320 0.111860
v -0.153376 2.330210 0.092022
v -0.178052 2.329843 0.095090
v -0.187731 2.329585 0.117996
v -0.172735 2.329695 0.137834
v -0.148059 2.330062 0.134766
v -0.146472 2.590473 0.112295
v -0.158375 2.590298 0.096548
v -0.177962 2.590101 0.098984
v -0.185648 2.590079 0.117165
v -0.173746 2.590254 0.132912
v -0.154158 2.590451 0.130477
v -0.153993 2.850753 0.111449
v -0.162802 2.850624 0.099794
v -0.177301 2.850478 0.101597
v -0.182989 2.850462 0.115054
v -0.174180 2.850592 0.126710
v -0.159681 2.850737 0.124907
v 0.088018 2.591515 -0.180987
v 0.078120 2.591515 -0.202938
v 0.054375 2.588397 -0.205439
v 0.040527 2.585279 -0.185988
v 0.050424 2.585279 -0.164036
v 0.074170 2.588397 -0.161536
v 0.035837 2.936942 -0.159009
v 0.027385 2.936942 -0.177755
v 0.007106 2.934277 -0.179891
v -0.004719 2.931612 -0.163280
v 0.003734 2.931611 -0.144534
v 0.024012 2.934276 -0.142398
v -0.018579 3.313537 -0.136780
v -0.025579 3.313483 -0.152324
v -0.042410 3.311420 -0.154086
v -0.052240 3.309412 -0.140303
v -0.045240 3.309467 -0.124759
v -0.028409 3.311529 -0.122997
v -0.066470 3.679379 -0.119343
v -0.072021 3.679292 -0.131684
v -0.085395 3.677773 -0.133076
v -0.093218 3.676340 -0.122128
v -0.087666 3.676426 -0.109788
v -0.074293 3.677946 -0.108395
v -0.112341 4.045705 -0.103583
v -0.116450 4.045641 -0.112717
v -0.126349 4.044516 -0.113747
v -0.132139 4.043455 -0.105644
v -0.128031 4.043519 -0.096510
v -0.118132 4.044644 -0.095479
v 0.111485 3.058444 -0.073555
v 0.119487 3.058444 -0.066808
v 0.129228 3.056747 -0.070242
v 0.130966 3.055049 -0.080423
v 0.122964 3.055049 -0.087170
v 0.113223 3.056747 -0.083736
v 0.122224 3.134779 -0.086146
v 0.129426 3.134781 -0.080074
v 0.138193 3.133250 -0.083164
v 0.139757 3.131717 -0.092326
v 0.132555 3.131715 -0.098398
v 0.123788 3.133246 -0.095308
v 0.133095 3.218103 -0.097565
v 0.139478 3.217939 -0.092147
v 0.147294 3.216786 -0.094919
v 0.148728 3.215796 -0.103110
v 0.142346 3.215960 -0.108527
v 0.134529 3.217113 -0.105755
v 0.142516 3.298617 -0.103580
v 0.148089 3.298356 -0.098830
v 0.154954 3.297593 -0.101275
v 0.156246 3.297090 -0.108469
v 0.150673 3.297350 -0.113219
v 0.143808 3.298114 -0.110774
v 0.149971 3.379600 -0.106889
v 0.154754 3.379461 -0.102822
v 0.160652 3.378980 -0.104925
v 0.161766 3.378637 -0.111096
v 0.156983 3.378776 -0.115164
v 0.151085 3.379258 -0.113060
v 0.155207 3.460751 -0.111352
v 0.159197 3.460699 -0.107965
v 0.164120 3.460460 -0.109724
v 0.165053 3.460273 -0.114870
v 0.161064 3.460325 -0.118257
v 0.156141 3.460563 -0.116498
v 0.158104 3.542001 -0.112393
v 0.161293 3.541834 -0.109685
v 0.165236 3.541852 -0.111090
v 0.165992 3.542035 -0.115204
v 0.162803 3.542202 -0.117913
v 0.158860 3.542185 -0.116507
v 0.159186 3.623100 -0.104415
v 0.161577 3.622931 -0.102387
v 0.164535 3.623046 -0.103434
v 0.165102 3.623329 -0.106510
v 0.162711 3.623497 -0.108538
v 0.159753 3.623383 -0.107491
v 0.159021 3.704408 -0.098350
v 0.160613 3.704431 -0.096992
v 0.162586 3.704457 -0.097692
v 0.162966 3.704460 -0.099751
v 0.161373 3.704437 -0.101109
v 0.159400 3.704411 -0.100409
v 0.158941 3.785645 -0.105270
v 0.159736 3.785731 -0.104595
v 0.160723 3.785706 -0.104943
v 0.160914 3.785596 -0.105966
v 0.160119 3.785510 -0.106641
v 0.159132 3.785535 -0.106293
v 0.158680 3.866518 -0.116965
v 0.158680 3.866518 -0.116965
v 0.158680 3.866518 -0.116965
v 0.158680 3.866518 -0.116965
v 0.158680 3.866518 -0.116965
v 0.158680 3.866518 -0.116965
v -0.060101 3.084121 -0.268297
v -0.063544 3.084121 -0.272222
v -0.068330 3.082163 -0.271497
v -0.069673 3.080204 -0.266846
v -0.066229 3.080204 -0.262921
v -0.061443 3.082163 -0.263646
v -0.081429 3.143683 -0.247472
v -0.084529 3.143688 -0.251004
v -0.088837 3.141927 -0.250351
v -0.090044 3.140160 -0.246166
v -0.086943 3.140156 -0.242635
v -0.082636 3.141917 -0.243288
v -0.106304 3.209009 -0.228464
v -0.108949 3.208719 -0.231684
v -0.112755 3.207091 -0.231121
v -0.113915 3.205752 -0.227337
v -0.111269 3.206042 -0.224117
v -0.107464 3.207671 -0.224681
v -0.133101 3.272314 -0.217098
v -0.135269 3.271708 -0.219978
v -0.138565 3.270201 -0.219500
v -0.139692 3.269298 -0.216142
v -0.137524 3.269904 -0.213262
v -0.134228 3.271411 -0.213740
v -0.162943 3.335171 -0.213008
v -0.164667 3.334366 -0.215498
v -0.167438 3.332959 -0.215096
v -0.168484 3.332357 -0.212206
v -0.166761 3.333161 -0.209716
v -0.163990 3.334568 -0.210117
v -0.196677 3.396148 -0.213729
v -0.198004 3.395267 -0.215798
v -0.200294 3.394059 -0.215463
v -0.201257 3.393732 -0.213058
v -0.199931 3.394613 -0.210989
v -0.197641 3.395821 -0.211325
v -0.229598 3.456546 -0.222596
v -0.230605 3.455732 -0.224235
v -0.232511 3.454913 -0.223988
v -0.233410 3.454909 -0.222103
v -0.232403 3.455723 -0.220464
v -0.230497 3.456542 -0.220711
v -0.254064 3.519075 -0.240256
v -0.254785 3.518386 -0.241465
v -0.256245 3.517842 -0.241299
v -0.256984 3.517987 -0.239925
v -0.256262 3.518676 -0.238717
v -0.254803 3.519220 -0.238883
v -0.281005 3.579275 -0.262595
v -0.281445 3.578733 -0.263371
v -0.282366 3.578263 -0.263223
v -0.282847 3.578336 -0.262299
v -0.282406 3.578878 -0.261523
v -0.281486 3.579348 -0.261671
v -0.320187 3.632879 -0.283002
v -0.320386 3.632576 -0.283378
v -0.320808 3.632284 -0.283282
v -0.321031 3.632294 -0.282810
v -0.320832 3.632597 -0.282434
v -0.320410 3.632889 -0.282530
v -0.363716 3.683366 -0.303384
v -0.363716 3.683366 -0.303384
v -0.363716 3.683366 -0.303384
v -0.363716 3.683366 -0.303384
v -0.363716 3.683366 -0.303384
v -0.363716 3.683366 -0.303384
v 0.123744 3.066448 -0.083415
v 0.114547 3.066448 -0.078545
v 0.112314 3.058986 -0.071643
v 0.119277 3.051524 -0.069612
v 0.128474 3.051524 -0.074482
v 0.130708 3.058986 -0.081384
v 0.153012 3.112357 -0.023581
v 0.144732 3.112353 -0.019203
v 0.142723 3.105639 -0.012990
v 0.148994 3.098928 -0.011154
v 0.157275 3.098933 -0.015532
v 0.159284 3.105647 -0.021745
v 0.188723 3.159647 0.041514
v 0.181513 3.159842 0.045672
v 0.179687 3.153821 0.051124
v 0.185070 3.147603 0.052416
v 0.192280 3.147407 0.048257
v 0.194106 3.153429 0.042806
v 0.227971 3.202532 0.104310
v 0.221973 3.203016 0.108415
v 0.220256 3.197627 0.113006
v 0.224537 3.191753 0.113491
v 0.230536 3.191268 0.109386
v 0.232253 3.196658 0.104795
v 0.277920 3.233677 0.165052
v 0.273370 3.234452 0.169258
v 0.271681 3.229700 0.172940
v 0.274541 3.224174 0.172416
v 0.279091 3.223400 0.168210
v 0.280781 3.228152 0.164528
v 0.341437 3.249033 0.219955
v 0.338215 3.249819 0.223964
v 0.336448 3.245771 0.226714
v 0.337904 3.240936 0.225455
v 0.341126 3.240150 0.221446
v 0.342893 3.244199 0.218695
v 0.410473 3.244906 0.270739
v 0.408049 3.245531 0.274065
v 0.406198 3.242302 0.275928
v 0.406771 3.238447 0.274466
v 0.409195 3.237821 0.271140
v 0.411046 3.241051 0.269276
v 0.476891 3.228601 0.323849
v 0.475157 3.229047 0.326406
v 0.473362 3.226737 0.327498
v 0.473302 3.223981 0.326032
v 0.475037 3.223535 0.323474
v 0.476831 3.225845 0.322383
v 0.538007 3.189305 0.368260
v 0.537027 3.189488 0.370086
v 0.535504 3.188161 0.370587
v 0.534961 3.186651 0.369262
v 0.535942 3.186468 0.367435
v 0.537465 3.187795 0.366934
v 0.586692 3.126235 0.394345
v 0.586269 3.126248 0.395295
v 0.585396 3.125714 0.395484
v 0.584946 3.125166 0.394722
v 0.585369 3.125153 0.393771
v 0.586242 3.125687 0.393583
v 0.628226 3.052920 0.411440
v 0.628226 3.052920 0.411440
v 0.628226 3.052920 0.411440
v 0.628226 3.052920 0.411440
v 0.628226 3.052920 0.411440
v 0.628226 3.052920 0.411440
v -0.062196 3.086832 -0.264503
v -0.061312 3.086832 -0.269710
v -0.064199 3.083748 -0.272879
v -0.067970 3.080664 -0.270841
v -0.068855 3.080664 -0.265635
v -0.065968 3.083748 -0.262466
v -0.103773 3.132656 -0.270202
v -0.102980 3.132659 -0.274888
v -0.105581 3.129886 -0.277740
v -0.108974 3.127109 -0.275907
v -0.109768 3.127106 -0.271220
v -0.107167 3.129879 -0.268368
v -0.149099 3.182091 -0.279815
v -0.148195 3.181874 -0.283936
v -0.150379 3.179267 -0.286443
v -0.153468 3.176879 -0.284829
v -0.154372 3.177096 -0.280708
v -0.152187 3.179702 -0.278201
v -0.191991 3.228902 -0.295062
v -0.190957 3.228448 -0.298582
v -0.192683 3.225967 -0.300710
v -0.195445 3.223941 -0.299319
v -0.196479 3.224396 -0.295799
v -0.194753 3.226876 -0.293671
v -0.235086 3.272551 -0.317325
v -0.233995 3.271956 -0.320239
v -0.235247 3.269601 -0.321950
v -0.237590 3.267840 -0.320745
v -0.238681 3.268435 -0.317830
v -0.237429 3.270790 -0.316120
v -0.279990 3.310702 -0.345258
v -0.278901 3.310045 -0.347572
v -0.279767 3.307924 -0.348884
v -0.281722 3.306458 -0.347882
v -0.282810 3.307115 -0.345568
v -0.281944 3.309236 -0.344256
v -0.322598 3.345618 -0.379812
v -0.321577 3.344957 -0.381539
v -0.322250 3.343241 -0.382572
v -0.323943 3.342187 -0.381878
v -0.324965 3.342849 -0.380151
v -0.324292 3.344564 -0.379118
v -0.357040 3.384470 -0.419766
v -0.356195 3.383897 -0.420978
v -0.356657 3.382569 -0.421708
v -0.357963 3.381813 -0.421225
v -0.358808 3.382386 -0.420014
v -0.358346 3.383715 -0.419284
v -0.394166 3.415074 -0.463185
v -0.393586 3.414680 -0.463975
v -0.393752 3.413693 -0.464310
v -0.394498 3.413099 -0.463855
v -0.395077 3.413493 -0.463065
v -0.394912 3.414480 -0.462730
v -0.442738 3.426434 -0.504271
v -0.442449 3.426237 -0.504667
v -0.442451 3.425718 -0.504763
v -0.442742 3.425395 -0.504462
v -0.443031 3.425591 -0.504066
v -0.443029 3.426111 -0.503970
v -0.494678 3.429320 -0.544199
v -0.494678 3.429320 -0.544199
v -0.494678 3.429320 -0.544199
v -0.494678 3.429320 -0.544199
v -0.494678 3.429320 -0.544199
v -0.494678 3.429320 -0.544199
v -0.062790 3.098532 -0.272486
v -0.068393 3.098532 -0.273876
v -0.072348 3.097112 -0.269919
v -0.070701 3.095691 -0.264572
v -0.065098 3.095691 -0.263182
v -0.061143 3.097112 -0.267139
v -0.067398 3.162974 -0.252591
v -0.072440 3.162976 -0.253841
v -0.076000 3.161697 -0.250280
v -0.074517 3.160415 -0.245469
v -0.069475 3.160414 -0.244218
v -0.065915 3.161693 -0.247779
v -0.073234 3.233548 -0.232782
v -0.077710 3.233459 -0.233918
v -0.080878 3.232375 -0.230738
v -0.079571 3.231381 -0.226422
v -0.075096 3.231471 -0.225286
v -0.071928 3.232555 -0.228466
v -0.080007 3.301858 -0.216118
v -0.083908 3.301628 -0.217146
v -0.086689 3.300772 -0.214343
v -0.085570 3.300145 -0.210512
v -0.081669 3.300375 -0.209483
v -0.078887 3.301232 -0.212286
v -0.089257 3.371004 -0.205011
v -0.092563 3.370545 -0.205938
v -0.094935 3.369734 -0.203549
v -0.094003 3.369383 -0.200232
v -0.090698 3.369842 -0.199304
v -0.088325 3.370653 -0.201693
v -0.106643 3.441705 -0.193227
v -0.109373 3.441192 -0.194011
v -0.111405 3.440813 -0.191997
v -0.110707 3.440947 -0.189199
v -0.107977 3.441459 -0.188416
v -0.105945 3.441838 -0.190430
v -0.116196 3.508116 -0.203341
v -0.118396 3.507995 -0.204032
v -0.120081 3.508779 -0.202661
v -0.119566 3.509684 -0.200601
v -0.117366 3.509805 -0.199910
v -0.115681 3.509022 -0.201280
v -0.096492 3.558852 -0.247096
v -0.098126 3.558828 -0.247668
v -0.099250 3.560030 -0.247128
v -0.098739 3.561256 -0.246016
v -0.097104 3.561280 -0.245445
v -0.095981 3.560078 -0.245985
v -0.080545 3.590626 -0.310829
v -0.081681 3.590424 -0.310875
v -0.082426 3.591239 -0.310540
v -0.082036 3.592257 -0.310158
v -0.080900 3.592458 -0.310112
v -0.080155 3.591643 -0.310447
v -0.099918 3.609447 -0.375022
v -0.100445 3.609287 -0.374851
v -0.100806 3.609678 -0.374626
v -0.100639 3.610228 -0.374573
v -0.100112 3.610387 -0.374745
v -0.099751 3.609997 -0.374969
v -0.131870 3.618926 -0.439394
v -0.131870 3.618926 -0.439394
v -0.131870 3.618926 -0.439394
v -0.131870 3.618926 -0.439394
v -0.131870 3.618926 -0.439394
v -0.131870 3.618926 -0.439394
v 0.154980 3.350164 -0.582406
v 0.168547 3.350164 -0.566216
v 0.186935 3.339899 -0.567846
v 0.191757 3.329633 -0.585666
v 0.178190 3.329633 -0.601856
v 0.159802 3.339899 -0.600226
v 0.212105 3.454150 -0.627236
v 0.224312 3.454143 -0.612662
v 0.240860 3.444902 -0.614128
v 0.245201 3.435667 -0.630167
v 0.232995 3.435673 -0.644741
v 0.216447 3.444915 -0.643276
v 0.272214 3.566573 -0.677850
v 0.283513 3.567502 -0.665319
v 0.298600 3.560073 -0.666978
v 0.302388 3.551716 -0.681168
v 0.291089 3.550787 -0.693699
v 0.276002 3.558216 -0.692040
v 0.316598 3.680521 -0.735176
v 0.326480 3.681322 -0.724206
v 0.339519 3.674469 -0.725485
v 0.342677 3.666815 -0.737736
v 0.332795 3.666014 -0.748706
v 0.319756 3.672867 -0.747426
v 0.381562 3.785773 -0.789149
v 0.388316 3.783991 -0.778574
v 0.397525 3.775287 -0.778327
v 0.399981 3.768366 -0.788656
v 0.393228 3.770148 -0.799232
v 0.384018 3.778852 -0.799478
v 0.492732 3.858490 -0.815212
v 0.496651 3.855687 -0.805813
v 0.501977 3.846623 -0.804803
v 0.503383 3.840361 -0.813191
v 0.499464 3.843164 -0.822589
v 0.494139 3.852228 -0.823600
v 0.612482 3.910587 -0.846254
v 0.616525 3.908838 -0.839044
v 0.620724 3.901553 -0.838214
v 0.620880 3.896017 -0.844595
v 0.616837 3.897766 -0.851805
v 0.612638 3.905051 -0.852635
v 0.713997 3.970379 -0.909648
v 0.718200 3.969697 -0.904955
v 0.721556 3.964345 -0.904459
v 0.720709 3.959674 -0.908657
v 0.716506 3.960355 -0.913350
v 0.713150 3.965708 -0.913846
v 0.803577 4.011197 -0.999890
v 0.806884 4.010962 -0.997272
v 0.808803 4.007255 -0.996620
v 0.807414 4.003783 -0.998585
v 0.804107 4.004017 -1.001203
v 0.802188 4.007724 -1.001855
v 0.877788 4.015448 -1.108845
v 0.879593 4.015354 -1.107752
v 0.880411 4.013479 -1.107224
v 0.879424 4.011699 -1.107789
v 0.877619 4.011794 -1.108881
v 0.876800 4.013668 -1.109409
v 0.942332 4.003237 -1.226002
v 0.942332 4.003237 -1.226002
v 0.942332 4.003237 -1.226002
v 0.942332 4.003237 -1.226002
v 0.942332 4.003237 -1.226002
v 0.942332 4.003237 -1.226002
v -0.040619 3.449150 -0.133900
v -0.049559 3.449150 -0.143019
v -0.060996 3.443944 -0.140747
v -0.063492 3.438737 -0.129357
v -0.054552 3.438737 -0.120239
v -0.043116 3.443944 -0.122511
v -0.105483 3.619884 -0.066458
v -0.113532 3.619891 -0.074662
v -0.123826 3.615207 -0.072617
v -0.126071 3.610516 -0.062368
v -0.118022 3.610508 -0.054164
v -0.107728 3.615193 -0.056209
v -0.179607 3.806862 0.000578
v -0.186572 3.806388 -0.006880
v -0.195682 3.802122 -0.005098
v -0.197826 3.798330 0.004143
v -0.190861 3.798804 0.011601
v -0.181751 3.803070 0.009818
v -0.257615 3.987836 0.050924
v -0.263503 3.986932 0.044259
v -0.271422 3.983074 0.045784
v -0.273452 3.980121 0.053972
v -0.267564 3.981025 0.060637
v -0.259646 3.984882 0.059113
v -0.341142 4.168816 0.092478
v -0.346078 4.167798 0.086707
v -0.352790 4.164326 0.087973
v -0.354565 4.161870 0.095011
v -0.349629 4.162888 0.100781
v -0.342917 4.166360 0.099515
v -0.430603 4.346800 0.133930
v -0.434658 4.345829 0.129094
v -0.440235 4.342904 0.130143
v -0.441758 4.340948 0.136027
v -0.437703 4.341919 0.140863
v -0.432126 4.344844 0.139815
v -0.517903 4.526932 0.167127
v -0.521096 4.526045 0.163240
v -0.525679 4.523968 0.164122
v -0.527068 4.522779 0.168891
v -0.523875 4.523665 0.172778
v -0.519293 4.525742 0.171896
v -0.591789 4.716058 0.180419
v -0.594191 4.715410 0.177506
v -0.597691 4.714007 0.178184
v -0.598789 4.713253 0.181776
v -0.596387 4.713901 0.184690
v -0.592887 4.715304 0.184011
v -0.664999 4.904148 0.202761
v -0.666665 4.903875 0.200844
v -0.668947 4.902812 0.201276
v -0.669562 4.902021 0.203625
v -0.667897 4.902293 0.205542
v -0.665615 4.903357 0.205110
v -0.748262 5.079240 0.263098
v -0.749130 5.079184 0.262164
v -0.750236 5.078575 0.262356
v -0.750473 5.078022 0.263483
v -0.749604 5.078078 0.264417
v -0.748498 5.078687 0.264224
v -0.834308 5.248435 0.337714
v -0.834308 5.248435 0.337714
v -0.834308 5.248435 0.337714
v -0.834308 5.248435 0.337714
v -0.834308 5.248435 0.337714
v -0.834308 5.248435 0.337714
v 0.166047 3.357124 -0.601605
v 0.156059 3.357124 -0.582719
v 0.163809 3.345528 -0.566537
v 0.181547 3.333932 -0.569239
v 0.191535 3.333932 -0.588124
v 0.183785 3.345528 -0.604307
v 0.231089 3.447892 -0.562147
v 0.222088 3.447875 -0.545157
v 0.229055 3.437428 -0.530596
v 0.245024 3.426998 -0.533026
v 0.254026 3.427015 -0.550016
v 0.247058 3.437462 -0.564577
v 0.304000 3.546654 -0.526202
v 0.296635 3.547516 -0.510803
v 0.303207 3.538752 -0.497685
v 0.317143 3.529124 -0.499964
v 0.324508 3.528262 -0.515363
v 0.317936 3.537026 -0.528482
v 0.377809 3.641974 -0.500254
v 0.372476 3.644183 -0.486458
v 0.378914 3.637415 -0.474780
v 0.390686 3.628439 -0.476897
v 0.396019 3.626230 -0.490693
v 0.389580 3.632997 -0.502371
v 0.455834 3.734999 -0.495136
v 0.453001 3.738984 -0.483287
v 0.459600 3.734484 -0.473262
v 0.469033 3.725998 -0.475086
v 0.471866 3.722013 -0.486935
v 0.465266 3.726513 -0.496960
v 0.537991 3.820995 -0.519898
v 0.536974 3.825799 -0.510411
v 0.543384 3.823053 -0.502320
v 0.550812 3.815504 -0.503715
v 0.551829 3.810700 -0.513201
v 0.545418 3.813446 -0.521293
v 0.619135 3.904785 -0.561470
v 0.618501 3.908825 -0.553967
v 0.623960 3.906993 -0.547653
v 0.630053 3.901121 -0.548842
v 0.630688 3.897081 -0.556345
v 0.625229 3.898913 -0.562659
v 0.694098 3.995747 -0.598392
v 0.693655 3.998816 -0.592783
v 0.697891 3.997611 -0.588127
v 0.702570 3.993336 -0.589079
v 0.703013 3.990267 -0.594688
v 0.698777 3.991472 -0.599344
v 0.767731 4.082798 -0.644673
v 0.767744 4.085202 -0.641141
v 0.770709 4.084562 -0.638131
v 0.773660 4.081517 -0.638653
v 0.773647 4.079112 -0.642185
v 0.770682 4.079752 -0.645195
v 0.844457 4.156932 -0.706133
v 0.844613 4.158287 -0.704489
v 0.846148 4.158021 -0.703027
v 0.847528 4.156400 -0.703210
v 0.847372 4.155045 -0.704854
v 0.845837 4.155311 -0.706316
v 0.921699 4.225605 -0.774191
v 0.921699 4.225605 -0.774191
v 0.921699 4.225605 -0.774191
v 0.921699 4.225605 -0.774191
v 0.921699 4.225605 -0.774191
v 0.921699 4.225605 -0.774191
v -0.044010 3.460183 -0.124655
v -0.044001 3.460183 -0.137599
v -0.053268 3.453882 -0.144077
v -0.062544 3.447581 -0.137611
v -0.062552 3.447581 -0.124667
v -0.053285 3.453882 -0.118189
v -0.152081 3.615311 -0.123194
v -0.152077 3.615315 -0.134844
v -0.160417 3.609645 -0.140674
v -0.168762 3.603969 -0.134855
v -0.168767 3.603965 -0.123205
v -0.160426 3.609636 -0.117375
v -0.267848 3.785534 -0.126096
v -0.267624 3.785207 -0.136444
v -0.275034 3.780160 -0.141627
v -0.282667 3.775439 -0.136461
v -0.282891 3.775765 -0.126113
v -0.275481 3.780813 -0.120931
v -0.373440 3.951851 -0.139668
v -0.373061 3.951279 -0.148703
v -0.379519 3.946823 -0.153235
v -0.386355 3.942938 -0.148732
v -0.386734 3.943510 -0.139697
v -0.380276 3.947966 -0.135165
v -0.479009 4.117987 -0.157278
v -0.478695 4.117513 -0.165024
v -0.484169 4.113597 -0.168900
v -0.489956 4.110154 -0.165030
v -0.490270 4.110628 -0.157284
v -0.484796 4.114544 -0.153408
v -0.590824 4.280431 -0.169868
v -0.590574 4.280053 -0.176324
v -0.595080 4.276706 -0.179546
v -0.599836 4.273738 -0.176313
v -0.600087 4.274117 -0.169857
v -0.595581 4.277463 -0.166634
v -0.702770 4.442214 -0.186282
v -0.702448 4.441727 -0.191426
v -0.706062 4.439065 -0.194006
v -0.709998 4.436888 -0.191441
v -0.710320 4.437376 -0.186297
v -0.706706 4.440038 -0.183717
v -0.804325 4.609573 -0.215724
v -0.804023 4.609113 -0.219568
v -0.806705 4.607072 -0.221497
v -0.809690 4.605491 -0.219581
v -0.809993 4.605951 -0.215737
v -0.807310 4.607992 -0.213809
v -0.915086 4.770531 -0.243615
v -0.914950 4.770315 -0.246191
v -0.916628 4.768802 -0.247454
v -0.918443 4.767504 -0.246140
v -0.918579 4.767720 -0.243564
v -0.916900 4.769233 -0.242301
v -1.051552 4.912541 -0.255448
v -1.051531 4.912485 -0.256741
v -1.052309 4.911660 -0.257366
v -1.053107 4.910890 -0.256698
v -1.053128 4.910946 -0.255405
v -1.052351 4.911771 -0.254780
v -1.197680 5.046072 -0.261407
v -1.197680 5.046072 -0.261407
v -1.197680 5.046072 -0.261407
v -1.197680 5.046072 -0.261407
v -1.197680 5.046072 -0.261407
v -1.197680 5.046072 -0.261407
v 0.208572 3.758599 -0.720123
v 0.177197 3.758599 -0.710076
v 0.170162 3.755590 -0.678032
v 0.194503 3.752581 -0.656035
v 0.225878 3.752581 -0.666083
v 0.232913 3.755590 -0.698127
v 0.215020 3.940231 -0.695879
v 0.186783 3.940234 -0.686836
v 0.180451 3.937511 -0.657998
v 0.202357 3.934785 -0.638203
v 0.230594 3.934782 -0.647246
v 0.236926 3.937505 -0.676084
v 0.219449 4.137431 -0.675363
v 0.194346 4.137320 -0.667334
v 0.188744 4.136068 -0.641611
v 0.208245 4.134928 -0.623917
v 0.233347 4.135039 -0.631947
v 0.238949 4.136291 -0.657670
v 0.218372 4.327673 -0.669289
v 0.196407 4.327349 -0.662270
v 0.191505 4.327150 -0.639737
v 0.208567 4.327276 -0.624223
v 0.230532 4.327600 -0.631242
v 0.235434 4.327799 -0.653775
v 0.213133 4.519267 -0.666651
v 0.194316 4.518553 -0.660638
v 0.190119 4.518151 -0.641326
v 0.204739 4.518463 -0.628027
v 0.223556 4.519176 -0.634039
v 0.227753 4.519578 -0.653351
v 0.204103 4.710739 -0.657672
v 0.188432 4.709886 -0.652669
v 0.184952 4.709116 -0.636587
v 0.197142 4.709199 -0.625508
v 0.212813 4.710052 -0.630512
v 0.216293 4.710822 -0.646594
v 0.195642 4.901964 -0.645370
v 0.183102 4.901381 -0.641362
v 0.180330 4.900381 -0.628518
v 0.190098 4.899964 -0.619682
v 0.202638 4.900547 -0.623690
v 0.205410 4.901547 -0.636535
v 0.193846 5.092570 -0.623400
v 0.184439 5.092346 -0.620379
v 0.182358 5.091712 -0.610738
v 0.189685 5.091300 -0.604118
v 0.199093 5.091524 -0.607139
v 0.201174 5.092159 -0.616780
v 0.193181 5.282509 -0.614015
v 0.186908 5.282567 -0.612000
v 0.185516 5.282931 -0.605570
v 0.190398 5.283236 -0.601155
v 0.196671 5.283177 -0.603170
v 0.198063 5.282814 -0.609600
v 0.188868 5.471177 -0.639181
v 0.185730 5.471295 -0.638185
v 0.185028 5.471876 -0.635019
v 0.187464 5.472338 -0.632849
v 0.190602 5.472219 -0.633845
v 0.191304 5.471639 -0.637011
v 0.183498 5.658894 -0.678412
v 0.183498 5.658894 -0.678412
v 0.183498 5.658894 -0.678412
v 0.183498 5.658894 -0.678412
v 0.183498 5.658894 -0.678412
v 0.183498 5.658894 -0.678412
v 0.179876 3.798546 -0.698157
v 0.198102 3.798546 -0.670418
v 0.220758 3.774806 -0.665447
v 0.225188 3.751065 -0.688215
v 0.206962 3.751065 -0.715953
v 0.184306 3.774806 -0.720924
v 0.306273 3.908268 -0.795251
v 0.322723 3.908307 -0.770318
v 0.343148 3.886970 -0.765867
v 0.347124 3.865594 -0.786350
v 0.330673 3.865555 -0.811284
v 0.310248 3.886892 -0.815734
v 0.463832 4.021675 -0.880125
v 0.473340 4.018061 -0.855598
v 0.488249 3.996777 -0.850141
v 0.493648 3.979107 -0.869211
v 0.484139 3.982721 -0.893737
v 0.469231 4.004004 -0.899194
v 0.646717 4.113817 -0.894892
v 0.650749 4.108418 -0.872657
v 0.660009 4.087821 -0.867199
v 0.665237 4.072623 -0.883976
v 0.661205 4.078021 -0.906210
v 0.651945 4.098619 -0.911668
v 0.839204 4.176013 -0.907892
v 0.844686 4.172106 -0.889150
v 0.851020 4.153881 -0.884221
v 0.851872 4.139562 -0.898035
v 0.846390 4.143468 -0.916777
v 0.840056 4.161694 -0.921705
v 1.024863 4.214677 -0.981130
v 1.032226 4.211974 -0.966505
v 1.036104 4.196510 -0.961900
v 1.032620 4.183748 -0.971920
v 1.025257 4.186451 -0.986545
v 1.021379 4.201915 -0.991150
v 1.202888 4.208412 -1.081102
v 1.209308 4.206247 -1.069685
v 1.210520 4.193887 -1.064992
v 1.205313 4.183693 -1.071717
v 1.198894 4.185858 -1.083134
v 1.197681 4.198218 -1.087827
v 1.376439 4.164649 -1.184353
v 1.381251 4.163026 -1.175787
v 1.380361 4.154253 -1.171163
v 1.374661 4.147103 -1.175104
v 1.369850 4.148726 -1.183669
v 1.370739 4.157499 -1.188293
v 1.521578 4.062116 -1.283958
v 1.524735 4.061070 -1.278213
v 1.522662 4.056281 -1.274111
v 1.517432 4.052537 -1.275754
v 1.514275 4.053583 -1.281499
v 1.516348 4.058372 -1.285601
v 1.615456 3.903305 -1.359480
v 1.617004 3.902826 -1.356584
v 1.615523 3.901084 -1.354178
v 1.612492 3.899823 -1.354668
v 1.610943 3.900303 -1.357564
v 1.612425 3.902044 -1.359970
v 1.682157 3.720733 -1.422559
v 1.682157 3.720733 -1.422559
v 1.682157 3.720733 -1.422559
v 1.682157 3.720733 -1.422559
v 1.682157 3.720733 -1.422559
v 1.682157 3.720733 -1.422559
v -0.096229 3.911540 -0.113571
v -0.104635 3.911540 -0.121004
v -0.114566 3.907103 -0.118244
v -0.116091 3.902667 -0.108050
v -0.107684 3.902667 -0.100616
v -0.097753 3.907103 -0.103376
v -0.170715 4.129781 -0.026142
v -0.178282 4.129785 -0.032831
v -0.187220 4.125792 -0.030346
v -0.188591 4.121795 -0.021173
v -0.181024 4.121791 -0.014484
v -0.172086 4.125784 -0.016969
v -0.253991 4.368978 0.063142
v -0.260608 4.368666 0.057083
v -0.268549 4.365105 0.059287
v -0.269873 4.361856 0.067550
v -0.263256 4.362168 0.073610
v -0.255315 4.365729 0.071406
v -0.340288 4.601154 0.133565
v -0.345996 4.600653 0.128191
v -0.352949 4.597552 0.130124
v -0.354195 4.594953 0.137432
v -0.348487 4.595454 0.142805
v -0.341534 4.598555 0.140872
v -0.425949 4.834700 0.200733
v -0.430958 4.834596 0.196235
v -0.436898 4.831882 0.197874
v -0.437829 4.829272 0.204010
v -0.432820 4.829376 0.208508
v -0.426879 4.832089 0.206869
v -0.506515 5.063914 0.307009
v -0.510678 5.063794 0.303249
v -0.515688 5.061709 0.304676
v -0.516535 5.059744 0.309863
v -0.512372 5.059864 0.313623
v -0.507362 5.061949 0.312196
v -0.579064 5.300416 0.355096
v -0.582115 5.299284 0.352004
v -0.586369 5.298529 0.353220
v -0.587573 5.298905 0.357528
v -0.584522 5.300036 0.360620
v -0.580267 5.300792 0.359404
v -0.610292 5.527708 0.236472
v -0.612411 5.526080 0.234423
v -0.615672 5.525837 0.235223
v -0.616815 5.527222 0.238071
v -0.614696 5.528850 0.240119
v -0.611435 5.529092 0.239320
v -0.675712 5.740024 0.103948
v -0.677088 5.738847 0.102623
v -0.678999 5.738010 0.103450
v -0.679534 5.738350 0.105604
v -0.678157 5.739527 0.106929
v -0.676246 5.740364 0.106102
v -0.840836 5.932083 0.114892
v -0.841538 5.931513 0.114227
v -0.842227 5.930744 0.114667
v -0.842213 5.930545 0.115772
v -0.841511 5.931115 0.116436
v -0.840822 5.931884 0.115996
v -1.037845 6.100517 0.175682
v -1.037845 6.100517 0.175682
v -1.037845 6.100517 0.175682
v -1.037845 6.100517 0.175682
v -1.037845 6.100517 0.175682
v -1.037845 6.100517 0.175682
v 0.187525 3.796812 -0.722218
v 0.172405 3.796812 -0.692546
v 0.187879 3.784025 -0.665973
v 0.218472 3.771239 -0.669071
v 0.233593 3.771239 -0.698744
v 0.218119 3.784025 -0.725317
v 0.263704 3.962817 -0.679038
v 0.250090 3.962805 -0.652336
v 0.264009 3.951281 -0.628423
v 0.291542 3.939770 -0.631213
v 0.305156 3.939783 -0.657915
v 0.291237 3.951307 -0.681827
v 0.345023 4.144612 -0.638214
v 0.333134 4.145092 -0.614377
v 0.345853 4.135651 -0.592955
v 0.370460 4.125731 -0.595370
v 0.382350 4.125251 -0.619207
v 0.369631 4.134692 -0.640629
v 0.419415 4.321828 -0.604761
v 0.409521 4.323478 -0.583718
v 0.421219 4.316591 -0.564766
v 0.442811 4.308056 -0.566857
v 0.452705 4.306407 -0.587901
v 0.441007 4.313293 -0.606853
v 0.493488 4.499968 -0.592400
v 0.486039 4.503886 -0.574278
v 0.496925 4.500072 -0.557963
v 0.515261 4.492340 -0.559769
v 0.522711 4.488421 -0.577891
v 0.511824 4.492236 -0.594207
v 0.571295 4.675796 -0.615254
v 0.565856 4.680881 -0.600361
v 0.575570 4.679225 -0.586939
v 0.590725 4.672484 -0.588411
v 0.596165 4.667399 -0.603304
v 0.586450 4.669055 -0.616726
v 0.648444 4.853229 -0.652872
v 0.643993 4.857075 -0.640920
v 0.651502 4.855163 -0.630084
v 0.663462 4.849405 -0.631201
v 0.667913 4.845559 -0.643152
v 0.660405 4.847471 -0.653988
v 0.743724 5.034719 -0.662325
v 0.740330 5.037471 -0.653341
v 0.746195 5.036591 -0.645301
v 0.755454 5.032958 -0.646245
v 0.758848 5.030205 -0.655229
v 0.752983 5.031086 -0.663270
v 0.789384 5.210854 -0.704610
v 0.787260 5.213583 -0.698917
v 0.791653 5.216095 -0.694587
v 0.798170 5.215877 -0.695948
v 0.800293 5.213148 -0.701641
v 0.795900 5.210636 -0.705972
v 0.724942 5.347649 -0.815724
v 0.723748 5.349399 -0.813154
v 0.725502 5.351943 -0.811915
v 0.728450 5.352738 -0.813244
v 0.729644 5.350988 -0.815814
v 0.727890 5.348444 -0.817054
v 0.614061 5.456048 -0.949827
v 0.614061 5.456048 -0.949827
v 0.614061 5.456048 -0.949827
v 0.614061 5.456048 -0.949827
v 0.614061 5.456048 -0.949827
v 0.614061 5.456048 -0.949827
v 0.037240 1.959872 0.207581
v 0.021370 1.959872 0.221598
v 0.025574 1.959777 0.242350
v 0.045647 1.959683 0.249085
v 0.061517 1.959683 0.235068
v 0.057314 1.959778 0.214316
v 0.038933 2.042984 0.210549
v 0.024650 2.042987 0.223164
v 0.028433 2.042895 0.241841
v 0.046500 2.042799 0.247903
v 0.060783 2.042796 0.235287
v 0.056999 2.042888 0.216611
v 0.038688 2.132815 0.212412
v 0.025996 2.132580 0.223628
v 0.029347 2.133162 0.240222
v 0.045388 2.133981 0.245600
v 0.058080 2.134217 0.234384
v 0.054730 2.133634 0.217790
v 0.032478 2.219075 0.210093
v 0.021385 2.218652 0.219914
v 0.024299 2.219466 0.234424
v 0.038305 2.220702 0.239112
v 0.049397 2.221125 0.229290
v 0.046484 2.220312 0.214781
v 0.026603 2.306643 0.209450
v 0.017098 2.306211 0.217869
v 0.019642 2.305964 0.230313
v 0.031690 2.306149 0.234339
v 0.041195 2.306581 0.225920
v 0.038651 2.306828 0.213475
v 0.029194 2.393767 0.218539
v 0.021274 2.393425 0.225555
v 0.023395 2.392653 0.235899
v 0.033436 2.392223 0.239225
v 0.041357 2.392566 0.232209
v 0.039236 2.393338 0.221865
v 0.030823 2.479132 0.225842
v 0.024485 2.478984 0.231458
v 0.026161 2.479406 0.239749
v 0.034177 2.479977 0.242425
v 0.040515 2.480125 0.236809
v 0.038839 2.479702 0.228518
v 0.020044 2.564533 0.215878
v 0.015287 2.564455 0.220087
v 0.016501 2.565274 0.226268
v 0.022472 2.566171 0.228240
v 0.027229 2.566249 0.224031
v 0.026015 2.565430 0.217850
v 0.012105 2.651328 0.211081
v 0.008942 2.651133 0.213890
v 0.009798 2.650840 0.218026
v 0.013818 2.650741 0.219354
v 0.016981 2.650935 0.216546
v 0.016125 2.651229 0.212409
v 0.021075 2.735490 0.232040
v 0.019488 2.735317 0.233431
v 0.019884 2.734696 0.235417
v 0.021866 2.734249 0.236011
v 0.023453 2.734422 0.234620
v 0.023058 2.735043 0.232635
v 0.036233 2.816495 0.262399
v 0.036233 2.816495 0.262399
v 0.036233 2.816495 0.262399
v 0.036233 2.816495 0.262399
v 0.036233 2.816495 0.262399
v 0.036233 2.816495 0.262399
v 0.208223 4.248479 -0.806454
v 0.229153 4.248479 -0.803252
v 0.242330 4.244626 -0.819373
v 0.234576 4.240773 -0.838695
v 0.213645 4.240773 -0.841897
v 0.200469 4.244626 -0.825777
v 0.215944 4.439481 -0.851697
v 0.234782 4.439482 -0.848815
v 0.246640 4.436005 -0.863321
v 0.239661 4.432527 -0.880709
v 0.220824 4.432526 -0.883591
v 0.208965 4.436003 -0.869085
v 0.223873 4.648126 -0.894760
v 0.240615 4.648039 -0.892182
v 0.251174 4.645542 -0.905190
v 0.244992 4.643130 -0.920775
v 0.228251 4.643217 -0.923353
v 0.217691 4.645714 -0.910346
v 0.231291 4.850298 -0.923914
v 0.245938 4.850168 -0.921651
v 0.255196 4.848628 -0.933122
v 0.249807 4.847218 -0.946857
v 0.235160 4.847349 -0.949121
v 0.225901 4.848889 -0.937649
v 0.237235 5.054072 -0.943935
v 0.249792 5.054082 -0.942008
v 0.257733 5.053064 -0.951872
v 0.253118 5.052035 -0.963663
v 0.240561 5.052025 -0.965590
v 0.232619 5.053044 -0.955727
v 0.239404 5.258206 -0.964965
v 0.249869 5.258220 -0.963359
v 0.256490 5.257722 -0.971605
v 0.252647 5.257210 -0.981456
v 0.242183 5.257196 -0.983062
v 0.235561 5.257694 -0.974816
v 0.242755 5.462203 -0.969654
v 0.251120 5.461875 -0.968374
v 0.256431 5.462261 -0.974960
v 0.253376 5.462974 -0.982827
v 0.245010 5.463302 -0.984108
v 0.239699 5.462916 -0.977521
v 0.252989 5.664134 -0.935608
v 0.259256 5.663692 -0.934671
v 0.263251 5.664301 -0.939573
v 0.260978 5.665353 -0.945410
v 0.254711 5.665795 -0.946347
v 0.250717 5.665186 -0.941446
v 0.264167 5.867072 -0.907367
v 0.268351 5.866904 -0.906731
v 0.270995 5.866871 -0.910038
v 0.269457 5.867005 -0.913981
v 0.265273 5.867172 -0.914617
v 0.262629 5.867206 -0.911310
v 0.270688 6.070635 -0.930910
v 0.272782 6.070637 -0.930598
v 0.274097 6.070356 -0.932234
v 0.273317 6.070074 -0.934182
v 0.271223 6.070072 -0.934494
v 0.269908 6.070353 -0.932858
v 0.275699 6.272310 -0.973173
v 0.275699 6.272310 -0.973173
v 0.275699 6.272310 -0.973173
v 0.275699 6.272310 -0.973173
v 0.275699 6.272310 -0.973173
v 0.275699 6.272310 -0.973173
v -0.378783 2.578369 0.109597
v -0.378186 2.578369 0.093470
v -0.391524 2.575346 0.084902
v -0.405458 2.572324 0.092461
v -0.406055 2.572324 0.108589
v -0.392717 2.575346 0.117156
v -0.416495 2.703086 0.096855
v -0.415953 2.703059 0.082340
v -0.427949 2.700306 0.074630
v -0.440489 2.697579 0.081433
v -0.441031 2.697606 0.095947
v -0.429035 2.700359 0.103658
v -0.438592 2.833288 0.105165
v -0.438431 2.836666 0.092705
v -0.449524 2.838758 0.086440
v -0.460778 2.837473 0.092635
v -0.460939 2.834095 0.105095
v -0.449846 2.832003 0.111360
v -0.411439 2.945446 0.160115
v -0.410865 2.951286 0.150462
v -0.420075 2.956424 0.146413
v -0.429858 2.955722 0.152017
v -0.430432 2.949882 0.161670
v -0.421223 2.944744 0.165719
v -0.379117 3.050986 0.239636
v -0.378446 3.056813 0.231932
v -0.386419 3.060855 0.228210
v -0.395063 3.059069 0.232192
v -0.395734 3.053242 0.239896
v -0.387761 3.049201 0.243618
v -0.382659 3.158554 0.321704
v -0.382100 3.163387 0.315267
v -0.388756 3.165528 0.311239
v -0.395971 3.162835 0.313649
v -0.396530 3.158002 0.320086
v -0.389874 3.155861 0.324114
v -0.408802 3.267140 0.397290
v -0.408277 3.270618 0.391878
v -0.413437 3.271519 0.388106
v -0.419124 3.268942 0.389747
v -0.419649 3.265463 0.395160
v -0.414489 3.264562 0.398931
v -0.446714 3.382191 0.457242
v -0.446136 3.384243 0.452895
v -0.449770 3.384201 0.449696
v -0.453982 3.382109 0.450844
v -0.454560 3.380058 0.455192
v -0.450926 3.380099 0.458390
v -0.500211 3.500203 0.493361
v -0.499606 3.501066 0.490310
v -0.501767 3.500438 0.487996
v -0.504533 3.498947 0.488733
v -0.505138 3.498084 0.491783
v -0.502977 3.498711 0.494097
v -0.563998 3.616833 0.498861
v -0.563585 3.617056 0.497317
v -0.564543 3.616509 0.496139
v -0.565914 3.615740 0.496505
v -0.566327 3.615517 0.498049
v -0.565369 3.616064 0.499228
v -0.633052 3.731645 0.489522
v -0.633052 3.731645 0.489522
v -0.633052 3.731645 0.489522
v -0.633052 3.731645 0.489522
v -0.633052 3.731645 0.489522
v -0.633052 3.731645 0.489522
v 0.123371 3.075537 -0.083212
v 0.114756 3.075537 -0.078104
v 0.114800 3.073972 -0.068211
v 0.123459 3.072408 -0.063426
v 0.132074 3.072408 -0.068535
v 0.132030 3.073972 -0.078428
v 0.131414 3.156159 -0.068594
v 0.123660 3.156159 -0.063997
v 0.123700 3.154747 -0.055094
v 0.131492 3.153335 -0.050788
v 0.139246 3.153335 -0.055386
v 0.139207 3.154747 -0.064289
v 0.139175 3.244099 -0.054597
v 0.132280 3.244061 -0.050515
v 0.132334 3.243043 -0.042568
v 0.139283 3.242064 -0.038701
v 0.146179 3.242101 -0.042783
v 0.146124 3.243119 -0.050730
v 0.143610 3.329072 -0.044444
v 0.137580 3.329092 -0.040867
v 0.137645 3.328482 -0.033882
v 0.143740 3.327852 -0.030475
v 0.149770 3.327832 -0.034052
v 0.149705 3.328442 -0.041036
v 0.148532 3.414390 -0.037810
v 0.143385 3.414709 -0.034724
v 0.143458 3.414429 -0.028722
v 0.148678 3.413830 -0.025805
v 0.153825 3.413512 -0.028891
v 0.153752 3.413791 -0.034893
v 0.158857 3.499533 -0.034676
v 0.154586 3.499973 -0.032099
v 0.154662 3.499890 -0.027092
v 0.159010 3.499368 -0.024663
v 0.163281 3.498929 -0.027239
v 0.163205 3.499011 -0.032246
v 0.167655 3.585061 -0.033290
v 0.164220 3.585186 -0.031233
v 0.164277 3.585079 -0.027229
v 0.167771 3.584848 -0.025281
v 0.171206 3.584723 -0.027338
v 0.171149 3.584829 -0.031343
v 0.167781 3.671022 -0.028237
v 0.165201 3.670979 -0.026697
v 0.165245 3.670929 -0.023693
v 0.167869 3.670923 -0.022228
v 0.170449 3.670967 -0.023768
v 0.170405 3.671016 -0.026772
v 0.166476 3.756678 -0.028417
v 0.164757 3.756794 -0.027395
v 0.164787 3.756971 -0.025400
v 0.166536 3.757030 -0.024426
v 0.168256 3.756914 -0.025448
v 0.168226 3.756737 -0.027443
v 0.170381 3.841292 -0.041333
v 0.169524 3.841438 -0.040834
v 0.169543 3.841630 -0.039851
v 0.170418 3.841676 -0.039367
v 0.171275 3.841531 -0.039865
v 0.171256 3.841339 -0.040848
v 0.175826 3.925309 -0.059516
v 0.175826 3.925309 -0.059516
v 0.175826 3.925309 -0.059516
v 0.175826 3.925309 -0.059516
v 0.175826 3.925309 -0.059516
v 0.175826 3.925309 -0.059516
v -0.141248 3.660577 -0.307640
v -0.136967 3.660577 -0.314709
v -0.140922 3.659904 -0.321935
v -0.149157 3.659231 -0.322092
v -0.153438 3.659231 -0.315022
v -0.149484 3.659904 -0.307797
v -0.155003 3.798781 -0.316054
v -0.151150 3.798782 -0.322417
v -0.154708 3.798173 -0.328920
v -0.162120 3.797563 -0.329061
v -0.165973 3.797562 -0.322698
v -0.162414 3.798171 -0.316195
v -0.165379 3.949348 -0.323219
v -0.161951 3.949292 -0.328872
v -0.165132 3.949075 -0.334664
v -0.171740 3.948913 -0.334804
v -0.175168 3.948969 -0.329150
v -0.171988 3.949186 -0.323358
v -0.163131 4.094298 -0.324824
v -0.160131 4.094205 -0.329770
v -0.162914 4.094241 -0.334842
v -0.168697 4.094368 -0.334967
v -0.171696 4.094461 -0.330021
v -0.168913 4.094426 -0.324950
v -0.159724 4.239750 -0.326196
v -0.157153 4.239690 -0.330436
v -0.159538 4.239508 -0.334780
v -0.164494 4.239385 -0.334883
v -0.167065 4.239444 -0.330644
v -0.164680 4.239627 -0.326300
v -0.170971 4.384799 -0.334624
v -0.168829 4.384761 -0.338157
v -0.170813 4.384500 -0.341773
v -0.174938 4.384276 -0.341855
v -0.177080 4.384314 -0.338321
v -0.175097 4.384576 -0.334706
v -0.175987 4.529215 -0.340160
v -0.174274 4.529162 -0.342986
v -0.175857 4.529346 -0.345883
v -0.179154 4.529581 -0.345952
v -0.180867 4.529634 -0.343126
v -0.179284 4.529450 -0.340229
v -0.151334 4.672004 -0.329028
v -0.150054 4.671920 -0.331150
v -0.151217 4.672256 -0.333314
v -0.153661 4.672675 -0.333355
v -0.154940 4.672759 -0.331233
v -0.153777 4.672423 -0.329070
v -0.128024 4.815244 -0.323505
v -0.127178 4.815125 -0.324920
v -0.127982 4.815102 -0.326364
v -0.129632 4.815195 -0.326393
v -0.130478 4.815313 -0.324978
v -0.129674 4.815337 -0.323534
v -0.135574 4.958583 -0.344454
v -0.135151 4.958497 -0.345159
v -0.135550 4.958336 -0.345864
v -0.136374 4.958264 -0.345865
v -0.136797 4.958351 -0.345161
v -0.136397 4.958511 -0.344455
v -0.153993 5.100222 -0.375324
v -0.153993 5.100222 -0.375324
v -0.153993 5.100222 -0.375324
v -0.153993 5.100222 -0.375324
v -0.153993 5.100222 -0.375324
v -0.153993 5.100222 -0.375324
v -0.178405 2.851415 0.102550
v -0.182710 2.851415 0.116512
v -0.172796 2.850608 0.127214
v -0.158576 2.849800 0.123953
v -0.154272 2.849800 0.109991
v -0.164186 2.850608 0.099290
v -0.165382 3.008989 0.107597
v -0.169256 3.008988 0.120163
v -0.160334 3.008253 0.129794
v -0.147537 3.007519 0.126860
v -0.143663 3.007520 0.114294
v -0.152585 3.008255 0.104663
v -0.156305 3.180221 0.110896
v -0.159745 3.180331 0.122067
v -0.151791 3.180310 0.130632
v -0.140397 3.180180 0.128026
v -0.136957 3.180070 0.116856
v -0.144911 3.180091 0.108291
v -0.159819 3.344751 0.107599
v -0.162829 3.344859 0.117373
v -0.155876 3.345294 0.124861
v -0.145912 3.345621 0.122574
v -0.142902 3.345513 0.112801
v -0.149856 3.345078 0.105313
v -0.166878 3.510091 0.105525
v -0.169444 3.509791 0.113903
v -0.163472 3.509842 0.120320
v -0.154935 3.510192 0.118361
v -0.152369 3.510493 0.109983
v -0.158341 3.510442 0.103566
v -0.169503 3.675396 0.118017
v -0.171640 3.675062 0.124995
v -0.166658 3.674885 0.130335
v -0.159540 3.675042 0.128698
v -0.157404 3.675376 0.121720
v -0.162386 3.675553 0.116379
v -0.168821 3.839759 0.122291
v -0.170523 3.840351 0.127851
v -0.166534 3.840653 0.132111
v -0.160843 3.840363 0.130812
v -0.159141 3.839771 0.125253
v -0.163130 3.839469 0.120992
v -0.158128 4.001586 0.088110
v -0.159393 4.002428 0.092222
v -0.156392 4.002951 0.095374
v -0.152127 4.002633 0.094414
v -0.150863 4.001791 0.090303
v -0.153863 4.001268 0.087151
v -0.156873 4.163843 0.061133
v -0.157700 4.163818 0.063935
v -0.155695 4.164026 0.066052
v -0.152864 4.164258 0.065365
v -0.152038 4.164282 0.062562
v -0.154042 4.164074 0.060446
v -0.183817 4.324313 0.084854
v -0.184180 4.323960 0.086224
v -0.183163 4.323964 0.087273
v -0.181783 4.324319 0.086952
v -0.181420 4.324672 0.085581
v -0.182437 4.324668 0.084532
v -0.221764 4.481088 0.127182
v -0.221764 4.481088 0.127182
v -0.221764 4.481088 0.127182
v -0.221764 4.481088 0.127182
v -0.221764 4.481088 0.127182
v -0.221764 4.481088 0.127182
v -0.112351 4.045050 -0.103101
v -0.115996 4.045050 -0.112430
v -0.125886 4.044580 -0.113942
v -0.132130 4.044110 -0.106126
v -0.128485 4.044110 -0.096797
v -0.118595 4.044580 -0.095284
v -0.129289 4.296871 -0.095997
v -0.132570 4.296872 -0.104393
v -0.141470 4.296445 -0.105754
v -0.147090 4.296016 -0.098719
v -0.143810 4.296015 -0.090323
v -0.134909 4.296442 -0.088962
v -0.140951 4.571083 -0.093000
v -0.143865 4.571014 -0.100463
v -0.151786 4.570990 -0.101671
v -0.156793 4.571034 -0.095415
v -0.153878 4.571104 -0.087952
v -0.145957 4.571128 -0.086744
v -0.132618 4.834249 -0.100677
v -0.135170 4.834075 -0.107205
v -0.142098 4.834260 -0.108266
v -0.146474 4.834617 -0.102800
v -0.143922 4.834790 -0.096272
v -0.136994 4.834606 -0.095211
v -0.125787 5.097832 -0.113978
v -0.127975 5.097475 -0.119564
v -0.133914 5.097272 -0.120457
v -0.137665 5.097426 -0.115765
v -0.135477 5.097784 -0.110179
v -0.129538 5.097986 -0.109286
v -0.148291 5.360584 -0.129264
v -0.150111 5.360210 -0.133915
v -0.155050 5.359825 -0.134647
v -0.158169 5.359813 -0.130730
v -0.156350 5.360187 -0.126079
v -0.151411 5.360572 -0.125346
v -0.164663 5.622756 -0.142074
v -0.166123 5.622671 -0.145804
v -0.170082 5.622771 -0.146409
v -0.172582 5.622955 -0.143283
v -0.171122 5.623039 -0.139553
v -0.167163 5.622940 -0.138949
v -0.134270 5.884463 -0.147681
v -0.135353 5.884563 -0.150482
v -0.138304 5.884891 -0.150940
v -0.140173 5.885118 -0.148598
v -0.139089 5.885017 -0.145797
v -0.136138 5.884690 -0.145338
v -0.107871 6.146788 -0.146271
v -0.108595 6.146829 -0.148139
v -0.110575 6.146850 -0.148446
v -0.111830 6.146831 -0.146885
v -0.111106 6.146791 -0.145017
v -0.109127 6.146769 -0.144711
v -0.132009 6.409017 -0.138205
v -0.132370 6.409008 -0.139139
v -0.133352 6.408893 -0.139296
v -0.133974 6.408787 -0.138519
v -0.133614 6.408796 -0.137584
v -0.132632 6.408910 -0.137427
v -0.174144 6.669751 -0.126678
v -0.174144 6.669751 -0.126678
v -0.174144 6.669751 -0.126678
v -0.174144 6.669751 -0.126678
v -0.174144 6.669751 -0.126678
v -0.174144 6.669751 -0.126678
v -0.116796 3.510135 -0.203518
v -0.119052 3.510135 -0.203453
v -0.120137 3.508900 -0.201906
v -0.118966 3.507665 -0.200424
v -0.116710 3.507665 -0.200488
v -0.115625 3.508900 -0.202035
v -0.107980 3.558771 -0.148920
v -0.109672 3.558767 -0.148875
v -0.110486 3.557844 -0.147712
v -0.109607 3.556926 -0.146594
v -0.107915 3.556930 -0.146639
v -0.107101 3.557853 -0.147802
v -0.114746 3.618086 -0.114176
v -0.115793 3.617686 -0.114307
v -0.116400 3.617387 -0.113404
v -0.115960 3.617489 -0.112369
v -0.114913 3.617889 -0.112238
v -0.114306 3.618187 -0.113142
v -0.150606 3.667723 -0.139385
v -0.151022 3.667342 -0.139395
v -0.151412 3.667337 -0.138987
v -0.151386 3.667714 -0.138568
v -0.150970 3.668096 -0.138558
v -0.150581 3.668101 -0.138966
v -0.194923 3.704965 -0.189423
v -0.194923 3.704965 -0.189423
v -0.194923 3.704965 -0.189423
v -0.194923 3.704965 -0.189423
v -0.194923 3.704965 -0.189423
v -0.194923 3.704965 -0.189423
v 0.388387 3.785177 -0.779458
v 0.399738 3.785177 -0.785095
v 0.402123 3.777070 -0.794540
v 0.393156 3.768963 -0.798348
v 0.381805 3.768963 -0.792711
v 0.379421 3.777070 -0.783266
v 0.340837 3.872364 -0.861673
v 0.350289 3.872378 -0.866385
v 0.352271 3.865633 -0.874267
v 0.344801 3.858875 -0.877437
v 0.335348 3.858860 -0.872726
v 0.333366 3.865605 -0.864844
v 0.300952 3.963630 -0.960472
v 0.308875 3.962767 -0.963279
v 0.310770 3.956621 -0.968758
v 0.304742 3.951337 -0.971430
v 0.296820 3.952200 -0.968624
v 0.294925 3.958346 -0.963145
v 0.285906 4.038218 -1.072500
v 0.291994 4.036818 -1.073559
v 0.293523 4.031657 -1.076904
v 0.288963 4.027898 -1.079190
v 0.282874 4.029298 -1.078132
v 0.281345 4.034459 -1.074787
v 0.295891 4.105338 -1.189287
v 0.299897 4.103996 -1.189341
v 0.300897 4.100412 -1.191342
v 0.297891 4.098170 -1.193288
v 0.293886 4.099512 -1.193234
v 0.292886 4.103096 -1.191234
v 0.329856 4.172348 -1.299692
v 0.331796 4.171536 -1.299492
v 0.332285 4.169720 -1.300452
v 0.330834 4.168715 -1.301612
v 0.328894 4.169526 -1.301813
v 0.328405 4.171343 -1.300853
v 0.376130 4.237524 -1.407884
v 0.376130 4.237524 -1.407884
v 0.376130 4.237524 -1.407884
v 0.376130 4.237524 -1.407884
v 0.376130 4.237524 -1.407884
v 0.376130 4.237524 -1.407884
v 0.464175 4.021767 -0.873115
v 0.488248 4.021767 -0.863526
v 0.502813 4.000391 -0.865079
v 0.493304 3.979015 -0.876220
v 0.469231 3.979015 -0.885809
v 0.454666 4.000391 -0.884256
v 0.527055 4.081889 -1.026868
v 0.548119 4.081889 -1.018479
v 0.560877 4.063197 -1.019872
v 0.552571 4.044505 -1.029654
v 0.531506 4.044505 -1.038044
v 0.518748 4.063197 -1.036651
v 0.598096 4.128763 -1.200588
v 0.616163 4.128771 -1.193428
v 0.626219 4.112171 -1.192409
v 0.618208 4.095564 -1.198549
v 0.600140 4.095555 -1.205709
v 0.590084 4.112155 -1.206728
v 0.668590 4.139058 -1.375233
v 0.683614 4.139060 -1.369186
v 0.690884 4.125051 -1.365557
v 0.683130 4.111039 -1.367974
v 0.668106 4.111037 -1.374021
v 0.660836 4.125047 -1.377651
v 0.740189 4.106060 -1.544895
v 0.752058 4.106118 -1.539699
v 0.756955 4.095255 -1.534611
v 0.749984 4.084335 -1.534719
v 0.738115 4.084277 -1.539914
v 0.733218 4.095139 -1.545002
v 0.818230 4.042647 -1.707717
v 0.827058 4.042760 -1.703658
v 0.829880 4.035412 -1.697959
v 0.823873 4.027952 -1.696319
v 0.815045 4.027840 -1.700379
v 0.812223 4.035187 -1.706078
v 0.880865 3.924986 -1.838169
v 0.886814 3.924929 -1.835606
v 0.888012 3.921444 -1.830278
v 0.883261 3.918018 -1.827512
v 0.877311 3.918076 -1.830075
v 0.876113 3.921560 -1.835403
v 0.904895 3.757786 -1.906823
v 0.907890 3.757646 -1.905597
v 0.908342 3.756706 -1.902531
v 0.905800 3.755906 -1.900690
v 0.902805 3.756046 -1.901916
v 0.902352 3.756986 -1.904982
v 0.910890 3.572547 -1.943298
v 0.910890 3.572547 -1.943298
v 0.910890 3.572547 -1.943298
v 0.910890 3.572547 -1.943298
v 0.910890 3.572547 -1.943298
v 0.910890 3.572547 -1.943298
v -0.580392 5.302737 0.355282
v -0.584324 5.302737 0.353377
v -0.587250 5.299660 0.354406
v -0.586245 5.296583 0.357341
v -0.582313 5.296583 0.359246
v -0.579386 5.299660 0.358217
v -0.653524 5.439174 0.518799
v -0.656474 5.439177 0.517372
v -0.658671 5.436872 0.518148
v -0.657918 5.434565 0.520351
v -0.654967 5.434563 0.521777
v -0.652771 5.436868 0.521001
v -0.748184 5.574134 0.698993
v -0.750072 5.574031 0.697899
v -0.751410 5.572328 0.698186
v -0.750860 5.570727 0.699568
v -0.748972 5.570830 0.700662
v -0.747634 5.572533 0.700375
v -0.872121 5.669247 0.873349
v -0.873016 5.669154 0.872729
v -0.873606 5.668235 0.872757
v -0.873302 5.667409 0.873405
v -0.872407 5.667503 0.874024
v -0.871817 5.668422 0.873996
v -1.008899 5.749541 1.047147
v -1.008899 5.749541 1.047147
v -1.008899 5.749541 1.047147
v -1.008899 5.749541 1.047147
v -1.008899 5.749541 1.047147
v -1.008899 5.749541 1.047147
v 0.791135 5.217819 -0.704101
v 0.789850 5.217819 -0.697795
v 0.792492 5.213366 -0.693973
v 0.796418 5.208912 -0.696457
v 0.797703 5.208912 -0.702763
v 0.795062 5.213366 -0.706585
v 0.929047 5.320507 -0.674356
v 0.928405 5.320507 -0.671203
v 0.929726 5.318280 -0.669292
v 0.931689 5.316053 -0.670534
v 0.932332 5.316053 -0.673687
v 0.931011 5.318280 -0.675598
v 1.079177 5.432579 -0.642121
v 1.079177 5.432579 -0.642121
v 1.079177 5.432579 -0.642121
v 1.079177 5.432579 -0.642121
v 1.079177 5.432579 -0.642121
v 1.079177 5.432579 -0.642121
v -0.450523 2.843478 0.108365
v -0.440424 2.843478 0.101025
v -0.439587 2.835381 0.091560
v -0.448848 2.827283 0.089435
v -0.458946 2.827283 0.096775
v -0.459784 2.835381 0.106240
v -0.500395 2.932385 0.024398
v -0.491549 2.932370 0.017990
v -0.490815 2.925282 0.009710
v -0.498927 2.918210 0.007839
v -0.507774 2.918226 0.014247
v -0.508508 2.925313 0.022527
v -0.570485 3.022310 -0.059368
v -0.563878 3.023446 -0.065906
v -0.563356 3.017497 -0.073117
v -0.569440 3.010412 -0.073791
v -0.576046 3.009276 -0.067254
v -0.576568 3.015225 -0.060042
v -0.669703 3.090562 -0.122514
v -0.665418 3.092420 -0.128764
v -0.665166 3.087599 -0.134894
v -0.669199 3.080920 -0.134773
v -0.673484 3.079063 -0.128523
v -0.673736 3.083884 -0.122393
v -0.785089 3.147906 -0.170916
v -0.782119 3.149652 -0.176121
v -0.782175 3.145941 -0.181141
v -0.785202 3.140485 -0.180955
v -0.788171 3.138739 -0.175749
v -0.788115 3.142449 -0.170730
v -0.898862 3.212756 -0.214122
v -0.896962 3.214232 -0.218138
v -0.897124 3.211510 -0.221943
v -0.899186 3.207312 -0.221732
v -0.901086 3.205837 -0.217716
v -0.900924 3.208559 -0.213911
v -1.023197 3.259566 -0.244508
v -1.022478 3.260736 -0.247311
v -1.022471 3.258882 -0.249821
v -1.023182 3.255857 -0.249529
v -1.023901 3.254687 -0.246727
v -1.023908 3.256541 -0.244216
v -1.158054 3.267783 -0.259409
v -1.157948 3.268396 -0.260840
v -1.157865 3.267461 -0.262086
v -1.157887 3.265911 -0.261901
v -1.157992 3.265298 -0.260470
v -1.158075 3.266234 -0.259224
v -1.295640 3.259080 -0.266332
v -1.295640 3.259080 -0.266332
v -1.295640 3.259080 -0.266332
v -1.295640 3.259080 -0.266332
v -1.295640 3.259080 -0.266332
v -1.295640 3.259080 -0.266332
v -0.500510 3.501920 0.490488
v -0.503340 3.501920 0.489361
v -0.505202 3.499575 0.489920
v -0.504234 3.497230 0.491605
v -0.501404 3.497230 0.492732
v -0.499542 3.499575 0.492174
v -0.543408 3.559155 0.596143
v -0.544823 3.559155 0.595580
v -0.545754 3.557983 0.595859
v -0.545269 3.556810 0.596702
v -0.543855 3.556810 0.597265
v -0.542924 3.557983 0.596986
v -0.590059 3.621615 0.711224
v -0.590059 3.621615 0.711224
v -0.590059 3.621615 0.711224
v -0.590059 3.621615 0.711224
v -0.590059 3.621615 0.711224
v -0.590059 3.621615 0.711224
vn -0.4965 0.0826 0.8641
vn -0.5006 0.0616 0.8635
vn -0.9982 0.0592 -0.0061
vn -0.9978 0.0660 0.0069
vn 0.4944 0.0777 0.8658
vn 0.5026 0.0608 0.8624
vn 0.9984 0.0561 0.0069
vn 0.9983 0.0580 -0.0062
vn 0.5015 0.0390 -0.8643
vn 0.4975 0.0562 -0.8656
vn -0.5037 0.0441 -0.8628
vn -0.4954 0.0567 -0.8668
vn -0.5040 -0.0104 0.8636
vn -0.9990 0.0421 -0.0133
vn 0.5092 0.0060 0.8606
vn 0.9972 0.0742 -0.0117
vn 0.4937 0.1250 -0.8606
vn -0.4908 0.1093 -0.8644
vn -0.5010 -0.0836 0.8614
vn -0.9997 0.0264 -0.0012
vn 0.5032 -0.0509 0.8627
vn 0.9959 0.0908 0.0032
vn 0.4926 0.1984 -0.8473
vn -0.4986 0.1667 -0.8507
vn -0.4986 -0.0931 0.8618
vn -0.9995 0.0289 0.0104
vn 0.4967 -0.0643 0.8655
vn 0.9961 0.0872 0.0140
vn 0.4943 0.2100 -0.8435
vn -0.5059 0.1806 -0.8435
vn -0.4980 -0.0790 0.8636
vn -0.9993 0.0374 0.0086
vn 0.4996 -0.0567 0.8644
vn 0.9966 0.0819 0.0102
vn 0.4956 0.1984 -0.8456
vn -0.5028 0.1761 -0.8463
vn -0.4944 -0.0787 0.8656
vn -0.9997 0.0230 0.0080
vn 0.5010 -0.0417 0.8645
vn 0.9953 0.0959 0.0135
vn 0.4991 0.1978 -0.8437
vn -0.5004 0.1619 -0.8505
vn -0.5028 -0.0764 0.8610
vn -0.9997 0.0229 0.0039
vn 0.4959 -0.0394 0.8675
vn 0.9952 0.0975 0.0099
vn 0.4909 0.1964 -0.8488
vn -0.5055 0.1588 -0.8481
vn -0.5091 -0.0681 0.8580
vn -0.9967 0.0812 0.0093
vn 0.4941 -0.0908 0.8647
vn 0.9992 0.0400 -0.0029
vn 0.4845 0.1901 -0.8539
vn -0.5072 0.2088 -0.8362
vn -0.4953 -0.0593 0.8667
vn -0.9901 0.1376 0.0262
vn 0.5002 -0.1389 0.8547
vn 0.9998 -0.0199 -0.0054
vn 0.4974 0.1785 -0.8490
vn -0.4971 0.2564 -0.8289
vn -0.4837 -0.0506 0.8737
vn -0.9910 0.1304 0.0302
vn 0.5071 -0.1204 0.8534
vn 0.9999 -0.0120 0.0007
vn 0.5075 0.1682 -0.8451
vn -0.4925 0.2408 -0.8363
vn -0.4899 -0.0363 0.8710
vn -0.9937 0.1094 0.0231
vn 0.5041 -0.0847 0.8595
vn 0.9999 0.0124 0.0010
vn 0.4998 0.1587 -0.8515
vn -0.5000 0.2073 -0.8408
vn -0.4934 -0.0198 0.8696
vn -0.9922 0.1225 0.0211
vn 0.5023 -0.0822 0.8607
vn 1.0000 -0.0014 -0.0046
vn 0.4944 0.1419 -0.8575
vn -0.5019 0.2034 -0.8407
vn -0.4866 -0.0025 0.8736
vn -0.9903 0.1367 0.0254
vn 0.5054 -0.0797 0.8592
vn 0.9998 -0.0181 -0.0042
vn 0.4986 0.1217 -0.8582
vn -0.4996 0.1993 -0.8430
vn -0.4817 0.0177 0.8761
vn -0.9917 0.1262 0.0249
vn 0.5090 -0.0485 0.8594
vn 1.0000 -0.0075 -0.0027
vn 0.5005 0.1008 -0.8598
vn -0.5005 0.1683 -0.8492
vn -0.4846 0.0338 0.8741
vn -0.9936 0.1111 0.0191
vn 0.5096 -0.0173 0.8603
vn 0.9999 0.0084 -0.0061
vn 0.4956 0.0856 -0.8643
vn -0.5037 0.1371 -0.8529
vn -0.4887 0.0396 0.8715
vn -0.9941 0.1074 0.0132
vn 0.5102 -0.0078 0.8600
vn 0.9999 0.0128 -0.0115
vn 0.4910 0.0805 -0.8674
vn -0.5040 0.1277 -0.8542
vn -0.7072 0.1552 0.6897
vn -0.7085 0.1527 0.6889
vn -0.9628 0.0235 -0.2692
vn -0.9633 0.0232 -0.2676
vn 0.2561 0.1568 0.9538
vn 0.2559 0.1529 0.9545
vn 0.9647 0.0265 0.2620
vn 0.9651 0.0237 0.2608
vn 0.7105 -0.1057 -0.6957
vn 0.7093 -0.1054 -0.6970
vn -0.2541 -0.1074 -0.9612
vn -0.2541 -0.1054 -0.9614
vn -0.7097 0.1481 0.6888
vn -0.9622 0.0292 -0.2709
vn 0.2554 0.1423 0.9563
vn 0.9652 0.0174 0.2608
vn 0.7086 -0.1011 -0.6984
vn -0.2538 -0.0950 -0.9626
vn -0.7086 0.1440 0.6908
vn -0.9621 0.0352 -0.2703
vn 0.2555 0.1333 0.9576
vn 0.9648 0.0137 0.2627
vn 0.7101 -0.0950 -0.6977
vn -0.2527 -0.0842 -0.9639
vn -0.7090 0.1319 0.6928
vn -0.9619 0.0305 -0.2716
vn 0.2575 0.1253 0.9581
vn 0.9654 0.0178 0.2603
vn 0.7106 -0.0829 -0.6986
vn -0.2501 -0.0767 -0.9652
vn -0.7064 0.1398 0.6938
vn -0.9646 0.0274 -0.2624
vn 0.2519 0.1377 0.9579
vn 0.9630 0.0231 0.2684
vn 0.7126 -0.0905 -0.6957
vn -0.2565 -0.0883 -0.9625
vn -0.7006 0.2044 0.6837
vn -0.9659 0.0368 -0.2562
vn 0.2494 0.1954 0.9485
vn 0.9606 0.0179 0.2773
vn 0.7124 -0.1551 -0.6845
vn -0.2656 -0.1450 -0.9531
vn -0.6966 0.2669 0.6660
vn -0.9627 0.0403 -0.2677
vn 0.2607 0.2521 0.9319
vn 0.9634 0.0107 0.2679
vn 0.7062 -0.2188 -0.6733
vn -0.2624 -0.2041 -0.9431
vn -0.6980 0.2719 0.6625
vn -0.9612 0.0274 -0.2744
vn 0.2691 0.2677 0.9252
vn 0.9667 0.0205 0.2550
vn 0.7040 -0.2221 -0.6746
vn -0.2568 -0.2195 -0.9412
vn -0.7004 0.2567 0.6660
vn -0.9628 0.0174 -0.2695
vn 0.2654 0.2649 0.9270
vn 0.9668 0.0342 0.2533
vn 0.7040 -0.2046 -0.6801
vn -0.2598 -0.2131 -0.9418
vn -0.7034 0.2497 0.6655
vn -0.9620 0.0227 -0.2721
vn 0.2627 0.2530 0.9311
vn 0.9669 0.0282 0.2536
vn 0.7020 -0.1984 -0.6840
vn -0.2609 -0.2006 -0.9443
vn -0.7007 0.2450 0.6700
vn -0.9622 0.0280 -0.2710
vn 0.2639 0.2428 0.9335
vn 0.9660 0.0241 0.2573
vn 0.7053 -0.1925 -0.6823
vn -0.2583 -0.1908 -0.9470
vn -0.6986 0.2425 0.6732
vn -0.9641 0.0135 -0.2651
vn 0.2656 0.2546 0.9299
vn 0.9660 0.0394 0.2555
vn 0.7078 -0.1895 -0.6805
vn -0.2581 -0.2034 -0.9445
vn -0.7009 0.2408 0.6713
vn -0.9650 -0.0038 -0.2622
vn 0.2647 0.2700 0.9258
vn 0.9668 0.0553 0.2496
vn 0.7056 -0.1891 -0.6829
vn -0.2606 -0.2191 -0.9403
vn -0.7034 0.2397 0.6691
vn -0.9650 -0.0088 -0.2623
vn 0.2629 0.2743 0.9250
vn 0.9672 0.0596 0.2469
vn 0.7032 -0.1891 -0.6854
vn -0.2627 -0.2230 -0.9388
vn 0.8571 0.1733 0.4852
vn 0.8572 0.1699 0.4862
vn 0.0112 0.0262 0.9996
vn 0.0129 0.0272 0.9995
vn 0.8404 0.1737 -0.5134
vn 0.8408 0.1699 -0.5140
vn -0.0202 0.0281 -0.9994
vn -0.0217 0.0263 -0.9994
vn -0.8658 -0.1183 -0.4862
vn -0.8666 -0.1172 -0.4851
vn -0.8494 -0.1187 0.5142
vn -0.8500 -0.1172 0.5136
vn 0.8596 0.1492 0.4887
vn 0.0059 0.0256 0.9997
vn 0.8431 0.1486 -0.5167
vn -0.0269 0.0245 -0.9993
vn -0.8704 -0.0976 -0.4826
vn -0.8540 -0.0971 0.5111
vn 0.8621 0.1541 0.4828
vn 0.0195 0.0305 0.9993
vn 0.8466 0.1515 -0.5102
vn -0.0127 0.0251 -0.9996
vn -0.8669 -0.0999 -0.4883
vn -0.8502 -0.0972 0.5174
vn 0.8460 0.2390 0.4765
vn 0.0310 0.0397 0.9987
vn 0.8322 0.2313 -0.5039
vn 0.0011 0.0236 -0.9997
vn -0.8489 -0.1844 -0.4954
vn -0.8325 -0.1759 0.5253
vn 0.8170 0.3164 0.4821
vn 0.0110 0.0405 0.9991
vn 0.8040 0.3035 -0.5113
vn -0.0161 0.0142 -0.9998
vn -0.8319 -0.2653 -0.4874
vn -0.8178 -0.2519 0.5174
vn 0.8167 0.3056 0.4895
vn -0.0064 0.0385 0.9992
vn 0.8034 0.2910 -0.5195
vn -0.0325 0.0096 -0.9994
vn -0.8398 -0.2523 -0.4807
vn -0.8269 -0.2380 0.5094
vn 0.8302 0.2724 0.4864
vn 0.0017 0.0433 0.9991
vn 0.8170 0.2582 -0.5155
vn -0.0246 0.0150 -0.9996
vn -0.8486 -0.2129 -0.4843
vn -0.8355 -0.1987 0.5124
vn 0.8338 0.2656 0.4840
vn 0.0073 0.0451 0.9990
vn 0.8207 0.2513 -0.5132
vn -0.0189 0.0164 -0.9997
vn -0.8490 -0.2051 -0.4869
vn -0.8359 -0.1908 0.5146
vn 0.9922 0.1223 -0.0257
vn 0.9937 0.1059 -0.0378
vn 0.5269 0.0279 0.8495
vn 0.5271 0.0523 0.8482
vn 0.4708 0.0985 -0.8767
vn 0.4575 0.1040 -0.8831
vn -0.5294 0.0034 -0.8484
vn -0.5336 0.0252 -0.8454
vn -0.9969 -0.0672 0.0402
vn -0.9982 -0.0521 0.0294
vn -0.4617 -0.0420 0.8860
vn -0.4739 -0.0513 0.8791
vn 0.9973 0.0566 -0.0472
vn 0.5306 -0.0463 0.8464
vn 0.4503 0.1276 -0.8837
vn -0.5373 0.0975 -0.8378
vn -0.9996 -0.0025 0.0281
vn -0.4790 -0.0753 0.8746
vn 0.9987 -0.0031 -0.0502
vn 0.5320 -0.1338 0.8361
vn 0.4550 0.1561 -0.8767
vn -0.5349 0.1851 -0.8244
vn -0.9975 0.0578 0.0409
vn -0.4743 -0.1018 0.8745
vn 0.9975 -0.0461 -0.0537
vn 0.5304 -0.1943 0.8252
vn 0.4613 0.1742 -0.8700
vn -0.5291 0.2461 -0.8121
vn -0.9935 0.1006 0.0535
vn -0.4703 -0.1195 0.8744
vn 0.9956 -0.0749 -0.0560
vn 0.5273 -0.2291 0.8182
vn 0.4654 0.1808 -0.8664
vn -0.5250 0.2815 -0.8032
vn -0.9896 0.1285 0.0640
vn -0.4674 -0.1264 0.8749
vn 0.9949 -0.0861 -0.0521
vn 0.5282 -0.2282 0.8179
vn 0.4708 0.1696 -0.8658
vn -0.5242 0.2824 -0.8034
vn -0.9877 0.1383 0.0729
vn -0.4595 -0.1165 0.8805
vn 0.9949 -0.0845 -0.0553
vn 0.5307 -0.2129 0.8204
vn 0.4670 0.1568 -0.8702
vn -0.5253 0.2691 -0.8073
vn -0.9877 0.1401 0.0697
vn -0.4596 -0.1007 0.8824
vn 0.9946 -0.0855 -0.0579
vn 0.5326 -0.2107 0.8197
vn 0.4663 0.1531 -0.8713
vn -0.5239 0.2670 -0.8089
vn -0.9875 0.1422 0.0678
vn -0.4593 -0.0969 0.8830
vn 0.6789 0.1704 0.7142
vn 0.6771 0.1665 0.7168
vn -0.2805 0.0120 0.9598
vn -0.2768 0.0101 0.9609
vn 0.9538 0.1734 -0.2455
vn 0.9550 0.1668 -0.2452
vn 0.2756 0.0165 -0.9611
vn 0.2730 0.0123 -0.9619
vn -0.6809 -0.1441 -0.7180
vn -0.6838 -0.1419 -0.7157
vn -0.9584 -0.1475 0.2443
vn -0.9593 -0.1419 0.2440
vn 0.6777 0.1540 0.7190
vn -0.2844 0.0204 0.9585
vn 0.9586 0.1456 -0.2448
vn 0.2719 0.0030 -0.9623
vn -0.6871 -0.1297 -0.7149
vn -0.9627 -0.1208 0.2422
vn 0.6804 0.1459 0.7182
vn -0.2825 0.0336 0.9587
vn 0.9622 0.1254 -0.2419
vn 0.2772 -0.0079 -0.9608
vn -0.6870 -0.1202 -0.7166
vn -0.9650 -0.0992 0.2427
vn 0.6803 0.1567 0.7160
vn -0.2806 0.0462 0.9587
vn 0.9628 0.1241 -0.2402
vn 0.2824 -0.0197 -0.9591
vn -0.6842 -0.1311 -0.7174
vn -0.9648 -0.0978 0.2443
vn 0.6782 0.1706 0.7148
vn -0.2838 0.0550 0.9573
vn 0.9616 0.1286 -0.2424
vn 0.2817 -0.0294 -0.9590
vn -0.6825 -0.1452 -0.7163
vn -0.9646 -0.1029 0.2428
vn 0.6783 0.1743 0.7138
vn -0.2857 0.0579 0.9566
vn 0.9609 0.1288 -0.2450
vn 0.2807 -0.0327 -0.9592
vn -0.6813 -0.1489 -0.7167
vn -0.9651 -0.1037 0.2403
vn 0.9914 0.0422 -0.1237
vn 0.9917 0.0399 -0.1223
vn 0.6020 0.0203 0.7982
vn 0.6032 0.0199 0.7973
vn 0.3886 0.0436 -0.9204
vn 0.3886 0.0400 -0.9205
vn -0.6027 0.0226 -0.7976
vn -0.6039 0.0204 -0.7968
vn -0.9924 0.0003 0.1228
vn -0.9922 0.0008 0.1243
vn -0.3893 -0.0011 0.9211
vn -0.3894 0.0007 0.9211
vn 0.9920 0.0344 -0.1215
vn 0.6012 0.0239 0.7988
vn 0.3888 0.0300 -0.9208
vn -0.6047 0.0152 -0.7963
vn -0.9921 0.0048 0.1252
vn -0.3895 0.0092 0.9210
vn 0.9920 0.0297 -0.1227
vn 0.6020 0.0285 0.7980
vn 0.3890 0.0208 -0.9210
vn -0.6037 0.0108 -0.7972
vn -0.9922 0.0097 0.1240
vn -0.3895 0.0186 0.9208
vn 0.9919 0.0283 -0.1241
vn 0.6032 0.0299 0.7970
vn 0.3891 0.0181 -0.9210
vn -0.6025 0.0095 -0.7981
vn -0.9924 0.0111 0.1225
vn -0.3895 0.0213 0.9208
vn 0.9844 0.1421 0.1038
vn 0.9847 0.1391 0.1052
vn 0.4087 0.0093 0.9126
vn 0.4108 0.0091 0.9117
vn 0.5734 0.1430 -0.8067
vn 0.5735 0.1391 -0.8073
vn -0.4115 0.0111 -0.9114
vn -0.4133 0.0094 -0.9105
vn -0.9870 -0.1221 -0.1042
vn -0.9875 -0.1201 -0.1025
vn -0.5757 -0.1231 0.8083
vn -0.5766 -0.1201 0.8082
vn 0.9858 0.1301 0.1058
vn 0.4070 0.0121 0.9134
vn 0.5748 0.1270 -0.8083
vn -0.4142 0.0057 -0.9102
vn -0.9886 -0.1118 -0.1009
vn -0.5784 -0.1086 0.8085
vn 0.9871 0.1217 0.1042
vn 0.4081 0.0157 0.9128
vn 0.5767 0.1153 -0.8088
vn -0.4123 0.0029 -0.9110
vn -0.9895 -0.1029 -0.1016
vn -0.5794 -0.0965 0.8093
vn 0.9876 0.1193 0.1024
vn 0.4100 0.0169 0.9119
vn 0.5776 0.1119 -0.8086
vn -0.4102 0.0023 -0.9120
vn -0.9896 -0.1003 -0.1032
vn -0.5793 -0.0930 0.8098
vn -0.9264 0.1845 0.3282
vn -0.9301 0.1749 0.3229
vn -0.7604 0.0116 -0.6494
vn -0.7662 0.0086 -0.6425
vn -0.1633 0.1895 0.9682
vn -0.1639 0.1754 0.9708
vn 0.7640 0.0194 0.6450
vn 0.7686 0.0121 0.6396
vn 0.9324 -0.1574 -0.3253
vn 0.9309 -0.1502 -0.3330
vn 0.1654 -0.1631 -0.9726
vn 0.1682 -0.1502 -0.9742
vn -0.9349 0.1497 0.3218
vn -0.7552 0.0306 -0.6547
vn -0.1695 0.1308 0.9768
vn 0.7692 -0.0083 0.6389
vn 0.9319 -0.1258 -0.3402
vn 0.1729 -0.1060 -0.9792
vn -0.9369 0.1170 0.3294
vn -0.7550 0.0476 -0.6539
vn -0.1723 0.0813 0.9817
vn 0.7660 -0.0234 0.6425
vn 0.9367 -0.0916 -0.3379
vn 0.1802 -0.0563 -0.9820
vn -0.9370 0.0896 0.3378
vn -0.7600 0.0349 -0.6490
vn -0.1721 0.0670 0.9828
vn 0.7631 -0.0095 0.6462
vn 0.9411 -0.0639 -0.3322
vn 0.1830 -0.0420 -0.9822
vn -0.9417 0.0585 0.3314
vn -0.7565 0.0223 -0.6536
vn -0.1746 0.0486 0.9834
vn 0.7678 0.0026 0.6407
vn 0.9395 -0.0329 -0.3408
vn 0.1821 -0.0231 -0.9830
vn -0.9469 0.0096 0.3214
vn -0.7513 0.0529 -0.6578
vn -0.1798 -0.0309 0.9832
vn 0.7721 -0.0264 0.6349
vn 0.9368 0.0175 -0.3494
vn 0.1807 0.0565 -0.9819
vn -0.9406 -0.0240 0.3386
vn -0.7620 0.0665 -0.6441
vn -0.1776 -0.0774 0.9811
vn 0.7605 -0.0411 0.6480
vn 0.9432 0.0488 -0.3287
vn 0.1834 0.1029 -0.9776
vn -0.9344 0.0003 0.3564
vn -0.7739 0.0019 -0.6333
vn -0.1776 0.0110 0.9840
vn 0.7483 0.0235 0.6629
vn 0.9500 0.0256 -0.3113
vn 0.1860 0.0148 -0.9824
vn -0.9397 0.0370 0.3399
vn -0.7645 -0.0687 -0.6409
vn -0.1810 0.1180 0.9764
vn 0.7549 0.0952 0.6489
vn 0.9455 -0.0095 -0.3254
vn 0.1847 -0.0924 -0.9784
vn -0.9429 0.0447 0.3300
vn -0.7598 -0.0891 -0.6440
vn -0.1835 0.1464 0.9721
vn 0.7591 0.1145 0.6408
vn 0.9427 -0.0192 -0.3331
vn 0.1831 -0.1211 -0.9756
vn 0.9138 0.3786 -0.1470
vn 0.9161 0.3797 -0.1287
vn 0.6556 0.0046 0.7551
vn 0.6677 -0.0167 0.7442
vn 0.2418 0.4001 -0.8840
vn 0.2597 0.3839 -0.8861
vn -0.6688 0.0333 -0.7427
vn -0.6641 0.0067 -0.7476
vn -0.9232 -0.3601 0.1345
vn -0.9170 -0.3698 0.1493
vn -0.2584 -0.3886 0.8845
vn -0.2538 -0.3677 0.8946
vn 0.9116 0.3941 -0.1171
vn 0.6270 0.0738 0.7755
vn 0.2853 0.3303 -0.8997
vn -0.6398 -0.0649 -0.7658
vn -0.9100 -0.3855 0.1527
vn -0.2704 -0.3109 0.9111
vn 0.9012 0.4184 -0.1128
vn 0.5869 0.1705 0.7915
vn 0.3165 0.2581 -0.9128
vn -0.5997 -0.1606 -0.7840
vn -0.9015 -0.4064 0.1489
vn -0.3007 -0.2360 0.9241
vn 0.8823 0.4560 -0.1164
vn 0.5478 0.2637 0.7939
vn 0.3415 0.2044 -0.9174
vn -0.5529 -0.2495 -0.7950
vn -0.8860 -0.4418 0.1410
vn -0.3260 -0.1801 0.9280
vn 0.8748 0.4716 -0.1108
vn 0.4963 0.3399 0.7989
vn 0.3707 0.1352 -0.9189
vn -0.5208 -0.3350 -0.7852
vn -0.8790 -0.4539 0.1463
vn -0.3676 -0.1161 0.9227
vn 0.9096 0.4033 -0.1000
vn 0.4565 0.3899 0.7997
vn 0.4191 0.0043 -0.9079
vn -0.5061 -0.3894 -0.7696
vn -0.9147 -0.3818 0.1323
vn -0.4415 -0.0001 0.8973
vn 0.9289 0.3573 -0.0973
vn 0.4571 0.4463 0.7694
vn 0.4779 -0.0806 -0.8747
vn -0.4641 -0.4333 -0.7726
vn -0.9345 -0.3367 0.1156
vn -0.4657 0.1039 0.8788
vn 0.8782 0.4560 -0.1442
vn 0.4388 0.5314 0.7246
vn 0.4763 -0.0486 -0.8779
vn -0.4030 -0.5068 -0.7621
vn -0.8853 -0.4433 0.1403
vn -0.4411 0.0925 0.8927
vn 0.8035 0.5662 -0.1839
vn 0.3834 0.5885 0.7118
vn 0.4309 -0.0065 -0.9024
vn -0.3787 -0.5712 -0.7282
vn -0.8124 -0.5534 0.1837
vn -0.4235 0.0331 0.9053
vn 0.7805 0.5934 -0.1970
vn 0.3615 0.6038 0.7104
vn 0.4148 -0.0048 -0.9099
vn -0.3708 -0.5927 -0.7150
vn -0.7897 -0.5824 0.1929
vn -0.4236 0.0158 0.9057
vn 0.2247 0.7169 -0.6600
vn 0.2120 0.7271 -0.6530
vn 0.8872 0.0123 -0.4612
vn 0.8976 0.0134 -0.4406
vn -0.6730 0.7101 -0.2070
vn -0.6662 0.7223 -0.1856
vn -0.8848 -0.0091 0.4659
vn -0.8808 0.0113 0.4734
vn -0.1992 -0.7092 0.6763
vn -0.2170 -0.7065 0.6737
vn 0.6855 -0.6932 0.2226
vn 0.6729 -0.7103 0.2066
vn 0.2157 0.7341 -0.6439
vn 0.8697 -0.0117 -0.4935
vn -0.6437 0.7516 -0.1440
vn -0.8623 0.0353 0.5052
vn -0.2226 -0.7125 0.6654
vn 0.6497 -0.7417 0.1665
vn 0.2195 0.7589 -0.6131
vn 0.8253 -0.0407 -0.5633
vn -0.5849 0.8093 -0.0539
vn -0.8211 0.0911 0.5634
vn -0.2526 -0.7193 0.6472
vn 0.5904 -0.8031 0.0805
vn 0.2513 0.7869 -0.5635
vn 0.7337 -0.0917 -0.6733
vn -0.4567 0.8840 0.1001
vn -0.7232 0.1515 0.6738
vn -0.2889 -0.7339 0.6147
vn 0.4596 -0.8857 -0.0660
vn 0.3326 0.7980 -0.5026
vn 0.6299 -0.1153 -0.7681
vn -0.2700 0.9304 0.2481
vn -0.6086 0.1846 0.7717
vn -0.3475 -0.7551 0.5559
vn 0.2906 -0.9274 -0.2355
vn 0.4504 0.7798 -0.4348
vn 0.5955 -0.1308 -0.7926
vn -0.1196 0.9300 0.3477
vn -0.5680 0.1738 0.8045
vn -0.4387 -0.7711 0.4615
vn 0.1554 -0.9225 -0.3534
vn 0.5732 0.7550 -0.3184
vn 0.5799 -0.1036 -0.8081
vn 0.0341 0.8820 0.4700
vn -0.5310 0.1791 0.8282
vn -0.5758 -0.7223 0.3832
vn -0.0020 -0.8827 -0.4700
vn 0.7332 0.6512 -0.1959
vn 0.5132 -0.0477 -0.8569
vn 0.2731 0.7207 0.6371
vn -0.4316 0.1228 0.8937
vn -0.7285 -0.6199 0.2916
vn -0.2451 -0.7303 -0.6377
vn 0.8452 0.5111 -0.1560
vn 0.4331 -0.0067 -0.9013
vn 0.4419 0.5186 0.7320
vn -0.3793 0.0204 0.9251
vn -0.8314 -0.5163 0.2056
vn -0.4220 -0.5352 -0.7317
vn 0.8742 0.4569 -0.1646
vn 0.3961 0.0031 -0.9182
vn 0.4845 0.4433 0.7541
vn -0.3829 -0.0228 0.9235
vn -0.8622 -0.4770 0.1705
vn -0.4723 -0.4636 -0.7496
vn 0.5563 0.5789 0.5962
vn 0.5388 0.5875 0.6038
vn -0.1709 0.0065 0.9853
vn -0.1574 -0.0142 0.9874
vn 0.7015 0.5932 -0.3950
vn 0.7102 0.5928 -0.3797
vn 0.1431 0.0241 -0.9894
vn 0.1627 0.0081 -0.9866
vn -0.5613 -0.5618 -0.6077
vn -0.5556 -0.5794 -0.5964
vn -0.7167 -0.5859 0.3782
vn -0.7177 -0.5756 0.3920
vn 0.5053 0.6191 0.6012
vn -0.2180 0.0583 0.9742
vn 0.7281 0.5765 -0.3709
vn 0.2099 -0.0443 -0.9767
vn -0.5288 -0.6145 -0.5855
vn -0.7338 -0.5544 0.3926
vn 0.4555 0.6740 0.5816
vn -0.2799 0.1338 0.9507
vn 0.7435 0.5623 -0.3620
vn 0.2800 -0.1116 -0.9535
vn -0.4792 -0.6680 -0.5694
vn -0.7501 -0.5338 0.3904
vn 0.3870 0.7475 0.5399
vn -0.3403 0.2034 0.9180
vn 0.7343 0.5705 -0.3678
vn 0.3481 -0.1717 -0.9216
vn -0.4039 -0.7392 -0.5390
vn -0.7441 -0.5397 0.3937
vn 0.3137 0.8055 0.5027
vn -0.4153 0.2562 0.8729
vn 0.7338 0.5704 -0.3690
vn 0.4093 -0.2407 -0.8801
vn -0.3433 -0.8012 -0.4901
vn -0.7465 -0.5393 0.3898
vn 0.2939 0.8137 0.5015
vn -0.5004 0.3031 0.8110
vn 0.7962 0.5085 -0.3278
vn 0.4663 -0.3226 -0.8237
vn -0.3400 -0.8098 -0.4782
vn -0.8069 -0.4919 0.3271
vn 0.2886 0.8429 0.4541
vn -0.5249 0.3805 0.7614
vn 0.8173 0.4941 -0.2964
vn 0.5417 -0.3413 -0.7681
vn -0.2960 -0.8339 -0.4658
vn -0.8316 -0.4590 0.3127
vn 0.1715 0.9404 0.2935
vn -0.5250 0.4242 0.7379
vn 0.6954 0.5815 -0.4223
vn 0.5693 -0.3231 -0.7560
vn -0.1392 -0.9283 -0.3448
vn -0.7180 -0.5363 0.4438
vn 0.0050 0.9857 0.1683
vn -0.5452 0.3940 0.7399
vn 0.5404 0.6222 -0.5664
vn 0.5476 -0.3499 -0.7601
vn -0.0043 -0.9810 -0.1942
vn -0.5606 -0.6010 0.5697
vn -0.0510 0.9892 0.1376
vn -0.5552 0.3735 0.7431
vn 0.4975 0.6173 -0.6095
vn 0.5430 -0.3719 -0.7529
vn 0.0381 -0.9883 -0.1477
vn -0.5107 -0.6159 0.5999
vn 0.6811 0.2600 -0.6845
vn 0.6876 0.2535 -0.6804
vn 0.9692 0.0065 0.2461
vn 0.9714 0.0006 0.2373
vn -0.2875 0.2678 -0.9196
vn -0.2853 0.2546 -0.9240
vn -0.9708 0.0179 -0.2393
vn -0.9719 0.0072 -0.2352
vn -0.6885 -0.2423 0.6835
vn -0.6828 -0.2390 0.6904
vn 0.2851 -0.2517 0.9249
vn 0.2854 -0.2387 0.9282
vn 0.6895 0.2418 -0.6828
vn 0.9673 0.0259 0.2525
vn -0.2827 0.2231 -0.9329
vn -0.9708 -0.0129 -0.2397
vn -0.6827 -0.2276 0.6944
vn 0.2832 -0.2074 0.9364
vn 0.6969 0.2192 -0.6828
vn 0.9618 0.0625 0.2664
vn -0.2760 0.1635 -0.9472
vn -0.9688 -0.0512 -0.2425
vn -0.6803 -0.2047 0.7037
vn 0.2776 -0.1470 0.9494
vn 0.6901 0.2420 -0.6820
vn 0.9543 0.1414 0.2633
vn -0.2551 0.1129 -0.9603
vn -0.9547 -0.1238 -0.2707
vn -0.6767 -0.2258 0.7008
vn 0.2838 -0.0900 0.9547
vn 0.7198 0.1428 -0.6794
vn 0.9305 0.1823 0.3178
vn -0.2700 -0.0424 -0.9619
vn -0.9607 -0.1709 -0.2186
vn -0.6897 -0.1195 0.7141
vn 0.2151 0.0494 0.9753
vn 0.7501 -0.3236 -0.5767
vn 0.9115 0.1113 0.3960
vn -0.3118 -0.3678 -0.8761
vn -0.9731 -0.0113 -0.2302
vn -0.7246 0.3477 0.5950
vn 0.1479 0.4111 0.8995
vn 0.6868 -0.6660 -0.2910
vn 0.9351 0.0603 0.3493
vn -0.3026 -0.6990 -0.6479
vn -0.9540 0.0425 -0.2968
vn -0.6145 0.7150 0.3334
vn 0.2890 0.7156 0.6360
vn 0.6926 -0.6627 -0.2850
vn 0.9827 0.1820 0.0344
vn -0.2740 -0.8964 -0.3484
vn -0.9877 -0.1511 -0.0394
vn -0.5722 0.7620 0.3031
vn 0.3964 0.8624 0.3148
vn 0.6485 -0.6473 -0.4005
vn 0.9081 0.2928 -0.2996
vn -0.2735 -0.9559 -0.1075
vn -0.9192 -0.2627 0.2933
vn -0.6055 0.7006 0.3776
vn 0.3043 0.9495 0.0766
vn 0.6180 -0.6733 -0.4060
vn 0.8709 0.2950 -0.3932
vn -0.2580 -0.9660 -0.0187
vn -0.8777 -0.2927 0.3794
vn -0.6245 0.6758 0.3914
vn 0.2512 0.9679 0.0042
vn -0.8620 0.5024 0.0669
vn -0.8628 0.5001 0.0736
vn -0.6353 0.0139 -0.7721
vn -0.6304 0.0219 -0.7760
vn -0.2259 0.4957 0.8386
vn -0.2194 0.4983 0.8388
vn 0.6453 0.0053 0.7639
vn 0.6487 0.0130 0.7609
vn 0.8751 -0.4765 -0.0843
vn 0.8779 -0.4720 -0.0802
vn 0.2356 -0.4666 -0.8525
vn 0.2373 -0.4731 -0.8484
vn -0.8836 0.4567 0.1029
vn -0.6570 -0.0463 -0.7525
vn -0.2002 0.5029 0.8408
vn 0.6798 0.0630 0.7306
vn 0.9011 -0.4232 -0.0944
vn 0.2480 -0.4858 -0.8382
vn -0.8772 0.4744 0.0736
vn -0.6740 -0.0297 -0.7381
vn -0.2288 0.5363 0.8124
vn 0.6637 0.0778 0.7439
vn 0.8871 -0.4509 -0.0982
vn 0.1974 -0.4980 -0.8444
vn -0.7224 0.6895 -0.0523
vn -0.5404 0.1739 -0.8232
vn -0.2378 0.5917 0.7702
vn 0.5161 -0.0917 0.8516
vn 0.7297 -0.6833 -0.0228
vn 0.1505 -0.4989 -0.8535
vn -0.4910 0.8662 -0.0926
vn -0.3690 0.2964 -0.8809
vn -0.1283 0.6109 0.7813
vn 0.3754 -0.2372 0.8960
vn 0.5191 -0.8485 0.1028
vn 0.1364 -0.5719 -0.8089
vn -0.4713 0.8798 -0.0623
vn -0.4655 0.2166 -0.8581
vn 0.0163 0.6372 0.7705
vn 0.4915 -0.2024 0.8470
vn 0.5181 -0.8464 0.1236
vn 0.0534 -0.6712 -0.7393
vn -0.4999 0.8643 -0.0561
vn -0.6577 0.1400 -0.7401
vn 0.1522 0.7368 0.6587
vn 0.6672 -0.0768 0.7409
vn 0.5597 -0.8221 0.1040
vn -0.1117 -0.7387 -0.6647
vn -0.4172 0.8980 -0.1399
vn -0.7752 0.1051 -0.6230
vn 0.3372 0.8251 0.4534
vn 0.7881 -0.0087 0.6155
vn 0.4955 -0.8511 0.1732
vn -0.3181 -0.8188 -0.4778
vn -0.3609 0.8978 -0.2523
vn -0.8452 0.0655 -0.5305
vn 0.4767 0.8413 0.2551
vn 0.8634 -0.0237 0.5039
vn 0.4127 -0.8769 0.2463
vn -0.4575 -0.8439 -0.2801
vn -0.3623 0.8852 -0.2919
vn -0.8691 0.0457 -0.4926
vn 0.5132 0.8378 0.1865
vn 0.8841 -0.0466 0.4649
vn 0.3786 -0.8868 0.2649
vn -0.4982 -0.8402 -0.2139
vn 0.8931 0.4113 -0.1822
vn 0.8951 0.4118 -0.1709
vn 0.6972 0.0041 0.7169
vn 0.7048 -0.0087 0.7094
vn 0.1852 0.4243 -0.8864
vn 0.1966 0.4146 -0.8885
vn -0.7069 0.0219 -0.7070
vn -0.7034 0.0055 -0.7107
vn -0.9008 -0.3969 0.1762
vn -0.8962 -0.4033 0.1850
vn -0.1969 -0.4145 0.8885
vn -0.1940 -0.4018 0.8950
vn 0.8927 0.4208 -0.1614
vn 0.6771 0.0500 0.7342
vn 0.2151 0.3789 -0.9001
vn -0.6867 -0.0427 -0.7257
vn -0.8906 -0.4143 0.1876
vn -0.2050 -0.3637 0.9087
vn 0.8853 0.4361 -0.1617
vn 0.6552 0.1060 0.7480
vn 0.2302 0.3380 -0.9126
vn -0.6622 -0.0962 -0.7432
vn -0.8863 -0.4269 0.1793
vn -0.2241 -0.3230 0.9195
vn 0.8735 0.4587 -0.1632
vn 0.6442 0.1401 0.7519
vn 0.2332 0.3276 -0.9156
vn -0.6444 -0.1254 -0.7544
vn -0.8783 -0.4478 0.1676
vn -0.2299 -0.3132 0.9215
vn 0.8721 0.4633 -0.1573
vn 0.6286 0.1550 0.7621
vn 0.2360 0.3119 -0.9203
vn -0.6415 -0.1490 -0.7526
vn -0.8748 -0.4532 0.1712
vn -0.2411 -0.3006 0.9228
vn 0.8974 0.4118 -0.1584
vn 0.6094 0.1721 0.7739
vn 0.2636 0.2365 -0.9352
vn -0.6409 -0.1751 -0.7474
vn -0.8969 -0.4013 0.1861
vn -0.2796 -0.2293 0.9323
vn 0.9098 0.3721 -0.1837
vn 0.6274 0.1764 0.7584
vn 0.2822 0.2020 -0.9378
vn -0.6260 -0.1619 -0.7628
vn -0.9170 -0.3602 0.1712
vn -0.2914 -0.1920 0.9372
vn 0.8843 0.4250 -0.1937
vn 0.6686 0.1246 0.7331
vn 0.2390 0.3153 -0.9184
vn -0.6364 -0.0896 -0.7661
vn -0.9023 -0.4070 0.1420
vn -0.2436 -0.3039 0.9210
vn 0.8599 0.4851 -0.1590
vn 0.6840 0.0550 0.7274
vn 0.1824 0.4382 -0.8802
vn -0.6764 -0.0332 -0.7358
vn -0.8713 -0.4695 0.1426
vn -0.1884 -0.4278 0.8840
vn 0.8555 0.4978 -0.1423
vn 0.6862 0.0322 0.7267
vn 0.1668 0.4707 -0.8664
vn -0.6913 -0.0217 -0.7223
vn -0.8609 -0.4873 0.1465
vn -0.1722 -0.4602 0.8709
vn -0.3373 0.5680 -0.7507
vn -0.3578 0.5590 -0.7480
vn 0.4786 0.0139 -0.8779
vn 0.4921 0.0372 -0.8697
vn -0.8258 0.5509 0.1205
vn -0.8213 0.5533 0.1390
vn -0.4742 -0.0076 0.8804
vn -0.4578 0.0118 0.8890
vn 0.3686 -0.5446 0.7534
vn 0.3667 -0.5277 0.7662
vn 0.8467 -0.5170 -0.1257
vn 0.8395 -0.5313 -0.1136
vn -0.3815 0.5296 -0.7576
vn 0.4417 -0.0376 -0.8964
vn -0.8058 0.5734 0.1478
vn -0.4204 0.0628 0.9052
vn 0.3870 -0.4961 0.7773
vn 0.8248 -0.5528 -0.1189
vn -0.4340 0.4757 -0.7651
vn 0.3709 -0.1362 -0.9186
vn -0.7752 0.6088 0.1685
vn -0.3433 0.1583 0.9258
vn 0.4271 -0.4302 0.7954
vn 0.7987 -0.5908 -0.1140
vn -0.5216 0.3833 -0.7623
vn 0.2371 -0.3006 -0.9238
vn -0.7182 0.6732 0.1759
vn -0.2071 0.3204 0.9244
vn 0.5084 -0.3211 0.7990
vn 0.7534 -0.6491 -0.1053
vn -0.5952 0.2790 -0.7536
vn 0.1124 -0.4416 -0.8901
vn -0.6774 0.7208 0.1468
vn -0.0792 0.4572 0.8858
vn 0.6042 -0.2356 0.7612
vn 0.7127 -0.6920 -0.1147
vn -0.6220 0.2178 -0.7521
vn 0.0912 -0.4648 -0.8807
vn -0.7034 0.6989 0.1298
vn -0.0558 0.4799 0.8756
vn 0.6553 -0.2111 0.7252
vn 0.7220 -0.6757 -0.1490
vn -0.6548 0.2070 -0.7269
vn 0.0822 -0.4678 -0.8800
vn -0.7154 0.6815 0.1541
vn -0.0568 0.4899 0.8700
vn 0.6667 -0.1695 0.7258
vn 0.7444 -0.6522 -0.1432
vn -0.6929 0.1798 -0.6982
vn 0.0036 -0.5485 -0.8362
vn -0.6727 0.7282 0.1312
vn 0.0093 0.5762 0.8173
vn 0.6940 -0.1205 0.7098
vn 0.7095 -0.6958 -0.1116
vn -0.7114 0.1430 -0.6881
vn -0.0632 -0.6234 -0.7794
vn -0.6308 0.7713 0.0843
vn 0.0822 0.6447 0.7600
vn 0.7255 -0.1059 0.6800
vn 0.6604 -0.7458 -0.0872
vn -0.7167 0.1264 -0.6859
vn -0.0834 -0.6442 -0.7603
vn -0.6224 0.7800 0.0650
vn 0.1044 0.6634 0.7409
vn 0.7376 -0.1064 0.6668
vn 0.6438 -0.7606 -0.0839
vn 0.7142 0.4929 0.4969
vn 0.7106 0.4911 0.5038
vn -0.0055 0.0041 1.0000
vn 0.0034 -0.0029 1.0000
vn 0.7057 0.5005 -0.5014
vn 0.7135 0.4932 -0.4977
vn -0.0082 0.0162 -0.9998
vn -0.0047 0.0049 -1.0000
vn -0.7186 -0.4792 -0.5040
vn -0.7212 -0.4824 -0.4971
vn -0.7154 -0.4906 0.4975
vn -0.7191 -0.4811 0.5014
vn 0.7076 0.4903 0.5089
vn -0.0292 0.0342 0.9990
vn 0.7356 0.4628 -0.4946
vn 0.0138 -0.0289 -0.9995
vn -0.7233 -0.4845 -0.4920
vn -0.7386 -0.4491 0.5028
vn 0.7079 0.4967 0.5021
vn -0.0452 0.0686 0.9966
vn 0.7521 0.4351 -0.4950
vn 0.0383 -0.0575 -0.9976
vn -0.7175 -0.4869 -0.4982
vn -0.7568 -0.4222 0.4990
vn 0.7041 0.5111 0.4930
vn -0.0390 0.0697 0.9968
vn 0.7414 0.4485 -0.4993
vn 0.0416 -0.0524 -0.9978
vn -0.7054 -0.4973 -0.5051
vn -0.7490 -0.4379 0.4973
vn 0.6915 0.5219 0.4995
vn -0.0421 0.0641 0.9971
vn 0.7323 0.4649 -0.4976
vn 0.0355 -0.0528 -0.9980
vn -0.7010 -0.5122 -0.4963
vn -0.7375 -0.4522 0.5016
vn 0.6877 0.5171 0.5096
vn -0.0736 0.0944 0.9928
vn 0.7584 0.4275 -0.4921
vn 0.0506 -0.0937 -0.9943
vn -0.7079 -0.5114 -0.4872
vn -0.7622 -0.4134 0.4981
vn 0.6900 0.5319 0.4908
vn -0.0740 0.1287 0.9889
vn 0.7664 0.4137 -0.4914
vn 0.0821 -0.1082 -0.9907
vn -0.6917 -0.5192 -0.5020
vn -0.7709 -0.4002 0.4955
vn 0.6543 0.5950 0.4669
vn -0.0357 0.1053 0.9938
vn 0.6975 0.5068 -0.5066
vn 0.0680 -0.0626 -0.9957
vn -0.6415 -0.5732 -0.5098
vn -0.7044 -0.4951 0.5086
vn 0.5992 0.6451 0.4741
vn -0.0137 0.0551 0.9984
vn 0.6125 0.5994 -0.5154
vn 0.0193 -0.0309 -0.9993
vn -0.6017 -0.6300 -0.4910
vn -0.6209 -0.5892 0.5170
vn 0.5804 0.6567 0.4815
vn -0.0107 0.0377 0.9992
vn 0.5862 0.6233 -0.5176
vn 0.0014 -0.0286 -0.9996
vn -0.5899 -0.6477 -0.4822
vn -0.5958 -0.6144 0.5172
vn 0.2114 0.1219 -0.9698
vn 0.2169 0.1089 -0.9701
vn 0.9542 0.0166 -0.2988
vn 0.9512 0.0163 -0.3081
vn -0.7361 0.1240 -0.6654
vn -0.7393 0.1091 -0.6645
vn -0.9530 0.0206 0.3022
vn -0.9502 0.0168 0.3111
vn -0.2164 -0.0859 0.9725
vn -0.2101 -0.0749 0.9748
vn 0.7402 -0.0881 0.6666
vn 0.7380 -0.0750 0.6706
vn 0.2196 0.0644 -0.9735
vn 0.9562 0.0204 -0.2920
vn -0.7434 0.0602 -0.6661
vn -0.9483 0.0120 0.3172
vn -0.2059 -0.0310 0.9781
vn 0.7363 -0.0269 0.6761
vn 0.2163 0.0259 -0.9760
vn 0.9533 0.0312 -0.3005
vn -0.7399 0.0119 -0.6726
vn -0.9513 0.0032 0.3083
vn -0.2088 0.0086 0.9779
vn 0.7396 0.0225 0.6727
vn 0.2136 0.0375 -0.9762
vn 0.9500 0.0532 -0.3077
vn -0.7361 0.0016 -0.6769
vn -0.9536 -0.0188 0.3005
vn -0.2108 -0.0029 0.9775
vn 0.7430 0.0332 0.6685
vn 0.2096 0.0638 -0.9757
vn 0.9496 0.0690 -0.3056
vn -0.7394 0.0122 -0.6731
vn -0.9528 -0.0345 0.3018
vn -0.2129 -0.0295 0.9766
vn 0.7404 0.0224 0.6718
vn 0.2031 0.0928 -0.9747
vn 0.9481 0.0620 -0.3119
vn -0.7399 0.0487 -0.6709
vn -0.9547 -0.0266 0.2964
vn -0.2179 -0.0586 0.9742
vn 0.7423 -0.0141 0.6700
vn 0.2114 0.0816 -0.9740
vn 0.9545 0.0393 -0.2956
vn -0.7467 0.0585 -0.6625
vn -0.9489 -0.0061 0.3156
vn -0.2093 -0.0472 0.9767
vn 0.7356 -0.0249 0.6769
vn 0.2205 -0.0372 -0.9747
vn 0.9602 0.0101 -0.2791
vn -0.7546 -0.0279 -0.6556
vn -0.9431 0.0276 0.3315
vn -0.2030 0.0720 0.9765
vn 0.7281 0.0637 0.6825
vn 0.2161 -0.1589 -0.9634
vn 0.9555 -0.0168 -0.2944
vn -0.7451 -0.1222 -0.6556
vn -0.9490 0.0550 0.3104
vn -0.2100 0.1930 0.9585
vn 0.7330 0.1580 0.6616
vn 0.2136 -0.1940 -0.9575
vn 0.9523 -0.0275 -0.3041
vn -0.7392 -0.1496 -0.6567
vn -0.9528 0.0612 0.2974
vn -0.2141 0.2275 0.9500
vn 0.7378 0.1832 0.6496
vn -0.7018 0.7022 -0.1200
vn -0.6759 0.7172 -0.1698
vn -0.5421 0.0133 -0.8402
vn -0.5812 -0.0347 -0.8130
vn -0.0930 0.7259 0.6815
vn -0.1356 0.7332 0.6664
vn 0.6095 0.0436 0.7916
vn 0.5601 0.0161 0.8283
vn 0.7327 -0.6678 0.1311
vn 0.6921 -0.7103 0.1285
vn 0.1503 -0.7235 -0.6738
vn 0.1291 -0.6969 -0.7055
vn -0.5521 0.7948 -0.2519
vn -0.3476 0.1469 -0.9261
vn -0.2209 0.7053 0.6736
vn 0.3685 -0.1195 0.9219
vn 0.5700 -0.8074 0.1524
vn 0.1899 -0.6303 -0.7528
vn -0.3843 0.8932 -0.2334
vn -0.1673 0.2581 -0.9515
vn -0.2153 0.6710 0.7095
vn 0.1802 -0.2048 0.9621
vn 0.4138 -0.8785 0.2386
vn 0.2329 -0.6331 -0.7382
vn -0.2951 0.9343 -0.2002
vn -0.2661 0.2334 -0.9353
vn -0.0205 0.7088 0.7051
vn 0.2852 -0.1705 0.9432
vn 0.3396 -0.8952 0.2887
vn 0.0673 -0.7289 -0.6813
vn -0.2079 0.9434 -0.2585
vn -0.4288 0.2018 -0.8806
vn 0.2214 0.7737 0.5936
vn 0.4564 -0.1233 0.8812
vn 0.2619 -0.9169 0.3011
vn -0.1969 -0.7636 -0.6150
vn -0.0709 0.9338 -0.3506
vn -0.4644 0.1889 -0.8653
vn 0.4003 0.7759 0.4875
vn 0.5024 -0.1347 0.8541
vn 0.1130 -0.9275 0.3563
vn -0.3826 -0.7601 -0.5253
vn 0.1165 0.8831 -0.4544
vn -0.4500 0.2045 -0.8693
vn 0.5794 0.7260 0.3704
vn 0.5144 -0.1222 0.8488
vn -0.0588 -0.8777 0.4757
vn -0.5648 -0.7075 -0.4249
vn 0.3396 0.7170 -0.6088
vn -0.4250 0.1928 -0.8844
vn 0.7936 0.5700 0.2128
vn 0.5255 -0.1199 0.8423
vn -0.2781 -0.7248 0.6303
vn -0.7802 -0.5548 -0.2888
vn 0.4646 0.5134 -0.7215
vn -0.4350 0.1471 -0.8883
vn 0.9190 0.3734 0.1261
vn 0.4974 -0.1420 0.8558
vn -0.4285 -0.5368 0.7268
vn -0.9062 -0.3879 -0.1685
vn 0.4838 0.4385 -0.7574
vn -0.4586 0.1272 -0.8795
vn 0.9478 0.2978 0.1140
vn 0.4714 -0.1550 0.8682
vn -0.4722 -0.4671 0.7476
vn -0.9369 -0.3261 -0.1256
vn 0.8821 0.4004 -0.2480
vn 0.8850 0.3983 -0.2410
vn 0.7468 0.0026 0.6651
vn 0.7522 -0.0047 0.6589
vn 0.1293 0.4087 -0.9035
vn 0.1362 0.4001 -0.9063
vn -0.7525 0.0146 -0.6584
vn -0.7517 0.0034 -0.6595
vn -0.8877 -0.3904 0.2439
vn -0.8849 -0.3923 0.2509
vn -0.1358 -0.4015 0.9057
vn -0.1353 -0.3914 0.9102
vn 0.8866 0.3985 -0.2347
vn 0.7329 0.0365 0.6793
vn 0.1515 0.3672 -0.9177
vn -0.7413 -0.0330 -0.6704
vn -0.8823 -0.3948 0.2563
vn -0.1437 -0.3567 0.9231
vn 0.8844 0.3984 -0.2432
vn 0.7238 0.0668 0.6867
vn 0.1570 0.3349 -0.9291
vn -0.7291 -0.0606 -0.6817
vn -0.8860 -0.3911 0.2492
vn -0.1600 -0.3270 0.9314
vn 0.8725 0.4117 -0.2630
vn 0.7516 0.0264 0.6591
vn 0.1299 0.3896 -0.9118
vn -0.7363 -0.0047 -0.6767
vn -0.8916 -0.3940 0.2231
vn -0.1479 -0.3858 0.9106
vn 0.9014 0.3697 -0.2253
vn 0.7221 0.0129 0.6917
vn 0.1518 0.3548 -0.9225
vn -0.7600 -0.0291 -0.6493
vn -0.8820 -0.3736 0.2871
vn -0.1491 -0.3450 0.9267
vn 0.9671 0.1937 -0.1651
vn 0.6196 0.2519 0.7434
vn 0.2730 -0.0777 -0.9589
vn -0.7489 -0.2521 -0.6128
vn -0.9273 -0.1495 0.3433
vn -0.2704 0.0871 0.9588
vn 0.9691 0.0801 -0.2333
vn 0.6321 0.4859 0.6036
vn 0.3614 -0.3991 -0.8427
vn -0.6210 -0.4819 -0.6181
vn -0.9650 -0.0561 0.2560
vn -0.3196 0.4212 0.8488
vn 0.8370 0.3553 -0.4161
vn 0.6794 0.5382 0.4987
vn 0.2627 -0.1303 -0.9560
vn -0.5498 -0.5038 -0.6662
vn -0.8675 -0.3970 0.2997
vn -0.1822 0.1887 0.9650
vn 0.6036 0.6835 -0.4105
vn 0.6356 0.5293 0.5620
vn 0.0026 0.1961 -0.9806
vn -0.6140 -0.4841 -0.6235
vn -0.6227 -0.6846 0.3789
vn 0.0209 -0.1622 0.9865
vn 0.5335 0.7589 -0.3735
vn 0.6196 0.5139 0.5933
vn -0.0872 0.2495 -0.9644
vn -0.6256 -0.5081 -0.5919
vn -0.5399 -0.7536 0.3750
vn 0.0811 -0.2439 0.9664
vn -0.4502 0.4126 -0.7919
vn -0.4588 0.4001 -0.7934
vn 0.4634 0.0144 -0.8860
vn 0.4629 0.0280 -0.8859
vn -0.9103 0.4036 0.0925
vn -0.9117 0.3983 0.1010
vn -0.4543 0.0068 0.8908
vn -0.4450 0.0134 0.8954
vn 0.4671 -0.3817 0.7976
vn 0.4698 -0.3689 0.8020
vn 0.9244 -0.3695 -0.0948
vn 0.9252 -0.3698 -0.0851
vn -0.4706 0.3695 -0.8012
vn 0.4568 -0.0050 -0.8895
vn -0.9170 0.3865 0.0986
vn -0.4354 0.0307 0.8997
vn 0.4838 -0.3394 0.8067
vn 0.9299 -0.3582 -0.0829
vn -0.5026 0.3138 -0.8056
vn 0.4374 -0.0576 -0.8974
vn -0.9188 0.3795 0.1084
vn -0.4119 0.0833 0.9074
vn 0.5008 -0.2776 0.8199
vn 0.9331 -0.3525 -0.0711
vn -0.5532 0.2139 -0.8051
vn 0.3877 -0.1831 -0.9034
vn -0.9079 0.4024 0.1174
vn -0.3595 0.2084 0.9096
vn 0.5370 -0.1693 0.8264
vn 0.9266 -0.3709 -0.0620
vn -0.5811 0.1175 -0.8053
vn 0.3382 -0.2915 -0.8948
vn -0.9015 0.4216 0.0978
vn -0.3145 0.3185 0.8942
vn 0.5854 -0.0817 0.8066
vn 0.9183 -0.3879 -0.0793
vn -0.5548 0.1571 -0.8170
vn 0.3236 -0.2670 -0.9078
vn -0.8937 0.4449 0.0579
vn -0.3447 0.3108 0.8858
vn 0.5740 -0.1300 0.8085
vn 0.9012 -0.4190 -0.1105
vn -0.5713 0.0999 -0.8147
vn 0.3839 -0.2710 -0.8827
vn -0.9156 0.3831 0.1219
vn -0.2941 0.2793 0.9140
vn 0.6015 -0.0767 0.7951
vn 0.9367 -0.3442 -0.0645
vn -0.6335 -0.3693 -0.6799
vn 0.4282 -0.3675 -0.8256
vn -0.9539 0.0955 0.2847
vn -0.2240 0.4424 0.8684
vn 0.6727 0.3860 0.6312
vn 0.9885 0.0130 -0.1507
vn -0.5277 -0.7548 -0.3896
vn 0.3870 -0.4884 -0.7821
vn -0.8894 -0.2042 0.4091
vn -0.3254 0.5629 0.7598
vn 0.5292 0.7709 0.3546
vn 0.8813 0.2765 -0.3832
vn -0.4654 -0.8359 -0.2910
vn 0.3704 -0.5404 -0.7555
vn -0.8439 -0.2883 0.4524
vn -0.3857 0.5592 0.7338
vn 0.4482 0.8524 0.2693
vn 0.8264 0.3069 -0.4721
vn -0.2014 0.0391 -0.9787
vn -0.1955 0.0294 -0.9803
vn 0.7519 0.0242 -0.6589
vn 0.7467 0.0212 -0.6648
vn -0.9469 0.0434 -0.3185
vn -0.9479 0.0297 -0.3172
vn -0.7518 0.0299 0.6587
vn -0.7467 0.0247 0.6647
vn 0.1954 0.0120 0.9807
vn 0.2015 0.0195 0.9793
vn 0.9483 0.0075 0.3173
vn 0.9476 0.0193 0.3189
vn -0.1893 -0.0099 -0.9819
vn 0.7566 0.0382 -0.6528
vn -0.9490 -0.0240 -0.3143
vn -0.7412 0.0107 0.6712
vn 0.2056 0.0582 0.9769
vn 0.9446 0.0717 0.3203
vn -0.1984 -0.0306 -0.9796
vn 0.7449 0.0526 -0.6651
vn -0.9457 -0.0591 -0.3198
vn -0.7515 -0.0043 0.6597
vn 0.1951 0.0794 0.9776
vn 0.9436 0.1078 0.3130
vn -0.2115 0.0428 -0.9764
vn 0.7314 0.0584 -0.6794
vn -0.9450 0.0095 -0.3269
vn -0.7639 -0.0096 0.6452
vn 0.1875 0.0052 0.9822
vn 0.9514 0.0400 0.3052
vn -0.1996 0.0974 -0.9750
vn 0.7501 0.0566 -0.6589
vn -0.9481 0.0650 -0.3111
vn -0.7456 -0.0082 0.6664
vn 0.2020 -0.0486 0.9782
vn 0.9478 -0.0164 0.3183
vn -0.1819 -0.0237 -0.9830
vn 0.7723 0.0445 -0.6337
vn -0.9552 -0.0417 -0.2929
vn -0.7235 0.0093 0.6902
vn 0.2108 0.0738 0.9747
vn 0.9378 0.0911 0.3349
vn -0.1975 -0.1054 -0.9746
vn 0.7395 0.0348 -0.6723
vn -0.9400 -0.1178 -0.3203
vn -0.7573 0.0105 0.6530
vn 0.1866 0.1530 0.9704
vn 0.9387 0.1651 0.3027
vn -0.2201 0.0920 -0.9711
vn 0.7091 0.0728 -0.7014
vn -0.9386 0.0486 -0.3416
vn -0.7836 -0.0182 0.6210
vn 0.1787 -0.0437 0.9829
vn 0.9608 0.0049 0.2772
vn -0.1921 0.3160 -0.9291
vn 0.7376 0.1114 -0.6660
vn -0.9278 0.2369 -0.2881
vn -0.7602 -0.0522 0.6476
vn 0.1826 -0.2690 0.9457
vn 0.9435 -0.1849 0.2750
vn -0.1740 0.3740 -0.9110
vn 0.7540 0.1144 -0.6468
vn -0.9237 0.2828 -0.2586
vn -0.7474 -0.0686 0.6609
vn 0.1814 -0.3290 0.9267
vn 0.9323 -0.2375 0.2728
vn -0.6193 0.2046 0.7580
vn -0.6239 0.1923 0.7575
vn -0.9875 0.0091 -0.1576
vn -0.9888 0.0103 -0.1487
vn 0.3651 0.2058 0.9079
vn 0.3683 0.1925 0.9096
vn 0.9881 0.0129 0.1532
vn 0.9894 0.0092 0.1448
vn 0.6244 -0.1829 -0.7594
vn 0.6206 -0.1726 -0.7649
vn -0.3681 -0.1844 -0.9113
vn -0.3641 -0.1726 -0.9152
vn -0.6277 0.1570 0.7625
vn -0.9865 0.0135 -0.1631
vn 0.3688 0.1521 0.9170
vn 0.9900 0.0033 0.1412
vn 0.6191 -0.1380 -0.7731
vn -0.3613 -0.1328 -0.9230
vn -0.6272 0.1141 0.7705
vn -0.9868 0.0182 -0.1611
vn 0.3674 0.1052 0.9241
vn 0.9895 0.0006 0.1443
vn 0.6220 -0.0939 -0.7773
vn -0.3599 -0.0852 -0.9291
vn -0.6228 0.0906 0.7772
vn -0.9883 0.0095 -0.1524
vn 0.3656 0.0911 0.9263
vn 0.9884 0.0111 0.1512
vn 0.6274 -0.0698 -0.7756
vn -0.3607 -0.0708 -0.9300
vn -0.6319 0.0573 0.7729
vn -0.9864 0.0083 -0.1644
vn 0.3665 0.0588 0.9285
vn 0.9902 0.0110 0.1391
vn 0.6188 -0.0371 -0.7847
vn -0.3594 -0.0382 -0.9324
vn -0.6455 -0.0333 0.7630
vn -0.9827 0.0510 -0.1782
vn 0.3670 -0.0736 0.9273
vn 0.9921 -0.0261 0.1225
vn 0.6100 0.0571 -0.7903
vn -0.3553 0.0941 -0.9300
vn -0.6262 -0.0861 0.7749
vn -0.9867 0.0792 -0.1420
vn 0.3559 -0.1554 0.9215
vn 0.9863 -0.0601 0.1536
vn 0.6303 0.1060 -0.7691
vn -0.3590 0.1757 -0.9166
vn -0.6036 0.0168 0.7971
vn -0.9927 0.0493 -0.1100
vn 0.3542 -0.0215 0.9349
vn 0.9817 -0.0298 0.1880
vn 0.6481 0.0016 -0.7615
vn -0.3746 0.0427 -0.9262
vn -0.6122 0.1435 0.7776
vn -0.9908 0.0114 -0.1349
vn 0.3641 0.1439 0.9202
vn 0.9870 0.0134 0.1604
vn 0.6287 -0.1216 -0.7681
vn -0.3718 -0.1230 -0.9201
vn -0.6195 0.1757 0.7651
vn -0.9891 -0.0011 -0.1475
vn 0.3690 0.1869 0.9104
vn 0.9893 0.0214 0.1441
vn 0.6203 -0.1555 -0.7688
vn -0.3688 -0.1667 -0.9144
vn 0.7915 0.2941 0.5358
vn 0.8282 0.2037 0.5222
vn -0.0592 0.0103 0.9982
vn -0.0371 0.0966 0.9946
vn 0.8698 0.2242 -0.4394
vn 0.8462 0.1964 -0.4953
vn 0.0732 -0.0605 -0.9955
vn 0.0136 0.0055 -0.9999
vn -0.8108 -0.2724 -0.5181
vn -0.8226 -0.1759 -0.5408
vn -0.8472 -0.1863 0.4975
vn -0.8805 -0.1791 0.4390
vn 0.8739 -0.1433 0.4645
vn -0.0814 -0.2464 0.9658
vn 0.8253 0.1329 -0.5489
vn -0.0403 0.2738 -0.9609
vn -0.8508 0.1753 -0.4953
vn -0.9052 -0.0704 0.4192
vn 0.8296 -0.4375 0.3470
vn -0.0529 -0.5061 0.8609
vn 0.8569 0.0868 -0.5082
vn 0.0451 0.5277 -0.8482
vn -0.8009 0.4705 -0.3705
vn -0.8771 -0.0345 0.4790
vn 0.8361 -0.3986 0.3769
vn -0.0269 -0.5972 0.8017
vn 0.9012 0.1833 -0.3927
vn 0.1126 0.6045 -0.7886
vn -0.8058 0.4397 -0.3967
vn -0.8831 -0.1851 0.4311
vn 0.8289 -0.2510 0.4999
vn -0.0434 -0.5880 0.8077
vn 0.9004 0.3341 -0.2787
vn 0.0956 0.6094 -0.7871
vn -0.8206 0.2803 -0.4980
vn -0.8871 -0.3330 0.3196
vn 0.7923 -0.1343 0.5952
vn -0.0696 -0.5267 0.8472
vn 0.8880 0.3993 -0.2279
vn 0.0950 0.5514 -0.8288
vn -0.8066 0.1456 -0.5729
vn -0.8738 -0.3981 0.2793
vn 0.7415 0.0142 0.6708
vn -0.1022 -0.4076 0.9074
vn 0.8773 0.4346 -0.2038
vn 0.1378 0.4403 -0.8872
vn -0.7605 -0.0028 -0.6493
vn -0.8612 -0.4295 0.2719
vn 0.6547 0.1980 0.7294
vn -0.1746 -0.2494 0.9525
vn 0.8619 0.4706 -0.1887
vn 0.2029 0.2874 -0.9361
vn -0.6854 -0.1909 -0.7027
vn -0.8509 -0.4526 0.2668
vn 0.5829 0.3462 0.7351
vn -0.2515 -0.1221 0.9601
vn 0.8469 0.4893 -0.2082
vn 0.2591 0.1541 -0.9535
vn -0.6043 -0.3306 -0.7249
vn -0.8512 -0.4638 0.2455
vn 0.5600 0.3960 0.7278
vn -0.2847 -0.0865 0.9547
vn 0.8395 0.4935 -0.2272
vn 0.2730 0.1075 -0.9560
vn -0.5724 -0.3755 -0.7289
vn -0.8516 -0.4727 0.2267
vn -0.0041 0.1788 -0.9839
vn -0.0016 0.1680 -0.9858
vn 0.8630 0.0108 -0.5051
vn 0.8593 0.0131 -0.5113
vn -0.8613 0.1784 -0.4758
vn -0.8643 0.1679 -0.4741
vn -0.8609 0.0123 0.5086
vn -0.8572 0.0108 0.5149
vn 0.0027 -0.1546 0.9880
vn 0.0071 -0.1453 0.9894
vn 0.8657 -0.1541 0.4762
vn 0.8646 -0.1453 0.4811
vn -0.0004 0.1380 -0.9904
vn 0.8653 0.0149 -0.5010
vn -0.8678 0.1334 -0.4787
vn -0.8555 0.0054 0.5178
vn 0.0131 -0.1162 0.9931
vn 0.8668 -0.1113 0.4861
vn -0.0095 0.0987 -0.9951
vn 0.8633 0.0082 -0.5046
vn -0.8717 0.1011 -0.4796
vn -0.8567 0.0139 0.5156
vn 0.0091 -0.0754 0.9971
vn 0.8669 -0.0786 0.4922
vn -0.0213 0.0592 -0.9980
vn 0.8577 -0.0413 -0.5124
vn -0.8725 0.1112 -0.4758
vn -0.8552 0.0644 0.5143
vn 0.0031 -0.0342 0.9994
vn 0.8642 -0.0879 0.4953
vn -0.0111 0.0278 -0.9996
vn 0.8564 -0.0765 -0.5107
vn -0.8676 0.1160 -0.4835
vn -0.8494 0.0991 0.5183
vn 0.0190 -0.0052 0.9998
vn 0.8687 -0.0927 0.4866
vn 0.0018 0.0373 -0.9993
vn 0.8591 -0.0199 -0.5113
vn -0.8644 0.0695 -0.4980
vn -0.8555 0.0429 0.5161
vn 0.0317 -0.0157 0.9994
vn 0.8791 -0.0464 0.4745
vn -0.0116 0.0283 -0.9995
vn 0.8634 0.0261 -0.5039
vn -0.8767 0.0136 -0.4809
vn -0.8537 -0.0030 0.5208
vn 0.0169 -0.0050 0.9998
vn 0.8697 0.0094 0.4934
vn -0.0253 -0.0760 -0.9968
vn 0.8668 -0.0452 -0.4965
vn -0.8852 -0.0161 -0.4649
vn -0.8506 0.0705 0.5211
vn 0.0055 0.0996 0.9950
vn 0.8607 0.0436 0.5072
vn -0.0210 -0.1800 -0.9834
vn 0.8594 -0.1325 -0.4938
vn -0.8782 -0.0333 -0.4772
vn -0.8508 0.1573 0.5014
vn 0.0161 0.2031 0.9790
vn 0.8695 0.0600 0.4903
vn -0.0197 -0.2103 -0.9774
vn 0.8546 -0.1566 -0.4950
vn -0.8737 -0.0423 -0.4847
vn -0.8530 0.1793 0.4902
vn 0.0210 0.2329 0.9723
vn 0.8749 0.0651 0.4800
vn 0.4797 0.1008 0.8716
vn 0.4752 0.0875 0.8755
vn -0.5228 0.0051 0.8524
vn -0.5137 0.0041 0.8579
vn 0.9945 0.1032 0.0199
vn 0.9960 0.0877 0.0168
vn 0.5219 0.0089 -0.8530
vn 0.5132 0.0053 -0.8582
vn -0.4749 -0.0886 -0.8756
vn -0.4817 -0.0764 -0.8730
vn -0.9957 -0.0911 -0.0165
vn -0.9968 -0.0765 -0.0211
vn 0.4727 0.0384 0.8804
vn -0.5309 0.0135 0.8473
vn 0.9994 0.0300 0.0152
vn 0.5058 -0.0033 -0.8626
vn -0.4887 -0.0275 -0.8720
vn -0.9995 -0.0191 -0.0265
vn 0.4804 -0.0004 0.8771
vn -0.5195 0.0217 0.8542
vn 0.9996 -0.0164 0.0215
vn 0.5175 -0.0103 -0.8556
vn -0.4820 0.0118 -0.8761
vn -0.9994 0.0278 -0.0222
vn 0.4896 0.0425 0.8709
vn -0.5033 0.0183 0.8639
vn 0.9991 0.0306 0.0278
vn 0.5333 -0.0057 -0.8459
vn -0.4717 -0.0310 -0.8812
vn -0.9997 -0.0188 -0.0134
vn 0.4762 0.0690 0.8766
vn -0.5249 0.0145 0.8511
vn 0.9981 0.0597 0.0171
vn 0.5118 -0.0041 -0.8591
vn -0.4844 -0.0578 -0.8729
vn -0.9985 -0.0485 -0.0234
vn 0.4602 -0.0483 0.8865
vn -0.5494 0.0243 0.8352
vn 0.9979 -0.0649 0.0022
vn 0.4866 -0.0075 -0.8736
vn -0.4942 0.0617 -0.8672
vn -0.9963 0.0770 -0.0373
vn 0.4695 -0.1296 0.8734
vn -0.5115 0.0386 0.8584
vn 0.9862 -0.1639 0.0239
vn 0.5205 -0.0289 -0.8534
vn -0.4707 0.1412 -0.8709
vn -0.9846 0.1744 -0.0113
vn 0.4990 0.0191 0.8664
vn -0.4739 0.0759 0.8773
vn 0.9978 -0.0499 0.0431
vn 0.5498 -0.0666 -0.8326
vn -0.4711 -0.0100 -0.8820
vn -0.9979 0.0641 0.0136
vn 0.4880 0.1987 0.8499
vn -0.4989 0.1135 0.8592
vn 0.9954 0.0954 0.0117
vn 0.5255 -0.0972 -0.8452
vn -0.4801 -0.1878 -0.8569
vn -0.9967 -0.0806 0.0079
vn 0.4783 0.2459 0.8431
vn -0.5139 0.1212 0.8493
vn 0.9914 0.1304 -0.0066
vn 0.5128 -0.1101 -0.8514
vn -0.4795 -0.2350 -0.8455
vn -0.9928 -0.1194 0.0044
vn -0.6785 0.0795 -0.7303
vn -0.6765 0.0647 -0.7336
vn 0.2998 0.0086 -0.9540
vn 0.2903 0.0112 -0.9569
vn -0.9722 0.0779 0.2206
vn -0.9720 0.0646 0.2261
vn -0.2991 0.0080 0.9542
vn -0.2894 0.0085 0.9572
vn 0.6766 -0.0609 0.7338
vn 0.6806 -0.0471 0.7312
vn 0.9723 -0.0592 -0.2262
vn 0.9743 -0.0471 -0.2202
vn -0.6770 0.0105 -0.7359
vn 0.3071 -0.0008 -0.9517
vn -0.9726 0.0200 0.2316
vn -0.2817 0.0179 0.9593
vn 0.6836 0.0067 0.7298
vn 0.9767 -0.0026 -0.2146
vn -0.6777 -0.0337 -0.7345
vn 0.2968 -0.0016 -0.9550
vn -0.9746 -0.0231 0.2230
vn -0.2917 0.0196 0.9563
vn 0.6819 0.0514 0.7297
vn 0.9738 0.0408 -0.2239
vn -0.6769 0.0032 -0.7361
vn 0.2848 0.0427 -0.9576
vn -0.9773 -0.0309 0.2095
vn -0.3011 -0.0255 0.9533
vn 0.6857 0.0150 0.7277
vn 0.9701 0.0491 -0.2376
vn -0.6873 0.0328 -0.7257
vn 0.2914 0.0547 -0.9550
vn -0.9728 -0.0130 0.2314
vn -0.2931 -0.0369 0.9554
vn 0.6760 -0.0157 0.7367
vn 0.9756 0.0302 -0.2175
vn -0.7068 -0.0398 -0.7063
vn 0.2934 -0.0922 -0.9515
vn -0.9657 0.0610 0.2526
vn -0.2898 0.1097 0.9508
vn 0.6599 0.0630 0.7487
vn 0.9814 -0.0374 -0.1882
vn -0.6756 -0.1125 -0.7286
vn 0.2951 -0.1832 -0.9377
vn -0.9734 0.0808 0.2143
vn -0.2819 0.2009 0.9382
vn 0.6921 0.1266 0.7106
vn 0.9720 -0.0649 -0.2259
vn -0.6490 -0.0595 -0.7585
vn 0.2921 0.0177 -0.9562
vn -0.9791 -0.0717 0.1906
vn -0.2695 0.0021 0.9630
vn 0.7248 0.0826 0.6840
vn 0.9585 0.0864 -0.2717
vn -0.6829 0.0121 -0.7304
vn 0.2525 0.2501 -0.9347
vn -0.9501 -0.2327 0.2079
vn -0.2456 -0.2318 0.9413
vn 0.7080 0.0164 0.7060
vn 0.9386 0.2537 -0.2337
vn -0.7013 0.0226 -0.7125
vn 0.2330 0.3099 -0.9218
vn -0.9364 -0.2793 0.2123
vn -0.2369 -0.2934 0.9262
vn 0.6978 -0.0058 0.7163
vn 0.9322 0.2959 -0.2084
vn 0.9870 0.0622 0.1479
vn 0.9867 0.0511 0.1543
vn 0.3595 0.0034 0.9331
vn 0.3684 0.0005 0.9297
vn 0.6235 0.0659 -0.7791
vn 0.6222 0.0514 -0.7811
vn -0.3599 0.0081 -0.9330
vn -0.3684 0.0037 -0.9297
vn -0.9865 -0.0540 -0.1545
vn -0.9881 -0.0437 -0.1476
vn -0.6218 -0.0579 0.7810
vn -0.6247 -0.0438 0.7797
vn 0.9873 0.0069 0.1590
vn 0.3513 0.0123 0.9362
vn 0.6206 -0.0019 -0.7841
vn -0.3761 -0.0049 -0.9266
vn -0.9897 0.0007 -0.1431
vn -0.6289 0.0092 0.7775
vn 0.9878 -0.0223 0.1544
vn 0.3637 0.0285 0.9311
vn 0.6266 -0.0471 -0.7779
vn -0.3643 -0.0209 -0.9310
vn -0.9885 0.0302 -0.1483
vn -0.6220 0.0547 0.7811
vn 0.9884 0.0373 0.1471
vn 0.3786 0.0632 0.9234
vn 0.6351 -0.0212 -0.7721
vn -0.3489 -0.0555 -0.9355
vn -0.9882 -0.0299 -0.1503
vn -0.6125 0.0304 0.7899
vn 0.9861 0.0808 0.1452
vn 0.3607 0.0784 0.9294
vn 0.6199 0.0058 -0.7846
vn -0.3665 -0.0710 -0.9277
vn -0.9864 -0.0733 -0.1474
vn -0.6263 0.0011 0.7796
vn 0.9884 -0.0210 0.1504
vn 0.3406 0.0260 0.9398
vn 0.6035 -0.0421 -0.7963
vn -0.3865 -0.0164 -0.9221
vn -0.9882 0.0286 -0.1508
vn -0.6420 0.0497 0.7651
vn 0.9834 -0.1054 0.1480
vn 0.3647 -0.0302 0.9307
vn 0.6219 -0.0717 -0.7798
vn -0.3570 0.0369 -0.9334
vn -0.9811 0.1127 -0.1570
vn -0.6224 0.0794 0.7786
vn 0.9893 -0.0069 0.1454
vn 0.3884 -0.0165 0.9214
vn 0.6425 0.0129 -0.7662
vn -0.3325 0.0241 -0.9428
vn -0.9866 0.0149 -0.1625
vn -0.6092 -0.0060 0.7930
vn 0.9811 0.1185 0.1529
vn 0.3695 0.0139 0.9291
vn 0.6266 0.1101 -0.7715
vn -0.3500 -0.0035 -0.9367
vn -0.9809 -0.1106 -0.1601
vn -0.6163 -0.1016 0.7809
vn 0.9759 0.1507 0.1580
vn 0.3583 0.0186 0.9334
vn 0.6172 0.1359 -0.7750
vn -0.3593 -0.0110 -0.9332
vn -0.9770 -0.1432 -0.1578
vn -0.6183 -0.1284 0.7754
vn 0.4352 0.6362 -0.6370
vn 0.5256 0.5344 -0.6619
vn 0.9995 -0.0243 0.0202
vn 0.9917 -0.0361 -0.1233
vn -0.5088 0.6843 -0.5223
vn -0.5160 0.5499 -0.6568
vn -0.9904 0.1210 0.0671
vn -0.9973 -0.0260 0.0682
vn -0.5278 -0.5789 0.6215
vn -0.4299 -0.5554 0.7119
vn 0.5041 -0.6766 0.5367
vn 0.5228 -0.5344 0.6641
vn 0.6549 0.3114 -0.6886
vn 0.9112 0.3499 0.2173
vn -0.3785 -0.0771 -0.9224
vn -0.9320 -0.3591 0.0491
vn -0.4498 -0.2256 0.8641
vn 0.3925 0.1003 0.9143
vn 0.7082 0.0535 -0.7040
vn 0.7095 0.7016 0.0661
vn -0.0487 -0.6614 -0.7485
vn -0.7575 -0.6527 0.0153
vn -0.6643 0.0445 0.7461
vn 0.0471 0.6733 0.7379
vn 0.7337 -0.0383 -0.6784
vn 0.6687 0.7421 -0.0455
vn 0.0587 -0.7722 -0.6326
vn -0.6780 -0.7341 0.0373
vn -0.7415 0.0469 0.6693
vn -0.0673 0.7794 0.6230
vn -0.1680 0.6263 0.7613
vn -0.2036 0.6447 0.7368
vn -0.8984 0.0132 0.4390
vn -0.8841 -0.0302 0.4663
vn 0.7086 0.6524 0.2688
vn 0.6912 0.6568 0.3014
vn 0.8683 0.0439 -0.4941
vn 0.8911 0.0162 -0.4535
vn 0.1791 -0.5937 -0.7845
vn 0.1718 -0.6318 -0.7558
vn -0.6980 -0.6424 -0.3165
vn -0.7229 -0.6230 -0.2989
vn -0.2460 0.7304 0.6371
vn -0.9363 0.1228 0.3290
vn 0.6850 0.6519 0.3251
vn 0.9388 -0.0793 -0.3351
vn 0.1984 -0.7245 -0.6602
vn -0.7411 -0.5973 -0.3065
vn -0.2663 0.8166 0.5121
vn -0.9605 0.2308 0.1555
vn 0.6986 0.6190 0.3590
vn 0.9610 -0.2105 -0.1796
vn 0.2148 -0.8111 -0.5441
vn -0.7386 -0.5683 -0.3626
vn -0.2631 0.8521 0.4524
vn -0.9487 0.3161 -0.0062
vn 0.7006 0.5518 0.4525
vn 0.9472 -0.3188 -0.0329
vn 0.2117 -0.8433 -0.4940
vn -0.7199 -0.5117 -0.4689
vn -0.2405 0.8671 0.4362
vn -0.9147 0.3891 -0.1096
vn 0.6842 0.4916 0.5387
vn 0.9219 -0.3791 0.0797
vn 0.2222 -0.8527 -0.4728
vn -0.6896 -0.4598 -0.5595
vn -0.2226 0.8743 0.4314
vn -0.8984 0.4148 -0.1441
vn 0.6816 0.4672 0.5632
vn 0.9091 -0.3993 0.1191
vn 0.2327 -0.8586 -0.4569
vn -0.6713 -0.4511 -0.5881
vn -0.5782 0.8119 0.0810
vn -0.5505 0.8333 0.0497
vn -0.9244 0.0207 -0.3810
vn -0.9202 -0.0105 -0.3913
vn 0.3646 0.8119 0.4559
vn 0.3654 0.8335 0.4145
vn 0.9376 -0.0101 0.3476
vn 0.9332 0.0207 0.3589
vn 0.5778 -0.8071 -0.1213
vn 0.5748 -0.8150 -0.0737
vn -0.3361 -0.8074 -0.4848
vn -0.3669 -0.8148 -0.4488
vn -0.4995 0.8641 -0.0618
vn -0.9247 0.0323 -0.3794
vn 0.4068 0.8638 0.2973
vn 0.9335 0.0326 0.3570
vn 0.5364 -0.8429 0.0424
vn -0.4182 -0.8439 -0.3360
vn -0.4300 0.8718 -0.2348
vn -0.9198 0.0360 -0.3908
vn 0.4695 0.8737 0.1272
vn 0.9340 0.0364 0.3553
vn 0.4698 -0.8568 0.2125
vn -0.4893 -0.8546 -0.1736
vn -0.3660 0.8374 -0.4060
vn -0.9067 0.0151 -0.4215
vn 0.5296 0.8481 -0.0159
vn 0.9249 0.0263 0.3793
vn 0.3904 -0.8394 0.3782
vn -0.5444 -0.8382 -0.0324
vn -0.2609 0.7597 -0.5956
vn -0.8903 0.0284 -0.4545
vn 0.6073 0.7699 -0.1962
vn 0.9239 0.0511 0.3793
vn 0.3234 -0.7509 0.5758
vn -0.6311 -0.7635 0.1373
vn -0.1418 0.5370 -0.8316
vn -0.8864 0.0436 -0.4609
vn 0.7207 0.5241 -0.4538
vn 0.9432 0.0228 0.3315
vn 0.2390 -0.5360 0.8097
vn -0.7514 -0.5319 0.3905
vn -0.1167 0.2770 -0.9538
vn -0.9091 0.0377 -0.4149
vn 0.7761 0.2345 -0.5853
vn 0.9390 -0.0480 0.3406
vn 0.1608 -0.3047 0.9388
vn -0.7920 -0.2612 0.5518
vn -0.1321 0.1874 -0.9734
vn -0.9241 0.0363 -0.3804
vn 0.7896 0.1347 -0.5986
vn 0.9262 -0.0692 0.3707
vn 0.1347 -0.2207 0.9660
vn -0.7894 -0.1680 0.5905
vn 0.6815 0.6823 -0.2645
vn 0.6699 0.7052 -0.2321
vn 0.9012 0.0106 0.4332
vn 0.9045 -0.0215 0.4259
vn -0.2379 0.6926 -0.6809
vn -0.2204 0.7115 -0.6672
vn -0.9135 0.0100 -0.4068
vn -0.8993 0.0117 -0.4373
vn -0.6872 -0.6748 0.2691
vn -0.6708 -0.7013 0.2414
vn 0.2110 -0.6966 0.6857
vn 0.2393 -0.6961 0.6768
vn 0.6131 0.7800 -0.1254
vn 0.8669 0.0704 0.4935
vn -0.2287 0.7483 -0.6226
vn -0.8604 -0.0213 -0.5092
vn -0.6114 -0.7792 0.1382
vn 0.2760 -0.7151 0.6422
vn 0.5390 0.8420 -0.0208
vn 0.8183 0.0971 0.5666
vn -0.2715 0.7641 -0.5852
vn -0.8202 -0.0741 -0.5673
vn -0.5418 -0.8400 0.0303
vn 0.2860 -0.7472 0.5999
vn 0.5143 0.8576 0.0085
vn 0.8020 0.0966 0.5895
vn -0.2903 0.7630 -0.5776
vn -0.8074 -0.0933 -0.5826
vn -0.5197 -0.8544 -0.0016
vn 0.2849 -0.7597 0.5846
vn -0.3959 0.7029 -0.5909
vn -0.3965 0.7025 -0.5910
vn 0.2135 0.0106 -0.9769
vn 0.2141 0.0111 -0.9768
vn -0.5956 0.7029 0.3888
vn -0.5962 0.7025 0.3887
vn -0.1852 0.0111 0.9826
vn -0.1858 0.0106 0.9825
vn 0.4248 -0.6807 0.5968
vn 0.4242 -0.6812 0.5966
vn 0.6245 -0.6807 -0.3829
vn 0.6239 -0.6812 -0.3831
vn -0.3971 0.7020 -0.5912
vn 0.2129 0.0102 -0.9770
vn -0.5968 0.7020 0.3886
vn -0.1864 0.0102 0.9824
vn 0.4237 -0.6817 0.5965
vn 0.6233 -0.6817 -0.3832
vn -0.0955 0.6546 0.7499
vn -0.0540 0.6639 0.7459
vn -0.8119 0.0151 0.5836
vn -0.8426 0.0432 0.5368
vn 0.7529 0.6252 0.2057
vn 0.7439 0.6501 0.1546
vn 0.8267 -0.0399 -0.5612
vn 0.8080 0.0122 -0.5891
vn 0.0457 -0.6531 -0.7559
vn 0.0804 -0.6335 -0.7696
vn -0.7758 -0.5984 -0.2004
vn -0.7416 -0.6440 -0.1878
vn -0.0256 0.6652 0.7462
vn -0.7051 -0.0967 0.7025
vn 0.6538 0.7553 0.0454
vn 0.7050 0.1421 -0.6948
vn 0.0856 -0.6043 -0.7921
vn -0.6434 -0.7585 -0.1039
vn -0.0237 0.6408 0.7673
vn -0.5558 -0.2253 0.8002
vn 0.5147 0.8566 -0.0371
vn 0.5432 0.2504 -0.8014
vn 0.0406 -0.5948 -0.8029
vn -0.5191 -0.8547 -0.0074
vn -0.0023 0.5973 0.8020
vn -0.4881 -0.2833 0.8256
vn 0.4775 0.8776 -0.0412
vn 0.4633 0.2755 -0.8423
vn -0.0207 -0.5921 -0.8056
vn -0.4926 -0.8700 0.0210
vn 0.0384 0.6058 0.7947
vn -0.4120 -0.2978 0.8612
vn 0.4333 0.8992 -0.0605
vn 0.4000 0.3319 -0.8543
vn -0.0307 -0.5569 -0.8300
vn -0.4474 -0.8939 0.0280
vn -0.0010 0.6321 0.7748
vn -0.2367 -0.3383 0.9108
vn 0.2190 0.9698 -0.1070
vn 0.2239 0.4068 -0.8857
vn 0.0049 -0.5513 -0.8343
vn -0.2372 -0.9685 0.0758
vn -0.0636 0.6176 0.7839
vn -0.0792 -0.3798 0.9217
vn 0.0035 0.9919 -0.1268
vn 0.0560 0.4072 -0.9116
vn 0.0431 -0.5821 -0.8120
vn -0.0250 -0.9935 0.1109
vn -0.0780 0.5994 0.7967
vn -0.0271 -0.3926 0.9193
vn -0.0621 0.9904 -0.1232
vn 0.0045 0.3921 -0.9199
vn 0.0554 -0.5997 -0.7983
vn 0.0396 -0.9918 0.1219
vn 0.6073 0.7753 -0.1735
vn 0.6074 0.7751 -0.1739
vn 0.9252 0.0052 0.3794
vn 0.9250 0.0055 0.3798
vn -0.3217 0.7754 -0.5434
vn -0.3215 0.7751 -0.5438
vn -0.9329 0.0055 -0.3601
vn -0.9327 0.0053 -0.3605
vn -0.6151 -0.7644 0.1932
vn -0.6149 -0.7647 0.1928
vn 0.3139 -0.7644 0.5631
vn 0.3141 -0.7646 0.5627
vn 0.6075 0.7750 -0.1743
vn 0.9254 0.0050 0.3791
vn -0.3214 0.7749 -0.5443
vn -0.9326 0.0051 -0.3609
vn -0.6147 -0.7649 0.1924
vn 0.3142 -0.7649 0.5623
vt 0.000000 1.000000
vt 0.062500 1.000000
vt 0.062500 0.833333
vt 0.000000 0.833333
vt 0.000000 0.166667
vt 0.062500 0.166667
vt 0.062500 0.000000
vt 0.000000 0.000000
vt 0.000000 0.333333
vt 0.062500 0.333333
vt 0.000000 0.500000
vt 0.062500 0.500000
vt 0.000000 0.666667
vt 0.062500 0.666667
vt 0.125000 1.000000
vt 0.125000 0.833333
vt 0.125000 0.166667
vt 0.125000 0.000000
vt 0.125000 0.333333
vt 0.125000 0.500000
vt 0.125000 0.666667
vt 0.187500 1.000000
vt 0.187500 0.833333
vt 0.187500 0.166667
vt 0.187500 0.000000
vt 0.187500 0.333333
vt 0.187500 0.500000
vt 0.187500 0.666667
vt 0.250000 1.000000
vt 0.250000 0.833333
vt 0.250000 0.166667
vt 0.250000 0.000000
vt 0.250000 0.333333
vt 0.250000 0.500000
vt 0.250000 0.666667
vt 0.312500 1.000000
vt 0.312500 0.833333
vt 0.312500 0.166667
vt 0.312500 0.000000
vt 0.312500 0.333333
vt 0.312500 0.500000
vt 0.312500 0.666667
vt 0.375000 1.000000
vt 0.375000 0.833333
vt 0.375000 0.166667
vt 0.375000 0.000000
vt 0.375000 0.333333
vt 0.375000 0.500000
vt 0.375000 0.666667
vt 0.437500 1.000000
vt 0.437500 0.833333
vt 0.437500 0.166667
vt 0.437500 0.000000
vt 0.437500 0.333333
vt 0.437500 0.500000
vt 0.437500 0.666667
vt 0.500000 1.000000
vt 0.500000 0.833333
vt 0.500000 0.166667
vt 0.500000 0.000000
vt 0.500000 0.333333
vt 0.500000 0.500000
vt 0.500000 0.666667
vt 0.562500 1.000000
vt 0.562500 0.833333
vt 0.562500 0.166667
vt 0.562500 0.000000
vt 0.562500 0.333333
vt 0.562500 0.500000
vt 0.562500 0.666667
vt 0.625000 1.000000
vt 0.625000 0.833333
vt 0.625000 0.166667
vt 0.625000 0.000000
vt 0.625000 0.333333
vt 0.625000 0.500000
vt 0.625000 0.666667
vt 0.687500 1.000000
vt 0.687500 0.833333
vt 0.687500 0.166667
vt 0.687500 0.000000
vt 0.687500 0.333333
vt 0.687500 0.500000
vt 0.687500 0.666667
vt 0.750000 1.000000
vt 0.750000 0.833333
vt 0.750000 0.166667
vt 0.750000 0.000000
vt 0.750000 0.333333
vt 0.750000 0.500000
vt 0.750000 0.666667
vt 0.812500 1.000000
vt 0.812500 0.833333
vt 0.812500 0.166667
vt 0.812500 0.000000
vt 0.812500 0.333333
vt 0.812500 0.500000
vt 0.812500 0.666667
vt 0.875000 1.000000
vt 0.875000 0.833333
vt 0.875000 0.166667
vt 0.875000 0.000000
vt 0.875000 0.333333
vt 0.875000 0.500000
vt 0.875000 0.666667
vt 0.937500 1.000000
vt 0.937500 0.833333
vt 0.937500 0.166667
vt 0.937500 0.000000
vt 0.937500 0.333333
vt 0.937500 0.500000
vt 0.937500 0.666667
vt 1.000000 1.000000
vt 1.000000 0.833333
vt 1.000000 0.166667
vt 1.000000 0.000000
vt 1.000000 0.333333
vt 1.000000 0.500000
vt 1.000000 0.666667
vt 0.071429 1.000000
vt 0.071429 0.833333
vt 0.071429 0.166667
vt 0.071429 0.000000
vt 0.071429 0.333333
vt 0.071429 0.500000
vt 0.071429 0.666667
vt 0.142857 1.000000
vt 0.142857 0.833333
vt 0.142857 0.166667
vt 0.142857 0.000000
vt 0.142857 0.333333
vt 0.142857 0.500000
vt 0.142857 0.666667
vt 0.214286 1.000000
vt 0.214286 0.833333
vt 0.214286 0.166667
vt 0.214286 0.000000
vt 0.214286 0.333333
vt 0.214286 0.500000
vt 0.214286 0.666667
vt 0.285714 1.000000
vt 0.285714 0.833333
vt 0.285714 0.166667
vt 0.285714 0.000000
vt 0.285714 0.333333
vt 0.285714 0.500000
vt 0.285714 0.666667
vt 0.357143 1.000000
vt 0.357143 0.833333
vt 0.357143 0.166667
vt 0.357143 0.000000
vt 0.357143 0.333333
vt 0.357143 0.500000
vt 0.357143 0.666667
vt 0.428571 1.000000
vt 0.428571 0.833333
vt 0.428571 0.166667
vt 0.428571 0.000000
vt 0.428571 0.333333
vt 0.428571 0.500000
vt 0.428571 0.666667
vt 0.571429 1.000000
vt 0.571429 0.833333
vt 0.571429 0.166667
vt 0.571429 0.000000
vt 0.571429 0.333333
vt 0.571429 0.500000
vt 0.571429 0.666667
vt 0.642857 1.000000
vt 0.642857 0.833333
vt 0.642857 0.166667
vt 0.642857 0.000000
vt 0.642857 0.333333
vt 0.642857 0.500000
vt 0.642857 0.666667
vt 0.714286 1.000000
vt 0.714286 0.833333
vt 0.714286 0.166667
vt 0.714286 0.000000
vt 0.714286 0.333333
vt 0.714286 0.500000
vt 0.714286 0.666667
vt 0.785714 1.000000
vt 0.785714 0.833333
vt 0.785714 0.166667
vt 0.785714 0.000000
vt 0.785714 0.333333
vt 0.785714 0.500000
vt 0.785714 0.666667
vt 0.857143 1.000000
vt 0.857143 0.833333
vt 0.857143 0.166667
vt 0.857143 0.000000
vt 0.857143 0.333333
vt 0.857143 0.500000
vt 0.857143 0.666667
vt 0.928571 1.000000
vt 0.928571 0.833333
vt 0.928571 0.166667
vt 0.928571 0.000000
vt 0.928571 0.333333
vt 0.928571 0.500000
vt 0.928571 0.666667
vt 0.166667 1.000000
vt 0.166667 0.833333
vt 0.166667 0.166667
vt 0.166667 0.000000
vt 0.166667 0.333333
vt 0.166667 0.500000
vt 0.166667 0.666667
vt 0.333333 1.000000
vt 0.333333 0.833333
vt 0.333333 0.166667
vt 0.333333 0.000000
vt 0.333333 0.333333
vt 0.333333 0.500000
vt 0.333333 0.666667
vt 0.666667 1.000000
vt 0.666667 0.833333
vt 0.666667 0.166667
vt 0.666667 0.000000
vt 0.666667 0.333333
vt 0.666667 0.500000
vt 0.666667 0.666667
vt 0.833333 1.000000
vt 0.833333 0.833333
vt 0.833333 0.166667
vt 0.833333 0.000000
vt 0.833333 0.333333
vt 0.833333 0.500000
vt 0.833333 0.666667
vt 0.100000 1.000000
vt 0.100000 0.833333
vt 0.100000 0.166667
vt 0.100000 0.000000
vt 0.100000 0.333333
vt 0.100000 0.500000
vt 0.100000 0.666667
vt 0.200000 1.000000
vt 0.200000 0.833333
vt 0.200000 0.166667
vt 0.200000 0.000000
vt 0.200000 0.333333
vt 0.200000 0.500000
vt 0.200000 0.666667
vt 0.300000 1.000000
vt 0.300000 0.833333
vt 0.300000 0.166667
vt 0.300000 0.000000
vt 0.300000 0.333333
vt 0.300000 0.500000
vt 0.300000 0.666667
vt 0.400000 1.000000
vt 0.400000 0.833333
vt 0.400000 0.166667
vt 0.400000 0.000000
vt 0.400000 0.333333
vt 0.400000 0.500000
vt 0.400000 0.666667
vt 0.600000 1.000000
vt 0.600000 0.833333
vt 0.600000 0.166667
vt 0.600000 0.000000
vt 0.600000 0.333333
vt 0.600000 0.500000
vt 0.600000 0.666667
vt 0.700000 1.000000
vt 0.700000 0.833333
vt 0.700000 0.166667
vt 0.700000 0.000000
vt 0.700000 0.333333
vt 0.700000 0.500000
vt 0.700000 0.666667
vt 0.800000 1.000000
vt 0.800000 0.833333
vt 0.800000 0.166667
vt 0.800000 0.000000
vt 0.800000 0.333333
vt 0.800000 0.500000
vt 0.800000 0.666667
vt 0.900000 1.000000
vt 0.900000 0.833333
vt 0.900000 0.166667
vt 0.900000 0.000000
vt 0.900000 0.333333
vt 0.900000 0.500000
vt 0.900000 0.666667
s 1
f 1/1/1 7/2/2 12/3/3 6/4/4
f 2/5/5 8/6/6 7/7/2 1/8/1
f 3/9/7 9/10/8 8/6/6 2/5/5
f 4/11/9 10/12/10 9/10/8 3/9/7
f 5/13/11 11/14/12 10/12/10 4/11/9
f 6/4/4 12/3/3 11/14/12 5/13/11
f 7/2/2 13/15/13 18/16/14 12/3/3
f 8/6/6 14/17/15 13/18/13 7/7/2
f 9/10/8 15/19/16 14/17/15 8/6/6
f 10/12/10 16/20/17 15/19/16 9/10/8
f 11/14/12 17/21/18 16/20/17 10/12/10
f 12/3/3 18/16/14 17/21/18 11/14/12
f 13/15/13 19/22/19 24/23/20 18/16/14
f 14/17/15 20/24/21 19/25/19 13/18/13
f 15/19/16 21/26/22 20/24/21 14/17/15
f 16/20/17 22/27/23 21/26/22 15/19/16
f 17/21/18 23/28/24 22/27/23 16/20/17
f 18/16/14 24/23/20 23/28/24 17/21/18
f 19/22/19 25/29/25 30/30/26 24/23/20
f 20/24/21 26/31/27 25/32/25 19/25/19
f 21/26/22 27/33/28 26/31/27 20/24/21
f 22/27/23 28/34/29 27/33/28 21/26/22
f 23/28/24 29/35/30 28/34/29 22/27/23
f 24/23/20 30/30/26 29/35/30 23/28/24
f 25/29/25 31/36/31 36/37/32 30/30/26
f 26/31/27 32/38/33 31/39/31 25/32/25
f 27/33/28 33/40/34 32/38/33 26/31/27
f 28/34/29 34/41/35 33/40/34 27/33/28
f 29/35/30 35/42/36 34/41/35 28/34/29
f 30/30/26 36/37/32 35/42/36 29/35/30
f 31/36/31 37/43/37 42/44/38 36/37/32
f 32/38/33 38/45/39 37/46/37 31/39/31
f 33/40/34 39/47/40 38/45/39 32/38/33
f 34/41/35 40/48/41 39/47/40 33/40/34
f 35/42/36 41/49/42 40/48/41 34/41/35
f 36/37/32 42/44/38 41/49/42 35/42/36
f 37/43/37 43/50/43 48/51/44 42/44/38
f 38/45/39 44/52/45 43/53/43 37/46/37
f 39/47/40 45/54/46 44/52/45 38/45/39
f 40/48/41 46/55/47 45/54/46 39/47/40
f 41/49/42 47/56/48 46/55/47 40/48/41
f 42/44/38 48/51/44 47/56/48 41/49/42
f 43/50/43 49/57/49 54/58/50 48/51/44
f 44/52/45 50/59/51 49/60/49 43/53/43
f 45/54/46 51/61/52 50/59/51 44/52/45
f 46/55/47 52/62/53 51/61/52 45/54/46
f 47/56/48 53/63/54 52/62/53 46/55/47
f 48/51/44 54/58/50 53/63/54 47/56/48
f 49/57/49 55/64/55 60/65/56 54/58/50
f 50/59/51 56/66/57 55/67/55 49/60/49
f 51/61/52 57/68/58 56/66/57 50/59/51
f 52/62/53 58/69/59 57/68/58 51/61/52
f 53/63/54 59/70/60 58/69/59 52/62/53
f 54/58/50 60/65/56 59/70/60 53/63/54
f 55/64/55 61/71/61 66/72/62 60/65/56
f 56/66/57 62/73/63 61/74/61 55/67/55
f 57/68/58 63/75/64 62/73/63 56/66/57
f 58/69/59 64/76/65 63/75/64 57/68/58
f 59/70/60 65/77/66 64/76/65 58/69/59
f 60/65/56 66/72/62 65/77/66 59/70/60
f 61/71/61 67/78/67 72/79/68 66/72/62
f 62/73/63 68/80/69 67/81/67 61/74/61
f 63/75/64 69/82/70 68/80/69 62/73/63
f 64/76/65 70/83/71 69/82/70 63/75/64
f 65/77/66 71/84/72 70/83/71 64/76/65
f 66/72/62 72/79/68 71/84/72 65/77/66
f 67/78/67 73/85/73 78/86/74 72/79/68
f 68/80/69 74/87/75 73/88/73 67/81/67
f 69/82/70 75/89/76 74/87/75 68/80/69
f 70/83/71 76/90/77 75/89/76 69/82/70
f 71/84/72 77/91/78 76/90/77 70/83/71
f 72/79/68 78/86/74 77/91/78 71/84/72
f 73/85/73 79/92/79 84/93/80 78/86/74
f 74/87/75 80/94/81 79/95/79 73/88/73
f 75/89/76 81/96/82 80/94/81 74/87/75
f 76/90/77 82/97/83 81/96/82 75/89/76
f 77/91/78 83/98/84 82/97/83 76/90/77
f 78/86/74 84/93/80 83/98/84 77/91/78
f 79/92/79 85/99/85 90/100/86 84/93/80
f 80/94/81 86/101/87 85/102/85 79/95/79
f 81/96/82 87/103/88 86/101/87 80/94/81
f 82/97/83 88/104/89 87/103/88 81/96/82
f 83/98/84 89/105/90 88/104/89 82/97/83
f 84/93/80 90/100/86 89/105/90 83/98/84
f 85/99/85 91/106/91 96/107/92 90/100/86
f 86/101/87 92/108/93 91/109/91 85/102/85
f 87/103/88 93/110/94 92/108/93 86/101/87
f 88/104/89 94/111/95 93/110/94 87/103/88
f 89/105/90 95/112/96 94/111/95 88/104/89
f 90/100/86 96/107/92 95/112/96 89/105/90
f 91/106/91 97/113/97 102/114/98 96/107/92
f 92/108/93 98/115/99 97/116/97 91/109/91
f 93/110/94 99/117/100 98/115/99 92/108/93
f 94/111/95 100/118/101 99/117/100 93/110/94
f 95/112/96 101/119/102 100/118/101 94/111/95
f 96/107/92 102/114/98 101/119/102 95/112/96
f 103/1/103 109/120/104 114/121/105 108/4/106
f 104/5/107 110/122/108 109/123/104 103/8/103
f 105/9/109 111/124/110 110/122/108 104/5/107
f 106/11/111 112/125/112 111/124/110 105/9/109
f 107/13/113 113/126/114 112/125/112 106/11/111
f 108/4/106 114/121/105 113/126/114 107/13/113
f 109/120/104 115/127/115 120/128/116 114/121/105
f 110/122/108 116/129/117 115/130/115 109/123/104
f 111/124/110 117/131/118 116/129/117 110/122/108
f 112/125/112 118/132/119 117/131/118 111/124/110
f 113/126/114 119/133/120 118/132/119 112/125/112
f 114/121/105 120/128/116 119/133/120 113/126/114
f 115/127/115 121/134/121 126/135/122 120/128/116
f 116/129/117 122/136/123 121/137/121 115/130/115
f 117/131/118 123/138/124 122/136/123 116/129/117
f 118/132/119 124/139/125 123/138/124 117/131/118
f 119/133/120 125/140/126 124/139/125 118/132/119
f 120/128/116 126/135/122 125/140/126 119/133/120
f 121/134/121 127/141/127 132/142/128 126/135/122
f 122/136/123 128/143/129 127/144/127 121/137/121
f 123/138/124 129/145/130 128/143/129 122/136/123
f 124/139/125 130/146/131 129/145/130 123/138/124
f 125/140/126 131/147/132 130/146/131 124/139/125
f 126/135/122 132/142/128 131/147/132 125/140/126
f 127/141/127 133/148/133 138/149/134 132/142/128
f 128/143/129 134/150/135 133/151/133 127/144/127
f 129/145/130 135/152/136 134/150/135 128/143/129
f 130/146/131 136/153/137 135/152/136 129/145/130
f 131/147/132 137/154/138 136/153/137 130/146/131
f 132/142/128 138/149/134 137/154/138 131/147/132
f 133/148/133 139/155/139 144/156/140 138/149/134
f 134/150/135 140/157/141 139/158/139 133/151/133
f 135/152/136 141/159/142 140/157/141 134/150/135
f 136/153/137 142/160/143 141/159/142 135/152/136
f 137/154/138 143/161/144 142/160/143 136/153/137
f 138/149/134 144/156/140 143/161/144 137/154/138
f 139/155/139 145/57/145 150/58/146 144/156/140
f 140/157/141 146/59/147 145/60/145 139/158/139
f 141/159/142 147/61/148 146/59/147 140/157/141
f 142/160/143 148/62/149 147/61/148 141/159/142
f 143/161/144 149/63/150 148/62/149 142/160/143
f 144/156/140 150/58/146 149/63/150 143/161/144
f 145/57/145 151/162/151 156/163/152 150/58/146
f 146/59/147 152/164/153 151/165/151 145/60/145
f 147/61/148 153/166/154 152/164/153 146/59/147
f 148/62/149 154/167/155 153/166/154 147/61/148
f 149/63/150 155/168/156 154/167/155 148/62/149
f 150/58/146 156/163/152 155/168/156 149/63/150
f 151/162/151 157/169/157 162/170/158 156/163/152
f 152/164/153 158/171/159 157/172/157 151/165/151
f 153/166/154 159/173/160 158/171/159 152/164/153
f 154/167/155 160/174/161 159/173/160 153/166/154
f 155/168/156 161/175/162 160/174/161 154/167/155
f 156/163/152 162/170/158 161/175/162 155/168/156
f 157/169/157 163/176/163 168/177/164 162/170/158
f 158/171/159 164/178/165 163/179/163 157/172/157
f 159/173/160 165/180/166 164/178/165 158/171/159
f 160/174/161 166/181/167 165/180/166 159/173/160
f 161/175/162 167/182/168 166/181/167 160/174/161
f 162/170/158 168/177/164 167/182/168 161/175/162
f 163/176/163 169/183/169 174/184/170 168/177/164
f 164/178/165 170/185/171 169/186/169 163/179/163
f 165/180/166 171/187/172 170/185/171 164/178/165
f 166/181/167 172/188/173 171/187/172 165/180/166
f 167/182/168 173/189/174 172/188/173 166/181/167
f 168/177/164 174/184/170 173/189/174 167/182/168
f 169/183/169 175/190/175 180/191/176 174/184/170
f 170/185/171 176/192/177 175/193/175 169/186/169
f 171/187/172 177/194/178 176/192/177 170/185/171
f 172/188/173 178/195/179 177/194/178 171/187/172
f 173/189/174 179/196/180 178/195/179 172/188/173
f 174/184/170 180/191/176 179/196/180 173/189/174
f 175/190/175 181/197/181 186/198/182 180/191/176
f 176/192/177 182/199/183 181/200/181 175/193/175
f 177/194/178 183/201/184 182/199/183 176/192/177
f 178/195/179 184/202/185 183/201/184 177/194/178
f 179/196/180 185/203/186 184/202/185 178/195/179
f 180/191/176 186/198/182 185/203/186 179/196/180
f 181/197/181 187/113/187 192/114/188 186/198/182
f 182/199/183 188/115/189 187/116/187 181/200/181
f 183/201/184 189/117/190 188/115/189 182/199/183
f 184/202/185 190/118/191 189/117/190 183/201/184
f 185/203/186 191/119/192 190/118/191 184/202/185
f 186/198/182 192/114/188 191/119/192 185/203/186
f 193/1/193 199/15/194 204/16/195 198/4/196
f 194/5/197 200/17/198 199/18/194 193/8/193
f 195/9/199 201/19/200 200/17/198 194/5/197
f 196/11/201 202/20/202 201/19/200 195/9/199
f 197/13/203 203/21/204 202/20/202 196/11/201
f 198/4/196 204/16/195 203/21/204 197/13/203
f 199/15/194 205/29/205 210/30/206 204/16/195
f 200/17/198 206/31/207 205/32/205 199/18/194
f 201/19/200 207/33/208 206/31/207 200/17/198
f 202/20/202 208/34/209 207/33/208 201/19/200
f 203/21/204 209/35/210 208/34/209 202/20/202
f 204/16/195 210/30/206 209/35/210 203/21/204
f 205/29/205 211/43/211 216/44/212 210/30/206
f 206/31/207 212/45/213 211/46/211 205/32/205
f 207/33/208 213/47/214 212/45/213 206/31/207
f 208/34/209 214/48/215 213/47/214 207/33/208
f 209/35/210 215/49/216 214/48/215 208/34/209
f 210/30/206 216/44/212 215/49/216 209/35/210
f 211/43/211 217/57/217 222/58/218 216/44/212
f 212/45/213 218/59/219 217/60/217 211/46/211
f 213/47/214 219/61/220 218/59/219 212/45/213
f 214/48/215 220/62/221 219/61/220 213/47/214
f 215/49/216 221/63/222 220/62/221 214/48/215
f 216/44/212 222/58/218 221/63/222 215/49/216
f 217/57/217 223/71/223 228/72/224 222/58/218
f 218/59/219 224/73/225 223/74/223 217/60/217
f 219/61/220 225/75/226 224/73/225 218/59/219
f 220/62/221 226/76/227 225/75/226 219/61/220
f 221/63/222 227/77/228 226/76/227 220/62/221
f 222/58/218 228/72/224 227/77/228 221/63/222
f 223/71/223 229/85/229 234/86/230 228/72/224
f 224/73/225 230/87/231 229/88/229 223/74/223
f 225/75/226 231/89/232 230/87/231 224/73/225
f 226/76/227 232/90/233 231/89/232 225/75/226
f 227/77/228 233/91/234 232/90/233 226/76/227
f 228/72/224 234/86/230 233/91/234 227/77/228
f 229/85/229 235/99/235 240/100/236 234/86/230
f 230/87/231 236/101/237 235/102/235 229/88/229
f 231/89/232 237/103/238 236/101/237 230/87/231
f 232/90/233 238/104/239 237/103/238 231/89/232
f 233/91/234 239/105/240 238/104/239 232/90/233
f 234/86/230 240/100/236 239/105/240 233/91/234
f 235/99/235 241/113/241 246/114/242 240/100/236
f 236/101/237 242/115/243 241/116/241 235/102/235
f 237/103/238 243/117/244 242/115/243 236/101/237
f 238/104/239 244/118/245 243/117/244 237/103/238
f 239/105/240 245/119/246 244/118/245 238/104/239
f 240/100/236 246/114/242 245/119/246 239/105/240
f 247/1/247 253/15/248 258/16/249 252/4/250
f 248/5/251 254/17/252 253/18/248 247/8/247
f 249/9/253 255/19/254 254/17/252 248/5/251
f 250/11/255 256/20/256 255/19/254 249/9/253
f 251/13/257 257/21/258 256/20/256 250/11/255
f 252/4/250 258/16/249 257/21/258 251/13/257
f 253/15/248 259/29/259 264/30/260 258/16/249
f 254/17/252 260/31/261 259/32/259 253/18/248
f 255/19/254 261/33/262 260/31/261 254/17/252
f 256/20/256 262/34/263 261/33/262 255/19/254
f 257/21/258 263/35/264 262/34/263 256/20/256
f 258/16/249 264/30/260 263/35/264 257/21/258
f 259/29/259 265/43/265 270/44/266 264/30/260
f 260/31/261 266/45/267 265/46/265 259/32/259
f 261/33/262 267/47/268 266/45/267 260/31/261
f 262/34/263 268/48/269 267/47/268 261/33/262
f 263/35/264 269/49/270 268/48/269 262/34/263
f 264/30/260 270/44/266 269/49/270 263/35/264
f 265/43/265 271/57/271 276/58/272 270/44/266
f 266/45/267 272/59/273 271/60/271 265/46/265
f 267/47/268 273/61/274 272/59/273 266/45/267
f 268/48/269 274/62/275 273/61/274 267/47/268
f 269/49/270 275/63/276 274/62/275 268/48/269
f 270/44/266 276/58/272 275/63/276 269/49/270
f 271/57/271 277/71/277 282/72/278 276/58/272
f 272/59/273 278/73/279 277/74/277 271/60/271
f 273/61/274 279/75/280 278/73/279 272/59/273
f 274/62/275 280/76/281 279/75/280 273/61/274
f 275/63/276 281/77/282 280/76/281 274/62/275
f 276/58/272 282/72/278 281/77/282 275/63/276
f 277/71/277 283/85/283 288/86/284 282/72/278
f 278/73/279 284/87/285 283/88/283 277/74/277
f 279/75/280 285/89/286 284/87/285 278/73/279
f 280/76/281 286/90/287 285/89/286 279/75/280
f 281/77/282 287/91/288 286/90/287 280/76/281
f 282/72/278 288/86/284 287/91/288 281/77/282
f 283/85/283 289/99/289 294/100/290 288/86/284
f 284/87/285 290/101/291 289/102/289 283/88/283
f 285/89/286 291/103/292 290/101/291 284/87/285
f 286/90/287 292/104/293 291/103/292 285/89/286
f 287/91/288 293/105/294 292/104/293 286/90/287
f 288/86/284 294/100/290 293/105/294 287/91/288
f 289/99/289 295/113/295 300/114/296 294/100/290
f 290/101/291 296/115/297 295/116/295 289/102/289
f 291/103/292 297/117/298 296/115/297 290/101/291
f 292/104/293 298/118/299 297/117/298 291/103/292
f 293/105/294 299/119/300 298/118/299 292/104/293
f 294/100/290 300/114/296 299/119/300 293/105/294
f 301/1/301 307/204/302 312/205/303 306/4/304
f 302/5/305 308/206/306 307/207/302 301/8/301
f 303/9/307 309/208/308 308/206/306 302/5/305
f 304/11/309 310/209/310 309/208/308 303/9/307
f 305/13/311 311/210/312 310/209/310 304/11/309
f 306/4/304 312/205/303 311/210/312 305/13/311
f 307/204/302 313/211/313 318/212/314 312/205/303
f 308/206/306 314/213/315 313/214/313 307/207/302
f 309/208/308 315/215/316 314/213/315 308/206/306
f 310/209/310 316/216/317 315/215/316 309/208/308
f 311/210/312 317/217/318 316/216/317 310/209/310
f 312/205/303 318/212/314 317/217/318 311/210/312
f 313/211/313 319/57/319 324/58/320 318/212/314
f 314/213/315 320/59/321 319/60/319 313/214/313
f 315/215/316 321/61/322 320/59/321 314/213/315
f 316/216/317 322/62/323 321/61/322 315/215/316
f 317/217/318 323/63/324 322/62/323 316/216/317
f 318/212/314 324/58/320 323/63/324 317/217/318
f 319/57/319 325/218/325 330/219/326 324/58/320
f 320/59/321 326/220/327 325/221/325 319/60/319
f 321/61/322 327/222/328 326/220/327 320/59/321
f 322/62/323 328/223/329 327/222/328 321/61/322
f 323/63/324 329/224/330 328/223/329 322/62/323
f 324/58/320 330/219/326 329/224/330 323/63/324
f 325/218/325 331/225/331 336/226/332 330/219/326
f 326/220/327 332/227/333 331/228/331 325/221/325
f 327/222/328 333/229/334 332/227/333 326/220/327
f 328/223/329 334/230/335 333/229/334 327/222/328
f 329/224/330 335/231/336 334/230/335 328/223/329
f 330/219/326 336/226/332 335/231/336 329/224/330
f 331/225/331 337/113/337 342/114/338 336/226/332
f 332/227/333 338/115/339 337/116/337 331/228/331
f 333/229/334 339/117/340 338/115/339 332/227/333
f 334/230/335 340/118/341 339/117/340 333/229/334
f 335/231/336 341/119/342 340/118/341 334/230/335
f 336/226/332 342/114/338 341/119/342 335/231/336
f 343/1/343 349/29/344 354/30/345 348/4/346
f 344/5/347 350/31/348 349/32/344 343/8/343
f 345/9/349 351/33/350 350/31/348 344/5/347
f 346/11/351 352/34/352 351/33/350 345/9/349
f 347/13/353 353/35/354 352/34/352 346/11/351
f 348/4/346 354/30/345 353/35/354 347/13/353
f 349/29/344 355/57/355 360/58/356 354/30/345
f 350/31/348 356/59/357 355/60/355 349/32/344
f 351/33/350 357/61/358 356/59/357 350/31/348
f 352/34/352 358/62/359 357/61/358 351/33/350
f 353/35/354 359/63/360 358/62/359 352/34/352
f 354/30/345 360/58/356 359/63/360 353/35/354
f 355/57/355 361/85/361 366/86/362 360/58/356
f 356/59/357 362/87/363 361/88/361 355/60/355
f 357/61/358 363/89/364 362/87/363 356/59/357
f 358/62/359 364/90/365 363/89/364 357/61/358
f 359/63/360 365/91/366 364/90/365 358/62/359
f 360/58/356 366/86/362 365/91/366 359/63/360
f 361/85/361 367/113/367 372/114/368 366/86/362
f 362/87/363 368/115/369 367/116/367 361/88/361
f 363/89/364 369/117/370 368/115/369 362/87/363
f 364/90/365 370/118/371 369/117/370 363/89/364
f 365/91/366 371/119/372 370/118/371 364/90/365
f 366/86/362 372/114/368 371/119/372 365/91/366
f 373/1/373 379/29/374 384/30/375 378/4/376
f 374/5/377 380/31/378 379/32/374 373/8/373
f 375/9/379 381/33/380 380/31/378 374/5/377
f 376/11/381 382/34/382 381/33/380 375/9/379
f 377/13/383 383/35/384 382/34/382 376/11/381
f 378/4/376 384/30/375 383/35/384 377/13/383
f 379/29/374 385/57/385 390/58/386 384/30/375
f 380/31/378 386/59/387 385/60/385 379/32/374
f 381/33/380 387/61/388 386/59/387 380/31/378
f 382/34/382 388/62/389 387/61/388 381/33/380
f 383/35/384 389/63/390 388/62/389 382/34/382
f 384/30/375 390/58/386 389/63/390 383/35/384
f 385/57/385 391/85/391 396/86/392 390/58/386
f 386/59/387 392/87/393 391/88/391 385/60/385
f 387/61/388 393/89/394 392/87/393 386/59/387
f 388/62/389 394/90/395 393/89/394 387/61/388
f 389/63/390 395/91/396 394/90/395 388/62/389
f 390/58/386 396/86/392 395/91/396 389/63/390
f 391/85/391 397/113/397 402/114/398 396/86/392
f 392/87/393 398/115/399 397/116/397 391/88/391
f 393/89/394 399/117/400 398/115/399 392/87/393
f 394/90/395 400/118/401 399/117/400 393/89/394
f 395/91/396 401/119/402 400/118/401 394/90/395
f 396/86/392 402/114/398 401/119/402 395/91/396
f 403/1/403 409/232/404 414/233/405 408/4/406
f 404/5/407 410/234/408 409/235/404 403/8/403
f 405/9/409 411/236/410 410/234/408 404/5/407
f 406/11/411 412/237/412 411/236/410 405/9/409
f 407/13/413 413/238/414 412/237/412 406/11/411
f 408/4/406 414/233/405 413/238/414 407/13/413
f 409/232/404 415/239/415 420/240/416 414/233/405
f 410/234/408 416/241/417 415/242/415 409/235/404
f 411/236/410 417/243/418 416/241/417 410/234/408
f 412/237/412 418/244/419 417/243/418 411/236/410
f 413/238/414 419/245/420 418/244/419 412/237/412
f 414/233/405 420/240/416 419/245/420 413/238/414
f 415/239/415 421/246/421 426/247/422 420/240/416
f 416/241/417 422/248/423 421/249/421 415/242/415
f 417/243/418 423/250/424 422/248/423 416/241/417
f 418/244/419 424/251/425 423/250/424 417/243/418
f 419/245/420 425/252/426 424/251/425 418/244/419
f 420/240/416 426/247/422 425/252/426 419/245/420
f 421/246/421 427/253/427 432/254/428 426/247/422
f 422/248/423 428/255/429 427/256/427 421/249/421
f 423/250/424 429/257/430 428/255/429 422/248/423
f 424/251/425 430/258/431 429/257/430 423/250/424
f 425/252/426 431/259/432 430/258/431 424/251/425
f 426/247/422 432/254/428 431/259/432 425/252/426
f 427/253/427 433/57/433 438/58/434 432/254/428
f 428/255/429 434/59/435 433/60/433 427/256/427
f 429/257/430 435/61/436 434/59/435 428/255/429
f 430/258/431 436/62/437 435/61/436 429/257/430
f 431/259/432 437/63/438 436/62/437 430/258/431
f 432/254/428 438/58/434 437/63/438 431/259/432
f 433/57/433 439/260/439 444/261/440 438/58/434
f 434/59/435 440/262/441 439/263/439 433/60/433
f 435/61/436 441/264/442 440/262/441 434/59/435
f 436/62/437 442/265/443 441/264/442 435/61/436
f 437/63/438 443/266/444 442/265/443 436/62/437
f 438/58/434 444/261/440 443/266/444 437/63/438
f 439/260/439 445/267/445 450/268/446 444/261/440
f 440/262/441 446/269/447 445/270/445 439/263/439
f 441/264/442 447/271/448 446/269/447 440/262/441
f 442/265/443 448/272/449 447/271/448 441/264/442
f 443/266/444 449/273/450 448/272/449 442/265/443
f 444/261/440 450/268/446 449/273/450 443/266/444
f 445/267/445 451/274/451 456/275/452 450/268/446
f 446/269/447 452/276/453 451/277/451 445/270/445
f 447/271/448 453/278/454 452/276/453 446/269/447
f 448/272/449 454/279/455 453/278/454 447/271/448
f 449/273/450 455/280/456 454/279/455 448/272/449
f 450/268/446 456/275/452 455/280/456 449/273/450
f 451/274/451 457/281/457 462/282/458 456/275/452
f 452/276/453 458/283/459 457/284/457 451/277/451
f 453/278/454 459/285/460 458/283/459 452/276/453
f 454/279/455 460/286/461 459/285/460 453/278/454
f 455/280/456 461/287/462 460/286/461 454/279/455
f 456/275/452 462/282/458 461/287/462 455/280/456
f 457/281/457 463/113/463 468/114/464 462/282/458
f 458/283/459 464/115/465 463/116/463 457/284/457
f 459/285/460 465/117/466 464/115/465 458/283/459
f 460/286/461 466/118/467 465/117/466 459/285/460
f 461/287/462 467/119/468 466/118/467 460/286/461
f 462/282/458 468/114/464 467/119/468 461/287/462
f 469/1/469 475/232/470 480/233/471 474/4/472
f 470/5/473 476/234/474 475/235/470 469/8/469
f 471/9/475 477/236/476 476/234/474 470/5/473
f 472/11/477 478/237/478 477/236/476 471/9/475
f 473/13/479 479/238/480 478/237/478 472/11/477
f 474/4/472 480/233/471 479/238/480 473/13/479
f 475/232/470 481/239/481 486/240/482 480/233/471
f 476/234/474 482/241/483 481/242/481 475/235/470
f 477/236/476 483/243/484 482/241/483 476/234/474
f 478/237/478 484/244/485 483/243/484 477/236/476
f 479/238/480 485/245/486 484/244/485 478/237/478
f 480/233/471 486/240/482 485/245/486 479/238/480
f 481/239/481 487/246/487 492/247/488 486/240/482
f 482/241/483 488/248/489 487/249/487 481/242/481
f 483/243/484 489/250/490 488/248/489 482/241/483
f 484/244/485 490/251/491 489/250/490 483/243/484
f 485/245/486 491/252/492 490/251/491 484/244/485
f 486/240/482 492/247/488 491/252/492 485/245/486
f 487/246/487 493/253/493 498/254/494 492/247/488
f 488/248/489 494/255/495 493/256/493 487/249/487
f 489/250/490 495/257/496 494/255/495 488/248/489
f 490/251/491 496/258/497 495/257/496 489/250/490
f 491/252/492 497/259/498 496/258/497 490/251/491
f 492/247/488 498/254/494 497/259/498 491/252/492
f 493/253/493 499/57/499 504/58/500 498/254/494
f 494/255/495 500/59/501 499/60/499 493/256/493
f 495/257/496 501/61/502 500/59/501 494/255/495
f 496/258/497 502/62/503 501/61/502 495/257/496
f 497/259/498 503/63/504 502/62/503 496/258/497
f 498/254/494 504/58/500 503/63/504 497/259/498
f 499/57/499 505/260/505 510/261/506 504/58/500
f 500/59/501 506/262/507 505/263/505 499/60/499
f 501/61/502 507/264/508 506/262/507 500/59/501
f 502/62/503 508/265/509 507/264/508 501/61/502
f 503/63/504 509/266/510 508/265/509 502/62/503
f 504/58/500 510/261/506 509/266/510 503/63/504
f 505/260/505 511/267/511 516/268/512 510/261/506
f 506/262/507 512/269/513 511/270/511 505/263/505
f 507/264/508 513/271/514 512/269/513 506/262/507
f 508/265/509 514/272/515 513/271/514 507/264/508
f 509/266/510 515/273/516 514/272/515 508/265/509
f 510/261/506 516/268/512 515/273/516 509/266/510
f 511/267/511 517/274/517 522/275/518 516/268/512
f 512/269/513 518/276/519 517/277/517 511/270/511
f 513/271/514 519/278/520 518/276/519 512/269/513
f 514/272/515 520/279/521 519/278/520 513/271/514
f 515/273/516 521/280/522 520/279/521 514/272/515
f 516/268/512 522/275/518 521/280/522 515/273/516
f 517/274/517 523/281/523 528/282/524 522/275/518
f 518/276/519 524/283/525 523/284/523 517/277/517
f 519/278/520 525/285/526 524/283/525 518/276/519
f 520/279/521 526/286/527 525/285/526 519/278/520
f 521/280/522 527/287/528 526/286/527 520/279/521
f 522/275/518 528/282/524 527/287/528 521/280/522
f 523/281/523 529/113/529 534/114/530 528/282/524
f 524/283/525 530/115/531 529/116/529 523/284/523
f 525/285/526 531/117/532 530/115/531 524/283/525
f 526/286/527 532/118/533 531/117/532 525/285/526
f 527/287/528 533/119/534 532/118/533 526/286/527
f 528/282/524 534/114/530 533/119/534 527/287/528
f 535/1/535 541/232/536 546/233/537 540/4/538
f 536/5/539 542/234/540 541/235/536 535/8/535
f 537/9/541 543/236/542 542/234/540 536/5/539
f 538/11/543 544/237/544 543/236/542 537/9/541
f 539/13/545 545/238/546 544/237/544 538/11/543
f 540/4/538 546/233/537 545/238/546 539/13/545
f 541/232/536 547/239/547 552/240/548 546/233/537
f 542/234/540 548/241/549 547/242/547 541/235/536
f 543/236/542 549/243/550 548/241/549 542/234/540
f 544/237/544 550/244/551 549/243/550 543/236/542
f 545/238/546 551/245/552 550/244/551 544/237/544
f 546/233/537 552/240/548 551/245/552 545/238/546
f 547/239/547 553/246/553 558/247/554 552/240/548
f 548/241/549 554/248/555 553/249/553 547/242/547
f 549/243/550 555/250/556 554/248/555 548/241/549
f 550/244/551 556/251/557 555/250/556 549/243/550
f 551/245/552 557/252/558 556/251/557 550/244/551
f 552/240/548 558/247/554 557/252/558 551/245/552
f 553/246/553 559/253/559 564/254/560 558/247/554
f 554/248/555 560/255/561 559/256/559 553/249/553
f 555/250/556 561/257/562 560/255/561 554/248/555
f 556/251/557 562/258/563 561/257/562 555/250/556
f 557/252/558 563/259/564 562/258/563 556/251/557
f 558/247/554 564/254/560 563/259/564 557/252/558
f 559/253/559 565/57/565 570/58/566 564/254/560
f 560/255/561 566/59/567 565/60/565 559/256/559
f 561/257/562 567/61/568 566/59/567 560/255/561
f 562/258/563 568/62/569 567/61/568 561/257/562
f 563/259/564 569/63/570 568/62/569 562/258/563
f 564/254/560 570/58/566 569/63/570 563/259/564
f 565/57/565 571/260/571 576/261/572 570/58/566
f 566/59/567 572/262/573 571/263/571 565/60/565
f 567/61/568 573/264/574 572/262/573 566/59/567
f 568/62/569 574/265/575 573/264/574 567/61/568
f 569/63/570 575/266/576 574/265/575 568/62/569
f 570/58/566 576/261/572 575/266/576 569/63/570
f 571/260/571 577/267/577 582/268/578 576/261/572
f 572/262/573 578/269/579 577/270/577 571/263/571
f 573/264/574 579/271/580 578/269/579 572/262/573
f 574/265/575 580/272/581 579/271/580 573/264/574
f 575/266/576 581/273/582 580/272/581 574/265/575
f 576/261/572 582/268/578 581/273/582 575/266/576
f 577/267/577 583/274/583 588/275/584 582/268/578
f 578/269/579 584/276/585 583/277/583 577/270/577
f 579/271/580 585/278/586 584/276/585 578/269/579
f 580/272/581 586/279/587 585/278/586 579/271/580
f 581/273/582 587/280/588 586/279/587 580/272/581
f 582/268/578 588/275/584 587/280/588 581/273/582
f 583/274/583 589/281/589 594/282/590 588/275/584
f 584/276/585 590/283/591 589/284/589 583/277/583
f 585/278/586 591/285/592 590/283/591 584/276/585
f 586/279/587 592/286/593 591/285/592 585/278/586
f 587/280/588 593/287/594 592/286/593 586/279/587
f 588/275/584 594/282/590 593/287/594 587/280/588
f 589/281/589 595/113/595 600/114/596 594/282/590
f 590/283/591 596/115/597 595/116/595 589/284/589
f 591/285/592 597/117/598 596/115/597 590/283/591
f 592/286/593 598/118/599 597/117/598 591/285/592
f 593/287/594 599/119/600 598/118/599 592/286/593
f 594/282/590 600/114/596 599/119/600 593/287/594
f 601/1/601 607/232/602 612/233/603 606/4/604
f 602/5/605 608/234/606 607/235/602 601/8/601
f 603/9/607 609/236/608 608/234/606 602/5/605
f 604/11/609 610/237/610 609/236/608 603/9/607
f 605/13/611 611/238/612 610/237/610 604/11/609
f 606/4/604 612/233/603 611/238/612 605/13/611
f 607/232/602 613/239/613 618/240/614 612/233/603
f 608/234/606 614/241/615 613/242/613 607/235/602
f 609/236/608 615/243/616 614/241/615 608/234/606
f 610/237/610 616/244/617 615/243/616 609/236/608
f 611/238/612 617/245/618 616/244/617 610/237/610
f 612/233/603 618/240/614 617/245/618 611/238/612
f 613/239/613 619/246/619 624/247/620 618/240/614
f 614/241/615 620/248/621 619/249/619 613/242/613
f 615/243/616 621/250/622 620/248/621 614/241/615
f 616/244/617 622/251/623 621/250/622 615/243/616
f 617/245/618 623/252/624 622/251/623 616/244/617
f 618/240/614 624/247/620 623/252/624 617/245/618
f 619/246/619 625/253/625 630/254/626 624/247/620
f 620/248/621 626/255/627 625/256/625 619/249/619
f 621/250/622 627/257/628 626/255/627 620/248/621
f 622/251/623 628/258/629 627/257/628 621/250/622
f 623/252/624 629/259/630 628/258/629 622/251/623
f 624/247/620 630/254/626 629/259/630 623/252/624
f 625/253/625 631/57/631 636/58/632 630/254/626
f 626/255/627 632/59/633 631/60/631 625/256/625
f 627/257/628 633/61/634 632/59/633 626/255/627
f 628/258/629 634/62/635 633/61/634 627/257/628
f 629/259/630 635/63/636 634/62/635 628/258/629
f 630/254/626 636/58/632 635/63/636 629/259/630
f 631/57/631 637/260/637 642/261/638 636/58/632
f 632/59/633 638/262/639 637/263/637 631/60/631
f 633/61/634 639/264/640 638/262/639 632/59/633
f 634/62/635 640/265/641 639/264/640 633/61/634
f 635/63/636 641/266/642 640/265/641 634/62/635
f 636/58/632 642/261/638 641/266/642 635/63/636
f 637/260/637 643/267/643 648/268/644 642/261/638
f 638/262/639 644/269/645 643/270/643 637/263/637
f 639/264/640 645/271/646 644/269/645 638/262/639
f 640/265/641 646/272/647 645/271/646 639/264/640
f 641/266/642 647/273/648 646/272/647 640/265/641
f 642/261/638 648/268/644 647/273/648 641/266/642
f 643/267/643 649/274/649 654/275/650 648/268/644
f 644/269/645 650/276/651 649/277/649 643/270/643
f 645/271/646 651/278/652 650/276/651 644/269/645
f 646/272/647 652/279/653 651/278/652 645/271/646
f 647/273/648 653/280/654 652/279/653 646/272/647
f 648/268/644 654/275/650 653/280/654 647/273/648
f 649/274/649 655/281/655 660/282/656 654/275/650
f 650/276/651 656/283/657 655/284/655 649/277/649
f 651/278/652 657/285/658 656/283/657 650/276/651
f 652/279/653 658/286/659 657/285/658 651/278/652
f 653/280/654 659/287/660 658/286/659 652/279/653
f 654/275/650 660/282/656 659/287/660 653/280/654
f 655/281/655 661/113/661 666/114/662 660/282/656
f 656/283/657 662/115/663 661/116/661 655/284/655
f 657/285/658 663/117/664 662/115/663 656/283/657
f 658/286/659 664/118/665 663/117/664 657/285/658
f 659/287/660 665/119/666 664/118/665 658/286/659
f 660/282/656 666/114/662 665/119/666 659/287/660
f 667/1/667 673/232/668 678/233/669 672/4/670
f 668/5/671 674/234/672 673/235/668 667/8/667
f 669/9/673 675/236/674 674/234/672 668/5/671
f 670/11/675 676/237/676 675/236/674 669/9/673
f 671/13/677 677/238/678 676/237/676 670/11/675
f 672/4/670 678/233/669 677/238/678 671/13/677
f 673/232/668 679/239/679 684/240/680 678/233/669
f 674/234/672 680/241/681 679/242/679 673/235/668
f 675/236/674 681/243/682 680/241/681 674/234/672
f 676/237/676 682/244/683 681/243/682 675/236/674
f 677/238/678 683/245/684 682/244/683 676/237/676
f 678/233/669 684/240/680 683/245/684 677/238/678
f 679/239/679 685/246/685 690/247/686 684/240/680
f 680/241/681 686/248/687 685/249/685 679/242/679
f 681/243/682 687/250/688 686/248/687 680/241/681
f 682/244/683 688/251/689 687/250/688 681/243/682
f 683/245/684 689/252/690 688/251/689 682/244/683
f 684/240/680 690/247/686 689/252/690 683/245/684
f 685/246/685 691/253/691 696/254/692 690/247/686
f 686/248/687 692/255/693 691/256/691 685/249/685
f 687/250/688 693/257/694 692/255/693 686/248/687
f 688/251/689 694/258/695 693/257/694 687/250/688
f 689/252/690 695/259/696 694/258/695 688/251/689
f 690/247/686 696/254/692 695/259/696 689/252/690
f 691/253/691 697/57/697 702/58/698 696/254/692
f 692/255/693 698/59/699 697/60/697 691/256/691
f 693/257/694 699/61/700 698/59/699 692/255/693
f 694/258/695 700/62/701 699/61/700 693/257/694
f 695/259/696 701/63/702 700/62/701 694/258/695
f 696/254/692 702/58/698 701/63/702 695/259/696
f 697/57/697 703/260/703 708/261/704 702/58/698
f 698/59/699 704/262/705 703/263/703 697/60/697
f 699/61/700 705/264/706 704/262/705 698/59/699
f 700/62/701 706/265/707 705/264/706 699/61/700
f 701/63/702 707/266/708 706/265/707 700/62/701
f 702/58/698 708/261/704 707/266/708 701/63/702
f 703/260/703 709/267/709 714/268/710 708/261/704
f 704/262/705 710/269/711 709/270/709 703/263/703
f 705/264/706 711/271/712 710/269/711 704/262/705
f 706/265/707 712/272/713 711/271/712 705/264/706
f 707/266/708 713/273/714 712/272/713 706/265/707
f 708/261/704 714/268/710 713/273/714 707/266/708
f 709/267/709 715/274/715 720/275/716 714/268/710
f 710/269/711 716/276/717 715/277/715 709/270/709
f 711/271/712 717/278/718 716/276/717 710/269/711
f 712/272/713 718/279/719 717/278/718 711/271/712
f 713/273/714 719/280/720 718/279/719 712/272/713
f 714/268/710 720/275/716 719/280/720 713/273/714
f 715/274/715 721/281/721 726/282/722 720/275/716
f 716/276/717 722/283/723 721/284/721 715/277/715
f 717/278/718 723/285/724 722/283/723 716/276/717
f 718/279/719 724/286/725 723/285/724 717/278/718
f 719/280/720 725/287/726 724/286/725 718/279/719
f 720/275/716 726/282/722 725/287/726 719/280/720
f 721/281/721 727/113/727 732/114/728 726/282/722
f 722/283/723 728/115/729 727/116/727 721/284/721
f 723/285/724 729/117/730 728/115/729 722/283/723
f 724/286/725 730/118/731 729/117/730 723/285/724
f 725/287/726 731/119/732 730/118/731 724/286/725
f 726/282/722 732/114/728 731/119/732 725/287/726
f 733/1/733 739/232/734 744/233/735 738/4/736
f 734/5/737 740/234/738 739/235/734 733/8/733
f 735/9/739 741/236/740 740/234/738 734/5/737
f 736/11/741 742/237/742 741/236/740 735/9/739
f 737/13/743 743/238/744 742/237/742 736/11/741
f 738/4/736 744/233/735 743/238/744 737/13/743
f 739/232/734 745/239/745 750/240/746 744/233/735
f 740/234/738 746/241/747 745/242/745 739/235/734
f 741/236/740 747/243/748 746/241/747 740/234/738
f 742/237/742 748/244/749 747/243/748 741/236/740
f 743/238/744 749/245/750 748/244/749 742/237/742
f 744/233/735 750/240/746 749/245/750 743/238/744
f 745/239/745 751/246/751 756/247/752 750/240/746
f 746/241/747 752/248/753 751/249/751 745/242/745
f 747/243/748 753/250/754 752/248/753 746/241/747
f 748/244/749 754/251/755 753/250/754 747/243/748
f 749/245/750 755/252/756 754/251/755 748/244/749
f 750/240/746 756/247/752 755/252/756 749/245/750
f 751/246/751 757/253/757 762/254/758 756/247/752
f 752/248/753 758/255/759 757/256/757 751/249/751
f 753/250/754 759/257/760 758/255/759 752/248/753
f 754/251/755 760/258/761 759/257/760 753/250/754
f 755/252/756 761/259/762 760/258/761 754/251/755
f 756/247/752 762/254/758 761/259/762 755/252/756
f 757/253/757 763/57/763 768/58/764 762/254/758
f 758/255/759 764/59/765 763/60/763 757/256/757
f 759/257/760 765/61/766 764/59/765 758/255/759
f 760/258/761 766/62/767 765/61/766 759/257/760
f 761/259/762 767/63/768 766/62/767 760/258/761
f 762/254/758 768/58/764 767/63/768 761/259/762
f 763/57/763 769/260/769 774/261/770 768/58/764
f 764/59/765 770/262/771 769/263/769 763/60/763
f 765/61/766 771/264/772 770/262/771 764/59/765
f 766/62/767 772/265/773 771/264/772 765/61/766
f 767/63/768 773/266/774 772/265/773 766/62/767
f 768/58/764 774/261/770 773/266/774 767/63/768
f 769/260/769 775/267/775 780/268/776 774/261/770
f 770/262/771 776/269/777 775/270/775 769/263/769
f 771/264/772 777/271/778 776/269/777 770/262/771
f 772/265/773 778/272/779 777/271/778 771/264/772
f 773/266/774 779/273/780 778/272/779 772/265/773
f 774/261/770 780/268/776 779/273/780 773/266/774
f 775/267/775 781/274/781 786/275/782 780/268/776
f 776/269/777 782/276/783 781/277/781 775/270/775
f 777/271/778 783/278/784 782/276/783 776/269/777
f 778/272/779 784/279/785 783/278/784 777/271/778
f 779/273/780 785/280/786 784/279/785 778/272/779
f 780/268/776 786/275/782 785/280/786 779/273/780
f 781/274/781 787/281/787 792/282/788 786/275/782
f 782/276/783 788/283/789 787/284/787 781/277/781
f 783/278/784 789/285/790 788/283/789 782/276/783
f 784/279/785 790/286/791 789/285/790 783/278/784
f 785/280/786 791/287/792 790/286/791 784/279/785
f 786/275/782 792/282/788 791/287/792 785/280/786
f 787/281/787 793/113/793 798/114/794 792/282/788
f 788/283/789 794/115/795 793/116/793 787/284/787
f 789/285/790 795/117/796 794/115/795 788/283/789
f 790/286/791 796/118/797 795/117/796 789/285/790
f 791/287/792 797/119/798 796/118/797 790/286/791
f 792/282/788 798/114/794 797/119/798 791/287/792
f 799/1/799 805/232/800 810/233/801 804/4/802
f 800/5/803 806/234/804 805/235/800 799/8/799
f 801/9/805 807/236/806 806/234/804 800/5/803
f 802/11/807 808/237/808 807/236/806 801/9/805
f 803/13/809 809/238/810 808/237/808 802/11/807
f 804/4/802 810/233/801 809/238/810 803/13/809
f 805/232/800 811/239/811 816/240/812 810/233/801
f 806/234/804 812/241/813 811/242/811 805/235/800
f 807/236/806 813/243/814 812/241/813 806/234/804
f 808/237/808 814/244/815 813/243/814 807/236/806
f 809/238/810 815/245/816 814/244/815 808/237/808
f 810/233/801 816/240/812 815/245/816 809/238/810
f 811/239/811 817/246/817 822/247/818 816/240/812
f 812/241/813 818/248/819 817/249/817 811/242/811
f 813/243/814 819/250/820 818/248/819 812/241/813
f 814/244/815 820/251/821 819/250/820 813/243/814
f 815/245/816 821/252/822 820/251/821 814/244/815
f 816/240/812 822/247/818 821/252/822 815/245/816
f 817/246/817 823/253/823 828/254/824 822/247/818
f 818/248/819 824/255/825 823/256/823 817/249/817
f 819/250/820 825/257/826 824/255/825 818/248/819
f 820/251/821 826/258/827 825/257/826 819/250/820
f 821/252/822 827/259/828 826/258/827 820/251/821
f 822/247/818 828/254/824 827/259/828 821/252/822
f 823/253/823 829/57/829 834/58/830 828/254/824
f 824/255/825 830/59/831 829/60/829 823/256/823
f 825/257/826 831/61/832 830/59/831 824/255/825
f 826/258/827 832/62/833 831/61/832 825/257/826
f 827/259/828 833/63/834 832/62/833 826/258/827
f 828/254/824 834/58/830 833/63/834 827/259/828
f 829/57/829 835/260/835 840/261/836 834/58/830
f 830/59/831 836/262/837 835/263/835 829/60/829
f 831/61/832 837/264/838 836/262/837 830/59/831
f 832/62/833 838/265/839 837/264/838 831/61/832
f 833/63/834 839/266/840 838/265/839 832/62/833
f 834/58/830 840/261/836 839/266/840 833/63/834
f 835/260/835 841/267/841 846/268/842 840/261/836
f 836/262/837 842/269/843 841/270/841 835/263/835
f 837/264/838 843/271/844 842/269/843 836/262/837
f 838/265/839 844/272/845 843/271/844 837/264/838
f 839/266/840 845/273/846 844/272/845 838/265/839
f 840/261/836 846/268/842 845/273/846 839/266/840
f 841/267/841 847/274/847 852/275/848 846/268/842
f 842/269/843 848/276/849 847/277/847 841/270/841
f 843/271/844 849/278/850 848/276/849 842/269/843
f 844/272/845 850/279/851 849/278/850 843/271/844
f 845/273/846 851/280/852 850/279/851 844/272/845
f 846/268/842 852/275/848 851/280/852 845/273/846
f 847/274/847 853/281/853 858/282/854 852/275/848
f 848/276/849 854/283/855 853/284/853 847/277/847
f 849/278/850 855/285/856 854/283/855 848/276/849
f 850/279/851 856/286/857 855/285/856 849/278/850
f 851/280/852 857/287/858 856/286/857 850/279/851
f 852/275/848 858/282/854 857/287/858 851/280/852
f 853/281/853 859/113/859 864/114/860 858/282/854
f 854/283/855 860/115/861 859/116/859 853/284/853
f 855/285/856 861/117/862 860/115/861 854/283/855
f 856/286/857 862/118/863 861/117/862 855/285/856
f 857/287/858 863/119/864 862/118/863 856/286/857
f 858/282/854 864/114/860 863/119/864 857/287/858
f 865/1/865 871/232/866 876/233/867 870/4/868
f 866/5/869 872/234/870 871/235/866 865/8/865
f 867/9/871 873/236/872 872/234/870 866/5/869
f 868/11/873 874/237/874 873/236/872 867/9/871
f 869/13/875 875/238/876 874/237/874 868/11/873
f 870/4/868 876/233/867 875/238/876 869/13/875
f 871/232/866 877/239/877 882/240/878 876/233/867
f 872/234/870 878/241/879 877/242/877 871/235/866
f 873/236/872 879/243/880 878/241/879 872/234/870
f 874/237/874 880/244/881 879/243/880 873/236/872
f 875/238/876 881/245/882 880/244/881 874/237/874
f 876/233/867 882/240/878 881/245/882 875/238/876
f 877/239/877 883/246/883 888/247/884 882/240/878
f 878/241/879 884/248/885 883/249/883 877/242/877
f 879/243/880 885/250/886 884/248/885 878/241/879
f 880/244/881 886/251/887 885/250/886 879/243/880
f 881/245/882 887/252/888 886/251/887 880/244/881
f 882/240/878 888/247/884 887/252/888 881/245/882
f 883/246/883 889/253/889 894/254/890 888/247/884
f 884/248/885 890/255/891 889/256/889 883/249/883
f 885/250/886 891/257/892 890/255/891 884/248/885
f 886/251/887 892/258/893 891/257/892 885/250/886
f 887/252/888 893/259/894 892/258/893 886/251/887
f 888/247/884 894/254/890 893/259/894 887/252/888
f 889/253/889 895/57/895 900/58/896 894/254/890
f 890/255/891 896/59/897 895/60/895 889/256/889
f 891/257/892 897/61/898 896/59/897 890/255/891
f 892/258/893 898/62/899 897/61/898 891/257/892
f 893/259/894 899/63/900 898/62/899 892/258/893
f 894/254/890 900/58/896 899/63/900 893/259/894
f 895/57/895 901/260/901 906/261/902 900/58/896
f 896/59/897 902/262/903 901/263/901 895/60/895
f 897/61/898 903/264/904 902/262/903 896/59/897
f 898/62/899 904/265/905 903/264/904 897/61/898
f 899/63/900 905/266/906 904/265/905 898/62/899
f 900/58/896 906/261/902 905/266/906 899/63/900
f 901/260/901 907/267/907 912/268/908 906/261/902
f 902/262/903 908/269/909 907/270/907 901/263/901
f 903/264/904 909/271/910 908/269/909 902/262/903
f 904/265/905 910/272/911 909/271/910 903/264/904
f 905/266/906 911/273/912 910/272/911 904/265/905
f 906/261/902 912/268/908 911/273/912 905/266/906
f 907/267/907 913/274/913 918/275/914 912/268/908
f 908/269/909 914/276/915 913/277/913 907/270/907
f 909/271/910 915/278/916 914/276/915 908/269/909
f 910/272/911 916/279/917 915/278/916 909/271/910
f 911/273/912 917/280/918 916/279/917 910/272/911
f 912/268/908 918/275/914 917/280/918 911/273/912
f 913/274/913 919/281/919 924/282/920 918/275/914
f 914/276/915 920/283/921 919/284/919 913/277/913
f 915/278/916 921/285/922 920/283/921 914/276/915
f 916/279/917 922/286/923 921/285/922 915/278/916
f 917/280/918 923/287/924 922/286/923 916/279/917
f 918/275/914 924/282/920 923/287/924 917/280/918
f 919/281/919 925/113/925 930/114/926 924/282/920
f 920/283/921 926/115/927 925/116/925 919/284/919
f 921/285/922 927/117/928 926/115/927 920/283/921
f 922/286/923 928/118/929 927/117/928 921/285/922
f 923/287/924 929/119/930 928/118/929 922/286/923
f 924/282/920 930/114/926 929/119/930 923/287/924
f 931/1/931 937/232/932 942/233/933 936/4/934
f 932/5/935 938/234/936 937/235/932 931/8/931
f 933/9/937 939/236/938 938/234/936 932/5/935
f 934/11/939 940/237/940 939/236/938 933/9/937
f 935/13/941 941/238/942 940/237/940 934/11/939
f 936/4/934 942/233/933 941/238/942 935/13/941
f 937/232/932 943/239/943 948/240/944 942/233/933
f 938/234/936 944/241/945 943/242/943 937/235/932
f 939/236/938 945/243/946 944/241/945 938/234/936
f 940/237/940 946/244/947 945/243/946 939/236/938
f 941/238/942 947/245/948 946/244/947 940/237/940
f 942/233/933 948/240/944 947/245/948 941/238/942
f 943/239/943 949/246/949 954/247/950 948/240/944
f 944/241/945 950/248/951 949/249/949 943/242/943
f 945/243/946 951/250/952 950/248/951 944/241/945
f 946/244/947 952/251/953 951/250/952 945/243/946
f 947/245/948 953/252/954 952/251/953 946/244/947
f 948/240/944 954/247/950 953/252/954 947/245/948
f 949/246/949 955/253/955 960/254/956 954/247/950
f 950/248/951 956/255/957 955/256/955 949/249/949
f 951/250/952 957/257/958 956/255/957 950/248/951
f 952/251/953 958/258/959 957/257/958 951/250/952
f 953/252/954 959/259/960 958/258/959 952/251/953
f 954/247/950 960/254/956 959/259/960 953/252/954
f 955/253/955 961/57/961 966/58/962 960/254/956
f 956/255/957 962/59/963 961/60/961 955/256/955
f 957/257/958 963/61/964 962/59/963 956/255/957
f 958/258/959 964/62/965 963/61/964 957/257/958
f 959/259/960 965/63/966 964/62/965 958/258/959
f 960/254/956 966/58/962 965/63/966 959/259/960
f 961/57/961 967/260/967 972/261/968 966/58/962
f 962/59/963 968/262/969 967/263/967 961/60/961
f 963/61/964 969/264/970 968/262/969 962/59/963
f 964/62/965 970/265/971 969/264/970 963/61/964
f 965/63/966 971/266/972 970/265/971 964/62/965
f 966/58/962 972/261/968 971/266/972 965/63/966
f 967/260/967 973/267/973 978/268/974 972/261/968
f 968/262/969 974/269/975 973/270/973 967/263/967
f 969/264/970 975/271/976 974/269/975 968/262/969
f 970/265/971 976/272/977 975/271/976 969/264/970
f 971/266/972 977/273/978 976/272/977 970/265/971
f 972/261/968 978/268/974 977/273/978 971/266/972
f 973/267/973 979/274/979 984/275/980 978/268/974
f 974/269/975 980/276/981 979/277/979 973/270/973
f 975/271/976 981/278/982 980/276/981 974/269/975
f 976/272/977 982/279/983 981/278/982 975/271/976
f 977/273/978 983/280/984 982/279/983 976/272/977
f 978/268/974 984/275/980 983/280/984 977/273/978
f 979/274/979 985/281/985 990/282/986 984/275/980
f 980/276/981 986/283/987 985/284/985 979/277/979
f 981/278/982 987/285/988 986/283/987 980/276/981
f 982/279/983 988/286/989 987/285/988 981/278/982
f 983/280/984 989/287/990 988/286/989 982/279/983
f 984/275/980 990/282/986 989/287/990 983/280/984
f 985/281/985 991/113/991 996/114/992 990/282/986
f 986/283/987 992/115/993 991/116/991 985/284/985
f 987/285/988 993/117/994 992/115/993 986/283/987
f 988/286/989 994/118/995 993/117/994 987/285/988
f 989/287/990 995/119/996 994/118/995 988/286/989
f 990/282/986 996/114/992 995/119/996 989/287/990
f 997/1/997 1003/232/998 1008/233/999 1002/4/1000
f 998/5/1001 1004/234/1002 1003/235/998 997/8/997
f 999/9/1003 1005/236/1004 1004/234/1002 998/5/1001
f 1000/11/1005 1006/237/1006 1005/236/1004 999/9/1003
f 1001/13/1007 1007/238/1008 1006/237/1006 1000/11/1005
f 1002/4/1000 1008/233/999 1007/238/1008 1001/13/1007
f 1003/232/998 1009/239/1009 1014/240/1010 1008/233/999
f 1004/234/1002 1010/241/1011 1009/242/1009 1003/235/998
f 1005/236/1004 1011/243/1012 1010/241/1011 1004/234/1002
f 1006/237/1006 1012/244/1013 1011/243/1012 1005/236/1004
f 1007/238/1008 1013/245/1014 1012/244/1013 1006/237/1006
f 1008/233/999 1014/240/1010 1013/245/1014 1007/238/1008
f 1009/239/1009 1015/246/1015 1020/247/1016 1014/240/1010
f 1010/241/1011 1016/248/1017 1015/249/1015 1009/242/1009
f 1011/243/1012 1017/250/1018 1016/248/1017 1010/241/1011
f 1012/244/1013 1018/251/1019 1017/250/1018 1011/243/1012
f 1013/245/1014 1019/252/1020 1018/251/1019 1012/244/1013
f 1014/240/1010 1020/247/1016 1019/252/1020 1013/245/1014
f 1015/246/1015 1021/253/1021 1026/254/1022 1020/247/1016
f 1016/248/1017 1022/255/1023 1021/256/1021 1015/249/1015
f 1017/250/1018 1023/257/1024 1022/255/1023 1016/248/1017
f 1018/251/1019 1024/258/1025 1023/257/1024 1017/250/1018
f 1019/252/1020 1025/259/1026 1024/258/1025 1018/251/1019
f 1020/247/1016 1026/254/1022 1025/259/1026 1019/252/1020
f 1021/253/1021 1027/57/1027 1032/58/1028 1026/254/1022
f 1022/255/1023 1028/59/1029 1027/60/1027 1021/256/1021
f 1023/257/1024 1029/61/1030 1028/59/1029 1022/255/1023
f 1024/258/1025 1030/62/1031 1029/61/1030 1023/257/1024
f 1025/259/1026 1031/63/1032 1030/62/1031 1024/258/1025
f 1026/254/1022 1032/58/1028 1031/63/1032 1025/259/1026
f 1027/57/1027 1033/260/1033 1038/261/1034 1032/58/1028
f 1028/59/1029 1034/262/1035 1033/263/1033 1027/60/1027
f 1029/61/1030 1035/264/1036 1034/262/1035 1028/59/1029
f 1030/62/1031 1036/265/1037 1035/264/1036 1029/61/1030
f 1031/63/1032 1037/266/1038 1036/265/1037 1030/62/1031
f 1032/58/1028 1038/261/1034 1037/266/1038 1031/63/1032
f 1033/260/1033 1039/267/1039 1044/268/1040 1038/261/1034
f 1034/262/1035 1040/269/1041 1039/270/1039 1033/263/1033
f 1035/264/1036 1041/271/1042 1040/269/1041 1034/262/1035
f 1036/265/1037 1042/272/1043 1041/271/1042 1035/264/1036
f 1037/266/1038 1043/273/1044 1042/272/1043 1036/265/1037
f 1038/261/1034 1044/268/1040 1043/273/1044 1037/266/1038
f 1039/267/1039 1045/274/1045 1050/275/1046 1044/268/1040
f 1040/269/1041 1046/276/1047 1045/277/1045 1039/270/1039
f 1041/271/1042 1047/278/1048 1046/276/1047 1040/269/1041
f 1042/272/1043 1048/279/1049 1047/278/1048 1041/271/1042
f 1043/273/1044 1049/280/1050 1048/279/1049 1042/272/1043
f 1044/268/1040 1050/275/1046 1049/280/1050 1043/273/1044
f 1045/274/1045 1051/281/1051 1056/282/1052 1050/275/1046
f 1046/276/1047 1052/283/1053 1051/284/1051 1045/277/1045
f 1047/278/1048 1053/285/1054 1052/283/1053 1046/276/1047
f 1048/279/1049 1054/286/1055 1053/285/1054 1047/278/1048
f 1049/280/1050 1055/287/1056 1054/286/1055 1048/279/1049
f 1050/275/1046 1056/282/1052 1055/287/1056 1049/280/1050
f 1051/281/1051 1057/113/1057 1062/114/1058 1056/282/1052
f 1052/283/1053 1058/115/1059 1057/116/1057 1051/284/1051
f 1053/285/1054 1059/117/1060 1058/115/1059 1052/283/1053
f 1054/286/1055 1060/118/1061 1059/117/1060 1053/285/1054
f 1055/287/1056 1061/119/1062 1060/118/1061 1054/286/1055
f 1056/282/1052 1062/114/1058 1061/119/1062 1055/287/1056
f 1063/1/1063 1069/232/1064 1074/233/1065 1068/4/1066
f 1064/5/1067 1070/234/1068 1069/235/1064 1063/8/1063
f 1065/9/1069 1071/236/1070 1070/234/1068 1064/5/1067
f 1066/11/1071 1072/237/1072 1071/236/1070 1065/9/1069
f 1067/13/1073 1073/238/1074 1072/237/1072 1066/11/1071
f 1068/4/1066 1074/233/1065 1073/238/1074 1067/13/1073
f 1069/232/1064 1075/239/1075 1080/240/1076 1074/233/1065
f 1070/234/1068 1076/241/1077 1075/242/1075 1069/235/1064
f 1071/236/1070 1077/243/1078 1076/241/1077 1070/234/1068
f 1072/237/1072 1078/244/1079 1077/243/1078 1071/236/1070
f 1073/238/1074 1079/245/1080 1078/244/1079 1072/237/1072
f 1074/233/1065 1080/240/1076 1079/245/1080 1073/238/1074
f 1075/239/1075 1081/246/1081 1086/247/1082 1080/240/1076
f 1076/241/1077 1082/248/1083 1081/249/1081 1075/242/1075
f 1077/243/1078 1083/250/1084 1082/248/1083 1076/241/1077
f 1078/244/1079 1084/251/1085 1083/250/1084 1077/243/1078
f 1079/245/1080 1085/252/1086 1084/251/1085 1078/244/1079
f 1080/240/1076 1086/247/1082 1085/252/1086 1079/245/1080
f 1081/246/1081 1087/253/1087 1092/254/1088 1086/247/1082
f 1082/248/1083 1088/255/1089 1087/256/1087 1081/249/1081
f 1083/250/1084 1089/257/1090 1088/255/1089 1082/248/1083
f 1084/251/1085 1090/258/1091 1089/257/1090 1083/250/1084
f 1085/252/1086 1091/259/1092 1090/258/1091 1084/251/1085
f 1086/247/1082 1092/254/1088 1091/259/1092 1085/252/1086
f 1087/253/1087 1093/57/1093 1098/58/1094 1092/254/1088
f 1088/255/1089 1094/59/1095 1093/60/1093 1087/256/1087
f 1089/257/1090 1095/61/1096 1094/59/1095 1088/255/1089
f 1090/258/1091 1096/62/1097 1095/61/1096 1089/257/1090
f 1091/259/1092 1097/63/1098 1096/62/1097 1090/258/1091
f 1092/254/1088 1098/58/1094 1097/63/1098 1091/259/1092
f 1093/57/1093 1099/260/1099 1104/261/1100 1098/58/1094
f 1094/59/1095 1100/262/1101 1099/263/1099 1093/60/1093
f 1095/61/1096 1101/264/1102 1100/262/1101 1094/59/1095
f 1096/62/1097 1102/265/1103 1101/264/1102 1095/61/1096
f 1097/63/1098 1103/266/1104 1102/265/1103 1096/62/1097
f 1098/58/1094 1104/261/1100 1103/266/1104 1097/63/1098
f 1099/260/1099 1105/267/1105 1110/268/1106 1104/261/1100
f 1100/262/1101 1106/269/1107 1105/270/1105 1099/263/1099
f 1101/264/1102 1107/271/1108 1106/269/1107 1100/262/1101
f 1102/265/1103 1108/272/1109 1107/271/1108 1101/264/1102
f 1103/266/1104 1109/273/1110 1108/272/1109 1102/265/1103
f 1104/261/1100 1110/268/1106 1109/273/1110 1103/266/1104
f 1105/267/1105 1111/274/1111 1116/275/1112 1110/268/1106
f 1106/269/1107 1112/276/1113 1111/277/1111 1105/270/1105
f 1107/271/1108 1113/278/1114 1112/276/1113 1106/269/1107
f 1108/272/1109 1114/279/1115 1113/278/1114 1107/271/1108
f 1109/273/1110 1115/280/1116 1114/279/1115 1108/272/1109
f 1110/268/1106 1116/275/1112 1115/280/1116 1109/273/1110
f 1111/274/1111 1117/281/1117 1122/282/1118 1116/275/1112
f 1112/276/1113 1118/283/1119 1117/284/1117 1111/277/1111
f 1113/278/1114 1119/285/1120 1118/283/1119 1112/276/1113
f 1114/279/1115 1120/286/1121 1119/285/1120 1113/278/1114
f 1115/280/1116 1121/287/1122 1120/286/1121 1114/279/1115
f 1116/275/1112 1122/282/1118 1121/287/1122 1115/280/1116
f 1117/281/1117 1123/113/1123 1128/114/1124 1122/282/1118
f 1118/283/1119 1124/115/1125 1123/116/1123 1117/284/1117
f 1119/285/1120 1125/117/1126 1124/115/1125 1118/283/1119
f 1120/286/1121 1126/118/1127 1125/117/1126 1119/285/1120
f 1121/287/1122 1127/119/1128 1126/118/1127 1120/286/1121
f 1122/282/1118 1128/114/1124 1127/119/1128 1121/287/1122
f 1129/1/1129 1135/232/1130 1140/233/1131 1134/4/1132
f 1130/5/1133 1136/234/1134 1135/235/1130 1129/8/1129
f 1131/9/1135 1137/236/1136 1136/234/1134 1130/5/1133
f 1132/11/1137 1138/237/1138 1137/236/1136 1131/9/1135
f 1133/13/1139 1139/238/1140 1138/237/1138 1132/11/1137
f 1134/4/1132 1140/233/1131 1139/238/1140 1133/13/1139
f 1135/232/1130 1141/239/1141 1146/240/1142 1140/233/1131
f 1136/234/1134 1142/241/1143 1141/242/1141 1135/235/1130
f 1137/236/1136 1143/243/1144 1142/241/1143 1136/234/1134
f 1138/237/1138 1144/244/1145 1143/243/1144 1137/236/1136
f 1139/238/1140 1145/245/1146 1144/244/1145 1138/237/1138
f 1140/233/1131 1146/240/1142 1145/245/1146 1139/238/1140
f 1141/239/1141 1147/246/1147 1152/247/1148 1146/240/1142
f 1142/241/1143 1148/248/1149 1147/249/1147 1141/242/1141
f 1143/243/1144 1149/250/1150 1148/248/1149 1142/241/1143
f 1144/244/1145 1150/251/1151 1149/250/1150 1143/243/1144
f 1145/245/1146 1151/252/1152 1150/251/1151 1144/244/1145
f 1146/240/1142 1152/247/1148 1151/252/1152 1145/245/1146
f 1147/246/1147 1153/253/1153 1158/254/1154 1152/247/1148
f 1148/248/1149 1154/255/1155 1153/256/1153 1147/249/1147
f 1149/250/1150 1155/257/1156 1154/255/1155 1148/248/1149
f 1150/251/1151 1156/258/1157 1155/257/1156 1149/250/1150
f 1151/252/1152 1157/259/1158 1156/258/1157 1150/251/1151
f 1152/247/1148 1158/254/1154 1157/259/1158 1151/252/1152
f 1153/253/1153 1159/57/1159 1164/58/1160 1158/254/1154
f 1154/255/1155 1160/59/1161 1159/60/1159 1153/256/1153
f 1155/257/1156 1161/61/1162 1160/59/1161 1154/255/1155
f 1156/258/1157 1162/62/1163 1161/61/1162 1155/257/1156
f 1157/259/1158 1163/63/1164 1162/62/1163 1156/258/1157
f 1158/254/1154 1164/58/1160 1163/63/1164 1157/259/1158
f 1159/57/1159 1165/260/1165 1170/261/1166 1164/58/1160
f 1160/59/1161 1166/262/1167 1165/263/1165 1159/60/1159
f 1161/61/1162 1167/264/1168 1166/262/1167 1160/59/1161
f 1162/62/1163 1168/265/1169 1167/264/1168 1161/61/1162
f 1163/63/1164 1169/266/1170 1168/265/1169 1162/62/1163
f 1164/58/1160 1170/261/1166 1169/266/1170 1163/63/1164
f 1165/260/1165 1171/267/1171 1176/268/1172 1170/261/1166
f 1166/262/1167 1172/269/1173 1171/270/1171 1165/263/1165
f 1167/264/1168 1173/271/1174 1172/269/1173 1166/262/1167
f 1168/265/1169 1174/272/1175 1173/271/1174 1167/264/1168
f 1169/266/1170 1175/273/1176 1174/272/1175 1168/265/1169
f 1170/261/1166 1176/268/1172 1175/273/1176 1169/266/1170
f 1171/267/1171 1177/274/1177 1182/275/1178 1176/268/1172
f 1172/269/1173 1178/276/1179 1177/277/1177 1171/270/1171
f 1173/271/1174 1179/278/1180 1178/276/1179 1172/269/1173
f 1174/272/1175 1180/279/1181 1179/278/1180 1173/271/1174
f 1175/273/1176 1181/280/1182 1180/279/1181 1174/272/1175
f 1176/268/1172 1182/275/1178 1181/280/1182 1175/273/1176
f 1177/274/1177 1183/281/1183 1188/282/1184 1182/275/1178
f 1178/276/1179 1184/283/1185 1183/284/1183 1177/277/1177
f 1179/278/1180 1185/285/1186 1184/283/1185 1178/276/1179
f 1180/279/1181 1186/286/1187 1185/285/1186 1179/278/1180
f 1181/280/1182 1187/287/1188 1186/286/1187 1180/279/1181
f 1182/275/1178 1188/282/1184 1187/287/1188 1181/280/1182
f 1183/281/1183 1189/113/1189 1194/114/1190 1188/282/1184
f 1184/283/1185 1190/115/1191 1189/116/1189 1183/284/1183
f 1185/285/1186 1191/117/1192 1190/115/1191 1184/283/1185
f 1186/286/1187 1192/118/1193 1191/117/1192 1185/285/1186
f 1187/287/1188 1193/119/1194 1192/118/1193 1186/286/1187
f 1188/282/1184 1194/114/1190 1193/119/1194 1187/287/1188
f 1195/1/1195 1201/232/1196 1206/233/1197 1200/4/1198
f 1196/5/1199 1202/234/1200 1201/235/1196 1195/8/1195
f 1197/9/1201 1203/236/1202 1202/234/1200 1196/5/1199
f 1198/11/1203 1204/237/1204 1203/236/1202 1197/9/1201
f 1199/13/1205 1205/238/1206 1204/237/1204 1198/11/1203
f 1200/4/1198 1206/233/1197 1205/238/1206 1199/13/1205
f 1201/232/1196 1207/239/1207 1212/240/1208 1206/233/1197
f 1202/234/1200 1208/241/1209 1207/242/1207 1201/235/1196
f 1203/236/1202 1209/243/1210 1208/241/1209 1202/234/1200
f 1204/237/1204 1210/244/1211 1209/243/1210 1203/236/1202
f 1205/238/1206 1211/245/1212 1210/244/1211 1204/237/1204
f 1206/233/1197 1212/240/1208 1211/245/1212 1205/238/1206
f 1207/239/1207 1213/246/1213 1218/247/1214 1212/240/1208
f 1208/241/1209 1214/248/1215 1213/249/1213 1207/242/1207
f 1209/243/1210 1215/250/1216 1214/248/1215 1208/241/1209
f 1210/244/1211 1216/251/1217 1215/250/1216 1209/243/1210
f 1211/245/1212 1217/252/1218 1216/251/1217 1210/244/1211
f 1212/240/1208 1218/247/1214 1217/252/1218 1211/245/1212
f 1213/246/1213 1219/253/1219 1224/254/1220 1218/247/1214
f 1214/248/1215 1220/255/1221 1219/256/1219 1213/249/1213
f 1215/250/1216 1221/257/1222 1220/255/1221 1214/248/1215
f 1216/251/1217 1222/258/1223 1221/257/1222 1215/250/1216
f 1217/252/1218 1223/259/1224 1222/258/1223 1216/251/1217
f 1218/247/1214 1224/254/1220 1223/259/1224 1217/252/1218
f 1219/253/1219 1225/57/1225 1230/58/1226 1224/254/1220
f 1220/255/1221 1226/59/1227 1225/60/1225 1219/256/1219
f 1221/257/1222 1227/61/1228 1226/59/1227 1220/255/1221
f 1222/258/1223 1228/62/1229 1227/61/1228 1221/257/1222
f 1223/259/1224 1229/63/1230 1228/62/1229 1222/258/1223
f 1224/254/1220 1230/58/1226 1229/63/1230 1223/259/1224
f 1225/57/1225 1231/260/1231 1236/261/1232 1230/58/1226
f 1226/59/1227 1232/262/1233 1231/263/1231 1225/60/1225
f 1227/61/1228 1233/264/1234 1232/262/1233 1226/59/1227
f 1228/62/1229 1234/265/1235 1233/264/1234 1227/61/1228
f 1229/63/1230 1235/266/1236 1234/265/1235 1228/62/1229
f 1230/58/1226 1236/261/1232 1235/266/1236 1229/63/1230
f 1231/260/1231 1237/267/1237 1242/268/1238 1236/261/1232
f 1232/262/1233 1238/269/1239 1237/270/1237 1231/263/1231
f 1233/264/1234 1239/271/1240 1238/269/1239 1232/262/1233
f 1234/265/1235 1240/272/1241 1239/271/1240 1233/264/1234
f 1235/266/1236 1241/273/1242 1240/272/1241 1234/265/1235
f 1236/261/1232 1242/268/1238 1241/273/1242 1235/266/1236
f 1237/267/1237 1243/274/1243 1248/275/1244 1242/268/1238
f 1238/269/1239 1244/276/1245 1243/277/1243 1237/270/1237
f 1239/271/1240 1245/278/1246 1244/276/1245 1238/269/1239
f 1240/272/1241 1246/279/1247 1245/278/1246 1239/271/1240
f 1241/273/1242 1247/280/1248 1246/279/1247 1240/272/1241
f 1242/268/1238 1248/275/1244 1247/280/1248 1241/273/1242
f 1243/274/1243 1249/281/1249 1254/282/1250 1248/275/1244
f 1244/276/1245 1250/283/1251 1249/284/1249 1243/277/1243
f 1245/278/1246 1251/285/1252 1250/283/1251 1244/276/1245
f 1246/279/1247 1252/286/1253 1251/285/1252 1245/278/1246
f 1247/280/1248 1253/287/1254 1252/286/1253 1246/279/1247
f 1248/275/1244 1254/282/1250 1253/287/1254 1247/280/1248
f 1249/281/1249 1255/113/1255 1260/114/1256 1254/282/1250
f 1250/283/1251 1256/115/1257 1255/116/1255 1249/284/1249
f 1251/285/1252 1257/117/1258 1256/115/1257 1250/283/1251
f 1252/286/1253 1258/118/1259 1257/117/1258 1251/285/1252
f 1253/287/1254 1259/119/1260 1258/118/1259 1252/286/1253
f 1254/282/1250 1260/114/1256 1259/119/1260 1253/287/1254
f 1261/1/1261 1267/232/1262 1272/233/1263 1266/4/1264
f 1262/5/1265 1268/234/1266 1267/235/1262 1261/8/1261
f 1263/9/1267 1269/236/1268 1268/234/1266 1262/5/1265
f 1264/11/1269 1270/237/1270 1269/236/1268 1263/9/1267
f 1265/13/1271 1271/238/1272 1270/237/1270 1264/11/1269
f 1266/4/1264 1272/233/1263 1271/238/1272 1265/13/1271
f 1267/232/1262 1273/239/1273 1278/240/1274 1272/233/1263
f 1268/234/1266 1274/241/1275 1273/242/1273 1267/235/1262
f 1269/236/1268 1275/243/1276 1274/241/1275 1268/234/1266
f 1270/237/1270 1276/244/1277 1275/243/1276 1269/236/1268
f 1271/238/1272 1277/245/1278 1276/244/1277 1270/237/1270
f 1272/233/1263 1278/240/1274 1277/245/1278 1271/238/1272
f 1273/239/1273 1279/246/1279 1284/247/1280 1278/240/1274
f 1274/241/1275 1280/248/1281 1279/249/1279 1273/242/1273
f 1275/243/1276 1281/250/1282 1280/248/1281 1274/241/1275
f 1276/244/1277 1282/251/1283 1281/250/1282 1275/243/1276
f 1277/245/1278 1283/252/1284 1282/251/1283 1276/244/1277
f 1278/240/1274 1284/247/1280 1283/252/1284 1277/245/1278
f 1279/246/1279 1285/253/1285 1290/254/1286 1284/247/1280
f 1280/248/1281 1286/255/1287 1285/256/1285 1279/249/1279
f 1281/250/1282 1287/257/1288 1286/255/1287 1280/248/1281
f 1282/251/1283 1288/258/1289 1287/257/1288 1281/250/1282
f 1283/252/1284 1289/259/1290 1288/258/1289 1282/251/1283
f 1284/247/1280 1290/254/1286 1289/259/1290 1283/252/1284
f 1285/253/1285 1291/57/1291 1296/58/1292 1290/254/1286
f 1286/255/1287 1292/59/1293 1291/60/1291 1285/256/1285
f 1287/257/1288 1293/61/1294 1292/59/1293 1286/255/1287
f 1288/258/1289 1294/62/1295 1293/61/1294 1287/257/1288
f 1289/259/1290 1295/63/1296 1294/62/1295 1288/258/1289
f 1290/254/1286 1296/58/1292 1295/63/1296 1289/259/1290
f 1291/57/1291 1297/260/1297 1302/261/1298 1296/58/1292
f 1292/59/1293 1298/262/1299 1297/263/1297 1291/60/1291
f 1293/61/1294 1299/264/1300 1298/262/1299 1292/59/1293
f 1294/62/1295 1300/265/1301 1299/264/1300 1293/61/1294
f 1295/63/1296 1301/266/1302 1300/265/1301 1294/62/1295
f 1296/58/1292 1302/261/1298 1301/266/1302 1295/63/1296
f 1297/260/1297 1303/267/1303 1308/268/1304 1302/261/1298
f 1298/262/1299 1304/269/1305 1303/270/1303 1297/263/1297
f 1299/264/1300 1305/271/1306 1304/269/1305 1298/262/1299
f 1300/265/1301 1306/272/1307 1305/271/1306 1299/264/1300
f 1301/266/1302 1307/273/1308 1306/272/1307 1300/265/1301
f 1302/261/1298 1308/268/1304 1307/273/1308 1301/266/1302
f 1303/267/1303 1309/274/1309 1314/275/1310 1308/268/1304
f 1304/269/1305 1310/276/1311 1309/277/1309 1303/270/1303
f 1305/271/1306 1311/278/1312 1310/276/1311 1304/269/1305
f 1306/272/1307 1312/279/1313 1311/278/1312 1305/271/1306
f 1307/273/1308 1313/280/1314 1312/279/1313 1306/272/1307
f 1308/268/1304 1314/275/1310 1313/280/1314 1307/273/1308
f 1309/274/1309 1315/281/1315 1320/282/1316 1314/275/1310
f 1310/276/1311 1316/283/1317 1315/284/1315 1309/277/1309
f 1311/278/1312 1317/285/1318 1316/283/1317 1310/276/1311
f 1312/279/1313 1318/286/1319 1317/285/1318 1311/278/1312
f 1313/280/1314 1319/287/1320 1318/286/1319 1312/279/1313
f 1314/275/1310 1320/282/1316 1319/287/1320 1313/280/1314
f 1315/281/1315 1321/113/1321 1326/114/1322 1320/282/1316
f 1316/283/1317 1322/115/1323 1321/116/1321 1315/284/1315
f 1317/285/1318 1323/117/1324 1322/115/1323 1316/283/1317
f 1318/286/1319 1324/118/1325 1323/117/1324 1317/285/1318
f 1319/287/1320 1325/119/1326 1324/118/1325 1318/286/1319
f 1320/282/1316 1326/114/1322 1325/119/1326 1319/287/1320
f 1327/1/1327 1333/232/1328 1338/233/1329 1332/4/1330
f 1328/5/1331 1334/234/1332 1333/235/1328 1327/8/1327
f 1329/9/1333 1335/236/1334 1334/234/1332 1328/5/1331
f 1330/11/1335 1336/237/1336 1335/236/1334 1329/9/1333
f 1331/13/1337 1337/238/1338 1336/237/1336 1330/11/1335
f 1332/4/1330 1338/233/1329 1337/238/1338 1331/13/1337
f 1333/232/1328 1339/239/1339 1344/240/1340 1338/233/1329
f 1334/234/1332 1340/241/1341 1339/242/1339 1333/235/1328
f 1335/236/1334 1341/243/1342 1340/241/1341 1334/234/1332
f 1336/237/1336 1342/244/1343 1341/243/1342 1335/236/1334
f 1337/238/1338 1343/245/1344 1342/244/1343 1336/237/1336
f 1338/233/1329 1344/240/1340 1343/245/1344 1337/238/1338
f 1339/239/1339 1345/246/1345 1350/247/1346 1344/240/1340
f 1340/241/1341 1346/248/1347 1345/249/1345 1339/242/1339
f 1341/243/1342 1347/250/1348 1346/248/1347 1340/241/1341
f 1342/244/1343 1348/251/1349 1347/250/1348 1341/243/1342
f 1343/245/1344 1349/252/1350 1348/251/1349 1342/244/1343
f 1344/240/1340 1350/247/1346 1349/252/1350 1343/245/1344
f 1345/246/1345 1351/253/1351 1356/254/1352 1350/247/1346
f 1346/248/1347 1352/255/1353 1351/256/1351 1345/249/1345
f 1347/250/1348 1353/257/1354 1352/255/1353 1346/248/1347
f 1348/251/1349 1354/258/1355 1353/257/1354 1347/250/1348
f 1349/252/1350 1355/259/1356 1354/258/1355 1348/251/1349
f 1350/247/1346 1356/254/1352 1355/259/1356 1349/252/1350
f 1351/253/1351 1357/57/1357 1362/58/1358 1356/254/1352
f 1352/255/1353 1358/59/1359 1357/60/1357 1351/256/1351
f 1353/257/1354 1359/61/1360 1358/59/1359 1352/255/1353
f 1354/258/1355 1360/62/1361 1359/61/1360 1353/257/1354
f 1355/259/1356 1361/63/1362 1360/62/1361 1354/258/1355
f 1356/254/1352 1362/58/1358 1361/63/1362 1355/259/1356
f 1357/57/1357 1363/260/1363 1368/261/1364 1362/58/1358
f 1358/59/1359 1364/262/1365 1363/263/1363 1357/60/1357
f 1359/61/1360 1365/264/1366 1364/262/1365 1358/59/1359
f 1360/62/1361 1366/265/1367 1365/264/1366 1359/61/1360
f 1361/63/1362 1367/266/1368 1366/265/1367 1360/62/1361
f 1362/58/1358 1368/261/1364 1367/266/1368 1361/63/1362
f 1363/260/1363 1369/267/1369 1374/268/1370 1368/261/1364
f 1364/262/1365 1370/269/1371 1369/270/1369 1363/263/1363
f 1365/264/1366 1371/271/1372 1370/269/1371 1364/262/1365
f 1366/265/1367 1372/272/1373 1371/271/1372 1365/264/1366
f 1367/266/1368 1373/273/1374 1372/272/1373 1366/265/1367
f 1368/261/1364 1374/268/1370 1373/273/1374 1367/266/1368
f 1369/267/1369 1375/274/1375 1380/275/1376 1374/268/1370
f 1370/269/1371 1376/276/1377 1375/277/1375 1369/270/1369
f 1371/271/1372 1377/278/1378 1376/276/1377 1370/269/1371
f 1372/272/1373 1378/279/1379 1377/278/1378 1371/271/1372
f 1373/273/1374 1379/280/1380 1378/279/1379 1372/272/1373
f 1374/268/1370 1380/275/1376 1379/280/1380 1373/273/1374
f 1375/274/1375 1381/281/1381 1386/282/1382 1380/275/1376
f 1376/276/1377 1382/283/1383 1381/284/1381 1375/277/1375
f 1377/278/1378 1383/285/1384 1382/283/1383 1376/276/1377
f 1378/279/1379 1384/286/1385 1383/285/1384 1377/278/1378
f 1379/280/1380 1385/287/1386 1384/286/1385 1378/279/1379
f 1380/275/1376 1386/282/1382 1385/287/1386 1379/280/1380
f 1381/281/1381 1387/113/1387 1392/114/1388 1386/282/1382
f 1382/283/1383 1388/115/1389 1387/116/1387 1381/284/1381
f 1383/285/1384 1389/117/1390 1388/115/1389 1382/283/1383
f 1384/286/1385 1390/118/1391 1389/117/1390 1383/285/1384
f 1385/287/1386 1391/119/1392 1390/118/1391 1384/286/1385
f 1386/282/1382 1392/114/1388 1391/119/1392 1385/287/1386
f 1393/1/1393 1399/232/1394 1404/233/1395 1398/4/1396
f 1394/5/1397 1400/234/1398 1399/235/1394 1393/8/1393
f 1395/9/1399 1401/236/1400 1400/234/1398 1394/5/1397
f 1396/11/1401 1402/237/1402 1401/236/1400 1395/9/1399
f 1397/13/1403 1403/238/1404 1402/237/1402 1396/11/1401
f 1398/4/1396 1404/233/1395 1403/238/1404 1397/13/1403
f 1399/232/1394 1405/239/1405 1410/240/1406 1404/233/1395
f 1400/234/1398 1406/241/1407 1405/242/1405 1399/235/1394
f 1401/236/1400 1407/243/1408 1406/241/1407 1400/234/1398
f 1402/237/1402 1408/244/1409 1407/243/1408 1401/236/1400
f 1403/238/1404 1409/245/1410 1408/244/1409 1402/237/1402
f 1404/233/1395 1410/240/1406 1409/245/1410 1403/238/1404
f 1405/239/1405 1411/246/1411 1416/247/1412 1410/240/1406
f 1406/241/1407 1412/248/1413 1411/249/1411 1405/242/1405
f 1407/243/1408 1413/250/1414 1412/248/1413 1406/241/1407
f 1408/244/1409 1414/251/1415 1413/250/1414 1407/243/1408
f 1409/245/1410 1415/252/1416 1414/251/1415 1408/244/1409
f 1410/240/1406 1416/247/1412 1415/252/1416 1409/245/1410
f 1411/246/1411 1417/253/1417 1422/254/1418 1416/247/1412
f 1412/248/1413 1418/255/1419 1417/256/1417 1411/249/1411
f 1413/250/1414 1419/257/1420 1418/255/1419 1412/248/1413
f 1414/251/1415 1420/258/1421 1419/257/1420 1413/250/1414
f 1415/252/1416 1421/259/1422 1420/258/1421 1414/251/1415
f 1416/247/1412 1422/254/1418 1421/259/1422 1415/252/1416
f 1417/253/1417 1423/57/1423 1428/58/1424 1422/254/1418
f 1418/255/1419 1424/59/1425 1423/60/1423 1417/256/1417
f 1419/257/1420 1425/61/1426 1424/59/1425 1418/255/1419
f 1420/258/1421 1426/62/1427 1425/61/1426 1419/257/1420
f 1421/259/1422 1427/63/1428 1426/62/1427 1420/258/1421
f 1422/254/1418 1428/58/1424 1427/63/1428 1421/259/1422
f 1423/57/1423 1429/260/1429 1434/261/1430 1428/58/1424
f 1424/59/1425 1430/262/1431 1429/263/1429 1423/60/1423
f 1425/61/1426 1431/264/1432 1430/262/1431 1424/59/1425
f 1426/62/1427 1432/265/1433 1431/264/1432 1425/61/1426
f 1427/63/1428 1433/266/1434 1432/265/1433 1426/62/1427
f 1428/58/1424 1434/261/1430 1433/266/1434 1427/63/1428
f 1429/260/1429 1435/267/1435 1440/268/1436 1434/261/1430
f 1430/262/1431 1436/269/1437 1435/270/1435 1429/263/1429
f 1431/264/1432 1437/271/1438 1436/269/1437 1430/262/1431
f 1432/265/1433 1438/272/1439 1437/271/1438 1431/264/1432
f 1433/266/1434 1439/273/1440 1438/272/1439 1432/265/1433
f 1434/261/1430 1440/268/1436 1439/273/1440 1433/266/1434
f 1435/267/1435 1441/274/1441 1446/275/1442 1440/268/1436
f 1436/269/1437 1442/276/1443 1441/277/1441 1435/270/1435
f 1437/271/1438 1443/278/1444 1442/276/1443 1436/269/1437
f 1438/272/1439 1444/279/1445 1443/278/1444 1437/271/1438
f 1439/273/1440 1445/280/1446 1444/279/1445 1438/272/1439
f 1440/268/1436 1446/275/1442 1445/280/1446 1439/273/1440
f 1441/274/1441 1447/281/1447 1452/282/1448 1446/275/1442
f 1442/276/1443 1448/283/1449 1447/284/1447 1441/277/1441
f 1443/278/1444 1449/285/1450 1448/283/1449 1442/276/1443
f 1444/279/1445 1450/286/1451 1449/285/1450 1443/278/1444
f 1445/280/1446 1451/287/1452 1450/286/1451 1444/279/1445
f 1446/275/1442 1452/282/1448 1451/287/1452 1445/280/1446
f 1447/281/1447 1453/113/1453 1458/114/1454 1452/282/1448
f 1448/283/1449 1454/115/1455 1453/116/1453 1447/284/1447
f 1449/285/1450 1455/117/1456 1454/115/1455 1448/283/1449
f 1450/286/1451 1456/118/1457 1455/117/1456 1449/285/1450
f 1451/287/1452 1457/119/1458 1456/118/1457 1450/286/1451
f 1452/282/1448 1458/114/1454 1457/119/1458 1451/287/1452
f 1459/1/1459 1465/232/1460 1470/233/1461 1464/4/1462
f 1460/5/1463 1466/234/1464 1465/235/1460 1459/8/1459
f 1461/9/1465 1467/236/1466 1466/234/1464 1460/5/1463
f 1462/11/1467 1468/237/1468 1467/236/1466 1461/9/1465
f 1463/13/1469 1469/238/1470 1468/237/1468 1462/11/1467
f 1464/4/1462 1470/233/1461 1469/238/1470 1463/13/1469
f 1465/232/1460 1471/239/1471 1476/240/1472 1470/233/1461
f 1466/234/1464 1472/241/1473 1471/242/1471 1465/235/1460
f 1467/236/1466 1473/243/1474 1472/241/1473 1466/234/1464
f 1468/237/1468 1474/244/1475 1473/243/1474 1467/236/1466
f 1469/238/1470 1475/245/1476 1474/244/1475 1468/237/1468
f 1470/233/1461 1476/240/1472 1475/245/1476 1469/238/1470
f 1471/239/1471 1477/246/1477 1482/247/1478 1476/240/1472
f 1472/241/1473 1478/248/1479 1477/249/1477 1471/242/1471
f 1473/243/1474 1479/250/1480 1478/248/1479 1472/241/1473
f 1474/244/1475 1480/251/1481 1479/250/1480 1473/243/1474
f 1475/245/1476 1481/252/1482 1480/251/1481 1474/244/1475
f 1476/240/1472 1482/247/1478 1481/252/1482 1475/245/1476
f 1477/246/1477 1483/253/1483 1488/254/1484 1482/247/1478
f 1478/248/1479 1484/255/1485 1483/256/1483 1477/249/1477
f 1479/250/1480 1485/257/1486 1484/255/1485 1478/248/1479
f 1480/251/1481 1486/258/1487 1485/257/1486 1479/250/1480
f 1481/252/1482 1487/259/1488 1486/258/1487 1480/251/1481
f 1482/247/1478 1488/254/1484 1487/259/1488 1481/252/1482
f 1483/253/1483 1489/57/1489 1494/58/1490 1488/254/1484
f 1484/255/1485 1490/59/1491 1489/60/1489 1483/256/1483
f 1485/257/1486 1491/61/1492 1490/59/1491 1484/255/1485
f 1486/258/1487 1492/62/1493 1491/61/1492 1485/257/1486
f 1487/259/1488 1493/63/1494 1492/62/1493 1486/258/1487
f 1488/254/1484 1494/58/1490 1493/63/1494 1487/259/1488
f 1489/57/1489 1495/260/1495 1500/261/1496 1494/58/1490
f 1490/59/1491 1496/262/1497 1495/263/1495 1489/60/1489
f 1491/61/1492 1497/264/1498 1496/262/1497 1490/59/1491
f 1492/62/1493 1498/265/1499 1497/264/1498 1491/61/1492
f 1493/63/1494 1499/266/1500 1498/265/1499 1492/62/1493
f 1494/58/1490 1500/261/1496 1499/266/1500 1493/63/1494
f 1495/260/1495 1501/267/1501 1506/268/1502 1500/261/1496
f 1496/262/1497 1502/269/1503 1501/270/1501 1495/263/1495
f 1497/264/1498 1503/271/1504 1502/269/1503 1496/262/1497
f 1498/265/1499 1504/272/1505 1503/271/1504 1497/264/1498
f 1499/266/1500 1505/273/1506 1504/272/1505 1498/265/1499
f 1500/261/1496 1506/268/1502 1505/273/1506 1499/266/1500
f 1501/267/1501 1507/274/1507 1512/275/1508 1506/268/1502
f 1502/269/1503 1508/276/1509 1507/277/1507 1501/270/1501
f 1503/271/1504 1509/278/1510 1508/276/1509 1502/269/1503
f 1504/272/1505 1510/279/1511 1509/278/1510 1503/271/1504
f 1505/273/1506 1511/280/1512 1510/279/1511 1504/272/1505
f 1506/268/1502 1512/275/1508 1511/280/1512 1505/273/1506
f 1507/274/1507 1513/281/1513 1518/282/1514 1512/275/1508
f 1508/276/1509 1514/283/1515 1513/284/1513 1507/277/1507
f 1509/278/1510 1515/285/1516 1514/283/1515 1508/276/1509
f 1510/279/1511 1516/286/1517 1515/285/1516 1509/278/1510
f 1511/280/1512 1517/287/1518 1516/286/1517 1510/279/1511
f 1512/275/1508 1518/282/1514 1517/287/1518 1511/280/1512
f 1513/281/1513 1519/113/1519 1524/114/1520 1518/282/1514
f 1514/283/1515 1520/115/1521 1519/116/1519 1513/284/1513
f 1515/285/1516 1521/117/1522 1520/115/1521 1514/283/1515
f 1516/286/1517 1522/118/1523 1521/117/1522 1515/285/1516
f 1517/287/1518 1523/119/1524 1522/118/1523 1516/286/1517
f 1518/282/1514 1524/114/1520 1523/119/1524 1517/287/1518
f 1525/1/1525 1531/232/1526 1536/233/1527 1530/4/1528
f 1526/5/1529 1532/234/1530 1531/235/1526 1525/8/1525
f 1527/9/1531 1533/236/1532 1532/234/1530 1526/5/1529
f 1528/11/1533 1534/237/1534 1533/236/1532 1527/9/1531
f 1529/13/1535 1535/238/1536 1534/237/1534 1528/11/1533
f 1530/4/1528 1536/233/1527 1535/238/1536 1529/13/1535
f 1531/232/1526 1537/239/1537 1542/240/1538 1536/233/1527
f 1532/234/1530 1538/241/1539 1537/242/1537 1531/235/1526
f 1533/236/1532 1539/243/1540 1538/241/1539 1532/234/1530
f 1534/237/1534 1540/244/1541 1539/243/1540 1533/236/1532
f 1535/238/1536 1541/245/1542 1540/244/1541 1534/237/1534
f 1536/233/1527 1542/240/1538 1541/245/1542 1535/238/1536
f 1537/239/1537 1543/246/1543 1548/247/1544 1542/240/1538
f 1538/241/1539 1544/248/1545 1543/249/1543 1537/242/1537
f 1539/243/1540 1545/250/1546 1544/248/1545 1538/241/1539
f 1540/244/1541 1546/251/1547 1545/250/1546 1539/243/1540
f 1541/245/1542 1547/252/1548 1546/251/1547 1540/244/1541
f 1542/240/1538 1548/247/1544 1547/252/1548 1541/245/1542
f 1543/246/1543 1549/253/1549 1554/254/1550 1548/247/1544
f 1544/248/1545 1550/255/1551 1549/256/1549 1543/249/1543
f 1545/250/1546 1551/257/1552 1550/255/1551 1544/248/1545
f 1546/251/1547 1552/258/1553 1551/257/1552 1545/250/1546
f 1547/252/1548 1553/259/1554 1552/258/1553 1546/251/1547
f 1548/247/1544 1554/254/1550 1553/259/1554 1547/252/1548
f 1549/253/1549 1555/57/1555 1560/58/1556 1554/254/1550
f 1550/255/1551 1556/59/1557 1555/60/1555 1549/256/1549
f 1551/257/1552 1557/61/1558 1556/59/1557 1550/255/1551
f 1552/258/1553 1558/62/1559 1557/61/1558 1551/257/1552
f 1553/259/1554 1559/63/1560 1558/62/1559 1552/258/1553
f 1554/254/1550 1560/58/1556 1559/63/1560 1553/259/1554
f 1555/57/1555 1561/260/1561 1566/261/1562 1560/58/1556
f 1556/59/1557 1562/262/1563 1561/263/1561 1555/60/1555
f 1557/61/1558 1563/264/1564 1562/262/1563 1556/59/1557
f 1558/62/1559 1564/265/1565 1563/264/1564 1557/61/1558
f 1559/63/1560 1565/266/1566 1564/265/1565 1558/62/1559
f 1560/58/1556 1566/261/1562 1565/266/1566 1559/63/1560
f 1561/260/1561 1567/267/1567 1572/268/1568 1566/261/1562
f 1562/262/1563 1568/269/1569 1567/270/1567 1561/263/1561
f 1563/264/1564 1569/271/1570 1568/269/1569 1562/262/1563
f 1564/265/1565 1570/272/1571 1569/271/1570 1563/264/1564
f 1565/266/1566 1571/273/1572 1570/272/1571 1564/265/1565
f 1566/261/1562 1572/268/1568 1571/273/1572 1565/266/1566
f 1567/267/1567 1573/274/1573 1578/275/1574 1572/268/1568
f 1568/269/1569 1574/276/1575 1573/277/1573 1567/270/1567
f 1569/271/1570 1575/278/1576 1574/276/1575 1568/269/1569
f 1570/272/1571 1576/279/1577 1575/278/1576 1569/271/1570
f 1571/273/1572 1577/280/1578 1576/279/1577 1570/272/1571
f 1572/268/1568 1578/275/1574 1577/280/1578 1571/273/1572
f 1573/274/1573 1579/281/1579 1584/282/1580 1578/275/1574
f 1574/276/1575 1580/283/1581 1579/284/1579 1573/277/1573
f 1575/278/1576 1581/285/1582 1580/283/1581 1574/276/1575
f 1576/279/1577 1582/286/1583 1581/285/1582 1575/278/1576
f 1577/280/1578 1583/287/1584 1582/286/1583 1576/279/1577
f 1578/275/1574 1584/282/1580 1583/287/1584 1577/280/1578
f 1579/281/1579 1585/113/1585 1590/114/1586 1584/282/1580
f 1580/283/1581 1586/115/1587 1585/116/1585 1579/284/1579
f 1581/285/1582 1587/117/1588 1586/115/1587 1580/283/1581
f 1582/286/1583 1588/118/1589 1587/117/1588 1581/285/1582
f 1583/287/1584 1589/119/1590 1588/118/1589 1582/286/1583
f 1584/282/1580 1590/114/1586 1589/119/1590 1583/287/1584
f 1591/1/1591 1597/232/1592 1602/233/1593 1596/4/1594
f 1592/5/1595 1598/234/1596 1597/235/1592 1591/8/1591
f 1593/9/1597 1599/236/1598 1598/234/1596 1592/5/1595
f 1594/11/1599 1600/237/1600 1599/236/1598 1593/9/1597
f 1595/13/1601 1601/238/1602 1600/237/1600 1594/11/1599
f 1596/4/1594 1602/233/1593 1601/238/1602 1595/13/1601
f 1597/232/1592 1603/239/1603 1608/240/1604 1602/233/1593
f 1598/234/1596 1604/241/1605 1603/242/1603 1597/235/1592
f 1599/236/1598 1605/243/1606 1604/241/1605 1598/234/1596
f 1600/237/1600 1606/244/1607 1605/243/1606 1599/236/1598
f 1601/238/1602 1607/245/1608 1606/244/1607 1600/237/1600
f 1602/233/1593 1608/240/1604 1607/245/1608 1601/238/1602
f 1603/239/1603 1609/246/1609 1614/247/1610 1608/240/1604
f 1604/241/1605 1610/248/1611 1609/249/1609 1603/242/1603
f 1605/243/1606 1611/250/1612 1610/248/1611 1604/241/1605
f 1606/244/1607 1612/251/1613 1611/250/1612 1605/243/1606
f 1607/245/1608 1613/252/1614 1612/251/1613 1606/244/1607
f 1608/240/1604 1614/247/1610 1613/252/1614 1607/245/1608
f 1609/246/1609 1615/253/1615 1620/254/1616 1614/247/1610
f 1610/248/1611 1616/255/1617 1615/256/1615 1609/249/1609
f 1611/250/1612 1617/257/1618 1616/255/1617 1610/248/1611
f 1612/251/1613 1618/258/1619 1617/257/1618 1611/250/1612
f 1613/252/1614 1619/259/1620 1618/258/1619 1612/251/1613
f 1614/247/1610 1620/254/1616 1619/259/1620 1613/252/1614
f 1615/253/1615 1621/57/1621 1626/58/1622 1620/254/1616
f 1616/255/1617 1622/59/1623 1621/60/1621 1615/256/1615
f 1617/257/1618 1623/61/1624 1622/59/1623 1616/255/1617
f 1618/258/1619 1624/62/1625 1623/61/1624 1617/257/1618
f 1619/259/1620 1625/63/1626 1624/62/1625 1618/258/1619
f 1620/254/1616 1626/58/1622 1625/63/1626 1619/259/1620
f 1621/57/1621 1627/260/1627 1632/261/1628 1626/58/1622
f 1622/59/1623 1628/262/1629 1627/263/1627 1621/60/1621
f 1623/61/1624 1629/264/1630 1628/262/1629 1622/59/1623
f 1624/62/1625 1630/265/1631 1629/264/1630 1623/61/1624
f 1625/63/1626 1631/266/1632 1630/265/1631 1624/62/1625
f 1626/58/1622 1632/261/1628 1631/266/1632 1625/63/1626
f 1627/260/1627 1633/267/1633 1638/268/1634 1632/261/1628
f 1628/262/1629 1634/269/1635 1633/270/1633 1627/263/1627
f 1629/264/1630 1635/271/1636 1634/269/1635 1628/262/1629
f 1630/265/1631 1636/272/1637 1635/271/1636 1629/264/1630
f 1631/266/1632 1637/273/1638 1636/272/1637 1630/265/1631
f 1632/261/1628 1638/268/1634 1637/273/1638 1631/266/1632
f 1633/267/1633 1639/274/1639 1644/275/1640 1638/268/1634
f 1634/269/1635 1640/276/1641 1639/277/1639 1633/270/1633
f 1635/271/1636 1641/278/1642 1640/276/1641 1634/269/1635
f 1636/272/1637 1642/279/1643 1641/278/1642 1635/271/1636
f 1637/273/1638 1643/280/1644 1642/279/1643 1636/272/1637
f 1638/268/1634 1644/275/1640 1643/280/1644 1637/273/1638
f 1639/274/1639 1645/281/1645 1650/282/1646 1644/275/1640
f 1640/276/1641 1646/283/1647 1645/284/1645 1639/277/1639
f 1641/278/1642 1647/285/1648 1646/283/1647 1640/276/1641
f 1642/279/1643 1648/286/1649 1647/285/1648 1641/278/1642
f 1643/280/1644 1649/287/1650 1648/286/1649 1642/279/1643
f 1644/275/1640 1650/282/1646 1649/287/1650 1643/280/1644
f 1645/281/1645 1651/113/1651 1656/114/1652 1650/282/1646
f 1646/283/1647 1652/115/1653 1651/116/1651 1645/284/1645
f 1647/285/1648 1653/117/1654 1652/115/1653 1646/283/1647
f 1648/286/1649 1654/118/1655 1653/117/1654 1647/285/1648
f 1649/287/1650 1655/119/1656 1654/118/1655 1648/286/1649
f 1650/282/1646 1656/114/1652 1655/119/1656 1649/287/1650
f 1657/1/1657 1663/232/1658 1668/233/1659 1662/4/1660
f 1658/5/1661 1664/234/1662 1663/235/1658 1657/8/1657
f 1659/9/1663 1665/236/1664 1664/234/1662 1658/5/1661
f 1660/11/1665 1666/237/1666 1665/236/1664 1659/9/1663
f 1661/13/1667 1667/238/1668 1666/237/1666 1660/11/1665
f 1662/4/1660 1668/233/1659 1667/238/1668 1661/13/1667
f 1663/232/1658 1669/239/1669 1674/240/1670 1668/233/1659
f 1664/234/1662 1670/241/1671 1669/242/1669 1663/235/1658
f 1665/236/1664 1671/243/1672 1670/241/1671 1664/234/1662
f 1666/237/1666 1672/244/1673 1671/243/1672 1665/236/1664
f 1667/238/1668 1673/245/1674 1672/244/1673 1666/237/1666
f 1668/233/1659 1674/240/1670 1673/245/1674 1667/238/1668
f 1669/239/1669 1675/246/1675 1680/247/1676 1674/240/1670
f 1670/241/1671 1676/248/1677 1675/249/1675 1669/242/1669
f 1671/243/1672 1677/250/1678 1676/248/1677 1670/241/1671
f 1672/244/1673 1678/251/1679 1677/250/1678 1671/243/1672
f 1673/245/1674 1679/252/1680 1678/251/1679 1672/244/1673
f 1674/240/1670 1680/247/1676 1679/252/1680 1673/245/1674
f 1675/246/1675 1681/253/1681 1686/254/1682 1680/247/1676
f 1676/248/1677 1682/255/1683 1681/256/1681 1675/249/1675
f 1677/250/1678 1683/257/1684 1682/255/1683 1676/248/1677
f 1678/251/1679 1684/258/1685 1683/257/1684 1677/250/1678
f 1679/252/1680 1685/259/1686 1684/258/1685 1678/251/1679
f 1680/247/1676 1686/254/1682 1685/259/1686 1679/252/1680
f 1681/253/1681 1687/57/1687 1692/58/1688 1686/254/1682
f 1682/255/1683 1688/59/1689 1687/60/1687 1681/256/1681
f 1683/257/1684 1689/61/1690 1688/59/1689 1682/255/1683
f 1684/258/1685 1690/62/1691 1689/61/1690 1683/257/1684
f 1685/259/1686 1691/63/1692 1690/62/1691 1684/258/1685
f 1686/254/1682 1692/58/1688 1691/63/1692 1685/259/1686
f 1687/57/1687 1693/260/1693 1698/261/1694 1692/58/1688
f 1688/59/1689 1694/262/1695 1693/263/1693 1687/60/1687
f 1689/61/1690 1695/264/1696 1694/262/1695 1688/59/1689
f 1690/62/1691 1696/265/1697 1695/264/1696 1689/61/1690
f 1691/63/1692 1697/266/1698 1696/265/1697 1690/62/1691
f 1692/58/1688 1698/261/1694 1697/266/1698 1691/63/1692
f 1693/260/1693 1699/267/1699 1704/268/1700 1698/261/1694
f 1694/262/1695 1700/269/1701 1699/270/1699 1693/263/1693
f 1695/264/1696 1701/271/1702 1700/269/1701 1694/262/1695
f 1696/265/1697 1702/272/1703 1701/271/1702 1695/264/1696
f 1697/266/1698 1703/273/1704 1702/272/1703 1696/265/1697
f 1698/261/1694 1704/268/1700 1703/273/1704 1697/266/1698
f 1699/267/1699 1705/274/1705 1710/275/1706 1704/268/1700
f 1700/269/1701 1706/276/1707 1705/277/1705 1699/270/1699
f 1701/271/1702 1707/278/1708 1706/276/1707 1700/269/1701
f 1702/272/1703 1708/279/1709 1707/278/1708 1701/271/1702
f 1703/273/1704 1709/280/1710 1708/279/1709 1702/272/1703
f 1704/268/1700 1710/275/1706 1709/280/1710 1703/273/1704
f 1705/274/1705 1711/281/1711 1716/282/1712 1710/275/1706
f 1706/276/1707 1712/283/1713 1711/284/1711 1705/277/1705
f 1707/278/1708 1713/285/1714 1712/283/1713 1706/276/1707
f 1708/279/1709 1714/286/1715 1713/285/1714 1707/278/1708
f 1709/280/1710 1715/287/1716 1714/286/1715 1708/279/1709
f 1710/275/1706 1716/282/1712 1715/287/1716 1709/280/1710
f 1711/281/1711 1717/113/1717 1722/114/1718 1716/282/1712
f 1712/283/1713 1718/115/1719 1717/116/1717 1711/284/1711
f 1713/285/1714 1719/117/1720 1718/115/1719 1712/283/1713
f 1714/286/1715 1720/118/1721 1719/117/1720 1713/285/1714
f 1715/287/1716 1721/119/1722 1720/118/1721 1714/286/1715
f 1716/282/1712 1722/114/1718 1721/119/1722 1715/287/1716
f 1723/1/1723 1729/29/1724 1734/30/1725 1728/4/1726
f 1724/5/1727 1730/31/1728 1729/32/1724 1723/8/1723
f 1725/9/1729 1731/33/1730 1730/31/1728 1724/5/1727
f 1726/11/1731 1732/34/1732 1731/33/1730 1725/9/1729
f 1727/13/1733 1733/35/1734 1732/34/1732 1726/11/1731
f 1728/4/1726 1734/30/1725 1733/35/1734 1727/13/1733
f 1729/29/1724 1735/57/1735 1740/58/1736 1734/30/1725
f 1730/31/1728 1736/59/1737 1735/60/1735 1729/32/1724
f 1731/33/1730 1737/61/1738 1736/59/1737 1730/31/1728
f 1732/34/1732 1738/62/1739 1737/61/1738 1731/33/1730
f 1733/35/1734 1739/63/1740 1738/62/1739 1732/34/1732
f 1734/30/1725 1740/58/1736 1739/63/1740 1733/35/1734
f 1735/57/1735 1741/85/1741 1746/86/1742 1740/58/1736
f 1736/59/1737 1742/87/1743 1741/88/1741 1735/60/1735
f 1737/61/1738 1743/89/1744 1742/87/1743 1736/59/1737
f 1738/62/1739 1744/90/1745 1743/89/1744 1737/61/1738
f 1739/63/1740 1745/91/1746 1744/90/1745 1738/62/1739
f 1740/58/1736 1746/86/1742 1745/91/1746 1739/63/1740
f 1741/85/1741 1747/113/1747 1752/114/1748 1746/86/1742
f 1742/87/1743 1748/115/1749 1747/116/1747 1741/88/1741
f 1743/89/1744 1749/117/1750 1748/115/1749 1742/87/1743
f 1744/90/1745 1750/118/1751 1749/117/1750 1743/89/1744
f 1745/91/1746 1751/119/1752 1750/118/1751 1744/90/1745
f 1746/86/1742 1752/114/1748 1751/119/1752 1745/91/1746
f 1753/1/1753 1759/204/1754 1764/205/1755 1758/4/1756
f 1754/5/1757 1760/206/1758 1759/207/1754 1753/8/1753
f 1755/9/1759 1761/208/1760 1760/206/1758 1754/5/1757
f 1756/11/1761 1762/209/1762 1761/208/1760 1755/9/1759
f 1757/13/1763 1763/210/1764 1762/209/1762 1756/11/1761
f 1758/4/1756 1764/205/1755 1763/210/1764 1757/13/1763
f 1759/204/1754 1765/211/1765 1770/212/1766 1764/205/1755
f 1760/206/1758 1766/213/1767 1765/214/1765 1759/207/1754
f 1761/208/1760 1767/215/1768 1766/213/1767 1760/206/1758
f 1762/209/1762 1768/216/1769 1767/215/1768 1761/208/1760
f 1763/210/1764 1769/217/1770 1768/216/1769 1762/209/1762
f 1764/205/1755 1770/212/1766 1769/217/1770 1763/210/1764
f 1765/211/1765 1771/57/1771 1776/58/1772 1770/212/1766
f 1766/213/1767 1772/59/1773 1771/60/1771 1765/214/1765
f 1767/215/1768 1773/61/1774 1772/59/1773 1766/213/1767
f 1768/216/1769 1774/62/1775 1773/61/1774 1767/215/1768
f 1769/217/1770 1775/63/1776 1774/62/1775 1768/216/1769
f 1770/212/1766 1776/58/1772 1775/63/1776 1769/217/1770
f 1771/57/1771 1777/218/1777 1782/219/1778 1776/58/1772
f 1772/59/1773 1778/220/1779 1777/221/1777 1771/60/1771
f 1773/61/1774 1779/222/1780 1778/220/1779 1772/59/1773
f 1774/62/1775 1780/223/1781 1779/222/1780 1773/61/1774
f 1775/63/1776 1781/224/1782 1780/223/1781 1774/62/1775
f 1776/58/1772 1782/219/1778 1781/224/1782 1775/63/1776
f 1777/218/1777 1783/225/1783 1788/226/1784 1782/219/1778
f 1778/220/1779 1784/227/1785 1783/228/1783 1777/221/1777
f 1779/222/1780 1785/229/1786 1784/227/1785 1778/220/1779
f 1780/223/1781 1786/230/1787 1785/229/1786 1779/222/1780
f 1781/224/1782 1787/231/1788 1786/230/1787 1780/223/1781
f 1782/219/1778 1788/226/1784 1787/231/1788 1781/224/1782
f 1783/225/1783 1789/113/1789 1794/114/1790 1788/226/1784
f 1784/227/1785 1790/115/1791 1789/116/1789 1783/228/1783
f 1785/229/1786 1791/117/1792 1790/115/1791 1784/227/1785
f 1786/230/1787 1792/118/1793 1791/117/1792 1785/229/1786
f 1787/231/1788 1793/119/1794 1792/118/1793 1786/230/1787
f 1788/226/1784 1794/114/1790 1793/119/1794 1787/231/1788
f 1795/1/1795 1801/15/1796 1806/16/1797 1800/4/1798
f 1796/5/1799 1802/17/1800 1801/18/1796 1795/8/1795
f 1797/9/1801 1803/19/1802 1802/17/1800 1796/5/1799
f 1798/11/1803 1804/20/1804 1803/19/1802 1797/9/1801
f 1799/13/1805 1805/21/1806 1804/20/1804 1798/11/1803
f 1800/4/1798 1806/16/1797 1805/21/1806 1799/13/1805
f 1801/15/1796 1807/29/1807 1812/30/1808 1806/16/1797
f 1802/17/1800 1808/31/1809 1807/32/1807 1801/18/1796
f 1803/19/1802 1809/33/1810 1808/31/1809 1802/17/1800
f 1804/20/1804 1810/34/1811 1809/33/1810 1803/19/1802
f 1805/21/1806 1811/35/1812 1810/34/1811 1804/20/1804
f 1806/16/1797 1812/30/1808 1811/35/1812 1805/21/1806
f 1807/29/1807 1813/43/1813 1818/44/1814 1812/30/1808
f 1808/31/1809 1814/45/1815 1813/46/1813 1807/32/1807
f 1809/33/1810 1815/47/1816 1814/45/1815 1808/31/1809
f 1810/34/1811 1816/48/1817 1815/47/1816 1809/33/1810
f 1811/35/1812 1817/49/1818 1816/48/1817 1810/34/1811
f 1812/30/1808 1818/44/1814 1817/49/1818 1811/35/1812
f 1813/43/1813 1819/57/1819 1824/58/1820 1818/44/1814
f 1814/45/1815 1820/59/1821 1819/60/1819 1813/46/1813
f 1815/47/1816 1821/61/1822 1820/59/1821 1814/45/1815
f 1816/48/1817 1822/62/1823 1821/61/1822 1815/47/1816
f 1817/49/1818 1823/63/1824 1822/62/1823 1816/48/1817
f 1818/44/1814 1824/58/1820 1823/63/1824 1817/49/1818
f 1819/57/1819 1825/71/1825 1830/72/1826 1824/58/1820
f 1820/59/1821 1826/73/1827 1825/74/1825 1819/60/1819
f 1821/61/1822 1827/75/1828 1826/73/1827 1820/59/1821
f 1822/62/1823 1828/76/1829 1827/75/1828 1821/61/1822
f 1823/63/1824 1829/77/1830 1828/76/1829 1822/62/1823
f 1824/58/1820 1830/72/1826 1829/77/1830 1823/63/1824
f 1825/71/1825 1831/85/1831 1836/86/1832 1830/72/1826
f 1826/73/1827 1832/87/1833 1831/88/1831 1825/74/1825
f 1827/75/1828 1833/89/1834 1832/87/1833 1826/73/1827
f 1828/76/1829 1834/90/1835 1833/89/1834 1827/75/1828
f 1829/77/1830 1835/91/1836 1834/90/1835 1828/76/1829
f 1830/72/1826 1836/86/1832 1835/91/1836 1829/77/1830
f 1831/85/1831 1837/99/1837 1842/100/1838 1836/86/1832
f 1832/87/1833 1838/101/1839 1837/102/1837 1831/88/1831
f 1833/89/1834 1839/103/1840 1838/101/1839 1832/87/1833
f 1834/90/1835 1840/104/1841 1839/103/1840 1833/89/1834
f 1835/91/1836 1841/105/1842 1840/104/1841 1834/90/1835
f 1836/86/1832 1842/100/1838 1841/105/1842 1835/91/1836
f 1837/99/1837 1843/113/1843 1848/114/1844 1842/100/1838
f 1838/101/1839 1844/115/1845 1843/116/1843 1837/102/1837
f 1839/103/1840 1845/117/1846 1844/115/1845 1838/101/1839
f 1840/104/1841 1846/118/1847 1845/117/1846 1839/103/1840
f 1841/105/1842 1847/119/1848 1846/118/1847 1840/104/1841
f 1842/100/1838 1848/114/1844 1847/119/1848 1841/105/1842
f 1849/1/1849 1855/29/1850 1860/30/1851 1854/4/1852
f 1850/5/1853 1856/31/1854 1855/32/1850 1849/8/1849
f 1851/9/1855 1857/33/1856 1856/31/1854 1850/5/1853
f 1852/11/1857 1858/34/1858 1857/33/1856 1851/9/1855
f 1853/13/1859 1859/35/1860 1858/34/1858 1852/11/1857
f 1854/4/1852 1860/30/1851 1859/35/1860 1853/13/1859
f 1855/29/1850 1861/57/1861 1866/58/1862 1860/30/1851
f 1856/31/1854 1862/59/1863 1861/60/1861 1855/32/1850
f 1857/33/1856 1863/61/1864 1862/59/1863 1856/31/1854
f 1858/34/1858 1864/62/1865 1863/61/1864 1857/33/1856
f 1859/35/1860 1865/63/1866 1864/62/1865 1858/34/1858
f 1860/30/1851 1866/58/1862 1865/63/1866 1859/35/1860
f 1861/57/1861 1867/85/1867 1872/86/1868 1866/58/1862
f 1862/59/1863 1868/87/1869 1867/88/1867 1861/60/1861
f 1863/61/1864 1869/89/1870 1868/87/1869 1862/59/1863
f 1864/62/1865 1870/90/1871 1869/89/1870 1863/61/1864
f 1865/63/1866 1871/91/1872 1870/90/1871 1864/62/1865
f 1866/58/1862 1872/86/1868 1871/91/1872 1865/63/1866
f 1867/85/1867 1873/113/1873 1878/114/1874 1872/86/1868
f 1868/87/1869 1874/115/1875 1873/116/1873 1867/88/1867
f 1869/89/1870 1875/117/1876 1874/115/1875 1868/87/1869
f 1870/90/1871 1876/118/1877 1875/117/1876 1869/89/1870
f 1871/91/1872 1877/119/1878 1876/118/1877 1870/90/1871
f 1872/86/1868 1878/114/1874 1877/119/1878 1871/91/1872
f 1879/1/1879 1885/57/1880 1890/58/1881 1884/4/1882
f 1880/5/1883 1886/59/1884 1885/60/1880 1879/8/1879
f 1881/9/1885 1887/61/1886 1886/59/1884 1880/5/1883
f 1882/11/1887 1888/62/1888 1887/61/1886 1881/9/1885
f 1883/13/1889 1889/63/1890 1888/62/1888 1882/11/1887
f 1884/4/1882 1890/58/1881 1889/63/1890 1883/13/1889
f 1885/57/1880 1891/113/1891 1896/114/1892 1890/58/1881
f 1886/59/1884 1892/115/1893 1891/116/1891 1885/60/1880
f 1887/61/1886 1893/117/1894 1892/115/1893 1886/59/1884
f 1888/62/1888 1894/118/1895 1893/117/1894 1887/61/1886
f 1889/63/1890 1895/119/1896 1894/118/1895 1888/62/1888
f 1890/58/1881 1896/114/1892 1895/119/1896 1889/63/1890
f 1897/1/1897 1903/15/1898 1908/16/1899 1902/4/1900
f 1898/5/1901 1904/17/1902 1903/18/1898 1897/8/1897
f 1899/9/1903 1905/19/1904 1904/17/1902 1898/5/1901
f 1900/11/1905 1906/20/1906 1905/19/1904 1899/9/1903
f 1901/13/1907 1907/21/1908 1906/20/1906 1900/11/1905
f 1902/4/1900 1908/16/1899 1907/21/1908 1901/13/1907
f 1903/15/1898 1909/29/1909 1914/30/1910 1908/16/1899
f 1904/17/1902 1910/31/1911 1909/32/1909 1903/18/1898
f 1905/19/1904 1911/33/1912 1910/31/1911 1904/17/1902
f 1906/20/1906 1912/34/1913 1911/33/1912 1905/19/1904
f 1907/21/1908 1913/35/1914 1912/34/1913 1906/20/1906
f 1908/16/1899 1914/30/1910 1913/35/1914 1907/21/1908
f 1909/29/1909 1915/43/1915 1920/44/1916 1914/30/1910
f 1910/31/1911 1916/45/1917 1915/46/1915 1909/32/1909
f 1911/33/1912 1917/47/1918 1916/45/1917 1910/31/1911
f 1912/34/1913 1918/48/1919 1917/47/1918 1911/33/1912
f 1913/35/1914 1919/49/1920 1918/48/1919 1912/34/1913
f 1914/30/1910 1920/44/1916 1919/49/1920 1913/35/1914
f 1915/43/1915 1921/57/1921 1926/58/1922 1920/44/1916
f 1916/45/1917 1922/59/1923 1921/60/1921 1915/46/1915
f 1917/47/1918 1923/61/1924 1922/59/1923 1916/45/1917
f 1918/48/1919 1924/62/1925 1923/61/1924 1917/47/1918
f 1919/49/1920 1925/63/1926 1924/62/1925 1918/48/1919
f 1920/44/1916 1926/58/1922 1925/63/1926 1919/49/1920
f 1921/57/1921 1927/71/1927 1932/72/1928 1926/58/1922
f 1922/59/1923 1928/73/1929 1927/74/1927 1921/60/1921
f 1923/61/1924 1929/75/1930 1928/73/1929 1922/59/1923
f 1924/62/1925 1930/76/1931 1929/75/1930 1923/61/1924
f 1925/63/1926 1931/77/1932 1930/76/1931 1924/62/1925
f 1926/58/1922 1932/72/1928 1931/77/1932 1925/63/1926
f 1927/71/1927 1933/85/1933 1938/86/1934 1932/72/1928
f 1928/73/1929 1934/87/1935 1933/88/1933 1927/74/1927
f 1929/75/1930 1935/89/1936 1934/87/1935 1928/73/1929
f 1930/76/1931 1936/90/1937 1935/89/1936 1929/75/1930
f 1931/77/1932 1937/91/1938 1936/90/1937 1930/76/1931
f 1932/72/1928 1938/86/1934 1937/91/1938 1931/77/1932
f 1933/85/1933 1939/99/1939 1944/100/1940 1938/86/1934
f 1934/87/1935 1940/101/1941 1939/102/1939 1933/88/1933
f 1935/89/1936 1941/103/1942 1940/101/1941 1934/87/1935
f 1936/90/1937 1942/104/1943 1941/103/1942 1935/89/1936
f 1937/91/1938 1943/105/1944 1942/104/1943 1936/90/1937
f 1938/86/1934 1944/100/1940 1943/105/1944 1937/91/1938
f 1939/99/1939 1945/113/1945 1950/114/1946 1944/100/1940
f 1940/101/1941 1946/115/1947 1945/116/1945 1939/102/1939
f 1941/103/1942 1947/117/1948 1946/115/1947 1940/101/1941
f 1942/104/1943 1948/118/1949 1947/117/1948 1941/103/1942
f 1943/105/1944 1949/119/1950 1948/118/1949 1942/104/1943
f 1944/100/1940 1950/114/1946 1949/119/1950 1943/105/1944
f 1951/1/1951 1957/57/1952 1962/58/1953 1956/4/1954
f 1952/5/1955 1958/59/1956 1957/60/1952 1951/8/1951
f 1953/9/1957 1959/61/1958 1958/59/1956 1952/5/1955
f 1954/11/1959 1960/62/1960 1959/61/1958 1953/9/1957
f 1955/13/1961 1961/63/1962 1960/62/1960 1954/11/1959
f 1956/4/1954 1962/58/1953 1961/63/1962 1955/13/1961
f 1957/57/1952 1963/113/1963 1968/114/1964 1962/58/1953
f 1958/59/1956 1964/115/1965 1963/116/1963 1957/60/1952
f 1959/61/1958 1965/117/1966 1964/115/1965 1958/59/1956
f 1960/62/1960 1966/118/1967 1965/117/1966 1959/61/1958
f 1961/63/1962 1967/119/1968 1966/118/1967 1960/62/1960
f 1962/58/1953 1968/114/1964 1967/119/1968 1961/63/1962
o tree
v -0.070049 0.000000 0.121328
v 0.070049 0.000000 0.121328
v 0.140097 0.000000 -0.000000
v 0.070049 0.000000 -0.121328
v -0.070049 0.000000 -0.121328
v -0.140097 0.000000 0.000000
v -0.065724 0.122008 0.112151
v 0.066941 0.121981 0.112151
v 0.133273 0.121864 -0.002740
v 0.066941 0.121773 -0.117631
v -0.065724 0.121800 -0.117631
v -0.132056 0.121917 -0.002740
v -0.062539 0.245474 0.108125
v 0.062674 0.247601 0.108203
v 0.125214 0.256589 0.000078
v 0.062540 0.263450 -0.108125
v -0.062674 0.261323 -0.108203
v -0.125214 0.252335 -0.000078
v -0.062347 0.363681 0.116704
v 0.055389 0.367518 0.116980
v 0.114007 0.384398 0.016205
v 0.054888 0.397442 -0.084847
v -0.062849 0.393605 -0.085123
v -0.121466 0.376724 0.015652
v -0.063177 0.489312 0.131601
v 0.047143 0.492497 0.131797
v 0.102034 0.509220 0.037520
v 0.046604 0.522759 -0.056952
v -0.063716 0.519574 -0.057148
v -0.118607 0.502850 0.037129
v -0.062189 0.613202 0.143715
v 0.040719 0.615512 0.143795
v 0.091947 0.629784 0.055663
v 0.040268 0.641747 -0.032550
v -0.062640 0.639438 -0.032630
v -0.113868 0.625166 0.055502
v -0.061296 0.735736 0.155251
v 0.034139 0.739277 0.155527
v 0.081669 0.752505 0.073757
v 0.033764 0.762191 -0.008290
v -0.061671 0.758649 -0.008567
v -0.109201 0.745422 0.073204
v -0.063926 0.858720 0.165060
v 0.024084 0.861906 0.165304
v 0.067921 0.873923 0.089872
v 0.023748 0.882752 0.014197
v -0.064262 0.879565 0.013953
v -0.108099 0.867549 0.089384
v -0.062814 0.981922 0.176228
v 0.017798 0.980044 0.175726
v 0.057939 0.990445 0.106569
v 0.017468 1.002724 0.037915
v -0.063144 1.004602 0.038417
v -0.103285 0.994202 0.107573
v -0.050571 1.104560 0.192448
v 0.022389 1.098713 0.191266
v 0.058790 1.107405 0.128353
v 0.022231 1.121944 0.066622
v -0.050728 1.127791 0.067804
v -0.087129 1.119099 0.130717
v -0.035228 1.226839 0.208731
v 0.030371 1.222199 0.207778
v 0.063028 1.229387 0.151142
v 0.030084 1.241214 0.095459
v -0.035515 1.245854 0.096412
v -0.068171 1.238666 0.153048
v -0.025536 1.346261 0.220312
v 0.032730 1.343435 0.219666
v 0.061652 1.349105 0.169322
v 0.032309 1.357601 0.119622
v -0.025957 1.360427 0.120267
v -0.054879 1.354757 0.170612
v -0.015938 1.466088 0.229531
v 0.034863 1.462899 0.228870
v 0.060051 1.466997 0.184824
v 0.034440 1.474283 0.141439
v -0.016361 1.477472 0.142100
v -0.041549 1.473374 0.186146
v -0.002553 1.589088 0.238831
v 0.040783 1.585714 0.238186
v 0.062235 1.588396 0.200471
v 0.040351 1.594454 0.163400
v -0.002985 1.597829 0.164045
v -0.024437 1.595146 0.201760
v 0.010904 1.712183 0.245170
v 0.046860 1.709783 0.244676
v 0.064589 1.711266 0.213335
v 0.046363 1.715150 0.182488
v 0.010407 1.717550 0.182982
v -0.007322 1.716067 0.214323
v 0.021480 1.835881 0.247014
v 0.050047 1.834416 0.246653
v 0.064093 1.835153 0.221743
v 0.049573 1.837355 0.197195
v 0.021007 1.838821 0.197555
v 0.006960 1.838084 0.222465
v 0.031047 1.959232 0.246771
v 0.052191 1.958147 0.246504
v 0.062588 1.958693 0.228066
v 0.051840 1.960323 0.209896
v 0.030696 1.961408 0.210163
v 0.020299 1.960862 0.228600
v -0.088807 0.270619 0.086807
v 0.031944 0.270619 0.120006
v 0.120751 0.254462 0.033200
v 0.088807 0.238305 -0.086807
v -0.031944 0.238305 -0.120006
v -0.120751 0.254462 -0.033200
v -0.072065 0.563501 0.038067
v 0.041520 0.563508 0.069296
v 0.125055 0.548304 -0.012358
v 0.095006 0.533091 -0.125240
v -0.018578 0.533083 -0.156468
v -0.102114 0.548288 -0.074814
v -0.053755 0.882396 -0.012648
v 0.052635 0.881736 0.016704
v 0.130920 0.867988 -0.059867
v 0.102816 0.854899 -0.165790
v -0.003574 0.855560 -0.195141
v -0.081860 0.869308 -0.118570
v -0.034778 1.178217 -0.055717
v 0.064425 1.177109 -0.028278
v 0.137462 1.164810 -0.099761
v 0.111296 1.153621 -0.198683
v 0.012093 1.154730 -0.226122
v -0.060944 1.167028 -0.154639
v -0.016033 1.473641 -0.097240
v 0.076025 1.473038 -0.071833
v 0.143837 1.462790 -0.138294
v 0.119591 1.453145 -0.230161
v 0.027533 1.453748 -0.255567
v -0.040278 1.463996 -0.189107
v -0.001346 1.774244 -0.134832
v 0.083561 1.774055 -0.111447
v 0.146067 1.763884 -0.172648
v 0.123667 1.753901 -0.257233
v 0.038760 1.754090 -0.280617
v -0.023746 1.764261 -0.219417
v 0.017257 2.077173 -0.185168
v 0.094968 2.076399 -0.163660
v 0.151932 2.061846 -0.218845
v 0.131186 2.048067 -0.295538
v 0.053476 2.048841 -0.317046
v -0.003488 2.063395 -0.261862
v 0.047926 2.372726 -0.263467
v 0.118444 2.371645 -0.243853
v 0.169803 2.353841 -0.292882
v 0.150644 2.337117 -0.361526
v 0.080126 2.338198 -0.381140
v 0.028767 2.356002 -0.332110
v 0.080493 2.660486 -0.352705
v 0.143916 2.660268 -0.335291
v 0.190039 2.644025 -0.379274
v 0.172740 2.628000 -0.440671
v 0.109317 2.628217 -0.458085
v 0.063194 2.644460 -0.414102
v 0.103691 2.921710 -0.430521
v 0.159996 2.922203 -0.415267
v 0.200977 2.908749 -0.454545
v 0.185652 2.894801 -0.509078
v 0.129347 2.894308 -0.524333
v 0.088366 2.907763 -0.485054
v 0.125464 3.184136 -0.507223
v 0.174576 3.184272 -0.493834
v 0.210358 3.172865 -0.528197
v 0.197028 3.161323 -0.575950
v 0.147916 3.161187 -0.589340
v 0.112134 3.172594 -0.554976
v 0.150352 3.448270 -0.578742
v 0.192279 3.448186 -0.567256
v 0.222852 3.438674 -0.596660
v 0.211498 3.429245 -0.637550
v 0.169571 3.429329 -0.649036
v 0.138998 3.438841 -0.619632
v 0.173427 3.712682 -0.650316
v 0.208220 3.713155 -0.640932
v 0.233572 3.705368 -0.665334
v 0.224131 3.697109 -0.699120
v 0.189339 3.696636 -0.708504
v 0.163987 3.704423 -0.684101
v 0.191108 3.981096 -0.728376
v 0.218748 3.981943 -0.721053
v 0.238873 3.975791 -0.740431
v 0.231358 3.968792 -0.767130
v 0.203717 3.967945 -0.774452
v 0.183592 3.974096 -0.755075
v 0.206503 4.249179 -0.808232
v 0.226962 4.249807 -0.802812
v 0.241858 4.245253 -0.817155
v 0.236295 4.240073 -0.836917
v 0.215837 4.239445 -0.842337
v 0.200941 4.243999 -0.827994
v 0.030317 1.001137 0.136931
v 0.029303 1.001137 0.075481
v -0.023686 0.992323 0.045621
v -0.075662 0.983509 0.077211
v -0.074649 0.983509 0.138662
v -0.021660 0.992323 0.168522
v -0.008827 1.200569 0.134829
v -0.009747 1.200570 0.079043
v -0.057851 1.192563 0.051936
v -0.105035 1.184555 0.080614
v -0.104115 1.184554 0.136400
v -0.056011 1.192561 0.163508
v -0.049576 1.417102 0.132583
v -0.050398 1.417073 0.082461
v -0.093776 1.410894 0.058108
v -0.136332 1.404744 0.083877
v -0.135510 1.404773 0.133999
v -0.092132 1.410952 0.158352
v -0.079950 1.625091 0.130087
v -0.080665 1.624970 0.085629
v -0.119114 1.619305 0.064028
v -0.156848 1.613761 0.086885
v -0.156133 1.613883 0.131343
v -0.117684 1.619548 0.152943
v -0.121100 1.834140 0.126920
v -0.121683 1.833825 0.088128
v -0.154580 1.825572 0.069287
v -0.186895 1.817634 0.089239
v -0.186312 1.817950 0.128031
v -0.153415 1.826203 0.146872
v -0.192459 2.036661 0.122755
v -0.192907 2.036224 0.089628
v -0.220227 2.026576 0.073555
v -0.247099 2.017365 0.090609
v -0.246652 2.017802 0.123737
v -0.219331 2.027450 0.139810
v -0.270534 2.233626 0.118013
v -0.270893 2.233230 0.090550
v -0.293658 2.225572 0.077222
v -0.316063 2.218311 0.091357
v -0.315704 2.218708 0.118820
v -0.292939 2.226365 0.132148
v -0.325911 2.405496 0.113499
v -0.326198 2.405187 0.091700
v -0.344509 2.399897 0.081112
v -0.362534 2.394916 0.092324
v -0.362247 2.395225 0.114123
v -0.343935 2.400515 0.124711
v -0.378567 2.579262 0.108866
v -0.378780 2.579033 0.092731
v -0.392333 2.575118 0.084894
v -0.405674 2.571431 0.093193
v -0.405461 2.571660 0.109328
v -0.391908 2.575575 0.117164
v 0.112227 2.065599 -0.241640
v 0.091991 2.065599 -0.273973
v 0.053986 2.062620 -0.272686
v 0.036217 2.059641 -0.239067
v 0.056452 2.059641 -0.206733
v 0.094457 2.062620 -0.208020
v 0.096878 2.190984 -0.237773
v 0.078510 2.190950 -0.267127
v 0.044010 2.188223 -0.265961
v 0.027877 2.185529 -0.235439
v 0.046245 2.185563 -0.206085
v 0.080745 2.188291 -0.207252
v 0.085161 2.325884 -0.228914
v 0.068540 2.328147 -0.255117
v 0.037464 2.327244 -0.253953
v 0.023008 2.324078 -0.226586
v 0.039628 2.321816 -0.200384
v 0.070705 2.322719 -0.201548
v 0.083016 2.456497 -0.210457
v 0.068290 2.460916 -0.233372
v 0.040736 2.461771 -0.232116
v 0.027909 2.458205 -0.207945
v 0.042635 2.453786 -0.185029
v 0.070189 2.452931 -0.186285
v 0.088252 2.586623 -0.184779
v 0.075492 2.591937 -0.204497
v 0.051513 2.593710 -0.203205
v 0.040293 2.590170 -0.182195
v 0.053053 2.584857 -0.162477
v 0.077032 2.583083 -0.163770
v 0.097720 2.711607 -0.155616
v 0.086896 2.716862 -0.172292
v 0.066476 2.718957 -0.171057
v 0.056881 2.715797 -0.153146
v 0.067705 2.710541 -0.136470
v 0.088124 2.708446 -0.137705
v 0.110445 2.836436 -0.124770
v 0.101471 2.840787 -0.138596
v 0.084564 2.842701 -0.137531
v 0.076632 2.840264 -0.122639
v 0.085606 2.835912 -0.108813
v 0.102512 2.833998 -0.109879
v 0.121720 2.954570 -0.098938
v 0.114573 2.957832 -0.109955
v 0.101153 2.959353 -0.109109
v 0.094881 2.957611 -0.097246
v 0.102029 2.954349 -0.086228
v 0.115449 2.952828 -0.087075
v 0.133348 3.072847 -0.073945
v 0.128057 3.075262 -0.082100
v 0.118124 3.076387 -0.081474
v 0.113482 3.075098 -0.072693
v 0.118773 3.072683 -0.064538
v 0.128705 3.071558 -0.065164
v 0.071554 2.328937 -0.209361
v 0.078660 2.328937 -0.234029
v 0.061190 2.324981 -0.252419
v 0.036614 2.321025 -0.246140
v 0.029509 2.321025 -0.221471
v 0.046979 2.324981 -0.203082
v 0.030609 2.544706 -0.221927
v 0.036911 2.544709 -0.243808
v 0.021416 2.541197 -0.260119
v -0.000381 2.537682 -0.254550
v -0.006683 2.537679 -0.232669
v 0.008812 2.541191 -0.216358
v -0.010924 2.779993 -0.236135
v -0.005396 2.779819 -0.255219
v -0.018957 2.777001 -0.269465
v -0.038046 2.774356 -0.264626
v -0.043574 2.774530 -0.245542
v -0.030013 2.777348 -0.231297
v -0.042724 2.998412 -0.250207
v -0.037974 2.998059 -0.266493
v -0.049577 2.995801 -0.278667
v -0.065928 2.993896 -0.274555
v -0.070678 2.994248 -0.258269
v -0.059076 2.996506 -0.246095
v -0.072552 3.217303 -0.266597
v -0.068592 3.216839 -0.280087
v -0.078190 3.214813 -0.290169
v -0.091748 3.213252 -0.286762
v -0.095709 3.213717 -0.273272
v -0.086111 3.215742 -0.263190
v -0.105763 3.439465 -0.286947
v -0.102605 3.438994 -0.297647
v -0.110202 3.437230 -0.305637
v -0.120957 3.435938 -0.302928
v -0.124114 3.436409 -0.292229
v -0.116517 3.438173 -0.284238
v -0.139580 3.661210 -0.308951
v -0.137242 3.660861 -0.316871
v -0.142866 3.659555 -0.322785
v -0.150826 3.658599 -0.320780
v -0.153163 3.658948 -0.312861
v -0.147540 3.660253 -0.306946
v -0.119146 1.826572 0.103748
v -0.140331 1.826572 0.075729
v -0.175182 1.825887 0.080060
v -0.188849 1.825202 0.112411
v -0.167665 1.825202 0.140431
v -0.132813 1.825887 0.136099
v -0.128848 2.067707 0.108278
v -0.146939 2.067709 0.084350
v -0.176702 2.067122 0.088049
v -0.188373 2.066534 0.115676
v -0.170282 2.066532 0.139604
v -0.140519 2.067119 0.135905
v -0.138380 2.330320 0.111860
v -0.153376 2.330210 0.092022
v -0.178052 2.329843 0.095090
v -0.187731 2.329585 0.117996
v -0.172735 2.329695 0.137834
v -0.148059 2.330062 0.134766
v -0.146472 2.590473 0.112295
v -0.158375 2.590298 0.096548
v -0.177962 2.590101 0.098984
v -0.185648 2.590079 0.117165
v -0.173746 2.590254 0.132912
v -0.154158 2.590451 0.130477
v -0.153993 2.850753 0.111449
v -0.162802 2.850624 0.099794
v -0.177301 2.850478 0.101597
v -0.182989 2.850462 0.115054
v -0.174180 2.850592 0.126710
v -0.159681 2.850737 0.124907
v 0.088018 2.591515 -0.180987
v 0.078120 2.591515 -0.202938
v 0.054375 2.588397 -0.205439
v 0.040527 2.585279 -0.185988
v 0.050424 2.585279 -0.164036
v 0.074170 2.588397 -0.161536
v 0.035837 2.936942 -0.159009
v 0.027385 2.936942 -0.177755
v 0.007106 2.934277 -0.179891
v -0.004719 2.931612 -0.163280
v 0.003734 2.931611 -0.144534
v 0.024012 2.934276 -0.142398
v -0.018579 3.313537 -0.136780
v -0.025579 3.313483 -0.152324
v -0.042410 3.311420 -0.154086
v -0.052240 3.309412 -0.140303
v -0.045240 3.309467 -0.124759
v -0.028409 3.311529 -0.122997
v -0.066470 3.679379 -0.119343
v -0.072021 3.679292 -0.131684
v -0.085395 3.677773 -0.133076
v -0.093218 3.676340 -0.122128
v -0.087666 3.676426 -0.109788
v -0.074293 3.677946 -0.108395
v -0.112341 4.045705 -0.103583
v -0.116450 4.045641 -0.112717
v -0.126349 4.044516 -0.113747
v -0.132139 4.043455 -0.105644
v -0.128031 4.043519 -0.096510
v -0.118132 4.044644 -0.095479
v 0.111485 3.058444 -0.073555
v 0.119487 3.058444 -0.066808
v 0.129228 3.056747 -0.070242
v 0.130966 3.055049 -0.080423
v 0.122964 3.055049 -0.087170
v 0.113223 3.056747 -0.083736
v 0.122224 3.134779 -0.086146
v 0.129426 3.134781 -0.080074
v 0.138193 3.133250 -0.083164
v 0.139757 3.131717 -0.092326
v 0.132555 3.131715 -0.098398
v 0.123788 3.133246 -0.095308
v 0.133095 3.218103 -0.097565
v 0.139478 3.217939 -0.092147
v 0.147294 3.216786 -0.094919
v 0.148728 3.215796 -0.103110
v 0.142346 3.215960 -0.108527
v 0.134529 3.217113 -0.105755
v 0.142516 3.298617 -0.103580
v 0.148089 3.298356 -0.098830
v 0.154954 3.297593 -0.101275
v 0.156246 3.297090 -0.108469
v 0.150673 3.297350 -0.113219
v 0.143808 3.298114 -0.110774
v 0.149971 3.379600 -0.106889
v 0.154754 3.379461 -0.102822
v 0.160652 3.378980 -0.104925
v 0.161766 3.378637 -0.111096
v 0.156983 3.378776 -0.115164
v 0.151085 3.379258 -0.113060
v 0.155207 3.460751 -0.111352
v 0.159197 3.460699 -0.107965
v 0.164120 3.460460 -0.109724
v 0.165053 3.460273 -0.114870
v 0.161064 3.460325 -0.118257
v 0.156141 3.460563 -0.116498
v 0.158104 3.542001 -0.112393
v 0.161293 3.541834 -0.109685
v 0.165236 3.541852 -0.111090
v 0.165992 3.542035 -0.115204
v 0.162803 3.542202 -0.117913
v 0.158860 3.542185 -0.116507
v 0.159186 3.623100 -0.104415
v 0.161577 3.622931 -0.102387
v 0.164535 3.623046 -0.103434
v 0.165102 3.623329 -0.106510
v 0.162711 3.623497 -0.108538
v 0.159753 3.623383 -0.107491
v 0.159021 3.704408 -0.098350
v 0.160613 3.704431 -0.096992
v 0.162586 3.704457 -0.097692
v 0.162966 3.704460 -0.099751
v 0.161373 3.704437 -0.101109
v 0.159400 3.704411 -0.100409
v 0.158941 3.785645 -0.105270
v 0.159736 3.785731 -0.104595
v 0.160723 3.785706 -0.104943
v 0.160914 3.785596 -0.105966
v 0.160119 3.785510 -0.106641
v 0.159132 3.785535 -0.106293
v 0.158680 3.866518 -0.116965
v 0.158680 3.866518 -0.116965
v 0.158680 3.866518 -0.116965
v 0.158680 3.866518 -0.116965
v 0.158680 3.866518 -0.116965
v 0.158680 3.866518 -0.116965
v -0.060101 3.084121 -0.268297
v -0.063544 3.084121 -0.272222
v -0.068330 3.082163 -0.271497
v -0.069673 3.080204 -0.266846
v -0.066229 3.080204 -0.262921
v -0.061443 3.082163 -0.263646
v -0.081429 3.143683 -0.247472
v -0.084529 3.143688 -0.251004
v -0.088837 3.141927 -0.250351
v -0.090044 3.140160 -0.246166
v -0.086943 3.140156 -0.242635
v -0.082636 3.141917 -0.243288
v -0.106304 3.209009 -0.228464
v -0.108949 3.208719 -0.231684
v -0.112755 3.207091 -0.231121
v -0.113915 3.205752 -0.227337
v -0.111269 3.206042 -0.224117
v -0.107464 3.207671 -0.224681
v -0.133101 3.272314 -0.217098
v -0.135269 3.271708 -0.219978
v -0.138565 3.270201 -0.219500
v -0.139692 3.269298 -0.216142
v -0.137524 3.269904 -0.213262
v -0.134228 3.271411 -0.213740
v -0.162943 3.335171 -0.213008
v -0.164667 3.334366 -0.215498
v -0.167438 3.332959 -0.215096
v -0.168484 3.332357 -0.212206
v -0.166761 3.333161 -0.209716
v -0.163990 3.334568 -0.210117
v -0.196677 3.396148 -0.213729
v -0.198004 3.395267 -0.215798
v -0.200294 3.394059 -0.215463
v -0.201257 3.393732 -0.213058
v -0.199931 3.394613 -0.210989
v -0.197641 3.395821 -0.211325
v -0.229598 3.456546 -0.222596
v -0.230605 3.455732 -0.224235
v -0.232511 3.454913 -0.223988
v -0.233410 3.454909 -0.222103
v -0.232403 3.455723 -0.220464
v -0.230497 3.456542 -0.220711
v -0.254064 3.519075 -0.240256
v -0.254785 3.518386 -0.241465
v -0.256245 3.517842 -0.241299
v -0.256984 3.517987 -0.239925
v -0.256262 3.518676 -0.238717
v -0.254803 3.519220 -0.238883
v -0.281005 3.579275 -0.262595
v -0.281445 3.578733 -0.263371
v -0.282366 3.578263 -0.263223
v -0.282847 3.578336 -0.262299
v -0.282406 3.578878 -0.261523
v -0.281486 3.579348 -0.261671
v -0.320187 3.632879 -0.283002
v -0.320386 3.632576 -0.283378
v -0.320808 3.632284 -0.283282
v -0.321031 3.632294 -0.282810
v -0.320832 3.632597 -0.282434
v -0.320410 3.632889 -0.282530
v -0.363716 3.683366 -0.303384
v -0.363716 3.683366 -0.303384
v -0.363716 3.683366 -0.303384
v -0.363716 3.683366 -0.303384
v -0.363716 3.683366 -0.303384
v -0.363716 3.683366 -0.303384
v 0.123744 3.066448 -0.083415
v 0.114547 3.066448 -0.078545
v 0.112314 3.058986 -0.071643
v 0.119277 3.051524 -0.069612
v 0.128474 3.051524 -0.074482
v 0.130708 3.058986 -0.081384
v 0.153012 3.112357 -0.023581
v 0.144732 3.112353 -0.019203
v 0.142723 3.105639 -0.012990
v 0.148994 3.098928 -0.011154
v 0.157275 3.098933 -0.015532
v 0.159284 3.105647 -0.021745
v 0.188723 3.159647 0.041514
v 0.181513 3.159842 0.045672
v 0.179687 3.153821 0.051124
v 0.185070 3.147603 0.052416
v 0.192280 3.147407 0.048257
v 0.194106 3.153429 0.042806
v 0.227971 3.202532 0.104310
v 0.221973 3.203016 0.108415
v 0.220256 3.197627 0.113006
v 0.224537 3.191753 0.113491
v 0.230536 3.191268 0.109386
v 0.232253 3.196658 0.104795
v 0.277920 3.233677 0.165052
v 0.273370 3.234452 0.169258
v 0.271681 3.229700 0.172940
v 0.274541 3.224174 0.172416
v 0.279091 3.223400 0.168210
v 0.280781 3.228152 0.164528
v 0.341437 3.249033 0.219955
v 0.338215 3.249819 0.223964
v 0.336448 3.245771 0.226714
v 0.337904 3.240936 0.225455
v 0.341126 3.240150 0.221446
v 0.342893 3.244199 0.218695
v 0.410473 3.244906 0.270739
v 0.408049 3.245531 0.274065
v 0.406198 3.242302 0.275928
v 0.406771 3.238447 0.274466
v 0.409195 3.237821 0.271140
v 0.411046 3.241051 0.269276
v 0.476891 3.228601 0.323849
v 0.475157 3.229047 0.326406
v 0.473362 3.226737 0.327498
v 0.473302 3.223981 0.326032
v 0.475037 3.223535 0.323474
v 0.476831 3.225845 0.322383
v 0.538007 3.189305 0.368260
v 0.537027 3.189488 0.370086
v 0.535504 3.188161 0.370587
v 0.534961 3.186651 0.369262
v 0.535942 3.186468 0.367435
v 0.537465 3.187795 0.366934
v 0.586692 3.126235 0.394345
v 0.586269 3.126248 0.395295
v 0.585396 3.125714 0.395484
v 0.584946 3.125166 0.394722
v 0.585369 3.125153 0.393771
v 0.586242 3.125687 0.393583
v 0.628226 3.052920 0.411440
v 0.628226 3.052920 0.411440
v 0.628226 3.052920 0.411440
v 0.628226 3.052920 0.411440
v 0.628226 3.052920 0.411440
v 0.628226 3.052920 0.411440
v -0.062196 3.086832 -0.264503
v -0.061312 3.086832 -0.269710
v -0.064199 3.083748 -0.272879
v -0.067970 3.080664 -0.270841
v -0.068855 3.080664 -0.265635
v -0.065968 3.083748 -0.262466
v -0.103773 3.132656 -0.270202
v -0.102980 3.132659 -0.274888
v -0.105581 3.129886 -0.277740
v -0.108974 3.127109 -0.275907
v -0.109768 3.127106 -0.271220
v -0.107167 3.129879 -0.268368
v -0.149099 3.182091 -0.279815
v -0.148195 3.181874 -0.283936
v -0.150379 3.179267 -0.286443
v -0.153468 3.176879 -0.284829
v -0.154372 3.177096 -0.280708
v -0.152187 3.179702 -0.278201
v -0.191991 3.228902 -0.295062
v -0.190957 3.228448 -0.298582
v -0.192683 3.225967 -0.300710
v -0.195445 3.223941 -0.299319
v -0.196479 3.224396 -0.295799
v -0.194753 3.226876 -0.293671
v -0.235086 3.272551 -0.317325
v -0.233995 3.271956 -0.320239
v -0.235247 3.269601 -0.321950
v -0.237590 3.267840 -0.320745
v -0.238681 3.268435 -0.317830
v -0.237429 3.270790 -0.316120
v -0.279990 3.310702 -0.345258
v -0.278901 3.310045 -0.347572
v -0.279767 3.307924 -0.348884
v -0.281722 3.306458 -0.347882
v -0.282810 3.307115 -0.345568
v -0.281944 3.309236 -0.344256
v -0.322598 3.345618 -0.379812
v -0.321577 3.344957 -0.381539
v -0.322250 3.343241 -0.382572
v -0.323943 3.342187 -0.381878
v -0.324965 3.342849 -0.380151
v -0.324292 3.344564 -0.379118
v -0.357040 3.384470 -0.419766
v -0.356195 3.383897 -0.420978
v -0.356657 3.382569 -0.421708
v -0.357963 3.381813 -0.421225
v -0.358808 3.382386 -0.420014
v -0.358346 3.383715 -0.419284
v -0.394166 3.415074 -0.463185
v -0.393586 3.414680 -0.463975
v -0.393752 3.413693 -0.464310
v -0.394498 3.413099 -0.463855
v -0.395077 3.413493 -0.463065
v -0.394912 3.414480 -0.462730
v -0.442738 3.426434 -0.504271
v -0.442449 3.426237 -0.504667
v -0.442451 3.425718 -0.504763
v -0.442742 3.425395 -0.504462
v -0.443031 3.425591 -0.504066
v -0.443029 3.426111 -0.503970
v -0.494678 3.429320 -0.544199
v -0.494678 3.429320 -0.544199
v -0.494678 3.429320 -0.544199
v -0.494678 3.429320 -0.544199
v -0.494678 3.429320 -0.544199
v -0.494678 3.429320 -0.544199
v -0.062790 3.098532 -0.272486
v -0.068393 3.098532 -0.273876
v -0.072348 3.097112 -0.269919
v -0.070701 3.095691 -0.264572
v -0.065098 3.095691 -0.263182
v -0.061143 3.097112 -0.267139
v -0.067398 3.162974 -0.252591
v -0.072440 3.162976 -0.253841
v -0.076000 3.161697 -0.250280
v -0.074517 3.160415 -0.245469
v -0.069475 3.160414 -0.244218
v -0.065915 3.161693 -0.247779
v -0.073234 3.233548 -0.232782
v -0.077710 3.233459 -0.233918
v -0.080878 3.232375 -0.230738
v -0.079571 3.231381 -0.226422
v -0.075096 3.231471 -0.225286
v -0.071928 3.232555 -0.228466
v -0.080007 3.301858 -0.216118
v -0.083908 3.301628 -0.217146
v -0.086689 3.300772 -0.214343
v -0.085570 3.300145 -0.210512
v -0.081669 3.300375 -0.209483
v -0.078887 3.301232 -0.212286
v -0.089257 3.371004 -0.205011
v -0.092563 3.370545 -0.205938
v -0.094935 3.369734 -0.203549
v -0.094003 3.369383 -0.200232
v -0.090698 3.369842 -0.199304
v -0.088325 3.370653 -0.201693
v -0.106643 3.441705 -0.193227
v -0.109373 3.441192 -0.194011
v -0.111405 3.440813 -0.191997
v -0.110707 3.440947 -0.189199
v -0.107977 3.441459 -0.188416
v -0.105945 3.441838 -0.190430
v -0.116196 3.508116 -0.203341
v -0.118396 3.507995 -0.204032
v -0.120081 3.508779 -0.202661
v -0.119566 3.509684 -0.200601
v -0.117366 3.509805 -0.199910
v -0.115681 3.509022 -0.201280
v -0.096492 3.558852 -0.247096
v -0.098126 3.558828 -0.247668
v -0.099250 3.560030 -0.247128
v -0.098739 3.561256 -0.246016
v -0.097104 3.561280 -0.245445
v -0.095981 3.560078 -0.245985
v -0.080545 3.590626 -0.310829
v -0.081681 3.590424 -0.310875
v -0.082426 3.591239 -0.310540
v -0.082036 3.592257 -0.310158
v -0.080900 3.592458 -0.310112
v -0.080155 3.591643 -0.310447
v -0.099918 3.609447 -0.375022
v -0.100445 3.609287 -0.374851
v -0.100806 3.609678 -0.374626
v -0.100639 3.610228 -0.374573
v -0.100112 3.610387 -0.374745
v -0.099751 3.609997 -0.374969
v -0.131870 3.618926 -0.439394
v -0.131870 3.618926 -0.439394
v -0.131870 3.618926 -0.439394
v -0.131870 3.618926 -0.439394
v -0.131870 3.618926 -0.439394
v -0.131870 3.618926 -0.439394
v 0.154980 3.350164 -0.582406
v 0.168547 3.350164 -0.566216
v 0.186935 3.339899 -0.567846
v 0.191757 3.329633 -0.585666
v 0.178190 3.329633 -0.601856
v 0.159802 3.339899 -0.600226
v 0.212105 3.454150 -0.627236
v 0.224312 3.454143 -0.612662
v 0.240860 3.444902 -0.614128
v 0.245201 3.435667 -0.630167
v 0.232995 3.435673 -0.644741
v 0.216447 3.444915 -0.643276
v 0.272214 3.566573 -0.677850
v 0.283513 3.567502 -0.665319
v 0.298600 3.560073 -0.666978
v 0.302388 3.551716 -0.681168
v 0.291089 3.550787 -0.693699
v 0.276002 3.558216 -0.692040
v 0.316598 3.680521 -0.735176
v 0.326480 3.681322 -0.724206
v 0.339519 3.674469 -0.725485
v 0.342677 3.666815 -0.737736
v 0.332795 3.666014 -0.748706
v 0.319756 3.672867 -0.747426
v 0.381562 3.785773 -0.789149
v 0.388316 3.783991 -0.778574
v 0.397525 3.775287 -0.778327
v 0.399981 3.768366 -0.788656
v 0.393228 3.770148 -0.799232
v 0.384018 3.778852 -0.799478
v 0.492732 3.858490 -0.815212
v 0.496651 3.855687 -0.805813
v 0.501977 3.846623 -0.804803
v 0.503383 3.840361 -0.813191
v 0.499464 3.843164 -0.822589
v 0.494139 3.852228 -0.823600
v 0.612482 3.910587 -0.846254
v 0.616525 3.908838 -0.839044
v 0.620724 3.901553 -0.838214
v 0.620880 3.896017 -0.844595
v 0.616837 3.897766 -0.851805
v 0.612638 3.905051 -0.852635
v 0.713997 3.970379 -0.909648
v 0.718200 3.969697 -0.904955
v 0.721556 3.964345 -0.904459
v 0.720709 3.959674 -0.908657
v 0.716506 3.960355 -0.913350
v 0.713150 3.965708 -0.913846
v 0.803577 4.011197 -0.999890
v 0.806884 4.010962 -0.997272
v 0.808803 4.007255 -0.996620
v 0.807414 4.003783 -0.998585
v 0.804107 4.004017 -1.001203
v 0.802188 4.007724 -1.001855
v 0.877788 4.015448 -1.108845
v 0.879593 4.015354 -1.107752
v 0.880411 4.013479 -1.107224
v 0.879424 4.011699 -1.107789
v 0.877619 4.011794 -1.108881
v 0.876800 4.013668 -1.109409
v 0.942332 4.003237 -1.226002
v 0.942332 4.003237 -1.226002
v 0.942332 4.003237 -1.226002
v 0.942332 4.003237 -1.226002
v 0.942332 4.003237 -1.226002
v 0.942332 4.003237 -1.226002
v -0.040619 3.449150 -0.133900
v -0.049559 3.449150 -0.143019
v -0.060996 3.443944 -0.140747
v -0.063492 3.438737 -0.129357
v -0.054552 3.438737 -0.120239
v -0.043116 3.443944 -0.122511
v -0.105483 3.619884 -0.066458
v -0.113532 3.619891 -0.074662
v -0.123826 3.615207 -0.072617
v -0.126071 3.610516 -0.062368
v -0.118022 3.610508 -0.054164
v -0.107728 3.615193 -0.056209
v -0.179607 3.806862 0.000578
v -0.186572 3.806388 -0.006880
v -0.195682 3.802122 -0.005098
v -0.197826 3.798330 0.004143
v -0.190861 3.798804 0.011601
v -0.181751 3.803070 0.009818
v -0.257615 3.987836 0.050924
v -0.263503 3.986932 0.044259
v -0.271422 3.983074 0.045784
v -0.273452 3.980121 0.053972
v -0.267564 3.981025 0.060637
v -0.259646 3.984882 0.059113
v -0.341142 4.168816 0.092478
v -0.346078 4.167798 0.086707
v -0.352790 4.164326 0.087973
v -0.354565 4.161870 0.095011
v -0.349629 4.162888 0.100781
v -0.342917 4.166360 0.099515
v -0.430603 4.346800 0.133930
v -0.434658 4.345829 0.129094
v -0.440235 4.342904 0.130143
v -0.441758 4.340948 0.136027
v -0.437703 4.341919 0.140863
v -0.432126 4.344844 0.139815
v -0.517903 4.526932 0.167127
v -0.521096 4.526045 0.163240
v -0.525679 4.523968 0.164122
v -0.527068 4.522779 0.168891
v -0.523875 4.523665 0.172778
v -0.519293 4.525742 0.171896
v -0.591789 4.716058 0.180419
v -0.594191 4.715410 0.177506
v -0.597691 4.714007 0.178184
v -0.598789 4.713253 0.181776
v -0.596387 4.713901 0.184690
v -0.592887 4.715304 0.184011
v -0.664999 4.904148 0.202761
v -0.666665 4.903875 0.200844
v -0.668947 4.902812 0.201276
v -0.669562 4.902021 0.203625
v -0.667897 4.902293 0.205542
v -0.665615 4.903357 0.205110
v -0.748262 5.079240 0.263098
v -0.749130 5.079184 0.262164
v -0.750236 5.078575 0.262356
v -0.750473 5.078022 0.263483
v -0.749604 5.078078 0.264417
v -0.748498 5.078687 0.264224
v -0.834308 5.248435 0.337714
v -0.834308 5.248435 0.337714
v -0.834308 5.248435 0.337714
v -0.834308 5.248435 0.337714
v -0.834308 5.248435 0.337714
v -0.834308 5.248435 0.337714
v 0.166047 3.357124 -0.601605
v 0.156059 3.357124 -0.582719
v 0.163809 3.345528 -0.566537
v 0.181547 3.333932 -0.569239
v 0.191535 3.333932 -0.588124
v 0.183785 3.345528 -0.604307
v 0.231089 3.447892 -0.562147
v 0.222088 3.447875 -0.545157
v 0.229055 3.437428 -0.530596
v 0.245024 3.426998 -0.533026
v 0.254026 3.427015 -0.550016
v 0.247058 3.437462 -0.564577
v 0.304000 3.546654 -0.526202
v 0.296635 3.547516 -0.510803
v 0.303207 3.538752 -0.497685
v 0.317143 3.529124 -0.499964
v 0.324508 3.528262 -0.515363
v 0.317936 3.537026 -0.528482
v 0.377809 3.641974 -0.500254
v 0.372476 3.644183 -0.486458
v 0.378914 3.637415 -0.474780
v 0.390686 3.628439 -0.476897
v 0.396019 3.626230 -0.490693
v 0.389580 3.632997 -0.502371
v 0.455834 3.734999 -0.495136
v 0.453001 3.738984 -0.483287
v 0.459600 3.734484 -0.473262
v 0.469033 3.725998 -0.475086
v 0.471866 3.722013 -0.486935
v 0.465266 3.726513 -0.496960
v 0.537991 3.820995 -0.519898
v 0.536974 3.825799 -0.510411
v 0.543384 3.823053 -0.502320
v 0.550812 3.815504 -0.503715
v 0.551829 3.810700 -0.513201
v 0.545418 3.813446 -0.521293
v 0.619135 3.904785 -0.561470
v 0.618501 3.908825 -0.553967
v 0.623960 3.906993 -0.547653
v 0.630053 3.901121 -0.548842
v 0.630688 3.897081 -0.556345
v 0.625229 3.898913 -0.562659
v 0.694098 3.995747 -0.598392
v 0.693655 3.998816 -0.592783
v 0.697891 3.997611 -0.588127
v 0.702570 3.993336 -0.589079
v 0.703013 3.990267 -0.594688
v 0.698777 3.991472 -0.599344
v 0.767731 4.082798 -0.644673
v 0.767744 4.085202 -0.641141
v 0.770709 4.084562 -0.638131
v 0.773660 4.081517 -0.638653
v 0.773647 4.079112 -0.642185
v 0.770682 4.079752 -0.645195
v 0.844457 4.156932 -0.706133
v 0.844613 4.158287 -0.704489
v 0.846148 4.158021 -0.703027
v 0.847528 4.156400 -0.703210
v 0.847372 4.155045 -0.704854
v 0.845837 4.155311 -0.706316
v 0.921699 4.225605 -0.774191
v 0.921699 4.225605 -0.774191
v 0.921699 4.225605 -0.774191
v 0.921699 4.225605 -0.774191
v 0.921699 4.225605 -0.774191
v 0.921699 4.225605 -0.774191
v -0.044010 3.460183 -0.124655
v -0.044001 3.460183 -0.137599
v -0.053268 3.453882 -0.144077
v -0.062544 3.447581 -0.137611
v -0.062552 3.447581 -0.124667
v -0.053285 3.453882 -0.118189
v -0.152081 3.615311 -0.123194
v -0.152077 3.615315 -0.134844
v -0.160417 3.609645 -0.140674
v -0.168762 3.603969 -0.134855
v -0.168767 3.603965 -0.123205
v -0.160426 3.609636 -0.117375
v -0.267848 3.785534 -0.126096
v -0.267624 3.785207 -0.136444
v -0.275034 3.780160 -0.141627
v -0.282667 3.775439 -0.136461
v -0.282891 3.775765 -0.126113
v -0.275481 3.780813 -0.120931
v -0.373440 3.951851 -0.139668
v -0.373061 3.951279 -0.148703
v -0.379519 3.946823 -0.153235
v -0.386355 3.942938 -0.148732
v -0.386734 3.943510 -0.139697
v -0.380276 3.947966 -0.135165
v -0.479009 4.117987 -0.157278
v -0.478695 4.117513 -0.165024
v -0.484169 4.113597 -0.168900
v -0.489956 4.110154 -0.165030
v -0.490270 4.110628 -0.157284
v -0.484796 4.114544 -0.153408
v -0.590824 4.280431 -0.169868
v -0.590574 4.280053 -0.176324
v -0.595080 4.276706 -0.179546
v -0.599836 4.273738 -0.176313
v -0.600087 4.274117 -0.169857
v -0.595581 4.277463 -0.166634
v -0.702770 4.442214 -0.186282
v -0.702448 4.441727 -0.191426
v -0.706062 4.439065 -0.194006
v -0.709998 4.436888 -0.191441
v -0.710320 4.437376 -0.186297
v -0.706706 4.440038 -0.183717
v -0.804325 4.609573 -0.215724
v -0.804023 4.609113 -0.219568
v -0.806705 4.607072 -0.221497
v -0.809690 4.605491 -0.219581
v -0.809993 4.605951 -0.215737
v -0.807310 4.607992 -0.213809
v -0.915086 4.770531 -0.243615
v -0.914950 4.770315 -0.246191
v -0.916628 4.768802 -0.247454
v -0.918443 4.767504 -0.246140
v -0.918579 4.767720 -0.243564
v -0.916900 4.769233 -0.242301
v -1.051552 4.912541 -0.255448
v -1.051531 4.912485 -0.256741
v -1.052309 4.911660 -0.257366
v -1.053107 4.910890 -0.256698
v -1.053128 4.910946 -0.255405
v -1.052351 4.911771 -0.254780
v -1.197680 5.046072 -0.261407
v -1.197680 5.046072 -0.261407
v -1.197680 5.046072 -0.261407
v -1.197680 5.046072 -0.261407
v -1.197680 5.046072 -0.261407
v -1.197680 5.046072 -0.261407
v 0.208572 3.758599 -0.720123
v 0.177197 3.758599 -0.710076
v 0.170162 3.755590 -0.678032
v 0.194503 3.752581 -0.656035
v 0.225878 3.752581 -0.666083
v 0.232913 3.755590 -0.698127
v 0.215020 3.940231 -0.695879
v 0.186783 3.940234 -0.686836
v 0.180451 3.937511 -0.657998
v 0.202357 3.934785 -0.638203
v 0.230594 3.934782 -0.647246
v 0.236926 3.937505 -0.676084
v 0.219449 4.137431 -0.675363
v 0.194346 4.137320 -0.667334
v 0.188744 4.136068 -0.641611
v 0.208245 4.134928 -0.623917
v 0.233347 4.135039 -0.631947
v 0.238949 4.136291 -0.657670
v 0.218372 4.327673 -0.669289
v 0.196407 4.327349 -0.662270
v 0.191505 4.327150 -0.639737
v 0.208567 4.327276 -0.624223
v 0.230532 4.327600 -0.631242
v 0.235434 4.327799 -0.653775
v 0.213133 4.519267 -0.666651
v 0.194316 4.518553 -0.660638
v 0.190119 4.518151 -0.641326
v 0.204739 4.518463 -0.628027
v 0.223556 4.519176 -0.634039
v 0.227753 4.519578 -0.653351
v 0.204103 4.710739 -0.657672
v 0.188432 4.709886 -0.652669
v 0.184952 4.709116 -0.636587
v 0.197142 4.709199 -0.625508
v 0.212813 4.710052 -0.630512
v 0.216293 4.710822 -0.646594
v 0.195642 4.901964 -0.645370
v 0.183102 4.901381 -0.641362
v 0.180330 4.900381 -0.628518
v 0.190098 4.899964 -0.619682
v 0.202638 4.900547 -0.623690
v 0.205410 4.901547 -0.636535
v 0.193846 5.092570 -0.623400
v 0.184439 5.092346 -0.620379
v 0.182358 5.091712 -0.610738
v 0.189685 5.091300 -0.604118
v 0.199093 5.091524 -0.607139
v 0.201174 5.092159 -0.616780
v 0.193181 5.282509 -0.614015
v 0.186908 5.282567 -0.612000
v 0.185516 5.282931 -0.605570
v 0.190398 5.283236 -0.601155
v 0.196671 5.283177 -0.603170
v 0.198063 5.282814 -0.609600
v 0.188868 5.471177 -0.639181
v 0.185730 5.471295 -0.638185
v 0.185028 5.471876 -0.635019
v 0.187464 5.472338 -0.632849
v 0.190602 5.472219 -0.633845
v 0.191304 5.471639 -0.637011
v 0.183498 5.658894 -0.678412
v 0.183498 5.658894 -0.678412
v 0.183498 5.658894 -0.678412
v 0.183498 5.658894 -0.678412
v 0.183498 5.658894 -0.678412
v 0.183498 5.658894 -0.678412
v 0.179876 3.798546 -0.698157
v 0.198102 3.798546 -0.670418
v 0.220758 3.774806 -0.665447
v 0.225188 3.751065 -0.688215
v 0.206962 3.751065 -0.715953
v 0.184306 3.774806 -0.720924
v 0.306273 3.908268 -0.795251
v 0.322723 3.908307 -0.770318
v 0.343148 3.886970 -0.765867
v 0.347124 3.865594 -0.786350
v 0.330673 3.865555 -0.811284
v 0.310248 3.886892 -0.815734
v 0.463832 4.021675 -0.880125
v 0.473340 4.018061 -0.855598
v 0.488249 3.996777 -0.850141
v 0.493648 3.979107 -0.869211
v 0.484139 3.982721 -0.893737
v 0.469231 4.004004 -0.899194
v 0.646717 4.113817 -0.894892
v 0.650749 4.108418 -0.872657
v 0.660009 4.087821 -0.867199
v 0.665237 4.072623 -0.883976
v 0.661205 4.078021 -0.906210
v 0.651945 4.098619 -0.911668
v 0.839204 4.176013 -0.907892
v 0.844686 4.172106 -0.889150
v 0.851020 4.153881 -0.884221
v 0.851872 4.139562 -0.898035
v 0.846390 4.143468 -0.916777
v 0.840056 4.161694 -0.921705
v 1.024863 4.214677 -0.981130
v 1.032226 4.211974 -0.966505
v 1.036104 4.196510 -0.961900
v 1.032620 4.183748 -0.971920
v 1.025257 4.186451 -0.986545
v 1.021379 4.201915 -0.991150
v 1.202888 4.208412 -1.081102
v 1.209308 4.206247 -1.069685
v 1.210520 4.193887 -1.064992
v 1.205313 4.183693 -1.071717
v 1.198894 4.185858 -1.083134
v 1.197681 4.198218 -1.087827
v 1.376439 4.164649 -1.184353
v 1.381251 4.163026 -1.175787
v 1.380361 4.154253 -1.171163
v 1.374661 4.147103 -1.175104
v 1.369850 4.148726 -1.183669
v 1.370739 4.157499 -1.188293
v 1.521578 4.062116 -1.283958
v 1.524735 4.061070 -1.278213
v 1.522662 4.056281 -1.274111
v 1.517432 4.052537 -1.275754
v 1.514275 4.053583 -1.281499
v 1.516348 4.058372 -1.285601
v 1.615456 3.903305 -1.359480
v 1.617004 3.902826 -1.356584
v 1.615523 3.901084 -1.354178
v 1.612492 3.899823 -1.354668
v 1.610943 3.900303 -1.357564
v 1.612425 3.902044 -1.359970
v 1.682157 3.720733 -1.422559
v 1.682157 3.720733 -1.422559
v 1.682157 3.720733 -1.422559
v 1.682157 3.720733 -1.422559
v 1.682157 3.720733 -1.422559
v 1.682157 3.720733 -1.422559
v -0.096229 3.911540 -0.113571
v -0.104635 3.911540 -0.121004
v -0.114566 3.907103 -0.118244
v -0.116091 3.902667 -0.108050
v -0.107684 3.902667 -0.100616
v -0.097753 3.907103 -0.103376
v -0.170715 4.129781 -0.026142
v -0.178282 4.129785 -0.032831
v -0.187220 4.125792 -0.030346
v -0.188591 4.121795 -0.021173
v -0.181024 4.121791 -0.014484
v -0.172086 4.125784 -0.016969
v -0.253991 4.368978 0.063142
v -0.260608 4.368666 0.057083
v -0.268549 4.365105 0.059287
v -0.269873 4.361856 0.067550
v -0.263256 4.362168 0.073610
v -0.255315 4.365729 0.071406
v -0.340288 4.601154 0.133565
v -0.345996 4.600653 0.128191
v -0.352949 4.597552 0.130124
v -0.354195 4.594953 0.137432
v -0.348487 4.595454 0.142805
v -0.341534 4.598555 0.140872
v -0.425949 4.834700 0.200733
v -0.430958 4.834596 0.196235
v -0.436898 4.831882 0.197874
v -0.437829 4.829272 0.204010
v -0.432820 4.829376 0.208508
v -0.426879 4.832089 0.206869
v -0.506515 5.063914 0.307009
v -0.510678 5.063794 0.303249
v -0.515688 5.061709 0.304676
v -0.516535 5.059744 0.309863
v -0.512372 5.059864 0.313623
v -0.507362 5.061949 0.312196
v -0.579064 5.300416 0.355096
v -0.582115 5.299284 0.352004
v -0.586369 5.298529 0.353220
v -0.587573 5.298905 0.357528
v -0.584522 5.300036 0.360620
v -0.580267 5.300792 0.359404
v -0.610292 5.527708 0.236472
v -0.612411 5.526080 0.234423
v -0.615672 5.525837 0.235223
v -0.616815 5.527222 0.238071
v -0.614696 5.528850 0.240119
v -0.611435 5.529092 0.239320
v -0.675712 5.740024 0.103948
v -0.677088 5.738847 0.102623
v -0.678999 5.738010 0.103450
v -0.679534 5.738350 0.105604
v -0.678157 5.739527 0.106929
v -0.676246 5.740364 0.106102
v -0.840836 5.932083 0.114892
v -0.841538 5.931513 0.114227
v -0.842227 5.930744 0.114667
v -0.842213 5.930545 0.115772
v -0.841511 5.931115 0.116436
v -0.840822 5.931884 0.115996
v -1.037845 6.100517 0.175682
v -1.037845 6.100517 0.175682
v -1.037845 6.100517 0.175682
v -1.037845 6.100517 0.175682
v -1.037845 6.100517 0.175682
v -1.037845 6.100517 0.175682
v 0.187525 3.796812 -0.722218
v 0.172405 3.796812 -0.692546
v 0.187879 3.784025 -0.665973
v 0.218472 3.771239 -0.669071
v 0.233593 3.771239 -0.698744
v 0.218119 3.784025 -0.725317
v 0.263704 3.962817 -0.679038
v 0.250090 3.962805 -0.652336
v 0.264009 3.951281 -0.628423
v 0.291542 3.939770 -0.631213
v 0.305156 3.939783 -0.657915
v 0.291237 3.951307 -0.681827
v 0.345023 4.144612 -0.638214
v 0.333134 4.145092 -0.614377
v 0.345853 4.135651 -0.592955
v 0.370460 4.125731 -0.595370
v 0.382350 4.125251 -0.619207
v 0.369631 4.134692 -0.640629
v 0.419415 4.321828 -0.604761
v 0.409521 4.323478 -0.583718
v 0.421219 4.316591 -0.564766
v 0.442811 4.308056 -0.566857
v 0.452705 4.306407 -0.587901
v 0.441007 4.313293 -0.606853
v 0.493488 4.499968 -0.592400
v 0.486039 4.503886 -0.574278
v 0.496925 4.500072 -0.557963
v 0.515261 4.492340 -0.559769
v 0.522711 4.488421 -0.577891
v 0.511824 4.492236 -0.594207
v 0.571295 4.675796 -0.615254
v 0.565856 4.680881 -0.600361
v 0.575570 4.679225 -0.586939
v 0.590725 4.672484 -0.588411
v 0.596165 4.667399 -0.603304
v 0.586450 4.669055 -0.616726
v 0.648444 4.853229 -0.652872
v 0.643993 4.857075 -0.640920
v 0.651502 4.855163 -0.630084
v 0.663462 4.849405 -0.631201
v 0.667913 4.845559 -0.643152
v 0.660405 4.847471 -0.653988
v 0.743724 5.034719 -0.662325
v 0.740330 5.037471 -0.653341
v 0.746195 5.036591 -0.645301
v 0.755454 5.032958 -0.646245
v 0.758848 5.030205 -0.655229
v 0.752983 5.031086 -0.663270
v 0.789384 5.210854 -0.704610
v 0.787260 5.213583 -0.698917
v 0.791653 5.216095 -0.694587
v 0.798170 5.215877 -0.695948
v 0.800293 5.213148 -0.701641
v 0.795900 5.210636 -0.705972
v 0.724942 5.347649 -0.815724
v 0.723748 5.349399 -0.813154
v 0.725502 5.351943 -0.811915
v 0.728450 5.352738 -0.813244
v 0.729644 5.350988 -0.815814
v 0.727890 5.348444 -0.817054
v 0.614061 5.456048 -0.949827
v 0.614061 5.456048 -0.949827
v 0.614061 5.456048 -0.949827
v 0.614061 5.456048 -0.949827
v 0.614061 5.456048 -0.949827
v 0.614061 5.456048 -0.949827
v 0.037240 1.959872 0.207581
v 0.021370 1.959872 0.221598
v 0.025574 1.959777 0.242350
v 0.045647 1.959683 0.249085
v 0.061517 1.959683 0.235068
v 0.057314 1.959778 0.214316
v 0.038933 2.042984 0.210549
v 0.024650 2.042987 0.223164
v 0.028433 2.042895 0.241841
v 0.046500 2.042799 0.247903
v 0.060783 2.042796 0.235287
v 0.056999 2.042888 0.216611
v 0.038688 2.132815 0.212412
v 0.025996 2.132580 0.223628
v 0.029347 2.133162 0.240222
v 0.045388 2.133981 0.245600
v 0.058080 2.134217 0.234384
v 0.054730 2.133634 0.217790
v 0.032478 2.219075 0.210093
v 0.021385 2.218652 0.219914
v 0.024299 2.219466 0.234424
v 0.038305 2.220702 0.239112
v 0.049397 2.221125 0.229290
v 0.046484 2.220312 0.214781
v 0.026603 2.306643 0.209450
v 0.017098 2.306211 0.217869
v 0.019642 2.305964 0.230313
v 0.031690 2.306149 0.234339
v 0.041195 2.306581 0.225920
v 0.038651 2.306828 0.213475
v 0.029194 2.393767 0.218539
v 0.021274 2.393425 0.225555
v 0.023395 2.392653 0.235899
v 0.033436 2.392223 0.239225
v 0.041357 2.392566 0.232209
v 0.039236 2.393338 0.221865
v 0.030823 2.479132 0.225842
v 0.024485 2.478984 0.231458
v 0.026161 2.479406 0.239749
v 0.034177 2.479977 0.242425
v 0.040515 2.480125 0.236809
v 0.038839 2.479702 0.228518
v 0.020044 2.564533 0.215878
v 0.015287 2.564455 0.220087
v 0.016501 2.565274 0.226268
v 0.022472 2.566171 0.228240
v 0.027229 2.566249 0.224031
v 0.026015 2.565430 0.217850
v 0.012105 2.651328 0.211081
v 0.008942 2.651133 0.213890
v 0.009798 2.650840 0.218026
v 0.013818 2.650741 0.219354
v 0.016981 2.650935 0.216546
v 0.016125 2.651229 0.212409
v 0.021075 2.735490 0.232040
v 0.019488 2.735317 0.233431
v 0.019884 2.734696 0.235417
v 0.021866 2.734249 0.236011
v 0.023453 2.734422 0.234620
v 0.023058 2.735043 0.232635
v 0.036233 2.816495 0.262399
v 0.036233 2.816495 0.262399
v 0.036233 2.816495 0.262399
v 0.036233 2.816495 0.262399
v 0.036233 2.816495 0.262399
v 0.036233 2.816495 0.262399
v 0.208223 4.248479 -0.806454
v 0.229153 4.248479 -0.803252
v 0.242330 4.244626 -0.819373
v 0.234576 4.240773 -0.838695
v 0.213645 4.240773 -0.841897
v 0.200469 4.244626 -0.825777
v 0.215944 4.439481 -0.851697
v 0.234782 4.439482 -0.848815
v 0.246640 4.436005 -0.863321
v 0.239661 4.432527 -0.880709
v 0.220824 4.432526 -0.883591
v 0.208965 4.436003 -0.869085
v 0.223873 4.648126 -0.894760
v 0.240615 4.648039 -0.892182
v 0.251174 4.645542 -0.905190
v 0.244992 4.643130 -0.920775
v 0.228251 4.643217 -0.923353
v 0.217691 4.645714 -0.910346
v 0.231291 4.850298 -0.923914
v 0.245938 4.850168 -0.921651
v 0.255196 4.848628 -0.933122
v 0.249807 4.847218 -0.946857
v 0.235160 4.847349 -0.949121
v 0.225901 4.848889 -0.937649
v 0.237235 5.054072 -0.943935
v 0.249792 5.054082 -0.942008
v 0.257733 5.053064 -0.951872
v 0.253118 5.052035 -0.963663
v 0.240561 5.052025 -0.965590
v 0.232619 5.053044 -0.955727
v 0.239404 5.258206 -0.964965
v 0.249869 5.258220 -0.963359
v 0.256490 5.257722 -0.971605
v 0.252647 5.257210 -0.981456
v 0.242183 5.257196 -0.983062
v 0.235561 5.257694 -0.974816
v 0.242755 5.462203 -0.969654
v 0.251120 5.461875 -0.968374
v 0.256431 5.462261 -0.974960
v 0.253376 5.462974 -0.982827
v 0.245010 5.463302 -0.984108
v 0.239699 5.462916 -0.977521
v 0.252989 5.664134 -0.935608
v 0.259256 5.663692 -0.934671
v 0.263251 5.664301 -0.939573
v 0.260978 5.665353 -0.945410
v 0.254711 5.665795 -0.946347
v 0.250717 5.665186 -0.941446
v 0.264167 5.867072 -0.907367
v 0.268351 5.866904 -0.906731
v 0.270995 5.866871 -0.910038
v 0.269457 5.867005 -0.913981
v 0.265273 5.867172 -0.914617
v 0.262629 5.867206 -0.911310
v 0.270688 6.070635 -0.930910
v 0.272782 6.070637 -0.930598
v 0.274097 6.070356 -0.932234
v 0.273317 6.070074 -0.934182
v 0.271223 6.070072 -0.934494
v 0.269908 6.070353 -0.932858
v 0.275699 6.272310 -0.973173
v 0.275699 6.272310 -0.973173
v 0.275699 6.272310 -0.973173
v 0.275699 6.272310 -0.973173
v 0.275699 6.272310 -0.973173
v 0.275699 6.272310 -0.973173
v -0.378783 2.578369 0.109597
v -0.378186 2.578369 0.093470
v -0.391524 2.575346 0.084902
v -0.405458 2.572324 0.092461
v -0.406055 2.572324 0.108589
v -0.392717 2.575346 0.117156
v -0.416495 2.703086 0.096855
v -0.415953 2.703059 0.082340
v -0.427949 2.700306 0.074630
v -0.440489 2.697579 0.081433
v -0.441031 2.697606 0.095947
v -0.429035 2.700359 0.103658
v -0.438592 2.833288 0.105165
v -0.438431 2.836666 0.092705
v -0.449524 2.838758 0.086440
v -0.460778 2.837473 0.092635
v -0.460939 2.834095 0.105095
v -0.449846 2.832003 0.111360
v -0.411439 2.945446 0.160115
v -0.410865 2.951286 0.150462
v -0.420075 2.956424 0.146413
v -0.429858 2.955722 0.152017
v -0.430432 2.949882 0.161670
v -0.421223 2.944744 0.165719
v -0.379117 3.050986 0.239636
v -0.378446 3.056813 0.231932
v -0.386419 3.060855 0.228210
v -0.395063 3.059069 0.232192
v -0.395734 3.053242 0.239896
v -0.387761 3.049201 0.243618
v -0.382659 3.158554 0.321704
v -0.382100 3.163387 0.315267
v -0.388756 3.165528 0.311239
v -0.395971 3.162835 0.313649
v -0.396530 3.158002 0.320086
v -0.389874 3.155861 0.324114
v -0.408802 3.267140 0.397290
v -0.408277 3.270618 0.391878
v -0.413437 3.271519 0.388106
v -0.419124 3.268942 0.389747
v -0.419649 3.265463 0.395160
v -0.414489 3.264562 0.398931
v -0.446714 3.382191 0.457242
v -0.446136 3.384243 0.452895
v -0.449770 3.384201 0.449696
v -0.453982 3.382109 0.450844
v -0.454560 3.380058 0.455192
v -0.450926 3.380099 0.458390
v -0.500211 3.500203 0.493361
v -0.499606 3.501066 0.490310
v -0.501767 3.500438 0.487996
v -0.504533 3.498947 0.488733
v -0.505138 3.498084 0.491783
v -0.502977 3.498711 0.494097
v -0.563998 3.616833 0.498861
v -0.563585 3.617056 0.497317
v -0.564543 3.616509 0.496139
v -0.565914 3.615740 0.496505
v -0.566327 3.615517 0.498049
v -0.565369 3.616064 0.499228
v -0.633052 3.731645 0.489522
v -0.633052 3.731645 0.489522
v -0.633052 3.731645 0.489522
v -0.633052 3.731645 0.489522
v -0.633052 3.731645 0.489522
v -0.633052 3.731645 0.489522
v 0.123371 3.075537 -0.083212
v 0.114756 3.075537 -0.078104
v 0.114800 3.073972 -0.068211
v 0.123459 3.072408 -0.063426
v 0.132074 3.072408 -0.068535
v 0.132030 3.073972 -0.078428
v 0.131414 3.156159 -0.068594
v 0.123660 3.156159 -0.063997
v 0.123700 3.154747 -0.055094
v 0.131492 3.153335 -0.050788
v 0.139246 3.153335 -0.055386
v 0.139207 3.154747 -0.064289
v 0.139175 3.244099 -0.054597
v 0.132280 3.244061 -0.050515
v 0.132334 3.243043 -0.042568
v 0.139283 3.242064 -0.038701
v 0.146179 3.242101 -0.042783
v 0.146124 3.243119 -0.050730
v 0.143610 3.329072 -0.044444
v 0.137580 3.329092 -0.040867
v 0.137645 3.328482 -0.033882
v 0.143740 3.327852 -0.030475
v 0.149770 3.327832 -0.034052
v 0.149705 3.328442 -0.041036
v 0.148532 3.414390 -0.037810
v 0.143385 3.414709 -0.034724
v 0.143458 3.414429 -0.028722
v 0.148678 3.413830 -0.025805
v 0.153825 3.413512 -0.028891
v 0.153752 3.413791 -0.034893
v 0.158857 3.499533 -0.034676
v 0.154586 3.499973 -0.032099
v 0.154662 3.499890 -0.027092
v 0.159010 3.499368 -0.024663
v 0.163281 3.498929 -0.027239
v 0.163205 3.499011 -0.032246
v 0.167655 3.585061 -0.033290
v 0.164220 3.585186 -0.031233
v 0.164277 3.585079 -0.027229
v 0.167771 3.584848 -0.025281
v 0.171206 3.584723 -0.027338
v 0.171149 3.584829 -0.031343
v 0.167781 3.671022 -0.028237
v 0.165201 3.670979 -0.026697
v 0.165245 3.670929 -0.023693
v 0.167869 3.670923 -0.022228
v 0.170449 3.670967 -0.023768
v 0.170405 3.671016 -0.026772
v 0.166476 3.756678 -0.028417
v 0.164757 3.756794 -0.027395
v 0.164787 3.756971 -0.025400
v 0.166536 3.757030 -0.024426
v 0.168256 3.756914 -0.025448
v 0.168226 3.756737 -0.027443
v 0.170381 3.841292 -0.041333
v 0.169524 3.841438 -0.040834
v 0.169543 3.841630 -0.039851
v 0.170418 3.841676 -0.039367
v 0.171275 3.841531 -0.039865
v 0.171256 3.841339 -0.040848
v 0.175826 3.925309 -0.059516
v 0.175826 3.925309 -0.059516
v 0.175826 3.925309 -0.059516
v 0.175826 3.925309 -0.059516
v 0.175826 3.925309 -0.059516
v 0.175826 3.925309 -0.059516
v -0.141248 3.660577 -0.307640
v -0.136967 3.660577 -0.314709
v -0.140922 3.659904 -0.321935
v -0.149157 3.659231 -0.322092
v -0.153438 3.659231 -0.315022
v -0.149484 3.659904 -0.307797
v -0.155003 3.798781 -0.316054
v -0.151150 3.798782 -0.322417
v -0.154708 3.798173 -0.328920
v -0.162120 3.797563 -0.329061
v -0.165973 3.797562 -0.322698
v -0.162414 3.798171 -0.316195
v -0.165379 3.949348 -0.323219
v -0.161951 3.949292 -0.328872
v -0.165132 3.949075 -0.334664
v -0.171740 3.948913 -0.334804
v -0.175168 3.948969 -0.329150
v -0.171988 3.949186 -0.323358
v -0.163131 4.094298 -0.324824
v -0.160131 4.094205 -0.329770
v -0.162914 4.094241 -0.334842
v -0.168697 4.094368 -0.334967
v -0.171696 4.094461 -0.330021
v -0.168913 4.094426 -0.324950
v -0.159724 4.239750 -0.326196
v -0.157153 4.239690 -0.330436
v -0.159538 4.239508 -0.334780
v -0.164494 4.239385 -0.334883
v -0.167065 4.239444 -0.330644
v -0.164680 4.239627 -0.326300
v -0.170971 4.384799 -0.334624
v -0.168829 4.384761 -0.338157
v -0.170813 4.384500 -0.341773
v -0.174938 4.384276 -0.341855
v -0.177080 4.384314 -0.338321
v -0.175097 4.384576 -0.334706
v -0.175987 4.529215 -0.340160
v -0.174274 4.529162 -0.342986
v -0.175857 4.529346 -0.345883
v -0.179154 4.529581 -0.345952
v -0.180867 4.529634 -0.343126
v -0.179284 4.529450 -0.340229
v -0.151334 4.672004 -0.329028
v -0.150054 4.671920 -0.331150
v -0.151217 4.672256 -0.333314
v -0.153661 4.672675 -0.333355
v -0.154940 4.672759 -0.331233
v -0.153777 4.672423 -0.329070
v -0.128024 4.815244 -0.323505
v -0.127178 4.815125 -0.324920
v -0.127982 4.815102 -0.326364
v -0.129632 4.815195 -0.326393
v -0.130478 4.815313 -0.324978
v -0.129674 4.815337 -0.323534
v -0.135574 4.958583 -0.344454
v -0.135151 4.958497 -0.345159
v -0.135550 4.958336 -0.345864
v -0.136374 4.958264 -0.345865
v -0.136797 4.958351 -0.345161
v -0.136397 4.958511 -0.344455
v -0.153993 5.100222 -0.375324
v -0.153993 5.100222 -0.375324
v -0.153993 5.100222 -0.375324
v -0.153993 5.100222 -0.375324
v -0.153993 5.100222 -0.375324
v -0.153993 5.100222 -0.375324
v -0.178405 2.851415 0.102550
v -0.182710 2.851415 0.116512
v -0.172796 2.850608 0.127214
v -0.158576 2.849800 0.123953
v -0.154272 2.849800 0.109991
v -0.164186 2.850608 0.099290
v -0.165382 3.008989 0.107597
v -0.169256 3.008988 0.120163
v -0.160334 3.008253 0.129794
v -0.147537 3.007519 0.126860
v -0.143663 3.007520 0.114294
v -0.152585 3.008255 0.104663
v -0.156305 3.180221 0.110896
v -0.159745 3.180331 0.122067
v -0.151791 3.180310 0.130632
v -0.140397 3.180180 0.128026
v -0.136957 3.180070 0.116856
v -0.144911 3.180091 0.108291
v -0.159819 3.344751 0.107599
v -0.162829 3.344859 0.117373
v -0.155876 3.345294 0.124861
v -0.145912 3.345621 0.122574
v -0.142902 3.345513 0.112801
v -0.149856 3.345078 0.105313
v -0.166878 3.510091 0.105525
v -0.169444 3.509791 0.113903
v -0.163472 3.509842 0.120320
v -0.154935 3.510192 0.118361
v -0.152369 3.510493 0.109983
v -0.158341 3.510442 0.103566
v -0.169503 3.675396 0.118017
v -0.171640 3.675062 0.124995
v -0.166658 3.674885 0.130335
v -0.159540 3.675042 0.128698
v -0.157404 3.675376 0.121720
v -0.162386 3.675553 0.116379
v -0.168821 3.839759 0.122291
v -0.170523 3.840351 0.127851
v -0.166534 3.840653 0.132111
v -0.160843 3.840363 0.130812
v -0.159141 3.839771 0.125253
v -0.163130 3.839469 0.120992
v -0.158128 4.001586 0.088110
v -0.159393 4.002428 0.092222
v -0.156392 4.002951 0.095374
v -0.152127 4.002633 0.094414
v -0.150863 4.001791 0.090303
v -0.153863 4.001268 0.087151
v -0.156873 4.163843 0.061133
v -0.157700 4.163818 0.063935
v -0.155695 4.164026 0.066052
v -0.152864 4.164258 0.065365
v -0.152038 4.164282 0.062562
v -0.154042 4.164074 0.060446
v -0.183817 4.324313 0.084854
v -0.184180 4.323960 0.086224
v -0.183163 4.323964 0.087273
v -0.181783 4.324319 0.086952
v -0.181420 4.324672 0.085581
v -0.182437 4.324668 0.084532
v -0.221764 4.481088 0.127182
v -0.221764 4.481088 0.127182
v -0.221764 4.481088 0.127182
v -0.221764 4.481088 0.127182
v -0.221764 4.481088 0.127182
v -0.221764 4.481088 0.127182
v -0.112351 4.045050 -0.103101
v -0.115996 4.045050 -0.112430
v -0.125886 4.044580 -0.113942
v -0.132130 4.044110 -0.106126
v -0.128485 4.044110 -0.096797
v -0.118595 4.044580 -0.095284
v -0.129289 4.296871 -0.095997
v -0.132570 4.296872 -0.104393
v -0.141470 4.296445 -0.105754
v -0.147090 4.296016 -0.098719
v -0.143810 4.296015 -0.090323
v -0.134909 4.296442 -0.088962
v -0.140951 4.571083 -0.093000
v -0.143865 4.571014 -0.100463
v -0.151786 4.570990 -0.101671
v -0.156793 4.571034 -0.095415
v -0.153878 4.571104 -0.087952
v -0.145957 4.571128 -0.086744
v -0.132618 4.834249 -0.100677
v -0.135170 4.834075 -0.107205
v -0.142098 4.834260 -0.108266
v -0.146474 4.834617 -0.102800
v -0.143922 4.834790 -0.096272
v -0.136994 4.834606 -0.095211
v -0.125787 5.097832 -0.113978
v -0.127975 5.097475 -0.119564
v -0.133914 5.097272 -0.120457
v -0.137665 5.097426 -0.115765
v -0.135477 5.097784 -0.110179
v -0.129538 5.097986 -0.109286
v -0.148291 5.360584 -0.129264
v -0.150111 5.360210 -0.133915
v -0.155050 5.359825 -0.134647
v -0.158169 5.359813 -0.130730
v -0.156350 5.360187 -0.126079
v -0.151411 5.360572 -0.125346
v -0.164663 5.622756 -0.142074
v -0.166123 5.622671 -0.145804
v -0.170082 5.622771 -0.146409
v -0.172582 5.622955 -0.143283
v -0.171122 5.623039 -0.139553
v -0.167163 5.622940 -0.138949
v -0.134270 5.884463 -0.147681
v -0.135353 5.884563 -0.150482
v -0.138304 5.884891 -0.150940
v -0.140173 5.885118 -0.148598
v -0.139089 5.885017 -0.145797
v -0.136138 5.884690 -0.145338
v -0.107871 6.146788 -0.146271
v -0.108595 6.146829 -0.148139
v -0.110575 6.146850 -0.148446
v -0.111830 6.146831 -0.146885
v -0.111106 6.146791 -0.145017
v -0.109127 6.146769 -0.144711
v -0.132009 6.409017 -0.138205
v -0.132370 6.409008 -0.139139
v -0.133352 6.408893 -0.139296
v -0.133974 6.408787 -0.138519
v -0.133614 6.408796 -0.137584
v -0.132632 6.408910 -0.137427
v -0.174144 6.669751 -0.126678
v -0.174144 6.669751 -0.126678
v -0.174144 6.669751 -0.126678
v -0.174144 6.669751 -0.126678
v -0.174144 6.669751 -0.126678
v -0.174144 6.669751 -0.126678
v -0.116796 3.510135 -0.203518
v -0.119052 3.510135 -0.203453
v -0.120137 3.508900 -0.201906
v -0.118966 3.507665 -0.200424
v -0.116710 3.507665 -0.200488
v -0.115625 3.508900 -0.202035
v -0.107980 3.558771 -0.148920
v -0.109672 3.558767 -0.148875
v -0.110486 3.557844 -0.147712
v -0.109607 3.556926 -0.146594
v -0.107915 3.556930 -0.146639
v -0.107101 3.557853 -0.147802
v -0.114746 3.618086 -0.114176
v -0.115793 3.617686 -0.114307
v -0.116400 3.617387 -0.113404
v -0.115960 3.617489 -0.112369
v -0.114913 3.617889 -0.112238
v -0.114306 3.618187 -0.113142
v -0.150606 3.667723 -0.139385
v -0.151022 3.667342 -0.139395
v -0.151412 3.667337 -0.138987
v -0.151386 3.667714 -0.138568
v -0.150970 3.668096 -0.138558
v -0.150581 3.668101 -0.138966
v -0.194923 3.704965 -0.189423
v -0.194923 3.704965 -0.189423
v -0.194923 3.704965 -0.189423
v -0.194923 3.704965 -0.189423
v -0.194923 3.704965 -0.189423
v -0.194923 3.704965 -0.189423
v 0.388387 3.785177 -0.779458
v 0.399738 3.785177 -0.785095
v 0.402123 3.777070 -0.794540
v 0.393156 3.768963 -0.798348
v 0.381805 3.768963 -0.792711
v 0.379421 3.777070 -0.783266
v 0.340837 3.872364 -0.861673
v 0.350289 3.872378 -0.866385
v 0.352271 3.865633 -0.874267
v 0.344801 3.858875 -0.877437
v 0.335348 3.858860 -0.872726
v 0.333366 3.865605 -0.864844
v 0.300952 3.963630 -0.960472
v 0.308875 3.962767 -0.963279
v 0.310770 3.956621 -0.968758
v 0.304742 3.951337 -0.971430
v 0.296820 3.952200 -0.968624
v 0.294925 3.958346 -0.963145
v 0.285906 4.038218 -1.072500
v 0.291994 4.036818 -1.073559
v 0.293523 4.031657 -1.076904
v 0.288963 4.027898 -1.079190
v 0.282874 4.029298 -1.078132
v 0.281345 4.034459 -1.074787
v 0.295891 4.105338 -1.189287
v 0.299897 4.103996 -1.189341
v 0.300897 4.100412 -1.191342
v 0.297891 4.098170 -1.193288
v 0.293886 4.099512 -1.193234
v 0.292886 4.103096 -1.191234
v 0.329856 4.172348 -1.299692
v 0.331796 4.171536 -1.299492
v 0.332285 4.169720 -1.300452
v 0.330834 4.168715 -1.301612
v 0.328894 4.169526 -1.301813
v 0.328405 4.171343 -1.300853
v 0.376130 4.237524 -1.407884
v 0.376130 4.237524 -1.407884
v 0.376130 4.237524 -1.407884
v 0.376130 4.237524 -1.407884
v 0.376130 4.237524 -1.407884
v 0.376130 4.237524 -1.407884
v 0.464175 4.021767 -0.873115
v 0.488248 4.021767 -0.863526
v 0.502813 4.000391 -0.865079
v 0.493304 3.979015 -0.876220
v 0.469231 3.979015 -0.885809
v 0.454666 4.000391 -0.884256
v 0.527055 4.081889 -1.026868
v 0.548119 4.081889 -1.018479
v 0.560877 4.063197 -1.019872
v 0.552571 4.044505 -1.029654
v 0.531506 4.044505 -1.038044
v 0.518748 4.063197 -1.036651
v 0.598096 4.128763 -1.200588
v 0.616163 4.128771 -1.193428
v 0.626219 4.112171 -1.192409
v 0.618208 4.095564 -1.198549
v 0.600140 4.095555 -1.205709
v 0.590084 4.112155 -1.206728
v 0.668590 4.139058 -1.375233
v 0.683614 4.139060 -1.369186
v 0.690884 4.125051 -1.365557
v 0.683130 4.111039 -1.367974
v 0.668106 4.111037 -1.374021
v 0.660836 4.125047 -1.377651
v 0.740189 4.106060 -1.544895
v 0.752058 4.106118 -1.539699
v 0.756955 4.095255 -1.534611
v 0.749984 4.084335 -1.534719
v 0.738115 4.084277 -1.539914
v 0.733218 4.095139 -1.545002
v 0.818230 4.042647 -1.707717
v 0.827058 4.042760 -1.703658
v 0.829880 4.035412 -1.697959
v 0.823873 4.027952 -1.696319
v 0.815045 4.027840 -1.700379
v 0.812223 4.035187 -1.706078
v 0.880865 3.924986 -1.838169
v 0.886814 3.924929 -1.835606
v 0.888012 3.921444 -1.830278
v 0.883261 3.918018 -1.827512
v 0.877311 3.918076 -1.830075
v 0.876113 3.921560 -1.835403
v 0.904895 3.757786 -1.906823
v 0.907890 3.757646 -1.905597
v 0.908342 3.756706 -1.902531
v 0.905800 3.755906 -1.900690
v 0.902805 3.756046 -1.901916
v 0.902352 3.756986 -1.904982
v 0.910890 3.572547 -1.943298
v 0.910890 3.572547 -1.943298
v 0.910890 3.572547 -1.943298
v 0.910890 3.572547 -1.943298
v 0.910890 3.572547 -1.943298
v 0.910890 3.572547 -1.943298
v -0.580392 5.302737 0.355282
v -0.584324 5.302737 0.353377
v -0.587250 5.299660 0.354406
v -0.586245 5.296583 0.357341
v -0.582313 5.296583 0.359246
v -0.579386 5.299660 0.358217
v -0.653524 5.439174 0.518799
v -0.656474 5.439177 0.517372
v -0.658671 5.436872 0.518148
v -0.657918 5.434565 0.520351
v -0.654967 5.434563 0.521777
v -0.652771 5.436868 0.521001
v -0.748184 5.574134 0.698993
v -0.750072 5.574031 0.697899
v -0.751410 5.572328 0.698186
v -0.750860 5.570727 0.699568
v -0.748972 5.570830 0.700662
v -0.747634 5.572533 0.700375
v -0.872121 5.669247 0.873349
v -0.873016 5.669154 0.872729
v -0.873606 5.668235 0.872757
v -0.873302 5.667409 0.873405
v -0.872407 5.667503 0.874024
v -0.871817 5.668422 0.873996
v -1.008899 5.749541 1.047147
v -1.008899 5.749541 1.047147
v -1.008899 5.749541 1.047147
v -1.008899 5.749541 1.047147
v -1.008899 5.749541 1.047147
v -1.008899 5.749541 1.047147
v 0.791135 5.217819 -0.704101
v 0.789850 5.217819 -0.697795
v 0.792492 5.213366 -0.693973
v 0.796418 5.208912 -0.696457
v 0.797703 5.208912 -0.702763
v 0.795062 5.213366 -0.706585
v 0.929047 5.320507 -0.674356
v 0.928405 5.320507 -0.671203
v 0.929726 5.318280 -0.669292
v 0.931689 5.316053 -0.670534
v 0.932332 5.316053 -0.673687
v 0.931011 5.318280 -0.675598
v 1.079177 5.432579 -0.642121
v 1.079177 5.432579 -0.642121
v 1.079177 5.432579 -0.642121
v 1.079177 5.432579 -0.642121
v 1.079177 5.432579 -0.642121
v 1.079177 5.432579 -0.642121
v -0.450523 2.843478 0.108365
v -0.440424 2.843478 0.101025
v -0.439587 2.835381 0.091560
v -0.448848 2.827283 0.089435
v -0.458946 2.827283 0.096775
v -0.459784 2.835381 0.106240
v -0.500395 2.932385 0.024398
v -0.491549 2.932370 0.017990
v -0.490815 2.925282 0.009710
v -0.498927 2.918210 0.007839
v -0.507774 2.918226 0.014247
v -0.508508 2.925313 0.022527
v -0.570485 3.022310 -0.059368
v -0.563878 3.023446 -0.065906
v -0.563356 3.017497 -0.073117
v -0.569440 3.010412 -0.073791
v -0.576046 3.009276 -0.067254
v -0.576568 3.015225 -0.060042
v -0.669703 3.090562 -0.122514
v -0.665418 3.092420 -0.128764
v -0.665166 3.087599 -0.134894
v -0.669199 3.080920 -0.134773
v -0.673484 3.079063 -0.128523
v -0.673736 3.083884 -0.122393
v -0.785089 3.147906 -0.170916
v -0.782119 3.149652 -0.176121
v -0.782175 3.145941 -0.181141
v -0.785202 3.140485 -0.180955
v -0.788171 3.138739 -0.175749
v -0.788115 3.142449 -0.170730
v -0.898862 3.212756 -0.214122
v -0.896962 3.214232 -0.218138
v -0.897124 3.211510 -0.221943
v -0.899186 3.207312 -0.221732
v -0.901086 3.205837 -0.217716
v -0.900924 3.208559 -0.213911
v -1.023197 3.259566 -0.244508
v -1.022478 3.260736 -0.247311
v -1.022471 3.258882 -0.249821
v -1.023182 3.255857 -0.249529
v -1.023901 3.254687 -0.246727
v -1.023908 3.256541 -0.244216
v -1.158054 3.267783 -0.259409
v -1.157948 3.268396 -0.260840
v -1.157865 3.267461 -0.262086
v -1.157887 3.265911 -0.261901
v -1.157992 3.265298 -0.260470
v -1.158075 3.266234 -0.259224
v -1.295640 3.259080 -0.266332
v -1.295640 3.259080 -0.266332
v -1.295640 3.259080 -0.266332
v -1.295640 3.259080 -0.266332
v -1.295640 3.259080 -0.266332
v -1.295640 3.259080 -0.266332
v -0.500510 3.501920 0.490488
v -0.503340 3.501920 0.489361
v -0.505202 3.499575 0.489920
v -0.504234 3.497230 0.491605
v -0.501404 3.497230 0.492732
v -0.499542 3.499575 0.492174
v -0.543408 3.559155 0.596143
v -0.544823 3.559155 0.595580
v -0.545754 3.557983 0.595859
v -0.545269 3.556810 0.596702
v -0.543855 3.556810 0.597265
v -0.542924 3.557983 0.596986
v -0.590059 3.621615 0.711224
v -0.590059 3.621615 0.711224
v -0.590059 3.621615 0.711224
v -0.590059 3.621615 0.711224
v -0.590059 3.621615 0.711224
v -0.590059 3.621615 0.711224
vn -0.4965 0.0826 0.8641
vn -0.5006 0.0616 0.8635
vn -0.9982 0.0592 -0.0061
vn -0.9978 0.0660 0.0069
vn 0.4944 0.0777 0.8658
vn 0.5026 0.0608 0.8624
vn 0.9984 0.0561 0.0069
vn 0.9983 0.0580 -0.0062
vn 0.5015 0.0390 -0.8643
vn 0.4975 0.0562 -0.8656
vn -0.5037 0.0441 -0.8628
vn -0.4954 0.0567 -0.8668
vn -0.5040 -0.0104 0.8636
vn -0.9990 0.0421 -0.0133
vn 0.5092 0.0060 0.8606
vn 0.9972 0.0742 -0.0117
vn 0.4937 0.1250 -0.8606
vn -0.4908 0.1093 -0.8644
vn -0.5010 -0.0836 0.8614
vn -0.9997 0.0264 -0.0012
vn 0.5032 -0.0509 0.8627
vn 0.9959 0.0908 0.0032
vn 0.4926 0.1984 -0.8473
vn -0.4986 0.1667 -0.8507
vn -0.4986 -0.0931 0.8618
vn -0.9995 0.0289 0.0104
vn 0.4967 -0.0643 0.8655
vn 0.9961 0.0872 0.0140
vn 0.4943 0.2100 -0.8435
vn -0.5059 0.1806 -0.8435
vn -0.4980 -0.0790 0.8636
vn -0.9993 0.0374 0.0086
vn 0.4996 -0.0567 0.8644
vn 0.9966 0.0819 0.0102
vn 0.4956 0.1984 -0.8456
vn -0.5028 0.1761 -0.8463
vn -0.4944 -0.0787 0.8656
vn -0.9997 0.0230 0.0080
vn 0.5010 -0.0417 0.8645
vn 0.9953 0.0959 0.0135
vn 0.4991 0.1978 -0.8437
vn -0.5004 0.1619 -0.8505
vn -0.5028 -0.0764 0.8610
vn -0.9997 0.0229 0.0039
vn 0.4959 -0.0394 0.8675
vn 0.9952 0.0975 0.0099
vn 0.4909 0.1964 -0.8488
vn -0.5055 0.1588 -0.8481
vn -0.5091 -0.0681 0.8580
vn -0.9967 0.0812 0.0093
vn 0.4941 -0.0908 0.8647
vn 0.9992 0.0400 -0.0029
vn 0.4845 0.1901 -0.8539
vn -0.5072 0.2088 -0.8362
vn -0.4953 -0.0593 0.8667
vn -0.9901 0.1376 0.0262
vn 0.5002 -0.1389 0.8547
vn 0.9998 -0.0199 -0.0054
vn 0.4974 0.1785 -0.8490
vn -0.4971 0.2564 -0.8289
vn -0.4837 -0.0506 0.8737
vn -0.9910 0.1304 0.0302
vn 0.5071 -0.1204 0.8534
vn 0.9999 -0.0120 0.0007
vn 0.5075 0.1682 -0.8451
vn -0.4925 0.2408 -0.8363
vn -0.4899 -0.0363 0.8710
vn -0.9937 0.1094 0.0231
vn 0.5041 -0.0847 0.8595
vn 0.9999 0.0124 0.0010
vn 0.4998 0.1587 -0.8515
vn -0.5000 0.2073 -0.8408
vn -0.4934 -0.0198 0.8696
vn -0.9922 0.1225 0.0211
vn 0.5023 -0.0822 0.8607
vn 1.0000 -0.0014 -0.0046
vn 0.4944 0.1419 -0.8575
vn -0.5019 0.2034 -0.8407
vn -0.4866 -0.0025 0.8736
vn -0.9903 0.1367 0.0254
vn 0.5054 -0.0797 0.8592
vn 0.9998 -0.0181 -0.0042
vn 0.4986 0.1217 -0.8582
vn -0.4996 0.1993 -0.8430
vn -0.4817 0.0177 0.8761
vn -0.9917 0.1262 0.0249
vn 0.5090 -0.0485 0.8594
vn 1.0000 -0.0075 -0.0027
vn 0.5005 0.1008 -0.8598
vn -0.5005 0.1683 -0.8492
vn -0.4846 0.0338 0.8741
vn -0.9936 0.1111 0.0191
vn 0.5096 -0.0173 0.8603
vn 0.9999 0.0084 -0.0061
vn 0.4956 0.0856 -0.8643
vn -0.5037 0.1371 -0.8529
vn -0.4887 0.0396 0.8715
vn -0.9941 0.1074 0.0132
vn 0.5102 -0.0078 0.8600
vn 0.9999 0.0128 -0.0115
vn 0.4910 0.0805 -0.8674
vn -0.5040 0.1277 -0.8542
vn -0.7072 0.1552 0.6897
vn -0.7085 0.1527 0.6889
vn -0.9628 0.0235 -0.2692
vn -0.9633 0.0232 -0.2676
vn 0.2561 0.1568 0.9538
vn 0.2559 0.1529 0.9545
vn 0.9647 0.0265 0.2620
vn 0.9651 0.0237 0.2608
vn 0.7105 -0.1057 -0.6957
vn 0.7093 -0.1054 -0.6970
vn -0.2541 -0.1074 -0.9612
vn -0.2541 -0.1054 -0.9614
vn -0.7097 0.1481 0.6888
vn -0.9622 0.0292 -0.2709
vn 0.2554 0.1423 0.9563
vn 0.9652 0.0174 0.2608
vn 0.7086 -0.1011 -0.6984
vn -0.2538 -0.0950 -0.9626
vn -0.7086 0.1440 0.6908
vn -0.9621 0.0352 -0.2703
vn 0.2555 0.1333 0.9576
vn 0.9648 0.0137 0.2627
vn 0.7101 -0.0950 -0.6977
vn -0.2527 -0.0842 -0.9639
vn -0.7090 0.1319 0.6928
vn -0.9619 0.0305 -0.2716
vn 0.2575 0.1253 0.9581
vn 0.9654 0.0178 0.2603
vn 0.7106 -0.0829 -0.6986
vn -0.2501 -0.0767 -0.9652
vn -0.7064 0.1398 0.6938
vn -0.9646 0.0274 -0.2624
vn 0.2519 0.1377 0.9579
vn 0.9630 0.0231 0.2684
vn 0.7126 -0.0905 -0.6957
vn -0.2565 -0.0883 -0.9625
vn -0.7006 0.2044 0.6837
vn -0.9659 0.0368 -0.2562
vn 0.2494 0.1954 0.9485
vn 0.9606 0.0179 0.2773
vn 0.7124 -0.1551 -0.6845
vn -0.2656 -0.1450 -0.9531
vn -0.6966 0.2669 0.6660
vn -0.9627 0.0403 -0.2677
vn 0.2607 0.2521 0.9319
vn 0.9634 0.0107 0.2679
vn 0.7062 -0.2188 -0.6733
vn -0.2624 -0.2041 -0.9431
vn -0.6980 0.2719 0.6625
vn -0.9612 0.0274 -0.2744
vn 0.2691 0.2677 0.9252
vn 0.9667 0.0205 0.2550
vn 0.7040 -0.2221 -0.6746
vn -0.2568 -0.2195 -0.9412
vn -0.7004 0.2567 0.6660
vn -0.9628 0.0174 -0.2695
vn 0.2654 0.2649 0.9270
vn 0.9668 0.0342 0.2533
vn 0.7040 -0.2046 -0.6801
vn -0.2598 -0.2131 -0.9418
vn -0.7034 0.2497 0.6655
vn -0.9620 0.0227 -0.2721
vn 0.2627 0.2530 0.9311
vn 0.9669 0.0282 0.2536
vn 0.7020 -0.1984 -0.6840
vn -0.2609 -0.2006 -0.9443
vn -0.7007 0.2450 0.6700
vn -0.9622 0.0280 -0.2710
vn 0.2639 0.2428 0.9335
vn 0.9660 0.0241 0.2573
vn 0.7053 -0.1925 -0.6823
vn -0.2583 -0.1908 -0.9470
vn -0.6986 0.2425 0.6732
vn -0.9641 0.0135 -0.2651
vn 0.2656 0.2546 0.9299
vn 0.9660 0.0394 0.2555
vn 0.7078 -0.1895 -0.6805
vn -0.2581 -0.2034 -0.9445
vn -0.7009 0.2408 0.6713
vn -0.9650 -0.0038 -0.2622
vn 0.2647 0.2700 0.9258
vn 0.9668 0.0553 0.2496
vn 0.7056 -0.1891 -0.6829
vn -0.2606 -0.2191 -0.9403
vn -0.7034 0.2397 0.6691
vn -0.9650 -0.0088 -0.2623
vn 0.2629 0.2743 0.9250
vn 0.9672 0.0596 0.2469
vn 0.7032 -0.1891 -0.6854
vn -0.2627 -0.2230 -0.9388
vn 0.8571 0.1733 0.4852
vn 0.8572 0.1699 0.4862
vn 0.0112 0.0262 0.9996
vn 0.0129 0.0272 0.9995
vn 0.8404 0.1737 -0.5134
vn 0.8408 0.1699 -0.5140
vn -0.0202 0.0281 -0.9994
vn -0.0217 0.0263 -0.9994
vn -0.8658 -0.1183 -0.4862
vn -0.8666 -0.1172 -0.4851
vn -0.8494 -0.1187 0.5142
vn -0.8500 -0.1172 0.5136
vn 0.8596 0.1492 0.4887
vn 0.0059 0.0256 0.9997
vn 0.8431 0.1486 -0.5167
vn -0.0269 0.0245 -0.9993
vn -0.8704 -0.0976 -0.4826
vn -0.8540 -0.0971 0.5111
vn 0.8621 0.1541 0.4828
vn 0.0195 0.0305 0.9993
vn 0.8466 0.1515 -0.5102
vn -0.0127 0.0251 -0.9996
vn -0.8669 -0.0999 -0.4883
vn -0.8502 -0.0972 0.5174
vn 0.8460 0.2390 0.4765
vn 0.0310 0.0397 0.9987
vn 0.8322 0.2313 -0.5039
vn 0.0011 0.0236 -0.9997
vn -0.8489 -0.1844 -0.4954
vn -0.8325 -0.1759 0.5253
vn 0.8170 0.3164 0.4821
vn 0.0110 0.0405 0.9991
vn 0.8040 0.3035 -0.5113
vn -0.0161 0.0142 -0.9998
vn -0.8319 -0.2653 -0.4874
vn -0.8178 -0.2519 0.5174
vn 0.8167 0.3056 0.4895
vn -0.0064 0.0385 0.9992
vn 0.8034 0.2910 -0.5195
vn -0.0325 0.0096 -0.9994
vn -0.8398 -0.2523 -0.4807
vn -0.8269 -0.2380 0.5094
vn 0.8302 0.2724 0.4864
vn 0.0017 0.0433 0.9991
vn 0.8170 0.2582 -0.5155
vn -0.0246 0.0150 -0.9996
vn -0.8486 -0.2129 -0.4843
vn -0.8355 -0.1987 0.5124
vn 0.8338 0.2656 0.4840
vn 0.0073 0.0451 0.9990
vn 0.8207 0.2513 -0.5132
vn -0.0189 0.0164 -0.9997
vn -0.8490 -0.2051 -0.4869
vn -0.8359 -0.1908 0.5146
vn 0.9922 0.1223 -0.0257
vn 0.9937 0.1059 -0.0378
vn 0.5269 0.0279 0.8495
vn 0.5271 0.0523 0.8482
vn 0.4708 0.0985 -0.8767
vn 0.4575 0.1040 -0.8831
vn -0.5294 0.0034 -0.8484
vn -0.5336 0.0252 -0.8454
vn -0.9969 -0.0672 0.0402
vn -0.9982 -0.0521 0.0294
vn -0.4617 -0.0420 0.8860
vn -0.4739 -0.0513 0.8791
vn 0.9973 0.0566 -0.0472
vn 0.5306 -0.0463 0.8464
vn 0.4503 0.1276 -0.8837
vn -0.5373 0.0975 -0.8378
vn -0.9996 -0.0025 0.0281
vn -0.4790 -0.0753 0.8746
vn 0.9987 -0.0031 -0.0502
vn 0.5320 -0.1338 0.8361
vn 0.4550 0.1561 -0.8767
vn -0.5349 0.1851 -0.8244
vn -0.9975 0.0578 0.0409
vn -0.4743 -0.1018 0.8745
vn 0.9975 -0.0461 -0.0537
vn 0.5304 -0.1943 0.8252
vn 0.4613 0.1742 -0.8700
vn -0.5291 0.2461 -0.8121
vn -0.9935 0.1006 0.0535
vn -0.4703 -0.1195 0.8744
vn 0.9956 -0.0749 -0.0560
vn 0.5273 -0.2291 0.8182
vn 0.4654 0.1808 -0.8664
vn -0.5250 0.2815 -0.8032
vn -0.9896 0.1285 0.0640
vn -0.4674 -0.1264 0.8749
vn 0.9949 -0.0861 -0.0521
vn 0.5282 -0.2282 0.8179
vn 0.4708 0.1696 -0.8658
vn -0.5242 0.2824 -0.8034
vn -0.9877 0.1383 0.0729
vn -0.4595 -0.1165 0.8805
vn 0.9949 -0.0845 -0.0553
vn 0.5307 -0.2129 0.8204
vn 0.4670 0.1568 -0.8702
vn -0.5253 0.2691 -0.8073
vn -0.9877 0.1401 0.0697
vn -0.4596 -0.1007 0.8824
vn 0.9946 -0.0855 -0.0579
vn 0.5326 -0.2107 0.8197
vn 0.4663 0.1531 -0.8713
vn -0.5239 0.2670 -0.8089
vn -0.9875 0.1422 0.0678
vn -0.4593 -0.0969 0.8830
vn 0.6789 0.1704 0.7142
vn 0.6771 0.1665 0.7168
vn -0.2805 0.0120 0.9598
vn -0.2768 0.0101 0.9609
vn 0.9538 0.1734 -0.2455
vn 0.9550 0.1668 -0.2452
vn 0.2756 0.0165 -0.9611
vn 0.2730 0.0123 -0.9619
vn -0.6809 -0.1441 -0.7180
vn -0.6838 -0.1419 -0.7157
vn -0.9584 -0.1475 0.2443
vn -0.9593 -0.1419 0.2440
vn 0.6777 0.1540 0.7190
vn -0.2844 0.0204 0.9585
vn 0.9586 0.1456 -0.2448
vn 0.2719 0.0030 -0.9623
vn -0.6871 -0.1297 -0.7149
vn -0.9627 -0.1208 0.2422
vn 0.6804 0.1459 0.7182
vn -0.2825 0.0336 0.9587
vn 0.9622 0.1254 -0.2419
vn 0.2772 -0.0079 -0.9608
vn -0.6870 -0.1202 -0.7166
vn -0.9650 -0.0992 0.2427
vn 0.6803 0.1567 0.7160
vn -0.2806 0.0462 0.9587
vn 0.9628 0.1241 -0.2402
vn 0.2824 -0.0197 -0.9591
vn -0.6842 -0.1311 -0.7174
vn -0.9648 -0.0978 0.2443
vn 0.6782 0.1706 0.7148
vn -0.2838 0.0550 0.9573
vn 0.9616 0.1286 -0.2424
vn 0.2817 -0.0294 -0.9590
vn -0.6825 -0.1452 -0.7163
vn -0.9646 -0.1029 0.2428
vn 0.6783 0.1743 0.7138
vn -0.2857 0.0579 0.9566
vn 0.9609 0.1288 -0.2450
vn 0.2807 -0.0327 -0.9592
vn -0.6813 -0.1489 -0.7167
vn -0.9651 -0.1037 0.2403
vn 0.9914 0.0422 -0.1237
vn 0.9917 0.0399 -0.1223
vn 0.6020 0.0203 0.7982
vn 0.6032 0.0199 0.7973
vn 0.3886 0.0436 -0.9204
vn 0.3886 0.0400 -0.9205
vn -0.6027 0.0226 -0.7976
vn -0.6039 0.0204 -0.7968
vn -0.9924 0.0003 0.1228
vn -0.9922 0.0008 0.1243
vn -0.3893 -0.0011 0.9211
vn -0.3894 0.0007 0.9211
vn 0.9920 0.0344 -0.1215
vn 0.6012 0.0239 0.7988
vn 0.3888 0.0300 -0.9208
vn -0.6047 0.0152 -0.7963
vn -0.9921 0.0048 0.1252
vn -0.3895 0.0092 0.9210
vn 0.9920 0.0297 -0.1227
vn 0.6020 0.0285 0.7980
vn 0.3890 0.0208 -0.9210
vn -0.6037 0.0108 -0.7972
vn -0.9922 0.0097 0.1240
vn -0.3895 0.0186 0.9208
vn 0.9919 0.0283 -0.1241
vn 0.6032 0.0299 0.7970
vn 0.3891 0.0181 -0.9210
vn -0.6025 0.0095 -0.7981
vn -0.9924 0.0111 0.1225
vn -0.3895 0.0213 0.9208
vn 0.9844 0.1421 0.1038
vn 0.9847 0.1391 0.1052
vn 0.4087 0.0093 0.9126
vn 0.4108 0.0091 0.9117
vn 0.5734 0.1430 -0.8067
vn 0.5735 0.1391 -0.8073
vn -0.4115 0.0111 -0.9114
vn -0.4133 0.0094 -0.9105
vn -0.9870 -0.1221 -0.1042
vn -0.9875 -0.1201 -0.1025
vn -0.5757 -0.1231 0.8083
vn -0.5766 -0.1201 0.8082
vn 0.9858 0.1301 0.1058
vn 0.4070 0.0121 0.9134
vn 0.5748 0.1270 -0.8083
vn -0.4142 0.0057 -0.9102
vn -0.9886 -0.1118 -0.1009
vn -0.5784 -0.1086 0.8085
vn 0.9871 0.1217 0.1042
vn 0.4081 0.0157 0.9128
vn 0.5767 0.1153 -0.8088
vn -0.4123 0.0029 -0.9110
vn -0.9895 -0.1029 -0.1016
vn -0.5794 -0.0965 0.8093
vn 0.9876 0.1193 0.1024
vn 0.4100 0.0169 0.9119
vn 0.5776 0.1119 -0.8086
vn -0.4102 0.0023 -0.9120
vn -0.9896 -0.1003 -0.1032
vn -0.5793 -0.0930 0.8098
vn -0.9264 0.1845 0.3282
vn -0.9301 0.1749 0.3229
vn -0.7604 0.0116 -0.6494
vn -0.7662 0.0086 -0.6425
vn -0.1633 0.1895 0.9682
vn -0.1639 0.1754 0.9708
vn 0.7640 0.0194 0.6450
vn 0.7686 0.0121 0.6396
vn 0.9324 -0.1574 -0.3253
vn 0.9309 -0.1502 -0.3330
vn 0.1654 -0.1631 -0.9726
vn 0.1682 -0.1502 -0.9742
vn -0.9349 0.1497 0.3218
vn -0.7552 0.0306 -0.6547
vn -0.1695 0.1308 0.9768
vn 0.7692 -0.0083 0.6389
vn 0.9319 -0.1258 -0.3402
vn 0.1729 -0.1060 -0.9792
vn -0.9369 0.1170 0.3294
vn -0.7550 0.0476 -0.6539
vn -0.1723 0.0813 0.9817
vn 0.7660 -0.0234 0.6425
vn 0.9367 -0.0916 -0.3379
vn 0.1802 -0.0563 -0.9820
vn -0.9370 0.0896 0.3378
vn -0.7600 0.0349 -0.6490
vn -0.1721 0.0670 0.9828
vn 0.7631 -0.0095 0.6462
vn 0.9411 -0.0639 -0.3322
vn 0.1830 -0.0420 -0.9822
vn -0.9417 0.0585 0.3314
vn -0.7565 0.0223 -0.6536
vn -0.1746 0.0486 0.9834
vn 0.7678 0.0026 0.6407
vn 0.9395 -0.0329 -0.3408
vn 0.1821 -0.0231 -0.9830
vn -0.9469 0.0096 0.3214
vn -0.7513 0.0529 -0.6578
vn -0.1798 -0.0309 0.9832
vn 0.7721 -0.0264 0.6349
vn 0.9368 0.0175 -0.3494
vn 0.1807 0.0565 -0.9819
vn -0.9406 -0.0240 0.3386
vn -0.7620 0.0665 -0.6441
vn -0.1776 -0.0774 0.9811
vn 0.7605 -0.0411 0.6480
vn 0.9432 0.0488 -0.3287
vn 0.1834 0.1029 -0.9776
vn -0.9344 0.0003 0.3564
vn -0.7739 0.0019 -0.6333
vn -0.1776 0.0110 0.9840
vn 0.7483 0.0235 0.6629
vn 0.9500 0.0256 -0.3113
vn 0.1860 0.0148 -0.9824
vn -0.9397 0.0370 0.3399
vn -0.7645 -0.0687 -0.6409
vn -0.1810 0.1180 0.9764
vn 0.7549 0.0952 0.6489
vn 0.9455 -0.0095 -0.3254
vn 0.1847 -0.0924 -0.9784
vn -0.9429 0.0447 0.3300
vn -0.7598 -0.0891 -0.6440
vn -0.1835 0.1464 0.9721
vn 0.7591 0.1145 0.6408
vn 0.9427 -0.0192 -0.3331
vn 0.1831 -0.1211 -0.9756
vn 0.9138 0.3786 -0.1470
vn 0.9161 0.3797 -0.1287
vn 0.6556 0.0046 0.7551
vn 0.6677 -0.0167 0.7442
vn 0.2418 0.4001 -0.8840
vn 0.2597 0.3839 -0.8861
vn -0.6688 0.0333 -0.7427
vn -0.6641 0.0067 -0.7476
vn -0.9232 -0.3601 0.1345
vn -0.9170 -0.3698 0.1493
vn -0.2584 -0.3886 0.8845
vn -0.2538 -0.3677 0.8946
vn 0.9116 0.3941 -0.1171
vn 0.6270 0.0738 0.7755
vn 0.2853 0.3303 -0.8997
vn -0.6398 -0.0649 -0.7658
vn -0.9100 -0.3855 0.1527
vn -0.2704 -0.3109 0.9111
vn 0.9012 0.4184 -0.1128
vn 0.5869 0.1705 0.7915
vn 0.3165 0.2581 -0.9128
vn -0.5997 -0.1606 -0.7840
vn -0.9015 -0.4064 0.1489
vn -0.3007 -0.2360 0.9241
vn 0.8823 0.4560 -0.1164
vn 0.5478 0.2637 0.7939
vn 0.3415 0.2044 -0.9174
vn -0.5529 -0.2495 -0.7950
vn -0.8860 -0.4418 0.1410
vn -0.3260 -0.1801 0.9280
vn 0.8748 0.4716 -0.1108
vn 0.4963 0.3399 0.7989
vn 0.3707 0.1352 -0.9189
vn -0.5208 -0.3350 -0.7852
vn -0.8790 -0.4539 0.1463
vn -0.3676 -0.1161 0.9227
vn 0.9096 0.4033 -0.1000
vn 0.4565 0.3899 0.7997
vn 0.4191 0.0043 -0.9079
vn -0.5061 -0.3894 -0.7696
vn -0.9147 -0.3818 0.1323
vn -0.4415 -0.0001 0.8973
vn 0.9289 0.3573 -0.0973
vn 0.4571 0.4463 0.7694
vn 0.4779 -0.0806 -0.8747
vn -0.4641 -0.4333 -0.7726
vn -0.9345 -0.3367 0.1156
vn -0.4657 0.1039 0.8788
vn 0.8782 0.4560 -0.1442
vn 0.4388 0.5314 0.7246
vn 0.4763 -0.0486 -0.8779
vn -0.4030 -0.5068 -0.7621
vn -0.8853 -0.4433 0.1403
vn -0.4411 0.0925 0.8927
vn 0.8035 0.5662 -0.1839
vn 0.3834 0.5885 0.7118
vn 0.4309 -0.0065 -0.9024
vn -0.3787 -0.5712 -0.7282
vn -0.8124 -0.5534 0.1837
vn -0.4235 0.0331 0.9053
vn 0.7805 0.5934 -0.1970
vn 0.3615 0.6038 0.7104
vn 0.4148 -0.0048 -0.9099
vn -0.3708 -0.5927 -0.7150
vn -0.7897 -0.5824 0.1929
vn -0.4236 0.0158 0.9057
vn 0.2247 0.7169 -0.6600
vn 0.2120 0.7271 -0.6530
vn 0.8872 0.0123 -0.4612
vn 0.8976 0.0134 -0.4406
vn -0.6730 0.7101 -0.2070
vn -0.6662 0.7223 -0.1856
vn -0.8848 -0.0091 0.4659
vn -0.8808 0.0113 0.4734
vn -0.1992 -0.7092 0.6763
vn -0.2170 -0.7065 0.6737
vn 0.6855 -0.6932 0.2226
vn 0.6729 -0.7103 0.2066
vn 0.2157 0.7341 -0.6439
vn 0.8697 -0.0117 -0.4935
vn -0.6437 0.7516 -0.1440
vn -0.8623 0.0353 0.5052
vn -0.2226 -0.7125 0.6654
vn 0.6497 -0.7417 0.1665
vn 0.2195 0.7589 -0.6131
vn 0.8253 -0.0407 -0.5633
vn -0.5849 0.8093 -0.0539
vn -0.8211 0.0911 0.5634
vn -0.2526 -0.7193 0.6472
vn 0.5904 -0.8031 0.0805
vn 0.2513 0.7869 -0.5635
vn 0.7337 -0.0917 -0.6733
vn -0.4567 0.8840 0.1001
vn -0.7232 0.1515 0.6738
vn -0.2889 -0.7339 0.6147
vn 0.4596 -0.8857 -0.0660
vn 0.3326 0.7980 -0.5026
vn 0.6299 -0.1153 -0.7681
vn -0.2700 0.9304 0.2481
vn -0.6086 0.1846 0.7717
vn -0.3475 -0.7551 0.5559
vn 0.2906 -0.9274 -0.2355
vn 0.4504 0.7798 -0.4348
vn 0.5955 -0.1308 -0.7926
vn -0.1196 0.9300 0.3477
vn -0.5680 0.1738 0.8045
vn -0.4387 -0.7711 0.4615
vn 0.1554 -0.9225 -0.3534
vn 0.5732 0.7550 -0.3184
vn 0.5799 -0.1036 -0.8081
vn 0.0341 0.8820 0.4700
vn -0.5310 0.1791 0.8282
vn -0.5758 -0.7223 0.3832
vn -0.0020 -0.8827 -0.4700
vn 0.7332 0.6512 -0.1959
vn 0.5132 -0.0477 -0.8569
vn 0.2731 0.7207 0.6371
vn -0.4316 0.1228 0.8937
vn -0.7285 -0.6199 0.2916
vn -0.2451 -0.7303 -0.6377
vn 0.8452 0.5111 -0.1560
vn 0.4331 -0.0067 -0.9013
vn 0.4419 0.5186 0.7320
vn -0.3793 0.0204 0.9251
vn -0.8314 -0.5163 0.2056
vn -0.4220 -0.5352 -0.7317
vn 0.8742 0.4569 -0.1646
vn 0.3961 0.0031 -0.9182
vn 0.4845 0.4433 0.7541
vn -0.3829 -0.0228 0.9235
vn -0.8622 -0.4770 0.1705
vn -0.4723 -0.4636 -0.7496
vn 0.5563 0.5789 0.5962
vn 0.5388 0.5875 0.6038
vn -0.1709 0.0065 0.9853
vn -0.1574 -0.0142 0.9874
vn 0.7015 0.5932 -0.3950
vn 0.7102 0.5928 -0.3797
vn 0.1431 0.0241 -0.9894
vn 0.1627 0.0081 -0.9866
vn -0.5613 -0.5618 -0.6077
vn -0.5556 -0.5794 -0.5964
vn -0.7167 -0.5859 0.3782
vn -0.7177 -0.5756 0.3920
vn 0.5053 0.6191 0.6012
vn -0.2180 0.0583 0.9742
vn 0.7281 0.5765 -0.3709
vn 0.2099 -0.0443 -0.9767
vn -0.5288 -0.6145 -0.5855
vn -0.7338 -0.5544 0.3926
vn 0.4555 0.6740 0.5816
vn -0.2799 0.1338 0.9507
vn 0.7435 0.5623 -0.3620
vn 0.2800 -0.1116 -0.9535
vn -0.4792 -0.6680 -0.5694
vn -0.7501 -0.5338 0.3904
vn 0.3870 0.7475 0.5399
vn -0.3403 0.2034 0.9180
vn 0.7343 0.5705 -0.3678
vn 0.3481 -0.1717 -0.9216
vn -0.4039 -0.7392 -0.5390
vn -0.7441 -0.5397 0.3937
vn 0.3137 0.8055 0.5027
vn -0.4153 0.2562 0.8729
vn 0.7338 0.5704 -0.3690
vn 0.4093 -0.2407 -0.8801
vn -0.3433 -0.8012 -0.4901
vn -0.7465 -0.5393 0.3898
vn 0.2939 0.8137 0.5015
vn -0.5004 0.3031 0.8110
vn 0.7962 0.5085 -0.3278
vn 0.4663 -0.3226 -0.8237
vn -0.3400 -0.8098 -0.4782
vn -0.8069 -0.4919 0.3271
vn 0.2886 0.8429 0.4541
vn -0.5249 0.3805 0.7614
vn 0.8173 0.4941 -0.2964
vn 0.5417 -0.3413 -0.7681
vn -0.2960 -0.8339 -0.4658
vn -0.8316 -0.4590 0.3127
vn 0.1715 0.9404 0.2935
vn -0.5250 0.4242 0.7379
vn 0.6954 0.5815 -0.4223
vn 0.5693 -0.3231 -0.7560
vn -0.1392 -0.9283 -0.3448
vn -0.7180 -0.5363 0.4438
vn 0.0050 0.9857 0.1683
vn -0.5452 0.3940 0.7399
vn 0.5404 0.6222 -0.5664
vn 0.5476 -0.3499 -0.7601
vn -0.0043 -0.9810 -0.1942
vn -0.5606 -0.6010 0.5697
vn -0.0510 0.9892 0.1376
vn -0.5552 0.3735 0.7431
vn 0.4975 0.6173 -0.6095
vn 0.5430 -0.3719 -0.7529
vn 0.0381 -0.9883 -0.1477
vn -0.5107 -0.6159 0.5999
vn 0.6811 0.2600 -0.6845
vn 0.6876 0.2535 -0.6804
vn 0.9692 0.0065 0.2461
vn 0.9714 0.0006 0.2373
vn -0.2875 0.2678 -0.9196
vn -0.2853 0.2546 -0.9240
vn -0.9708 0.0179 -0.2393
vn -0.9719 0.0072 -0.2352
vn -0.6885 -0.2423 0.6835
vn -0.6828 -0.2390 0.6904
vn 0.2851 -0.2517 0.9249
vn 0.2854 -0.2387 0.9282
vn 0.6895 0.2418 -0.6828
vn 0.9673 0.0259 0.2525
vn -0.2827 0.2231 -0.9329
vn -0.9708 -0.0129 -0.2397
vn -0.6827 -0.2276 0.6944
vn 0.2832 -0.2074 0.9364
vn 0.6969 0.2192 -0.6828
vn 0.9618 0.0625 0.2664
vn -0.2760 0.1635 -0.9472
vn -0.9688 -0.0512 -0.2425
vn -0.6803 -0.2047 0.7037
vn 0.2776 -0.1470 0.9494
vn 0.6901 0.2420 -0.6820
vn 0.9543 0.1414 0.2633
vn -0.2551 0.1129 -0.9603
vn -0.9547 -0.1238 -0.2707
vn -0.6767 -0.2258 0.7008
vn 0.2838 -0.0900 0.9547
vn 0.7198 0.1428 -0.6794
vn 0.9305 0.1823 0.3178
vn -0.2700 -0.0424 -0.9619
vn -0.9607 -0.1709 -0.2186
vn -0.6897 -0.1195 0.7141
vn 0.2151 0.0494 0.9753
vn 0.7501 -0.3236 -0.5767
vn 0.9115 0.1113 0.3960
vn -0.3118 -0.3678 -0.8761
vn -0.9731 -0.0113 -0.2302
vn -0.7246 0.3477 0.5950
vn 0.1479 0.4111 0.8995
vn 0.6868 -0.6660 -0.2910
vn 0.9351 0.0603 0.3493
vn -0.3026 -0.6990 -0.6479
vn -0.9540 0.0425 -0.2968
vn -0.6145 0.7150 0.3334
vn 0.2890 0.7156 0.6360
vn 0.6926 -0.6627 -0.2850
vn 0.9827 0.1820 0.0344
vn -0.2740 -0.8964 -0.3484
vn -0.9877 -0.1511 -0.0394
vn -0.5722 0.7620 0.3031
vn 0.3964 0.8624 0.3148
vn 0.6485 -0.6473 -0.4005
vn 0.9081 0.2928 -0.2996
vn -0.2735 -0.9559 -0.1075
vn -0.9192 -0.2627 0.2933
vn -0.6055 0.7006 0.3776
vn 0.3043 0.9495 0.0766
vn 0.6180 -0.6733 -0.4060
vn 0.8709 0.2950 -0.3932
vn -0.2580 -0.9660 -0.0187
vn -0.8777 -0.2927 0.3794
vn -0.6245 0.6758 0.3914
vn 0.2512 0.9679 0.0042
vn -0.8620 0.5024 0.0669
vn -0.8628 0.5001 0.0736
vn -0.6353 0.0139 -0.7721
vn -0.6304 0.0219 -0.7760
vn -0.2259 0.4957 0.8386
vn -0.2194 0.4983 0.8388
vn 0.6453 0.0053 0.7639
vn 0.6487 0.0130 0.7609
vn 0.8751 -0.4765 -0.0843
vn 0.8779 -0.4720 -0.0802
vn 0.2356 -0.4666 -0.8525
vn 0.2373 -0.4731 -0.8484
vn -0.8836 0.4567 0.1029
vn -0.6570 -0.0463 -0.7525
vn -0.2002 0.5029 0.8408
vn 0.6798 0.0630 0.7306
vn 0.9011 -0.4232 -0.0944
vn 0.2480 -0.4858 -0.8382
vn -0.8772 0.4744 0.0736
vn -0.6740 -0.0297 -0.7381
vn -0.2288 0.5363 0.8124
vn 0.6637 0.0778 0.7439
vn 0.8871 -0.4509 -0.0982
vn 0.1974 -0.4980 -0.8444
vn -0.7224 0.6895 -0.0523
vn -0.5404 0.1739 -0.8232
vn -0.2378 0.5917 0.7702
vn 0.5161 -0.0917 0.8516
vn 0.7297 -0.6833 -0.0228
vn 0.1505 -0.4989 -0.8535
vn -0.4910 0.8662 -0.0926
vn -0.3690 0.2964 -0.8809
vn -0.1283 0.6109 0.7813
vn 0.3754 -0.2372 0.8960
vn 0.5191 -0.8485 0.1028
vn 0.1364 -0.5719 -0.8089
vn -0.4713 0.8798 -0.0623
vn -0.4655 0.2166 -0.8581
vn 0.0163 0.6372 0.7705
vn 0.4915 -0.2024 0.8470
vn 0.5181 -0.8464 0.1236
vn 0.0534 -0.6712 -0.7393
vn -0.4999 0.8643 -0.0561
vn -0.6577 0.1400 -0.7401
vn 0.1522 0.7368 0.6587
vn 0.6672 -0.0768 0.7409
vn 0.5597 -0.8221 0.1040
vn -0.1117 -0.7387 -0.6647
vn -0.4172 0.8980 -0.1399
vn -0.7752 0.1051 -0.6230
vn 0.3372 0.8251 0.4534
vn 0.7881 -0.0087 0.6155
vn 0.4955 -0.8511 0.1732
vn -0.3181 -0.8188 -0.4778
vn -0.3609 0.8978 -0.2523
vn -0.8452 0.0655 -0.5305
vn 0.4767 0.8413 0.2551
vn 0.8634 -0.0237 0.5039
vn 0.4127 -0.8769 0.2463
vn -0.4575 -0.8439 -0.2801
vn -0.3623 0.8852 -0.2919
vn -0.8691 0.0457 -0.4926
vn 0.5132 0.8378 0.1865
vn 0.8841 -0.0466 0.4649
vn 0.3786 -0.8868 0.2649
vn -0.4982 -0.8402 -0.2139
vn 0.8931 0.4113 -0.1822
vn 0.8951 0.4118 -0.1709
vn 0.6972 0.0041 0.7169
vn 0.7048 -0.0087 0.7094
vn 0.1852 0.4243 -0.8864
vn 0.1966 0.4146 -0.8885
vn -0.7069 0.0219 -0.7070
vn -0.7034 0.0055 -0.7107
vn -0.9008 -0.3969 0.1762
vn -0.8962 -0.4033 0.1850
vn -0.1969 -0.4145 0.8885
vn -0.1940 -0.4018 0.8950
vn 0.8927 0.4208 -0.1614
vn 0.6771 0.0500 0.7342
vn 0.2151 0.3789 -0.9001
vn -0.6867 -0.0427 -0.7257
vn -0.8906 -0.4143 0.1876
vn -0.2050 -0.3637 0.9087
vn 0.8853 0.4361 -0.1617
vn 0.6552 0.1060 0.7480
vn 0.2302 0.3380 -0.9126
vn -0.6622 -0.0962 -0.7432
vn -0.8863 -0.4269 0.1793
vn -0.2241 -0.3230 0.9195
vn 0.8735 0.4587 -0.1632
vn 0.6442 0.1401 0.7519
vn 0.2332 0.3276 -0.9156
vn -0.6444 -0.1254 -0.7544
vn -0.8783 -0.4478 0.1676
vn -0.2299 -0.3132 0.9215
vn 0.8721 0.4633 -0.1573
vn 0.6286 0.1550 0.7621
vn 0.2360 0.3119 -0.9203
vn -0.6415 -0.1490 -0.7526
vn -0.8748 -0.4532 0.1712
vn -0.2411 -0.3006 0.9228
vn 0.8974 0.4118 -0.1584
vn 0.6094 0.1721 0.7739
vn 0.2636 0.2365 -0.9352
vn -0.6409 -0.1751 -0.7474
vn -0.8969 -0.4013 0.1861
vn -0.2796 -0.2293 0.9323
vn 0.9098 0.3721 -0.1837
vn 0.6274 0.1764 0.7584
vn 0.2822 0.2020 -0.9378
vn -0.6260 -0.1619 -0.7628
vn -0.9170 -0.3602 0.1712
vn -0.2914 -0.1920 0.9372
vn 0.8843 0.4250 -0.1937
vn 0.6686 0.1246 0.7331
vn 0.2390 0.3153 -0.9184
vn -0.6364 -0.0896 -0.7661
vn -0.9023 -0.4070 0.1420
vn -0.2436 -0.3039 0.9210
vn 0.8599 0.4851 -0.1590
vn 0.6840 0.0550 0.7274
vn 0.1824 0.4382 -0.8802
vn -0.6764 -0.0332 -0.7358
vn -0.8713 -0.4695 0.1426
vn -0.1884 -0.4278 0.8840
vn 0.8555 0.4978 -0.1423
vn 0.6862 0.0322 0.7267
vn 0.1668 0.4707 -0.8664
vn -0.6913 -0.0217 -0.7223
vn -0.8609 -0.4873 0.1465
vn -0.1722 -0.4602 0.8709
vn -0.3373 0.5680 -0.7507
vn -0.3578 0.5590 -0.7480
vn 0.4786 0.0139 -0.8779
vn 0.4921 0.0372 -0.8697
vn -0.8258 0.5509 0.1205
vn -0.8213 0.5533 0.1390
vn -0.4742 -0.0076 0.8804
vn -0.4578 0.0118 0.8890
vn 0.3686 -0.5446 0.7534
vn 0.3667 -0.5277 0.7662
vn 0.8467 -0.5170 -0.1257
vn 0.8395 -0.5313 -0.1136
vn -0.3815 0.5296 -0.7576
vn 0.4417 -0.0376 -0.8964
vn -0.8058 0.5734 0.1478
vn -0.4204 0.0628 0.9052
vn 0.3870 -0.4961 0.7773
vn 0.8248 -0.5528 -0.1189
vn -0.4340 0.4757 -0.7651
vn 0.3709 -0.1362 -0.9186
vn -0.7752 0.6088 0.1685
vn -0.3433 0.1583 0.9258
vn 0.4271 -0.4302 0.7954
vn 0.7987 -0.5908 -0.1140
vn -0.5216 0.3833 -0.7623
vn 0.2371 -0.3006 -0.9238
vn -0.7182 0.6732 0.1759
vn -0.2071 0.3204 0.9244
vn 0.5084 -0.3211 0.7990
vn 0.7534 -0.6491 -0.1053
vn -0.5952 0.2790 -0.7536
vn 0.1124 -0.4416 -0.8901
vn -0.6774 0.7208 0.1468
vn -0.0792 0.4572 0.8858
vn 0.6042 -0.2356 0.7612
vn 0.7127 -0.6920 -0.1147
vn -0.6220 0.2178 -0.7521
vn 0.0912 -0.4648 -0.8807
vn -0.7034 0.6989 0.1298
vn -0.0558 0.4799 0.8756
vn 0.6553 -0.2111 0.7252
vn 0.7220 -0.6757 -0.1490
vn -0.6548 0.2070 -0.7269
vn 0.0822 -0.4678 -0.8800
vn -0.7154 0.6815 0.1541
vn -0.0568 0.4899 0.8700
vn 0.6667 -0.1695 0.7258
vn 0.7444 -0.6522 -0.1432
vn -0.6929 0.1798 -0.6982
vn 0.0036 -0.5485 -0.8362
vn -0.6727 0.7282 0.1312
vn 0.0093 0.5762 0.8173
vn 0.6940 -0.1205 0.7098
vn 0.7095 -0.6958 -0.1116
vn -0.7114 0.1430 -0.6881
vn -0.0632 -0.6234 -0.7794
vn -0.6308 0.7713 0.0843
vn 0.0822 0.6447 0.7600
vn 0.7255 -0.1059 0.6800
vn 0.6604 -0.7458 -0.0872
vn -0.7167 0.1264 -0.6859
vn -0.0834 -0.6442 -0.7603
vn -0.6224 0.7800 0.0650
vn 0.1044 0.6634 0.7409
vn 0.7376 -0.1064 0.6668
vn 0.6438 -0.7606 -0.0839
vn 0.7142 0.4929 0.4969
vn 0.7106 0.4911 0.5038
vn -0.0055 0.0041 1.0000
vn 0.0034 -0.0029 1.0000
vn 0.7057 0.5005 -0.5014
vn 0.7135 0.4932 -0.4977
vn -0.0082 0.0162 -0.9998
vn -0.0047 0.0049 -1.0000
vn -0.7186 -0.4792 -0.5040
vn -0.7212 -0.4824 -0.4971
vn -0.7154 -0.4906 0.4975
vn -0.7191 -0.4811 0.5014
vn 0.7076 0.4903 0.5089
vn -0.0292 0.0342 0.9990
vn 0.7356 0.4628 -0.4946
vn 0.0138 -0.0289 -0.9995
vn -0.7233 -0.4845 -0.4920
vn -0.7386 -0.4491 0.5028
vn 0.7079 0.4967 0.5021
vn -0.0452 0.0686 0.9966
vn 0.7521 0.4351 -0.4950
vn 0.0383 -0.0575 -0.9976
vn -0.7175 -0.4869 -0.4982
vn -0.7568 -0.4222 0.4990
vn 0.7041 0.5111 0.4930
vn -0.0390 0.0697 0.9968
vn 0.7414 0.4485 -0.4993
vn 0.0416 -0.0524 -0.9978
vn -0.7054 -0.4973 -0.5051
vn -0.7490 -0.4379 0.4973
vn 0.6915 0.5219 0.4995
vn -0.0421 0.0641 0.9971
vn 0.7323 0.4649 -0.4976
vn 0.0355 -0.0528 -0.9980
vn -0.7010 -0.5122 -0.4963
vn -0.7375 -0.4522 0.5016
vn 0.6877 0.5171 0.5096
vn -0.0736 0.0944 0.9928
vn 0.7584 0.4275 -0.4921
vn 0.0506 -0.0937 -0.9943
vn -0.7079 -0.5114 -0.4872
vn -0.7622 -0.4134 0.4981
vn 0.6900 0.5319 0.4908
vn -0.0740 0.1287 0.9889
vn 0.7664 0.4137 -0.4914
vn 0.0821 -0.1082 -0.9907
vn -0.6917 -0.5192 -0.5020
vn -0.7709 -0.4002 0.4955
vn 0.6543 0.5950 0.4669
vn -0.0357 0.1053 0.9938
vn 0.6975 0.5068 -0.5066
vn 0.0680 -0.0626 -0.9957
vn -0.6415 -0.5732 -0.5098
vn -0.7044 -0.4951 0.5086
vn 0.5992 0.6451 0.4741
vn -0.0137 0.0551 0.9984
vn 0.6125 0.5994 -0.5154
vn 0.0193 -0.0309 -0.9993
vn -0.6017 -0.6300 -0.4910
vn -0.6209 -0.5892 0.5170
vn 0.5804 0.6567 0.4815
vn -0.0107 0.0377 0.9992
vn 0.5862 0.6233 -0.5176
vn 0.0014 -0.0286 -0.9996
vn -0.5899 -0.6477 -0.4822
vn -0.5958 -0.6144 0.5172
vn 0.2114 0.1219 -0.9698
vn 0.2169 0.1089 -0.9701
vn 0.9542 0.0166 -0.2988
vn 0.9512 0.0163 -0.3081
vn -0.7361 0.1240 -0.6654
vn -0.7393 0.1091 -0.6645
vn -0.9530 0.0206 0.3022
vn -0.9502 0.0168 0.3111
vn -0.2164 -0.0859 0.9725
vn -0.2101 -0.0749 0.9748
vn 0.7402 -0.0881 0.6666
vn 0.7380 -0.0750 0.6706
vn 0.2196 0.0644 -0.9735
vn 0.9562 0.0204 -0.2920
vn -0.7434 0.0602 -0.6661
vn -0.9483 0.0120 0.3172
vn -0.2059 -0.0310 0.9781
vn 0.7363 -0.0269 0.6761
vn 0.2163 0.0259 -0.9760
vn 0.9533 0.0312 -0.3005
vn -0.7399 0.0119 -0.6726
vn -0.9513 0.0032 0.3083
vn -0.2088 0.0086 0.9779
vn 0.7396 0.0225 0.6727
vn 0.2136 0.0375 -0.9762
vn 0.9500 0.0532 -0.3077
vn -0.7361 0.0016 -0.6769
vn -0.9536 -0.0188 0.3005
vn -0.2108 -0.0029 0.9775
vn 0.7430 0.0332 0.6685
vn 0.2096 0.0638 -0.9757
vn 0.9496 0.0690 -0.3056
vn -0.7394 0.0122 -0.6731
vn -0.9528 -0.0345 0.3018
vn -0.2129 -0.0295 0.9766
vn 0.7404 0.0224 0.6718
vn 0.2031 0.0928 -0.9747
vn 0.9481 0.0620 -0.3119
vn -0.7399 0.0487 -0.6709
vn -0.9547 -0.0266 0.2964
vn -0.2179 -0.0586 0.9742
vn 0.7423 -0.0141 0.6700
vn 0.2114 0.0816 -0.9740
vn 0.9545 0.0393 -0.2956
vn -0.7467 0.0585 -0.6625
vn -0.9489 -0.0061 0.3156
vn -0.2093 -0.0472 0.9767
vn 0.7356 -0.0249 0.6769
vn 0.2205 -0.0372 -0.9747
vn 0.9602 0.0101 -0.2791
vn -0.7546 -0.0279 -0.6556
vn -0.9431 0.0276 0.3315
vn -0.2030 0.0720 0.9765
vn 0.7281 0.0637 0.6825
vn 0.2161 -0.1589 -0.9634
vn 0.9555 -0.0168 -0.2944
vn -0.7451 -0.1222 -0.6556
vn -0.9490 0.0550 0.3104
vn -0.2100 0.1930 0.9585
vn 0.7330 0.1580 0.6616
vn 0.2136 -0.1940 -0.9575
vn 0.9523 -0.0275 -0.3041
vn -0.7392 -0.1496 -0.6567
vn -0.9528 0.0612 0.2974
vn -0.2141 0.2275 0.9500
vn 0.7378 0.1832 0.6496
vn -0.7018 0.7022 -0.1200
vn -0.6759 0.7172 -0.1698
vn -0.5421 0.0133 -0.8402
vn -0.5812 -0.0347 -0.8130
vn -0.0930 0.7259 0.6815
vn -0.1356 0.7332 0.6664
vn 0.6095 0.0436 0.7916
vn 0.5601 0.0161 0.8283
vn 0.7327 -0.6678 0.1311
vn 0.6921 -0.7103 0.1285
vn 0.1503 -0.7235 -0.6738
vn 0.1291 -0.6969 -0.7055
vn -0.5521 0.7948 -0.2519
vn -0.3476 0.1469 -0.9261
vn -0.2209 0.7053 0.6736
vn 0.3685 -0.1195 0.9219
vn 0.5700 -0.8074 0.1524
vn 0.1899 -0.6303 -0.7528
vn -0.3843 0.8932 -0.2334
vn -0.1673 0.2581 -0.9515
vn -0.2153 0.6710 0.7095
vn 0.1802 -0.2048 0.9621
vn 0.4138 -0.8785 0.2386
vn 0.2329 -0.6331 -0.7382
vn -0.2951 0.9343 -0.2002
vn -0.2661 0.2334 -0.9353
vn -0.0205 0.7088 0.7051
vn 0.2852 -0.1705 0.9432
vn 0.3396 -0.8952 0.2887
vn 0.0673 -0.7289 -0.6813
vn -0.2079 0.9434 -0.2585
vn -0.4288 0.2018 -0.8806
vn 0.2214 0.7737 0.5936
vn 0.4564 -0.1233 0.8812
vn 0.2619 -0.9169 0.3011
vn -0.1969 -0.7636 -0.6150
vn -0.0709 0.9338 -0.3506
vn -0.4644 0.1889 -0.8653
vn 0.4003 0.7759 0.4875
vn 0.5024 -0.1347 0.8541
vn 0.1130 -0.9275 0.3563
vn -0.3826 -0.7601 -0.5253
vn 0.1165 0.8831 -0.4544
vn -0.4500 0.2045 -0.8693
vn 0.5794 0.7260 0.3704
vn 0.5144 -0.1222 0.8488
vn -0.0588 -0.8777 0.4757
vn -0.5648 -0.7075 -0.4249
vn 0.3396 0.7170 -0.6088
vn -0.4250 0.1928 -0.8844
vn 0.7936 0.5700 0.2128
vn 0.5255 -0.1199 0.8423
vn -0.2781 -0.7248 0.6303
vn -0.7802 -0.5548 -0.2888
vn 0.4646 0.5134 -0.7215
vn -0.4350 0.1471 -0.8883
vn 0.9190 0.3734 0.1261
vn 0.4974 -0.1420 0.8558
vn -0.4285 -0.5368 0.7268
vn -0.9062 -0.3879 -0.1685
vn 0.4838 0.4385 -0.7574
vn -0.4586 0.1272 -0.8795
vn 0.9478 0.2978 0.1140
vn 0.4714 -0.1550 0.8682
vn -0.4722 -0.4671 0.7476
vn -0.9369 -0.3261 -0.1256
vn 0.8821 0.4004 -0.2480
vn 0.8850 0.3983 -0.2410
vn 0.7468 0.0026 0.6651
vn 0.7522 -0.0047 0.6589
vn 0.1293 0.4087 -0.9035
vn 0.1362 0.4001 -0.9063
vn -0.7525 0.0146 -0.6584
vn -0.7517 0.0034 -0.6595
vn -0.8877 -0.3904 0.2439
vn -0.8849 -0.3923 0.2509
vn -0.1358 -0.4015 0.9057
vn -0.1353 -0.3914 0.9102
vn 0.8866 0.3985 -0.2347
vn 0.7329 0.0365 0.6793
vn 0.1515 0.3672 -0.9177
vn -0.7413 -0.0330 -0.6704
vn -0.8823 -0.3948 0.2563
vn -0.1437 -0.3567 0.9231
vn 0.8844 0.3984 -0.2432
vn 0.7238 0.0668 0.6867
vn 0.1570 0.3349 -0.9291
vn -0.7291 -0.0606 -0.6817
vn -0.8860 -0.3911 0.2492
vn -0.1600 -0.3270 0.9314
vn 0.8725 0.4117 -0.2630
vn 0.7516 0.0264 0.6591
vn 0.1299 0.3896 -0.9118
vn -0.7363 -0.0047 -0.6767
vn -0.8916 -0.3940 0.2231
vn -0.1479 -0.3858 0.9106
vn 0.9014 0.3697 -0.2253
vn 0.7221 0.0129 0.6917
vn 0.1518 0.3548 -0.9225
vn -0.7600 -0.0291 -0.6493
vn -0.8820 -0.3736 0.2871
vn -0.1491 -0.3450 0.9267
vn 0.9671 0.1937 -0.1651
vn 0.6196 0.2519 0.7434
vn 0.2730 -0.0777 -0.9589
vn -0.7489 -0.2521 -0.6128
vn -0.9273 -0.1495 0.3433
vn -0.2704 0.0871 0.9588
vn 0.9691 0.0801 -0.2333
vn 0.6321 0.4859 0.6036
vn 0.3614 -0.3991 -0.8427
vn -0.6210 -0.4819 -0.6181
vn -0.9650 -0.0561 0.2560
vn -0.3196 0.4212 0.8488
vn 0.8370 0.3553 -0.4161
vn 0.6794 0.5382 0.4987
vn 0.2627 -0.1303 -0.9560
vn -0.5498 -0.5038 -0.6662
vn -0.8675 -0.3970 0.2997
vn -0.1822 0.1887 0.9650
vn 0.6036 0.6835 -0.4105
vn 0.6356 0.5293 0.5620
vn 0.0026 0.1961 -0.9806
vn -0.6140 -0.4841 -0.6235
vn -0.6227 -0.6846 0.3789
vn 0.0209 -0.1622 0.9865
vn 0.5335 0.7589 -0.3735
vn 0.6196 0.5139 0.5933
vn -0.0872 0.2495 -0.9644
vn -0.6256 -0.5081 -0.5919
vn -0.5399 -0.7536 0.3750
vn 0.0811 -0.2439 0.9664
vn -0.4502 0.4126 -0.7919
vn -0.4588 0.4001 -0.7934
vn 0.4634 0.0144 -0.8860
vn 0.4629 0.0280 -0.8859
vn -0.9103 0.4036 0.0925
vn -0.9117 0.3983 0.1010
vn -0.4543 0.0068 0.8908
vn -0.4450 0.0134 0.8954
vn 0.4671 -0.3817 0.7976
vn 0.4698 -0.3689 0.8020
vn 0.9244 -0.3695 -0.0948
vn 0.9252 -0.3698 -0.0851
vn -0.4706 0.3695 -0.8012
vn 0.4568 -0.0050 -0.8895
vn -0.9170 0.3865 0.0986
vn -0.4354 0.0307 0.8997
vn 0.4838 -0.3394 0.8067
vn 0.9299 -0.3582 -0.0829
vn -0.5026 0.3138 -0.8056
vn 0.4374 -0.0576 -0.8974
vn -0.9188 0.3795 0.1084
vn -0.4119 0.0833 0.9074
vn 0.5008 -0.2776 0.8199
vn 0.9331 -0.3525 -0.0711
vn -0.5532 0.2139 -0.8051
vn 0.3877 -0.1831 -0.9034
vn -0.9079 0.4024 0.1174
vn -0.3595 0.2084 0.9096
vn 0.5370 -0.1693 0.8264
vn 0.9266 -0.3709 -0.0620
vn -0.5811 0.1175 -0.8053
vn 0.3382 -0.2915 -0.8948
vn -0.9015 0.4216 0.0978
vn -0.3145 0.3185 0.8942
vn 0.5854 -0.0817 0.8066
vn 0.9183 -0.3879 -0.0793
vn -0.5548 0.1571 -0.8170
vn 0.3236 -0.2670 -0.9078
vn -0.8937 0.4449 0.0579
vn -0.3447 0.3108 0.8858
vn 0.5740 -0.1300 0.8085
vn 0.9012 -0.4190 -0.1105
vn -0.5713 0.0999 -0.8147
vn 0.3839 -0.2710 -0.8827
vn -0.9156 0.3831 0.1219
vn -0.2941 0.2793 0.9140
vn 0.6015 -0.0767 0.7951
vn 0.9367 -0.3442 -0.0645
vn -0.6335 -0.3693 -0.6799
vn 0.4282 -0.3675 -0.8256
vn -0.9539 0.0955 0.2847
vn -0.2240 0.4424 0.8684
vn 0.6727 0.3860 0.6312
vn 0.9885 0.0130 -0.1507
vn -0.5277 -0.7548 -0.3896
vn 0.3870 -0.4884 -0.7821
vn -0.8894 -0.2042 0.4091
vn -0.3254 0.5629 0.7598
vn 0.5292 0.7709 0.3546
vn 0.8813 0.2765 -0.3832
vn -0.4654 -0.8359 -0.2910
vn 0.3704 -0.5404 -0.7555
vn -0.8439 -0.2883 0.4524
vn -0.3857 0.5592 0.7338
vn 0.4482 0.8524 0.2693
vn 0.8264 0.3069 -0.4721
vn -0.2014 0.0391 -0.9787
vn -0.1955 0.0294 -0.9803
vn 0.7519 0.0242 -0.6589
vn 0.7467 0.0212 -0.6648
vn -0.9469 0.0434 -0.3185
vn -0.9479 0.0297 -0.3172
vn -0.7518 0.0299 0.6587
vn -0.7467 0.0247 0.6647
vn 0.1954 0.0120 0.9807
vn 0.2015 0.0195 0.9793
vn 0.9483 0.0075 0.3173
vn 0.9476 0.0193 0.3189
vn -0.1893 -0.0099 -0.9819
vn 0.7566 0.0382 -0.6528
vn -0.9490 -0.0240 -0.3143
vn -0.7412 0.0107 0.6712
vn 0.2056 0.0582 0.9769
vn 0.9446 0.0717 0.3203
vn -0.1984 -0.0306 -0.9796
vn 0.7449 0.0526 -0.6651
vn -0.9457 -0.0591 -0.3198
vn -0.7515 -0.0043 0.6597
vn 0.1951 0.0794 0.9776
vn 0.9436 0.1078 0.3130
vn -0.2115 0.0428 -0.9764
vn 0.7314 0.0584 -0.6794
vn -0.9450 0.0095 -0.3269
vn -0.7639 -0.0096 0.6452
vn 0.1875 0.0052 0.9822
vn 0.9514 0.0400 0.3052
vn -0.1996 0.0974 -0.9750
vn 0.7501 0.0566 -0.6589
vn -0.9481 0.0650 -0.3111
vn -0.7456 -0.0082 0.6664
vn 0.2020 -0.0486 0.9782
vn 0.9478 -0.0164 0.3183
vn -0.1819 -0.0237 -0.9830
vn 0.7723 0.0445 -0.6337
vn -0.9552 -0.0417 -0.2929
vn -0.7235 0.0093 0.6902
vn 0.2108 0.0738 0.9747
vn 0.9378 0.0911 0.3349
vn -0.1975 -0.1054 -0.9746
vn 0.7395 0.0348 -0.6723
vn -0.9400 -0.1178 -0.3203
vn -0.7573 0.0105 0.6530
vn 0.1866 0.1530 0.9704
vn 0.9387 0.1651 0.3027
vn -0.2201 0.0920 -0.9711
vn 0.7091 0.0728 -0.7014
vn -0.9386 0.0486 -0.3416
vn -0.7836 -0.0182 0.6210
vn 0.1787 -0.0437 0.9829
vn 0.9608 0.0049 0.2772
vn -0.1921 0.3160 -0.9291
vn 0.7376 0.1114 -0.6660
vn -0.9278 0.2369 -0.2881
vn -0.7602 -0.0522 0.6476
vn 0.1826 -0.2690 0.9457
vn 0.9435 -0.1849 0.2750
vn -0.1740 0.3740 -0.9110
vn 0.7540 0.1144 -0.6468
vn -0.9237 0.2828 -0.2586
vn -0.7474 -0.0686 0.6609
vn 0.1814 -0.3290 0.9267
vn 0.9323 -0.2375 0.2728
vn -0.6193 0.2046 0.7580
vn -0.6239 0.1923 0.7575
vn -0.9875 0.0091 -0.1576
vn -0.9888 0.0103 -0.1487
vn 0.3651 0.2058 0.9079
vn 0.3683 0.1925 0.9096
vn 0.9881 0.0129 0.1532
vn 0.9894 0.0092 0.1448
vn 0.6244 -0.1829 -0.7594
vn 0.6206 -0.1726 -0.7649
vn -0.3681 -0.1844 -0.9113
vn -0.3641 -0.1726 -0.9152
vn -0.6277 0.1570 0.7625
vn -0.9865 0.0135 -0.1631
vn 0.3688 0.1521 0.9170
vn 0.9900 0.0033 0.1412
vn 0.6191 -0.1380 -0.7731
vn -0.3613 -0.1328 -0.9230
vn -0.6272 0.1141 0.7705
vn -0.9868 0.0182 -0.1611
vn 0.3674 0.1052 0.9241
vn 0.9895 0.0006 0.1443
vn 0.6220 -0.0939 -0.7773
vn -0.3599 -0.0852 -0.9291
vn -0.6228 0.0906 0.7772
vn -0.9883 0.0095 -0.1524
vn 0.3656 0.0911 0.9263
vn 0.9884 0.0111 0.1512
vn 0.6274 -0.0698 -0.7756
vn -0.3607 -0.0708 -0.9300
vn -0.6319 0.0573 0.7729
vn -0.9864 0.0083 -0.1644
vn 0.3665 0.0588 0.9285
vn 0.9902 0.0110 0.1391
vn 0.6188 -0.0371 -0.7847
vn -0.3594 -0.0382 -0.9324
vn -0.6455 -0.0333 0.7630
vn -0.9827 0.0510 -0.1782
vn 0.3670 -0.0736 0.9273
vn 0.9921 -0.0261 0.1225
vn 0.6100 0.0571 -0.7903
vn -0.3553 0.0941 -0.9300
vn -0.6262 -0.0861 0.7749
vn -0.9867 0.0792 -0.1420
vn 0.3559 -0.1554 0.9215
vn 0.9863 -0.0601 0.1536
vn 0.6303 0.1060 -0.7691
vn -0.3590 0.1757 -0.9166
vn -0.6036 0.0168 0.7971
vn -0.9927 0.0493 -0.1100
vn 0.3542 -0.0215 0.9349
vn 0.9817 -0.0298 0.1880
vn 0.6481 0.0016 -0.7615
vn -0.3746 0.0427 -0.9262
vn -0.6122 0.1435 0.7776
vn -0.9908 0.0114 -0.1349
vn 0.3641 0.1439 0.9202
vn 0.9870 0.0134 0.1604
vn 0.6287 -0.1216 -0.7681
vn -0.3718 -0.1230 -0.9201
vn -0.6195 0.1757 0.7651
vn -0.9891 -0.0011 -0.1475
vn 0.3690 0.1869 0.9104
vn 0.9893 0.0214 0.1441
vn 0.6203 -0.1555 -0.7688
vn -0.3688 -0.1667 -0.9144
vn 0.7915 0.2941 0.5358
vn 0.8282 0.2037 0.5222
vn -0.0592 0.0103 0.9982
vn -0.0371 0.0966 0.9946
vn 0.8698 0.2242 -0.4394
vn 0.8462 0.1964 -0.4953
vn 0.0732 -0.0605 -0.9955
vn 0.0136 0.0055 -0.9999
vn -0.8108 -0.2724 -0.5181
vn -0.8226 -0.1759 -0.5408
vn -0.8472 -0.1863 0.4975
vn -0.8805 -0.1791 0.4390
vn 0.8739 -0.1433 0.4645
vn -0.0814 -0.2464 0.9658
vn 0.8253 0.1329 -0.5489
vn -0.0403 0.2738 -0.9609
vn -0.8508 0.1753 -0.4953
vn -0.9052 -0.0704 0.4192
vn 0.8296 -0.4375 0.3470
vn -0.0529 -0.5061 0.8609
vn 0.8569 0.0868 -0.5082
vn 0.0451 0.5277 -0.8482
vn -0.8009 0.4705 -0.3705
vn -0.8771 -0.0345 0.4790
vn 0.8361 -0.3986 0.3769
vn -0.0269 -0.5972 0.8017
vn 0.9012 0.1833 -0.3927
vn 0.1126 0.6045 -0.7886
vn -0.8058 0.4397 -0.3967
vn -0.8831 -0.1851 0.4311
vn 0.8289 -0.2510 0.4999
vn -0.0434 -0.5880 0.8077
vn 0.9004 0.3341 -0.2787
vn 0.0956 0.6094 -0.7871
vn -0.8206 0.2803 -0.4980
vn -0.8871 -0.3330 0.3196
vn 0.7923 -0.1343 0.5952
vn -0.0696 -0.5267 0.8472
vn 0.8880 0.3993 -0.2279
vn 0.0950 0.5514 -0.8288
vn -0.8066 0.1456 -0.5729
vn -0.8738 -0.3981 0.2793
vn 0.7415 0.0142 0.6708
vn -0.1022 -0.4076 0.9074
vn 0.8773 0.4346 -0.2038
vn 0.1378 0.4403 -0.8872
vn -0.7605 -0.0028 -0.6493
vn -0.8612 -0.4295 0.2719
vn 0.6547 0.1980 0.7294
vn -0.1746 -0.2494 0.9525
vn 0.8619 0.4706 -0.1887
vn 0.2029 0.2874 -0.9361
vn -0.6854 -0.1909 -0.7027
vn -0.8509 -0.4526 0.2668
vn 0.5829 0.3462 0.7351
vn -0.2515 -0.1221 0.9601
vn 0.8469 0.4893 -0.2082
vn 0.2591 0.1541 -0.9535
vn -0.6043 -0.3306 -0.7249
vn -0.8512 -0.4638 0.2455
vn 0.5600 0.3960 0.7278
vn -0.2847 -0.0865 0.9547
vn 0.8395 0.4935 -0.2272
vn 0.2730 0.1075 -0.9560
vn -0.5724 -0.3755 -0.7289
vn -0.8516 -0.4727 0.2267
vn -0.0041 0.1788 -0.9839
vn -0.0016 0.1680 -0.9858
vn 0.8630 0.0108 -0.5051
vn 0.8593 0.0131 -0.5113
vn -0.8613 0.1784 -0.4758
vn -0.8643 0.1679 -0.4741
vn -0.8609 0.0123 0.5086
vn -0.8572 0.0108 0.5149
vn 0.0027 -0.1546 0.9880
vn 0.0071 -0.1453 0.9894
vn 0.8657 -0.1541 0.4762
vn 0.8646 -0.1453 0.4811
vn -0.0004 0.1380 -0.9904
vn 0.8653 0.0149 -0.5010
vn -0.8678 0.1334 -0.4787
vn -0.8555 0.0054 0.5178
vn 0.0131 -0.1162 0.9931
vn 0.8668 -0.1113 0.4861
vn -0.0095 0.0987 -0.9951
vn 0.8633 0.0082 -0.5046
vn -0.8717 0.1011 -0.4796
vn -0.8567 0.0139 0.5156
vn 0.0091 -0.0754 0.9971
vn 0.8669 -0.0786 0.4922
vn -0.0213 0.0592 -0.9980
vn 0.8577 -0.0413 -0.5124
vn -0.8725 0.1112 -0.4758
vn -0.8552 0.0644 0.5143
vn 0.0031 -0.0342 0.9994
vn 0.8642 -0.0879 0.4953
vn -0.0111 0.0278 -0.9996
vn 0.8564 -0.0765 -0.5107
vn -0.8676 0.1160 -0.4835
vn -0.8494 0.0991 0.5183
vn 0.0190 -0.0052 0.9998
vn 0.8687 -0.0927 0.4866
vn 0.0018 0.0373 -0.9993
vn 0.8591 -0.0199 -0.5113
vn -0.8644 0.0695 -0.4980
vn -0.8555 0.0429 0.5161
vn 0.0317 -0.0157 0.9994
vn 0.8791 -0.0464 0.4745
vn -0.0116 0.0283 -0.9995
vn 0.8634 0.0261 -0.5039
vn -0.8767 0.0136 -0.4809
vn -0.8537 -0.0030 0.5208
vn 0.0169 -0.0050 0.9998
vn 0.8697 0.0094 0.4934
vn -0.0253 -0.0760 -0.9968
vn 0.8668 -0.0452 -0.4965
vn -0.8852 -0.0161 -0.4649
vn -0.8506 0.0705 0.5211
vn 0.0055 0.0996 0.9950
vn 0.8607 0.0436 0.5072
vn -0.0210 -0.1800 -0.9834
vn 0.8594 -0.1325 -0.4938
vn -0.8782 -0.0333 -0.4772
vn -0.8508 0.1573 0.5014
vn 0.0161 0.2031 0.9790
vn 0.8695 0.0600 0.4903
vn -0.0197 -0.2103 -0.9774
vn 0.8546 -0.1566 -0.4950
vn -0.8737 -0.0423 -0.4847
vn -0.8530 0.1793 0.4902
vn 0.0210 0.2329 0.9723
vn 0.8749 0.0651 0.4800
vn 0.4797 0.1008 0.8716
vn 0.4752 0.0875 0.8755
vn -0.5228 0.0051 0.8524
vn -0.5137 0.0041 0.8579
vn 0.9945 0.1032 0.0199
vn 0.9960 0.0877 0.0168
vn 0.5219 0.0089 -0.8530
vn 0.5132 0.0053 -0.8582
vn -0.4749 -0.0886 -0.8756
vn -0.4817 -0.0764 -0.8730
vn -0.9957 -0.0911 -0.0165
vn -0.9968 -0.0765 -0.0211
vn 0.4727 0.0384 0.8804
vn -0.5309 0.0135 0.8473
vn 0.9994 0.0300 0.0152
vn 0.5058 -0.0033 -0.8626
vn -0.4887 -0.0275 -0.8720
vn -0.9995 -0.0191 -0.0265
vn 0.4804 -0.0004 0.8771
vn -0.5195 0.0217 0.8542
vn 0.9996 -0.0164 0.0215
vn 0.5175 -0.0103 -0.8556
vn -0.4820 0.0118 -0.8761
vn -0.9994 0.0278 -0.0222
vn 0.4896 0.0425 0.8709
vn -0.5033 0.0183 0.8639
vn 0.9991 0.0306 0.0278
vn 0.5333 -0.0057 -0.8459
vn -0.4717 -0.0310 -0.8812
vn -0.9997 -0.0188 -0.0134
vn 0.4762 0.0690 0.8766
vn -0.5249 0.0145 0.8511
vn 0.9981 0.0597 0.0171
vn 0.5118 -0.0041 -0.8591
vn -0.4844 -0.0578 -0.8729
vn -0.9985 -0.0485 -0.0234
vn 0.4602 -0.0483 0.8865
vn -0.5494 0.0243 0.8352
vn 0.9979 -0.0649 0.0022
vn 0.4866 -0.0075 -0.8736
vn -0.4942 0.0617 -0.8672
vn -0.9963 0.0770 -0.0373
vn 0.4695 -0.1296 0.8734
vn -0.5115 0.0386 0.8584
vn 0.9862 -0.1639 0.0239
vn 0.5205 -0.0289 -0.8534
vn -0.4707 0.1412 -0.8709
vn -0.9846 0.1744 -0.0113
vn 0.4990 0.0191 0.8664
vn -0.4739 0.0759 0.8773
vn 0.9978 -0.0499 0.0431
vn 0.5498 -0.0666 -0.8326
vn -0.4711 -0.0100 -0.8820
vn -0.9979 0.0641 0.0136
vn 0.4880 0.1987 0.8499
vn -0.4989 0.1135 0.8592
vn 0.9954 0.0954 0.0117
vn 0.5255 -0.0972 -0.8452
vn -0.4801 -0.1878 -0.8569
vn -0.9967 -0.0806 0.0079
vn 0.4783 0.2459 0.8431
vn -0.5139 0.1212 0.8493
vn 0.9914 0.1304 -0.0066
vn 0.5128 -0.1101 -0.8514
vn -0.4795 -0.2350 -0.8455
vn -0.9928 -0.1194 0.0044
vn -0.6785 0.0795 -0.7303
vn -0.6765 0.0647 -0.7336
vn 0.2998 0.0086 -0.9540
vn 0.2903 0.0112 -0.9569
vn -0.9722 0.0779 0.2206
vn -0.9720 0.0646 0.2261
vn -0.2991 0.0080 0.9542
vn -0.2894 0.0085 0.9572
vn 0.6766 -0.0609 0.7338
vn 0.6806 -0.0471 0.7312
vn 0.9723 -0.0592 -0.2262
vn 0.9743 -0.0471 -0.2202
vn -0.6770 0.0105 -0.7359
vn 0.3071 -0.0008 -0.9517
vn -0.9726 0.0200 0.2316
vn -0.2817 0.0179 0.9593
vn 0.6836 0.0067 0.7298
vn 0.9767 -0.0026 -0.2146
vn -0.6777 -0.0337 -0.7345
vn 0.2968 -0.0016 -0.9550
vn -0.9746 -0.0231 0.2230
vn -0.2917 0.0196 0.9563
vn 0.6819 0.0514 0.7297
vn 0.9738 0.0408 -0.2239
vn -0.6769 0.0032 -0.7361
vn 0.2848 0.0427 -0.9576
vn -0.9773 -0.0309 0.2095
vn -0.3011 -0.0255 0.9533
vn 0.6857 0.0150 0.7277
vn 0.9701 0.0491 -0.2376
vn -0.6873 0.0328 -0.7257
vn 0.2914 0.0547 -0.9550
vn -0.9728 -0.0130 0.2314
vn -0.2931 -0.0369 0.9554
vn 0.6760 -0.0157 0.7367
vn 0.9756 0.0302 -0.2175
vn -0.7068 -0.0398 -0.7063
vn 0.2934 -0.0922 -0.9515
vn -0.9657 0.0610 0.2526
vn -0.2898 0.1097 0.9508
vn 0.6599 0.0630 0.7487
vn 0.9814 -0.0374 -0.1882
vn -0.6756 -0.1125 -0.7286
vn 0.2951 -0.1832 -0.9377
vn -0.9734 0.0808 0.2143
vn -0.2819 0.2009 0.9382
vn 0.6921 0.1266 0.7106
vn 0.9720 -0.0649 -0.2259
vn -0.6490 -0.0595 -0.7585
vn 0.2921 0.0177 -0.9562
vn -0.9791 -0.0717 0.1906
vn -0.2695 0.0021 0.9630
vn 0.7248 0.0826 0.6840
vn 0.9585 0.0864 -0.2717
vn -0.6829 0.0121 -0.7304
vn 0.2525 0.2501 -0.9347
vn -0.9501 -0.2327 0.2079
vn -0.2456 -0.2318 0.9413
vn 0.7080 0.0164 0.7060
vn 0.9386 0.2537 -0.2337
vn -0.7013 0.0226 -0.7125
vn 0.2330 0.3099 -0.9218
vn -0.9364 -0.2793 0.2123
vn -0.2369 -0.2934 0.9262
vn 0.6978 -0.0058 0.7163
vn 0.9322 0.2959 -0.2084
vn 0.9870 0.0622 0.1479
vn 0.9867 0.0511 0.1543
vn 0.3595 0.0034 0.9331
vn 0.3684 0.0005 0.9297
vn 0.6235 0.0659 -0.7791
vn 0.6222 0.0514 -0.7811
vn -0.3599 0.0081 -0.9330
vn -0.3684 0.0037 -0.9297
vn -0.9865 -0.0540 -0.1545
vn -0.9881 -0.0437 -0.1476
vn -0.6218 -0.0579 0.7810
vn -0.6247 -0.0438 0.7797
vn 0.9873 0.0069 0.1590
vn 0.3513 0.0123 0.9362
vn 0.6206 -0.0019 -0.7841
vn -0.3761 -0.0049 -0.9266
vn -0.9897 0.0007 -0.1431
vn -0.6289 0.0092 0.7775
vn 0.9878 -0.0223 0.1544
vn 0.3637 0.0285 0.9311
vn 0.6266 -0.0471 -0.7779
vn -0.3643 -0.0209 -0.9310
vn -0.9885 0.0302 -0.1483
vn -0.6220 0.0547 0.7811
vn 0.9884 0.0373 0.1471
vn 0.3786 0.0632 0.9234
vn 0.6351 -0.0212 -0.7721
vn -0.3489 -0.0555 -0.9355
vn -0.9882 -0.0299 -0.1503
vn -0.6125 0.0304 0.7899
vn 0.9861 0.0808 0.1452
vn 0.3607 0.0784 0.9294
vn 0.6199 0.0058 -0.7846
vn -0.3665 -0.0710 -0.9277
vn -0.9864 -0.0733 -0.1474
vn -0.6263 0.0011 0.7796
vn 0.9884 -0.0210 0.1504
vn 0.3406 0.0260 0.9398
vn 0.6035 -0.0421 -0.7963
vn -0.3865 -0.0164 -0.9221
vn -0.9882 0.0286 -0.1508
vn -0.6420 0.0497 0.7651
vn 0.9834 -0.1054 0.1480
vn 0.3647 -0.0302 0.9307
vn 0.6219 -0.0717 -0.7798
vn -0.3570 0.0369 -0.9334
vn -0.9811 0.1127 -0.1570
vn -0.6224 0.0794 0.7786
vn 0.9893 -0.0069 0.1454
vn 0.3884 -0.0165 0.9214
vn 0.6425 0.0129 -0.7662
vn -0.3325 0.0241 -0.9428
vn -0.9866 0.0149 -0.1625
vn -0.6092 -0.0060 0.7930
vn 0.9811 0.1185 0.1529
vn 0.3695 0.0139 0.9291
vn 0.6266 0.1101 -0.7715
vn -0.3500 -0.0035 -0.9367
vn -0.9809 -0.1106 -0.1601
vn -0.6163 -0.1016 0.7809
vn 0.9759 0.1507 0.1580
vn 0.3583 0.0186 0.9334
vn 0.6172 0.1359 -0.7750
vn -0.3593 -0.0110 -0.9332
vn -0.9770 -0.1432 -0.1578
vn -0.6183 -0.1284 0.7754
vn 0.4352 0.6362 -0.6370
vn 0.5256 0.5344 -0.6619
vn 0.9995 -0.0243 0.0202
vn 0.9917 -0.0361 -0.1233
vn -0.5088 0.6843 -0.5223
vn -0.5160 0.5499 -0.6568
vn -0.9904 0.1210 0.0671
vn -0.9973 -0.0260 0.0682
vn -0.5278 -0.5789 0.6215
vn -0.4299 -0.5554 0.7119
vn 0.5041 -0.6766 0.5367
vn 0.5228 -0.5344 0.6641
vn 0.6549 0.3114 -0.6886
vn 0.9112 0.3499 0.2173
vn -0.3785 -0.0771 -0.9224
vn -0.9320 -0.3591 0.0491
vn -0.4498 -0.2256 0.8641
vn 0.3925 0.1003 0.9143
vn 0.7082 0.0535 -0.7040
vn 0.7095 0.7016 0.0661
vn -0.0487 -0.6614 -0.7485
vn -0.7575 -0.6527 0.0153
vn -0.6643 0.0445 0.7461
vn 0.0471 0.6733 0.7379
vn 0.7337 -0.0383 -0.6784
vn 0.6687 0.7421 -0.0455
vn 0.0587 -0.7722 -0.6326
vn -0.6780 -0.7341 0.0373
vn -0.7415 0.0469 0.6693
vn -0.0673 0.7794 0.6230
vn -0.1680 0.6263 0.7613
vn -0.2036 0.6447 0.7368
vn -0.8984 0.0132 0.4390
vn -0.8841 -0.0302 0.4663
vn 0.7086 0.6524 0.2688
vn 0.6912 0.6568 0.3014
vn 0.8683 0.0439 -0.4941
vn 0.8911 0.0162 -0.4535
vn 0.1791 -0.5937 -0.7845
vn 0.1718 -0.6318 -0.7558
vn -0.6980 -0.6424 -0.3165
vn -0.7229 -0.6230 -0.2989
vn -0.2460 0.7304 0.6371
vn -0.9363 0.1228 0.3290
vn 0.6850 0.6519 0.3251
vn 0.9388 -0.0793 -0.3351
vn 0.1984 -0.7245 -0.6602
vn -0.7411 -0.5973 -0.3065
vn -0.2663 0.8166 0.5121
vn -0.9605 0.2308 0.1555
vn 0.6986 0.6190 0.3590
vn 0.9610 -0.2105 -0.1796
vn 0.2148 -0.8111 -0.5441
vn -0.7386 -0.5683 -0.3626
vn -0.2631 0.8521 0.4524
vn -0.9487 0.3161 -0.0062
vn 0.7006 0.5518 0.4525
vn 0.9472 -0.3188 -0.0329
vn 0.2117 -0.8433 -0.4940
vn -0.7199 -0.5117 -0.4689
vn -0.2405 0.8671 0.4362
vn -0.9147 0.3891 -0.1096
vn 0.6842 0.4916 0.5387
vn 0.9219 -0.3791 0.0797
vn 0.2222 -0.8527 -0.4728
vn -0.6896 -0.4598 -0.5595
vn -0.2226 0.8743 0.4314
vn -0.8984 0.4148 -0.1441
vn 0.6816 0.4672 0.5632
vn 0.9091 -0.3993 0.1191
vn 0.2327 -0.8586 -0.4569
vn -0.6713 -0.4511 -0.5881
vn -0.5782 0.8119 0.0810
vn -0.5505 0.8333 0.0497
vn -0.9244 0.0207 -0.3810
vn -0.9202 -0.0105 -0.3913
vn 0.3646 0.8119 0.4559
vn 0.3654 0.8335 0.4145
vn 0.9376 -0.0101 0.3476
vn 0.9332 0.0207 0.3589
vn 0.5778 -0.8071 -0.1213
vn 0.5748 -0.8150 -0.0737
vn -0.3361 -0.8074 -0.4848
vn -0.3669 -0.8148 -0.4488
vn -0.4995 0.8641 -0.0618
vn -0.9247 0.0323 -0.3794
vn 0.4068 0.8638 0.2973
vn 0.9335 0.0326 0.3570
vn 0.5364 -0.8429 0.0424
vn -0.4182 -0.8439 -0.3360
vn -0.4300 0.8718 -0.2348
vn -0.9198 0.0360 -0.3908
vn 0.4695 0.8737 0.1272
vn 0.9340 0.0364 0.3553
vn 0.4698 -0.8568 0.2125
vn -0.4893 -0.8546 -0.1736
vn -0.3660 0.8374 -0.4060
vn -0.9067 0.0151 -0.4215
vn 0.5296 0.8481 -0.0159
vn 0.9249 0.0263 0.3793
vn 0.3904 -0.8394 0.3782
vn -0.5444 -0.8382 -0.0324
vn -0.2609 0.7597 -0.5956
vn -0.8903 0.0284 -0.4545
vn 0.6073 0.7699 -0.1962
vn 0.9239 0.0511 0.3793
vn 0.3234 -0.7509 0.5758
vn -0.6311 -0.7635 0.1373
vn -0.1418 0.5370 -0.8316
vn -0.8864 0.0436 -0.4609
vn 0.7207 0.5241 -0.4538
vn 0.9432 0.0228 0.3315
vn 0.2390 -0.5360 0.8097
vn -0.7514 -0.5319 0.3905
vn -0.1167 0.2770 -0.9538
vn -0.9091 0.0377 -0.4149
vn 0.7761 0.2345 -0.5853
vn 0.9390 -0.0480 0.3406
vn 0.1608 -0.3047 0.9388
vn -0.7920 -0.2612 0.5518
vn -0.1321 0.1874 -0.9734
vn -0.9241 0.0363 -0.3804
vn 0.7896 0.1347 -0.5986
vn 0.9262 -0.0692 0.3707
vn 0.1347 -0.2207 0.9660
vn -0.7894 -0.1680 0.5905
vn 0.6815 0.6823 -0.2645
vn 0.6699 0.7052 -0.2321
vn 0.9012 0.0106 0.4332
vn 0.9045 -0.0215 0.4259
vn -0.2379 0.6926 -0.6809
vn -0.2204 0.7115 -0.6672
vn -0.9135 0.0100 -0.4068
vn -0.8993 0.0117 -0.4373
vn -0.6872 -0.6748 0.2691
vn -0.6708 -0.7013 0.2414
vn 0.2110 -0.6966 0.6857
vn 0.2393 -0.6961 0.6768
vn 0.6131 0.7800 -0.1254
vn 0.8669 0.0704 0.4935
vn -0.2287 0.7483 -0.6226
vn -0.8604 -0.0213 -0.5092
vn -0.6114 -0.7792 0.1382
vn 0.2760 -0.7151 0.6422
vn 0.5390 0.8420 -0.0208
vn 0.8183 0.0971 0.5666
vn -0.2715 0.7641 -0.5852
vn -0.8202 -0.0741 -0.5673
vn -0.5418 -0.8400 0.0303
vn 0.2860 -0.7472 0.5999
vn 0.5143 0.8576 0.0085
vn 0.8020 0.0966 0.5895
vn -0.2903 0.7630 -0.5776
vn -0.8074 -0.0933 -0.5826
vn -0.5197 -0.8544 -0.0016
vn 0.2849 -0.7597 0.5846
vn -0.3959 0.7029 -0.5909
vn -0.3965 0.7025 -0.5910
vn 0.2135 0.0106 -0.9769
vn 0.2141 0.0111 -0.9768
vn -0.5956 0.7029 0.3888
vn -0.5962 0.7025 0.3887
vn -0.1852 0.0111 0.9826
vn -0.1858 0.0106 0.9825
vn 0.4248 -0.6807 0.5968
vn 0.4242 -0.6812 0.5966
vn 0.6245 -0.6807 -0.3829
vn 0.6239 -0.6812 -0.3831
vn -0.3971 0.7020 -0.5912
vn 0.2129 0.0102 -0.9770
vn -0.5968 0.7020 0.3886
vn -0.1864 0.0102 0.9824
vn 0.4237 -0.6817 0.5965
vn 0.6233 -0.6817 -0.3832
vn -0.0955 0.6546 0.7499
vn -0.0540 0.6639 0.7459
vn -0.8119 0.0151 0.5836
vn -0.8426 0.0432 0.5368
vn 0.7529 0.6252 0.2057
vn 0.7439 0.6501 0.1546
vn 0.8267 -0.0399 -0.5612
vn 0.8080 0.0122 -0.5891
vn 0.0457 -0.6531 -0.7559
vn 0.0804 -0.6335 -0.7696
vn -0.7758 -0.5984 -0.2004
vn -0.7416 -0.6440 -0.1878
vn -0.0256 0.6652 0.7462
vn -0.7051 -0.0967 0.7025
vn 0.6538 0.7553 0.0454
vn 0.7050 0.1421 -0.6948
vn 0.0856 -0.6043 -0.7921
vn -0.6434 -0.7585 -0.1039
vn -0.0237 0.6408 0.7673
vn -0.5558 -0.2253 0.8002
vn 0.5147 0.8566 -0.0371
vn 0.5432 0.2504 -0.8014
vn 0.0406 -0.5948 -0.8029
vn -0.5191 -0.8547 -0.0074
vn -0.0023 0.5973 0.8020
vn -0.4881 -0.2833 0.8256
vn 0.4775 0.8776 -0.0412
vn 0.4633 0.2755 -0.8423
vn -0.0207 -0.5921 -0.8056
vn -0.4926 -0.8700 0.0210
vn 0.0384 0.6058 0.7947
vn -0.4120 -0.2978 0.8612
vn 0.4333 0.8992 -0.0605
vn 0.4000 0.3319 -0.8543
vn -0.0307 -0.5569 -0.8300
vn -0.4474 -0.8939 0.0280
vn -0.0010 0.6321 0.7748
vn -0.2367 -0.3383 0.9108
vn 0.2190 0.9698 -0.1070
vn 0.2239 0.4068 -0.8857
vn 0.0049 -0.5513 -0.8343
vn -0.2372 -0.9685 0.0758
vn -0.0636 0.6176 0.7839
vn -0.0792 -0.3798 0.9217
vn 0.0035 0.9919 -0.1268
vn 0.0560 0.4072 -0.9116
vn 0.0431 -0.5821 -0.8120
vn -0.0250 -0.9935 0.1109
vn -0.0780 0.5994 0.7967
vn -0.0271 -0.3926 0.9193
vn -0.0621 0.9904 -0.1232
vn 0.0045 0.3921 -0.9199
vn 0.0554 -0.5997 -0.7983
vn 0.0396 -0.9918 0.1219
vn 0.6073 0.7753 -0.1735
vn 0.6074 0.7751 -0.1739
vn 0.9252 0.0052 0.3794
vn 0.9250 0.0055 0.3798
vn -0.3217 0.7754 -0.5434
vn -0.3215 0.7751 -0.5438
vn -0.9329 0.0055 -0.3601
vn -0.9327 0.0053 -0.3605
vn -0.6151 -0.7644 0.1932
vn -0.6149 -0.7647 0.1928
vn 0.3139 -0.7644 0.5631
vn 0.3141 -0.7646 0.5627
vn 0.6075 0.7750 -0.1743
vn 0.9254 0.0050 0.3791
vn -0.3214 0.7749 -0.5443
vn -0.9326 0.0051 -0.3609
vn -0.6147 -0.7649 0.1924
vn 0.3142 -0.7649 0.5623
vt 0.000000 1.000000
vt 0.062500 1.000000
vt 0.062500 0.833333
vt 0.000000 0.833333
vt 0.000000 0.166667
vt 0.062500 0.166667
vt 0.062500 0.000000
vt 0.000000 0.000000
vt 0.000000 0.333333
vt 0.062500 0.333333
vt 0.000000 0.500000
vt 0.062500 0.500000
vt 0.000000 0.666667
vt 0.062500 0.666667
vt 0.125000 1.000000
vt 0.125000 0.833333
vt 0.125000 0.166667
vt 0.125000 0.000000
vt 0.125000 0.333333
vt 0.125000 0.500000
vt 0.125000 0.666667
vt 0.187500 1.000000
vt 0.187500 0.833333
vt 0.187500 0.166667
vt 0.187500 0.000000
vt 0.187500 0.333333
vt 0.187500 0.500000
vt 0.187500 0.666667
vt 0.250000 1.000000
vt 0.250000 0.833333
vt 0.250000 0.166667
vt 0.250000 0.000000
vt 0.250000 0.333333
vt 0.250000 0.500000
vt 0.250000 0.666667
vt 0.312500 1.000000
vt 0.312500 0.833333
vt 0.312500 0.166667
vt 0.312500 0.000000
vt 0.312500 0.333333
vt 0.312500 0.500000
vt 0.312500 0.666667
vt 0.375000 1.000000
vt 0.375000 0.833333
vt 0.375000 0.166667
vt 0.375000 0.000000
vt 0.375000 0.333333
vt 0.375000 0.500000
vt 0.375000 0.666667
vt 0.437500 1.000000
vt 0.437500 0.833333
vt 0.437500 0.166667
vt 0.437500 0.000000
vt 0.437500 0.333333
vt 0.437500 0.500000
vt 0.437500 0.666667
vt 0.500000 1.000000
vt 0.500000 0.833333
vt 0.500000 0.166667
vt 0.500000 0.000000
vt 0.500000 0.333333
vt 0.500000 0.500000
vt 0.500000 0.666667
vt 0.562500 1.000000
vt 0.562500 0.833333
vt 0.562500 0.166667
vt 0.562500 0.000000
vt 0.562500 0.333333
vt 0.562500 0.500000
vt 0.562500 0.666667
vt 0.625000 1.000000
vt 0.625000 0.833333
vt 0.625000 0.166667
vt 0.625000 0.000000
vt 0.625000 0.333333
vt 0.625000 0.500000
vt 0.625000 0.666667
vt 0.687500 1.000000
vt 0.687500 0.833333
vt 0.687500 0.166667
vt 0.687500 0.000000
vt 0.687500 0.333333
vt 0.687500 0.500000
vt 0.687500 0.666667
vt 0.750000 1.000000
vt 0.750000 0.833333
vt 0.750000 0.166667
vt 0.750000 0.000000
vt 0.750000 0.333333
vt 0.750000 0.500000
vt 0.750000 0.666667
vt 0.812500 1.000000
vt 0.812500 0.833333
vt 0.812500 0.166667
vt 0.812500 0.000000
vt 0.812500 0.333333
vt 0.812500 0.500000
vt 0.812500 0.666667
vt 0.875000 1.000000
vt 0.875000 0.833333
vt 0.875000 0.166667
vt 0.875000 0.000000
vt 0.875000 0.333333
vt 0.875000 0.500000
vt 0.875000 0.666667
vt 0.937500 1.000000
vt 0.937500 0.833333
vt 0.937500 0.166667
vt 0.937500 0.000000
vt 0.937500 0.333333
vt 0.937500 0.500000
vt 0.937500 0.666667
vt 1.000000 1.000000
vt 1.000000 0.833333
vt 1.000000 0.166667
vt 1.000000 0.000000
vt 1.000000 0.333333
vt 1.000000 0.500000
vt 1.000000 0.666667
vt 0.071429 1.000000
vt 0.071429 0.833333
vt 0.071429 0.166667
vt 0.071429 0.000000
vt 0.071429 0.333333
vt 0.071429 0.500000
vt 0.071429 0.666667
vt 0.142857 1.000000
vt 0.142857 0.833333
vt 0.142857 0.166667
vt 0.142857 0.000000
vt 0.142857 0.333333
vt 0.142857 0.500000
vt 0.142857 0.666667
vt 0.214286 1.000000
vt 0.214286 0.833333
vt 0.214286 0.166667
vt 0.214286 0.000000
vt 0.214286 0.333333
vt 0.214286 0.500000
vt 0.214286 0.666667
vt 0.285714 1.000000
vt 0.285714 0.833333
vt 0.285714 0.166667
vt 0.285714 0.000000
vt 0.285714 0.333333
vt 0.285714 0.500000
vt 0.285714 0.666667
vt 0.357143 1.000000
vt 0.357143 0.833333
vt 0.357143 0.166667
vt 0.357143 0.000000
vt 0.357143 0.333333
vt 0.357143 0.500000
vt 0.357143 0.666667
vt 0.428571 1.000000
vt 0.428571 0.833333
vt 0.428571 0.166667
vt 0.428571 0.000000
vt 0.428571 0.333333
vt 0.428571 0.500000
vt 0.428571 0.666667
vt 0.571429 1.000000
vt 0.571429 0.833333
vt 0.571429 0.166667
vt 0.571429 0.000000
vt 0.571429 0.333333
vt 0.571429 0.500000
vt 0.571429 0.666667
vt 0.642857 1.000000
vt 0.642857 0.833333
vt 0.642857 0.166667
vt 0.642857 0.000000
vt 0.642857 0.333333
vt 0.642857 0.500000
vt 0.642857 0.666667
vt 0.714286 1.000000
vt 0.714286 0.833333
vt 0.714286 0.166667
vt 0.714286 0.000000
vt 0.714286 0.333333
vt 0.714286 0.500000
vt 0.714286 0.666667
vt 0.785714 1.000000
vt 0.785714 0.833333
vt 0.785714 0.166667
vt 0.785714 0.000000
vt 0.785714 0.333333
vt 0.785714 0.500000
vt 0.785714 0.666667
vt 0.857143 1.000000
vt 0.857143 0.833333
vt 0.857143 0.166667
vt 0.857143 0.000000
vt 0.857143 0.333333
vt 0.857143 0.500000
vt 0.857143 0.666667
vt 0.928571 1.000000
vt 0.928571 0.833333
vt 0.928571 0.166667
vt 0.928571 0.000000
vt 0.928571 0.333333
vt 0.928571 0.500000
vt 0.928571 0.666667
vt 0.166667 1.000000
vt 0.166667 0.833333
vt 0.166667 0.166667
vt 0.166667 0.000000
vt 0.166667 0.333333
vt 0.166667 0.500000
vt 0.166667 0.666667
vt 0.333333 1.000000
vt 0.333333 0.833333
vt 0.333333 0.166667
vt 0.333333 0.000000
vt 0.333333 0.333333
vt 0.333333 0.500000
vt 0.333333 0.666667
vt 0.666667 1.000000
vt 0.666667 0.833333
vt 0.666667 0.166667
vt 0.666667 0.000000
vt 0.666667 0.333333
vt 0.666667 0.500000
vt 0.666667 0.666667
vt 0.833333 1.000000
vt 0.833333 0.833333
vt 0.833333 0.166667
vt 0.833333 0.000000
vt 0.833333 0.333333
vt 0.833333 0.500000
vt 0.833333 0.666667
vt 0.100000 1.000000
vt 0.100000 0.833333
vt 0.100000 0.166667
vt 0.100000 0.000000
vt 0.100000 0.333333
vt 0.100000 0.500000
vt 0.100000 0.666667
vt 0.200000 1.000000
vt 0.200000 0.833333
vt 0.200000 0.166667
vt 0.200000 0.000000
vt 0.200000 0.333333
vt 0.200000 0.500000
vt 0.200000 0.666667
vt 0.300000 1.000000
vt 0.300000 0.833333
vt 0.300000 0.166667
vt 0.300000 0.000000
vt 0.300000 0.333333
vt 0.300000 0.500000
vt 0.300000 0.666667
vt 0.400000 1.000000
vt 0.400000 0.833333
vt 0.400000 0.166667
vt 0.400000 0.000000
vt 0.400000 0.333333
vt 0.400000 0.500000
vt 0.400000 0.666667
vt 0.600000 1.000000
vt 0.600000 0.833333
vt 0.600000 0.166667
vt 0.600000 0.000000
vt 0.600000 0.333333
vt 0.600000 0.500000
vt 0.600000 0.666667
vt 0.700000 1.000000
vt 0.700000 0.833333
vt 0.700000 0.166667
vt 0.700000 0.000000
vt 0.700000 0.333333
vt 0.700000 0.500000
vt 0.700000 0.666667
vt 0.800000 1.000000
vt 0.800000 0.833333
vt 0.800000 0.166667
vt 0.800000 0.000000
vt 0.800000 0.333333
vt 0.800000 0.500000
vt 0.800000 0.666667
vt 0.900000 1.000000
vt 0.900000 0.833333
vt 0.900000 0.166667
vt 0.900000 0.000000
vt 0.900000 0.333333
vt 0.900000 0.500000
vt 0.900000 0.666667
s 1
f 1969/288/1969 1975/289/1970 1980/290/1971 1974/291/1972
f 1970/292/1973 1976/293/1974 1975/294/1970 1969/295/1969
f 1971/296/1975 1977/297/1976 1976/293/1974 1970/292/1973
f 1972/298/1977 1978/299/1978 1977/297/1976 1971/296/1975
f 1973/300/1979 1979/301/1980 1978/299/1978 1972/298/1977
f 1974/291/1972 1980/290/1971 1979/301/1980 1973/300/1979
f 1975/289/1970 1981/302/1981 1986/303/1982 1980/290/1971
f 1976/293/1974 1982/304/1983 1981/305/1981 1975/294/1970
f 1977/297/1976 1983/306/1984 1982/304/1983 1976/293/1974
f 1978/299/1978 1984/307/1985 1983/306/1984 1977/297/1976
f 1979/301/1980 1985/308/1986 1984/307/1985 1978/299/1978
f 1980/290/1971 1986/303/1982 1985/308/1986 1979/301/1980
f 1981/302/1981 1987/309/1987 1992/310/1988 1986/303/1982
f 1982/304/1983 1988/311/1989 1987/312/1987 1981/305/1981
f 1983/306/1984 1989/313/1990 1988/311/1989 1982/304/1983
f 1984/307/1985 1990/314/1991 1989/313/1990 1983/306/1984
f 1985/308/1986 1991/315/1992 1990/314/1991 1984/307/1985
f 1986/303/1982 1992/310/1988 1991/315/1992 1985/308/1986
f 1987/309/1987 1993/316/1993 1998/317/1994 1992/310/1988
f 1988/311/1989 1994/318/1995 1993/319/1993 1987/312/1987
f 1989/313/1990 1995/320/1996 1994/318/1995 1988/311/1989
f 1990/314/1991 1996/321/1997 1995/320/1996 1989/313/1990
f 1991/315/1992 1997/322/1998 1996/321/1997 1990/314/1991
f 1992/310/1988 1998/317/1994 1997/322/1998 1991/315/1992
f 1993/316/1993 1999/323/1999 2004/324/2000 1998/317/1994
f 1994/318/1995 2000/325/2001 1999/326/1999 1993/319/1993
f 1995/320/1996 2001/327/2002 2000/325/2001 1994/318/1995
f 1996/321/1997 2002/328/2003 2001/327/2002 1995/320/1996
f 1997/322/1998 2003/329/2004 2002/328/2003 1996/321/1997
f 1998/317/1994 2004/324/2000 2003/329/2004 1997/322/1998
f 1999/323/1999 2005/330/2005 2010/331/2006 2004/324/2000
f 2000/325/2001 2006/332/2007 2005/333/2005 1999/326/1999
f 2001/327/2002 2007/334/2008 2006/332/2007 2000/325/2001
f 2002/328/2003 2008/335/2009 2007/334/2008 2001/327/2002
f 2003/329/2004 2009/336/2010 2008/335/2009 2002/328/2003
f 2004/324/2000 2010/331/2006 2009/336/2010 2003/329/2004
f 2005/330/2005 2011/337/2011 2016/338/2012 2010/331/2006
f 2006/332/2007 2012/339/2013 2011/340/2011 2005/333/2005
f 2007/334/2008 2013/341/2014 2012/339/2013 2006/332/2007
f 2008/335/2009 2014/342/2015 2013/341/2014 2007/334/2008
f 2009/336/2010 2015/343/2016 2014/342/2015 2008/335/2009
f 2010/331/2006 2016/338/2012 2015/343/2016 2009/336/2010
f 2011/337/2011 2017/344/2017 2022/345/2018 2016/338/2012
f 2012/339/2013 2018/346/2019 2017/347/2017 2011/340/2011
f 2013/341/2014 2019/348/2020 2018/346/2019 2012/339/2013
f 2014/342/2015 2020/349/2021 2019/348/2020 2013/341/2014
f 2015/343/2016 2021/350/2022 2020/349/2021 2014/342/2015
f 2016/338/2012 2022/345/2018 2021/350/2022 2015/343/2016
f 2017/344/2017 2023/351/2023 2028/352/2024 2022/345/2018
f 2018/346/2019 2024/353/2025 2023/354/2023 2017/347/2017
f 2019/348/2020 2025/355/2026 2024/353/2025 2018/346/2019
f 2020/349/2021 2026/356/2027 2025/355/2026 2019/348/2020
f 2021/350/2022 2027/357/2028 2026/356/2027 2020/349/2021
f 2022/345/2018 2028/352/2024 2027/357/2028 2021/350/2022
f 2023/351/2023 2029/358/2029 2034/359/2030 2028/352/2024
f 2024/353/2025 2030/360/2031 2029/361/2029 2023/354/2023
f 2025/355/2026 2031/362/2032 2030/360/2031 2024/353/2025
f 2026/356/2027 2032/363/2033 2031/362/2032 2025/355/2026
f 2027/357/2028 2033/364/2034 2032/363/2033 2026/356/2027
f 2028/352/2024 2034/359/2030 2033/364/2034 2027/357/2028
f 2029/358/2029 2035/365/2035 2040/366/2036 2034/359/2030
f 2030/360/2031 2036/367/2037 2035/368/2035 2029/361/2029
f 2031/362/2032 2037/369/2038 2036/367/2037 2030/360/2031
f 2032/363/2033 2038/370/2039 2037/369/2038 2031/362/2032
f 2033/364/2034 2039/371/2040 2038/370/2039 2032/363/2033
f 2034/359/2030 2040/366/2036 2039/371/2040 2033/364/2034
f 2035/365/2035 2041/372/2041 2046/373/2042 2040/366/2036
f 2036/367/2037 2042/374/2043 2041/375/2041 2035/368/2035
f 2037/369/2038 2043/376/2044 2042/374/2043 2036/367/2037
f 2038/370/2039 2044/377/2045 2043/376/2044 2037/369/2038
f 2039/371/2040 2045/378/2046 2044/377/2045 2038/370/2039
f 2040/366/2036 2046/373/2042 2045/378/2046 2039/371/2040
f 2041/372/2041 2047/379/2047 2052/380/2048 2046/373/2042
f 2042/374/2043 2048/381/2049 2047/382/2047 2041/375/2041
f 2043/376/2044 2049/383/2050 2048/381/2049 2042/374/2043
f 2044/377/2045 2050/384/2051 2049/383/2050 2043/376/2044
f 2045/378/2046 2051/385/2052 2050/384/2051 2044/377/2045
f 2046/373/2042 2052/380/2048 2051/385/2052 2045/378/2046
f 2047/379/2047 2053/386/2053 2058/387/2054 2052/380/2048
f 2048/381/2049 2054/388/2055 2053/389/2053 2047/382/2047
f 2049/383/2050 2055/390/2056 2054/388/2055 2048/381/2049
f 2050/384/2051 2056/391/2057 2055/390/2056 2049/383/2050
f 2051/385/2052 2057/392/2058 2056/391/2057 2050/384/2051
f 2052/380/2048 2058/387/2054 2057/392/2058 2051/385/2052
f 2053/386/2053 2059/393/2059 2064/394/2060 2058/387/2054
f 2054/388/2055 2060/395/2061 2059/396/2059 2053/389/2053
f 2055/390/2056 2061/397/2062 2060/395/2061 2054/388/2055
f 2056/391/2057 2062/398/2063 2061/397/2062 2055/390/2056
f 2057/392/2058 2063/399/2064 2062/398/2063 2056/391/2057
f 2058/387/2054 2064/394/2060 2063/399/2064 2057/392/2058
f 2059/393/2059 2065/400/2065 2070/401/2066 2064/394/2060
f 2060/395/2061 2066/402/2067 2065/403/2065 2059/396/2059
f 2061/397/2062 2067/404/2068 2066/402/2067 2060/395/2061
f 2062/398/2063 2068/405/2069 2067/404/2068 2061/397/2062
f 2063/399/2064 2069/406/2070 2068/405/2069 2062/398/2063
f 2064/394/2060 2070/401/2066 2069/406/2070 2063/399/2064
f 2071/288/2071 2077/407/2072 2082/408/2073 2076/291/2074
f 2072/292/2075 2078/409/2076 2077/410/2072 2071/295/2071
f 2073/296/2077 2079/411/2078 2078/409/2076 2072/292/2075
f 2074/298/2079 2080/412/2080 2079/411/2078 2073/296/2077
f 2075/300/2081 2081/413/2082 2080/412/2080 2074/298/2079
f 2076/291/2074 2082/408/2073 2081/413/2082 2075/300/2081
f 2077/407/2072 2083/414/2083 2088/415/2084 2082/408/2073
f 2078/409/2076 2084/416/2085 2083/417/2083 2077/410/2072
f 2079/411/2078 2085/418/2086 2084/416/2085 2078/409/2076
f 2080/412/2080 2086/419/2087 2085/418/2086 2079/411/2078
f 2081/413/2082 2087/420/2088 2086/419/2087 2080/412/2080
f 2082/408/2073 2088/415/2084 2087/420/2088 2081/413/2082
f 2083/414/2083 2089/421/2089 2094/422/2090 2088/415/2084
f 2084/416/2085 2090/423/2091 2089/424/2089 2083/417/2083
f 2085/418/2086 2091/425/2092 2090/423/2091 2084/416/2085
f 2086/419/2087 2092/426/2093 2091/425/2092 2085/418/2086
f 2087/420/2088 2093/427/2094 2092/426/2093 2086/419/2087
f 2088/415/2084 2094/422/2090 2093/427/2094 2087/420/2088
f 2089/421/2089 2095/428/2095 2100/429/2096 2094/422/2090
f 2090/423/2091 2096/430/2097 2095/431/2095 2089/424/2089
f 2091/425/2092 2097/432/2098 2096/430/2097 2090/423/2091
f 2092/426/2093 2098/433/2099 2097/432/2098 2091/425/2092
f 2093/427/2094 2099/434/2100 2098/433/2099 2092/426/2093
f 2094/422/2090 2100/429/2096 2099/434/2100 2093/427/2094
f 2095/428/2095 2101/435/2101 2106/436/2102 2100/429/2096
f 2096/430/2097 2102/437/2103 2101/438/2101 2095/431/2095
f 2097/432/2098 2103/439/2104 2102/437/2103 2096/430/2097
f 2098/433/2099 2104/440/2105 2103/439/2104 2097/432/2098
f 2099/434/2100 2105/441/2106 2104/440/2105 2098/433/2099
f 2100/429/2096 2106/436/2102 2105/441/2106 2099/434/2100
f 2101/435/2101 2107/442/2107 2112/443/2108 2106/436/2102
f 2102/437/2103 2108/444/2109 2107/445/2107 2101/438/2101
f 2103/439/2104 2109/446/2110 2108/444/2109 2102/437/2103
f 2104/440/2105 2110/447/2111 2109/446/2110 2103/439/2104
f 2105/441/2106 2111/448/2112 2110/447/2111 2104/440/2105
f 2106/436/2102 2112/443/2108 2111/448/2112 2105/441/2106
f 2107/442/2107 2113/344/2113 2118/345/2114 2112/443/2108
f 2108/444/2109 2114/346/2115 2113/347/2113 2107/445/2107
f 2109/446/2110 2115/348/2116 2114/346/2115 2108/444/2109
f 2110/447/2111 2116/349/2117 2115/348/2116 2109/446/2110
f 2111/448/2112 2117/350/2118 2116/349/2117 2110/447/2111
f 2112/443/2108 2118/345/2114 2117/350/2118 2111/448/2112
f 2113/344/2113 2119/449/2119 2124/450/2120 2118/345/2114
f 2114/346/2115 2120/451/2121 2119/452/2119 2113/347/2113
f 2115/348/2116 2121/453/2122 2120/451/2121 2114/346/2115
f 2116/349/2117 2122/454/2123 2121/453/2122 2115/348/2116
f 2117/350/2118 2123/455/2124 2122/454/2123 2116/349/2117
f 2118/345/2114 2124/450/2120 2123/455/2124 2117/350/2118
f 2119/449/2119 2125/456/2125 2130/457/2126 2124/450/2120
f 2120/451/2121 2126/458/2127 2125/459/2125 2119/452/2119
f 2121/453/2122 2127/460/2128 2126/458/2127 2120/451/2121
f 2122/454/2123 2128/461/2129 2127/460/2128 2121/453/2122
f 2123/455/2124 2129/462/2130 2128/461/2129 2122/454/2123
f 2124/450/2120 2130/457/2126 2129/462/2130 2123/455/2124
f 2125/456/2125 2131/463/2131 2136/464/2132 2130/457/2126
f 2126/458/2127 2132/465/2133 2131/466/2131 2125/459/2125
f 2127/460/2128 2133/467/2134 2132/465/2133 2126/458/2127
f 2128/461/2129 2134/468/2135 2133/467/2134 2127/460/2128
f 2129/462/2130 2135/469/2136 2134/468/2135 2128/461/2129
f 2130/457/2126 2136/464/2132 2135/469/2136 2129/462/2130
f 2131/463/2131 2137/470/2137 2142/471/2138 2136/464/2132
f 2132/465/2133 2138/472/2139 2137/473/2137 2131/466/2131
f 2133/467/2134 2139/474/2140 2138/472/2139 2132/465/2133
f 2134/468/2135 2140/475/2141 2139/474/2140 2133/467/2134
f 2135/469/2136 2141/476/2142 2140/475/2141 2134/468/2135
f 2136/464/2132 2142/471/2138 2141/476/2142 2135/469/2136
f 2137/470/2137 2143/477/2143 2148/478/2144 2142/471/2138
f 2138/472/2139 2144/479/2145 2143/480/2143 2137/473/2137
f 2139/474/2140 2145/481/2146 2144/479/2145 2138/472/2139
f 2140/475/2141 2146/482/2147 2145/481/2146 2139/474/2140
f 2141/476/2142 2147/483/2148 2146/482/2147 2140/475/2141
f 2142/471/2138 2148/478/2144 2147/483/2148 2141/476/2142
f 2143/477/2143 2149/484/2149 2154/485/2150 2148/478/2144
f 2144/479/2145 2150/486/2151 2149/487/2149 2143/480/2143
f 2145/481/2146 2151/488/2152 2150/486/2151 2144/479/2145
f 2146/482/2147 2152/489/2153 2151/488/2152 2145/481/2146
f 2147/483/2148 2153/490/2154 2152/489/2153 2146/482/2147
f 2148/478/2144 2154/485/2150 2153/490/2154 2147/483/2148
f 2149/484/2149 2155/400/2155 2160/401/2156 2154/485/2150
f 2150/486/2151 2156/402/2157 2155/403/2155 2149/487/2149
f 2151/488/2152 2157/404/2158 2156/402/2157 2150/486/2151
f 2152/489/2153 2158/405/2159 2157/404/2158 2151/488/2152
f 2153/490/2154 2159/406/2160 2158/405/2159 2152/489/2153
f 2154/485/2150 2160/401/2156 2159/406/2160 2153/490/2154
f 2161/288/2161 2167/302/2162 2172/303/2163 2166/291/2164
f 2162/292/2165 2168/304/2166 2167/305/2162 2161/295/2161
f 2163/296/2167 2169/306/2168 2168/304/2166 2162/292/2165
f 2164/298/2169 2170/307/2170 2169/306/2168 2163/296/2167
f 2165/300/2171 2171/308/2172 2170/307/2170 2164/298/2169
f 2166/291/2164 2172/303/2163 2171/308/2172 2165/300/2171
f 2167/302/2162 2173/316/2173 2178/317/2174 2172/303/2163
f 2168/304/2166 2174/318/2175 2173/319/2173 2167/305/2162
f 2169/306/2168 2175/320/2176 2174/318/2175 2168/304/2166
f 2170/307/2170 2176/321/2177 2175/320/2176 2169/306/2168
f 2171/308/2172 2177/322/2178 2176/321/2177 2170/307/2170
f 2172/303/2163 2178/317/2174 2177/322/2178 2171/308/2172
f 2173/316/2173 2179/330/2179 2184/331/2180 2178/317/2174
f 2174/318/2175 2180/332/2181 2179/333/2179 2173/319/2173
f 2175/320/2176 2181/334/2182 2180/332/2181 2174/318/2175
f 2176/321/2177 2182/335/2183 2181/334/2182 2175/320/2176
f 2177/322/2178 2183/336/2184 2182/335/2183 2176/321/2177
f 2178/317/2174 2184/331/2180 2183/336/2184 2177/322/2178
f 2179/330/2179 2185/344/2185 2190/345/2186 2184/331/2180
f 2180/332/2181 2186/346/2187 2185/347/2185 2179/333/2179
f 2181/334/2182 2187/348/2188 2186/346/2187 2180/332/2181
f 2182/335/2183 2188/349/2189 2187/348/2188 2181/334/2182
f 2183/336/2184 2189/350/2190 2188/349/2189 2182/335/2183
f 2184/331/2180 2190/345/2186 2189/350/2190 2183/336/2184
f 2185/344/2185 2191/358/2191 2196/359/2192 2190/345/2186
f 2186/346/2187 2192/360/2193 2191/361/2191 2185/347/2185
f 2187/348/2188 2193/362/2194 2192/360/2193 2186/346/2187
f 2188/349/2189 2194/363/2195 2193/362/2194 2187/348/2188
f 2189/350/2190 2195/364/2196 2194/363/2195 2188/349/2189
f 2190/345/2186 2196/359/2192 2195/364/2196 2189/350/2190
f 2191/358/2191 2197/372/2197 2202/373/2198 2196/359/2192
f 2192/360/2193 2198/374/2199 2197/375/2197 2191/361/2191
f 2193/362/2194 2199/376/2200 2198/374/2199 2192/360/2193
f 2194/363/2195 2200/377/2201 2199/376/2200 2193/362/2194
f 2195/364/2196 2201/378/2202 2200/377/2201 2194/363/2195
f 2196/359/2192 2202/373/2198 2201/378/2202 2195/364/2196
f 2197/372/2197 2203/386/2203 2208/387/2204 2202/373/2198
f 2198/374/2199 2204/388/2205 2203/389/2203 2197/375/2197
f 2199/376/2200 2205/390/2206 2204/388/2205 2198/374/2199
f 2200/377/2201 2206/391/2207 2205/390/2206 2199/376/2200
f 2201/378/2202 2207/392/2208 2206/391/2207 2200/377/2201
f 2202/373/2198 2208/387/2204 2207/392/2208 2201/378/2202
f 2203/386/2203 2209/400/2209 2214/401/2210 2208/387/2204
f 2204/388/2205 2210/402/2211 2209/403/2209 2203/389/2203
f 2205/390/2206 2211/404/2212 2210/402/2211 2204/388/2205
f 2206/391/2207 2212/405/2213 2211/404/2212 2205/390/2206
f 2207/392/2208 2213/406/2214 2212/405/2213 2206/391/2207
f 2208/387/2204 2214/401/2210 2213/406/2214 2207/392/2208
f 2215/288/2215 2221/302/2216 2226/303/2217 2220/291/2218
f 2216/292/2219 2222/304/2220 2221/305/2216 2215/295/2215
f 2217/296/2221 2223/306/2222 2222/304/2220 2216/292/2219
f 2218/298/2223 2224/307/2224 2223/306/2222 2217/296/2221
f 2219/300/2225 2225/308/2226 2224/307/2224 2218/298/2223
f 2220/291/2218 2226/303/2217 2225/308/2226 2219/300/2225
f 2221/302/2216 2227/316/2227 2232/317/2228 2226/303/2217
f 2222/304/2220 2228/318/2229 2227/319/2227 2221/305/2216
f 2223/306/2222 2229/320/2230 2228/318/2229 2222/304/2220
f 2224/307/2224 2230/321/2231 2229/320/2230 2223/306/2222
f 2225/308/2226 2231/322/2232 2230/321/2231 2224/307/2224
f 2226/303/2217 2232/317/2228 2231/322/2232 2225/308/2226
f 2227/316/2227 2233/330/2233 2238/331/2234 2232/317/2228
f 2228/318/2229 2234/332/2235 2233/333/2233 2227/319/2227
f 2229/320/2230 2235/334/2236 2234/332/2235 2228/318/2229
f 2230/321/2231 2236/335/2237 2235/334/2236 2229/320/2230
f 2231/322/2232 2237/336/2238 2236/335/2237 2230/321/2231
f 2232/317/2228 2238/331/2234 2237/336/2238 2231/322/2232
f 2233/330/2233 2239/344/2239 2244/345/2240 2238/331/2234
f 2234/332/2235 2240/346/2241 2239/347/2239 2233/333/2233
f 2235/334/2236 2241/348/2242 2240/346/2241 2234/332/2235
f 2236/335/2237 2242/349/2243 2241/348/2242 2235/334/2236
f 2237/336/2238 2243/350/2244 2242/349/2243 2236/335/2237
f 2238/331/2234 2244/345/2240 2243/350/2244 2237/336/2238
f 2239/344/2239 2245/358/2245 2250/359/2246 2244/345/2240
f 2240/346/2241 2246/360/2247 2245/361/2245 2239/347/2239
f 2241/348/2242 2247/362/2248 2246/360/2247 2240/346/2241
f 2242/349/2243 2248/363/2249 2247/362/2248 2241/348/2242
f 2243/350/2244 2249/364/2250 2248/363/2249 2242/349/2243
f 2244/345/2240 2250/359/2246 2249/364/2250 2243/350/2244
f 2245/358/2245 2251/372/2251 2256/373/2252 2250/359/2246
f 2246/360/2247 2252/374/2253 2251/375/2251 2245/361/2245
f 2247/362/2248 2253/376/2254 2252/374/2253 2246/360/2247
f 2248/363/2249 2254/377/2255 2253/376/2254 2247/362/2248
f 2249/364/2250 2255/378/2256 2254/377/2255 2248/363/2249
f 2250/359/2246 2256/373/2252 2255/378/2256 2249/364/2250
f 2251/372/2251 2257/386/2257 2262/387/2258 2256/373/2252
f 2252/374/2253 2258/388/2259 2257/389/2257 2251/375/2251
f 2253/376/2254 2259/390/2260 2258/388/2259 2252/374/2253
f 2254/377/2255 2260/391/2261 2259/390/2260 2253/376/2254
f 2255/378/2256 2261/392/2262 2260/391/2261 2254/377/2255
f 2256/373/2252 2262/387/2258 2261/392/2262 2255/378/2256
f 2257/386/2257 2263/400/2263 2268/401/2264 2262/387/2258
f 2258/388/2259 2264/402/2265 2263/403/2263 2257/389/2257
f 2259/390/2260 2265/404/2266 2264/402/2265 2258/388/2259
f 2260/391/2261 2266/405/2267 2265/404/2266 2259/390/2260
f 2261/392/2262 2267/406/2268 2266/405/2267 2260/391/2261
f 2262/387/2258 2268/401/2264 2267/406/2268 2261/392/2262
f 2269/288/2269 2275/491/2270 2280/492/2271 2274/291/2272
f 2270/292/2273 2276/493/2274 2275/494/2270 2269/295/2269
f 2271/296/2275 2277/495/2276 2276/493/2274 2270/292/2273
f 2272/298/2277 2278/496/2278 2277/495/2276 2271/296/2275
f 2273/300/2279 2279/497/2280 2278/496/2278 2272/298/2277
f 2274/291/2272 2280/492/2271 2279/497/2280 2273/300/2279
f 2275/491/2270 2281/498/2281 2286/499/2282 2280/492/2271
f 2276/493/2274 2282/500/2283 2281/501/2281 2275/494/2270
f 2277/495/2276 2283/502/2284 2282/500/2283 2276/493/2274
f 2278/496/2278 2284/503/2285 2283/502/2284 2277/495/2276
f 2279/497/2280 2285/504/2286 2284/503/2285 2278/496/2278
f 2280/492/2271 2286/499/2282 2285/504/2286 2279/497/2280
f 2281/498/2281 2287/344/2287 2292/345/2288 2286/499/2282
f 2282/500/2283 2288/346/2289 2287/347/2287 2281/501/2281
f 2283/502/2284 2289/348/2290 2288/346/2289 2282/500/2283
f 2284/503/2285 2290/349/2291 2289/348/2290 2283/502/2284
f 2285/504/2286 2291/350/2292 2290/349/2291 2284/503/2285
f 2286/499/2282 2292/345/2288 2291/350/2292 2285/504/2286
f 2287/344/2287 2293/505/2293 2298/506/2294 2292/345/2288
f 2288/346/2289 2294/507/2295 2293/508/2293 2287/347/2287
f 2289/348/2290 2295/509/2296 2294/507/2295 2288/346/2289
f 2290/349/2291 2296/510/2297 2295/509/2296 2289/348/2290
f 2291/350/2292 2297/511/2298 2296/510/2297 2290/349/2291
f 2292/345/2288 2298/506/2294 2297/511/2298 2291/350/2292
f 2293/505/2293 2299/512/2299 2304/513/2300 2298/506/2294
f 2294/507/2295 2300/514/2301 2299/515/2299 2293/508/2293
f 2295/509/2296 2301/516/2302 2300/514/2301 2294/507/2295
f 2296/510/2297 2302/517/2303 2301/516/2302 2295/509/2296
f 2297/511/2298 2303/518/2304 2302/517/2303 2296/510/2297
f 2298/506/2294 2304/513/2300 2303/518/2304 2297/511/2298
f 2299/512/2299 2305/400/2305 2310/401/2306 2304/513/2300
f 2300/514/2301 2306/402/2307 2305/403/2305 2299/515/2299
f 2301/516/2302 2307/404/2308 2306/402/2307 2300/514/2301
f 2302/517/2303 2308/405/2309 2307/404/2308 2301/516/2302
f 2303/518/2304 2309/406/2310 2308/405/2309 2302/517/2303
f 2304/513/2300 2310/401/2306 2309/406/2310 2303/518/2304
f 2311/288/2311 2317/316/2312 2322/317/2313 2316/291/2314
f 2312/292/2315 2318/318/2316 2317/319/2312 2311/295/2311
f 2313/296/2317 2319/320/2318 2318/318/2316 2312/292/2315
f 2314/298/2319 2320/321/2320 2319/320/2318 2313/296/2317
f 2315/300/2321 2321/322/2322 2320/321/2320 2314/298/2319
f 2316/291/2314 2322/317/2313 2321/322/2322 2315/300/2321
f 2317/316/2312 2323/344/2323 2328/345/2324 2322/317/2313
f 2318/318/2316 2324/346/2325 2323/347/2323 2317/319/2312
f 2319/320/2318 2325/348/2326 2324/346/2325 2318/318/2316
f 2320/321/2320 2326/349/2327 2325/348/2326 2319/320/2318
f 2321/322/2322 2327/350/2328 2326/349/2327 2320/321/2320
f 2322/317/2313 2328/345/2324 2327/350/2328 2321/322/2322
f 2323/344/2323 2329/372/2329 2334/373/2330 2328/345/2324
f 2324/346/2325 2330/374/2331 2329/375/2329 2323/347/2323
f 2325/348/2326 2331/376/2332 2330/374/2331 2324/346/2325
f 2326/349/2327 2332/377/2333 2331/376/2332 2325/348/2326
f 2327/350/2328 2333/378/2334 2332/377/2333 2326/349/2327
f 2328/345/2324 2334/373/2330 2333/378/2334 2327/350/2328
f 2329/372/2329 2335/400/2335 2340/401/2336 2334/373/2330
f 2330/374/2331 2336/402/2337 2335/403/2335 2329/375/2329
f 2331/376/2332 2337/404/2338 2336/402/2337 2330/374/2331
f 2332/377/2333 2338/405/2339 2337/404/2338 2331/376/2332
f 2333/378/2334 2339/406/2340 2338/405/2339 2332/377/2333
f 2334/373/2330 2340/401/2336 2339/406/2340 2333/378/2334
f 2341/288/2341 2347/316/2342 2352/317/2343 2346/291/2344
f 2342/292/2345 2348/318/2346 2347/319/2342 2341/295/2341
f 2343/296/2347 2349/320/2348 2348/318/2346 2342/292/2345
f 2344/298/2349 2350/321/2350 2349/320/2348 2343/296/2347
f 2345/300/2351 2351/322/2352 2350/321/2350 2344/298/2349
f 2346/291/2344 2352/317/2343 2351/322/2352 2345/300/2351
f 2347/316/2342 2353/344/2353 2358/345/2354 2352/317/2343
f 2348/318/2346 2354/346/2355 2353/347/2353 2347/319/2342
f 2349/320/2348 2355/348/2356 2354/346/2355 2348/318/2346
f 2350/321/2350 2356/349/2357 2355/348/2356 2349/320/2348
f 2351/322/2352 2357/350/2358 2356/349/2357 2350/321/2350
f 2352/317/2343 2358/345/2354 2357/350/2358 2351/322/2352
f 2353/344/2353 2359/372/2359 2364/373/2360 2358/345/2354
f 2354/346/2355 2360/374/2361 2359/375/2359 2353/347/2353
f 2355/348/2356 2361/376/2362 2360/374/2361 2354/346/2355
f 2356/349/2357 2362/377/2363 2361/376/2362 2355/348/2356
f 2357/350/2358 2363/378/2364 2362/377/2363 2356/349/2357
f 2358/345/2354 2364/373/2360 2363/378/2364 2357/350/2358
f 2359/372/2359 2365/400/2365 2370/401/2366 2364/373/2360
f 2360/374/2361 2366/402/2367 2365/403/2365 2359/375/2359
f 2361/376/2362 2367/404/2368 2366/402/2367 2360/374/2361
f 2362/377/2363 2368/405/2369 2367/404/2368 2361/376/2362
f 2363/378/2364 2369/406/2370 2368/405/2369 2362/377/2363
f 2364/373/2360 2370/401/2366 2369/406/2370 2363/378/2364
f 2371/288/2371 2377/519/2372 2382/520/2373 2376/291/2374
f 2372/292/2375 2378/521/2376 2377/522/2372 2371/295/2371
f 2373/296/2377 2379/523/2378 2378/521/2376 2372/292/2375
f 2374/298/2379 2380/524/2380 2379/523/2378 2373/296/2377
f 2375/300/2381 2381/525/2382 2380/524/2380 2374/298/2379
f 2376/291/2374 2382/520/2373 2381/525/2382 2375/300/2381
f 2377/519/2372 2383/526/2383 2388/527/2384 2382/520/2373
f 2378/521/2376 2384/528/2385 2383/529/2383 2377/522/2372
f 2379/523/2378 2385/530/2386 2384/528/2385 2378/521/2376
f 2380/524/2380 2386/531/2387 2385/530/2386 2379/523/2378
f 2381/525/2382 2387/532/2388 2386/531/2387 2380/524/2380
f 2382/520/2373 2388/527/2384 2387/532/2388 2381/525/2382
f 2383/526/2383 2389/533/2389 2394/534/2390 2388/527/2384
f 2384/528/2385 2390/535/2391 2389/536/2389 2383/529/2383
f 2385/530/2386 2391/537/2392 2390/535/2391 2384/528/2385
f 2386/531/2387 2392/538/2393 2391/537/2392 2385/530/2386
f 2387/532/2388 2393/539/2394 2392/538/2393 2386/531/2387
f 2388/527/2384 2394/534/2390 2393/539/2394 2387/532/2388
f 2389/533/2389 2395/540/2395 2400/541/2396 2394/534/2390
f 2390/535/2391 2396/542/2397 2395/543/2395 2389/536/2389
f 2391/537/2392 2397/544/2398 2396/542/2397 2390/535/2391
f 2392/538/2393 2398/545/2399 2397/544/2398 2391/537/2392
f 2393/539/2394 2399/546/2400 2398/545/2399 2392/538/2393
f 2394/534/2390 2400/541/2396 2399/546/2400 2393/539/2394
f 2395/540/2395 2401/344/2401 2406/345/2402 2400/541/2396
f 2396/542/2397 2402/346/2403 2401/347/2401 2395/543/2395
f 2397/544/2398 2403/348/2404 2402/346/2403 2396/542/2397
f 2398/545/2399 2404/349/2405 2403/348/2404 2397/544/2398
f 2399/546/2400 2405/350/2406 2404/349/2405 2398/545/2399
f 2400/541/2396 2406/345/2402 2405/350/2406 2399/546/2400
f 2401/344/2401 2407/547/2407 2412/548/2408 2406/345/2402
f 2402/346/2403 2408/549/2409 2407/550/2407 2401/347/2401
f 2403/348/2404 2409/551/2410 2408/549/2409 2402/346/2403
f 2404/349/2405 2410/552/2411 2409/551/2410 2403/348/2404
f 2405/350/2406 2411/553/2412 2410/552/2411 2404/349/2405
f 2406/345/2402 2412/548/2408 2411/553/2412 2405/350/2406
f 2407/547/2407 2413/554/2413 2418/555/2414 2412/548/2408
f 2408/549/2409 2414/556/2415 2413/557/2413 2407/550/2407
f 2409/551/2410 2415/558/2416 2414/556/2415 2408/549/2409
f 2410/552/2411 2416/559/2417 2415/558/2416 2409/551/2410
f 2411/553/2412 2417/560/2418 2416/559/2417 2410/552/2411
f 2412/548/2408 2418/555/2414 2417/560/2418 2411/553/2412
f 2413/554/2413 2419/561/2419 2424/562/2420 2418/555/2414
f 2414/556/2415 2420/563/2421 2419/564/2419 2413/557/2413
f 2415/558/2416 2421/565/2422 2420/563/2421 2414/556/2415
f 2416/559/2417 2422/566/2423 2421/565/2422 2415/558/2416
f 2417/560/2418 2423/567/2424 2422/566/2423 2416/559/2417
f 2418/555/2414 2424/562/2420 2423/567/2424 2417/560/2418
f 2419/561/2419 2425/568/2425 2430/569/2426 2424/562/2420
f 2420/563/2421 2426/570/2427 2425/571/2425 2419/564/2419
f 2421/565/2422 2427/572/2428 2426/570/2427 2420/563/2421
f 2422/566/2423 2428/573/2429 2427/572/2428 2421/565/2422
f 2423/567/2424 2429/574/2430 2428/573/2429 2422/566/2423
f 2424/562/2420 2430/569/2426 2429/574/2430 2423/567/2424
f 2425/568/2425 2431/400/2431 2436/401/2432 2430/569/2426
f 2426/570/2427 2432/402/2433 2431/403/2431 2425/571/2425
f 2427/572/2428 2433/404/2434 2432/402/2433 2426/570/2427
f 2428/573/2429 2434/405/2435 2433/404/2434 2427/572/2428
f 2429/574/2430 2435/406/2436 2434/405/2435 2428/573/2429
f 2430/569/2426 2436/401/2432 2435/406/2436 2429/574/2430
f 2437/288/2437 2443/519/2438 2448/520/2439 2442/291/2440
f 2438/292/2441 2444/521/2442 2443/522/2438 2437/295/2437
f 2439/296/2443 2445/523/2444 2444/521/2442 2438/292/2441
f 2440/298/2445 2446/524/2446 2445/523/2444 2439/296/2443
f 2441/300/2447 2447/525/2448 2446/524/2446 2440/298/2445
f 2442/291/2440 2448/520/2439 2447/525/2448 2441/300/2447
f 2443/519/2438 2449/526/2449 2454/527/2450 2448/520/2439
f 2444/521/2442 2450/528/2451 2449/529/2449 2443/522/2438
f 2445/523/2444 2451/530/2452 2450/528/2451 2444/521/2442
f 2446/524/2446 2452/531/2453 2451/530/2452 2445/523/2444
f 2447/525/2448 2453/532/2454 2452/531/2453 2446/524/2446
f 2448/520/2439 2454/527/2450 2453/532/2454 2447/525/2448
f 2449/526/2449 2455/533/2455 2460/534/2456 2454/527/2450
f 2450/528/2451 2456/535/2457 2455/536/2455 2449/529/2449
f 2451/530/2452 2457/537/2458 2456/535/2457 2450/528/2451
f 2452/531/2453 2458/538/2459 2457/537/2458 2451/530/2452
f 2453/532/2454 2459/539/2460 2458/538/2459 2452/531/2453
f 2454/527/2450 2460/534/2456 2459/539/2460 2453/532/2454
f 2455/533/2455 2461/540/2461 2466/541/2462 2460/534/2456
f 2456/535/2457 2462/542/2463 2461/543/2461 2455/536/2455
f 2457/537/2458 2463/544/2464 2462/542/2463 2456/535/2457
f 2458/538/2459 2464/545/2465 2463/544/2464 2457/537/2458
f 2459/539/2460 2465/546/2466 2464/545/2465 2458/538/2459
f 2460/534/2456 2466/541/2462 2465/546/2466 2459/539/2460
f 2461/540/2461 2467/344/2467 2472/345/2468 2466/541/2462
f 2462/542/2463 2468/346/2469 2467/347/2467 2461/543/2461
f 2463/544/2464 2469/348/2470 2468/346/2469 2462/542/2463
f 2464/545/2465 2470/349/2471 2469/348/2470 2463/544/2464
f 2465/546/2466 2471/350/2472 2470/349/2471 2464/545/2465
f 2466/541/2462 2472/345/2468 2471/350/2472 2465/546/2466
f 2467/344/2467 2473/547/2473 2478/548/2474 2472/345/2468
f 2468/346/2469 2474/549/2475 2473/550/2473 2467/347/2467
f 2469/348/2470 2475/551/2476 2474/549/2475 2468/346/2469
f 2470/349/2471 2476/552/2477 2475/551/2476 2469/348/2470
f 2471/350/2472 2477/553/2478 2476/552/2477 2470/349/2471
f 2472/345/2468 2478/548/2474 2477/553/2478 2471/350/2472
f 2473/547/2473 2479/554/2479 2484/555/2480 2478/548/2474
f 2474/549/2475 2480/556/2481 2479/557/2479 2473/550/2473
f 2475/551/2476 2481/558/2482 2480/556/2481 2474/549/2475
f 2476/552/2477 2482/559/2483 2481/558/2482 2475/551/2476
f 2477/553/2478 2483/560/2484 2482/559/2483 2476/552/2477
f 2478/548/2474 2484/555/2480 2483/560/2484 2477/553/2478
f 2479/554/2479 2485/561/2485 2490/562/2486 2484/555/2480
f 2480/556/2481 2486/563/2487 2485/564/2485 2479/557/2479
f 2481/558/2482 2487/565/2488 2486/563/2487 2480/556/2481
f 2482/559/2483 2488/566/2489 2487/565/2488 2481/558/2482
f 2483/560/2484 2489/567/2490 2488/566/2489 2482/559/2483
f 2484/555/2480 2490/562/2486 2489/567/2490 2483/560/2484
f 2485/561/2485 2491/568/2491 2496/569/2492 2490/562/2486
f 2486/563/2487 2492/570/2493 2491/571/2491 2485/564/2485
f 2487/565/2488 2493/572/2494 2492/570/2493 2486/563/2487
f 2488/566/2489 2494/573/2495 2493/572/2494 2487/565/2488
f 2489/567/2490 2495/574/2496 2494/573/2495 2488/566/2489
f 2490/562/2486 2496/569/2492 2495/574/2496 2489/567/2490
f 2491/568/2491 2497/400/2497 2502/401/2498 2496/569/2492
f 2492/570/2493 2498/402/2499 2497/403/2497 2491/571/2491
f 2493/572/2494 2499/404/2500 2498/402/2499 2492/570/2493
f 2494/573/2495 2500/405/2501 2499/404/2500 2493/572/2494
f 2495/574/2496 2501/406/2502 2500/405/2501 2494/573/2495
f 2496/569/2492 2502/401/2498 2501/406/2502 2495/574/2496
f 2503/288/2503 2509/519/2504 2514/520/2505 2508/291/2506
f 2504/292/2507 2510/521/2508 2509/522/2504 2503/295/2503
f 2505/296/2509 2511/523/2510 2510/521/2508 2504/292/2507
f 2506/298/2511 2512/524/2512 2511/523/2510 2505/296/2509
f 2507/300/2513 2513/525/2514 2512/524/2512 2506/298/2511
f 2508/291/2506 2514/520/2505 2513/525/2514 2507/300/2513
f 2509/519/2504 2515/526/2515 2520/527/2516 2514/520/2505
f 2510/521/2508 2516/528/2517 2515/529/2515 2509/522/2504
f 2511/523/2510 2517/530/2518 2516/528/2517 2510/521/2508
f 2512/524/2512 2518/531/2519 2517/530/2518 2511/523/2510
f 2513/525/2514 2519/532/2520 2518/531/2519 2512/524/2512
f 2514/520/2505 2520/527/2516 2519/532/2520 2513/525/2514
f 2515/526/2515 2521/533/2521 2526/534/2522 2520/527/2516
f 2516/528/2517 2522/535/2523 2521/536/2521 2515/529/2515
f 2517/530/2518 2523/537/2524 2522/535/2523 2516/528/2517
f 2518/531/2519 2524/538/2525 2523/537/2524 2517/530/2518
f 2519/532/2520 2525/539/2526 2524/538/2525 2518/531/2519
f 2520/527/2516 2526/534/2522 2525/539/2526 2519/532/2520
f 2521/533/2521 2527/540/2527 2532/541/2528 2526/534/2522
f 2522/535/2523 2528/542/2529 2527/543/2527 2521/536/2521
f 2523/537/2524 2529/544/2530 2528/542/2529 2522/535/2523
f 2524/538/2525 2530/545/2531 2529/544/2530 2523/537/2524
f 2525/539/2526 2531/546/2532 2530/545/2531 2524/538/2525
f 2526/534/2522 2532/541/2528 2531/546/2532 2525/539/2526
f 2527/540/2527 2533/344/2533 2538/345/2534 2532/541/2528
f 2528/542/2529 2534/346/2535 2533/347/2533 2527/543/2527
f 2529/544/2530 2535/348/2536 2534/346/2535 2528/542/2529
f 2530/545/2531 2536/349/2537 2535/348/2536 2529/544/2530
f 2531/546/2532 2537/350/2538 2536/349/2537 2530/545/2531
f 2532/541/2528 2538/345/2534 2537/350/2538 2531/546/2532
f 2533/344/2533 2539/547/2539 2544/548/2540 2538/345/2534
f 2534/346/2535 2540/549/2541 2539/550/2539 2533/347/2533
f 2535/348/2536 2541/551/2542 2540/549/2541 2534/346/2535
f 2536/349/2537 2542/552/2543 2541/551/2542 2535/348/2536
f 2537/350/2538 2543/553/2544 2542/552/2543 2536/349/2537
f 2538/345/2534 2544/548/2540 2543/553/2544 2537/350/2538
f 2539/547/2539 2545/554/2545 2550/555/2546 2544/548/2540
f 2540/549/2541 2546/556/2547 2545/557/2545 2539/550/2539
f 2541/551/2542 2547/558/2548 2546/556/2547 2540/549/2541
f 2542/552/2543 2548/559/2549 2547/558/2548 2541/551/2542
f 2543/553/2544 2549/560/2550 2548/559/2549 2542/552/2543
f 2544/548/2540 2550/555/2546 2549/560/2550 2543/553/2544
f 2545/554/2545 2551/561/2551 2556/562/2552 2550/555/2546
f 2546/556/2547 2552/563/2553 2551/564/2551 2545/557/2545
f 2547/558/2548 2553/565/2554 2552/563/2553 2546/556/2547
f 2548/559/2549 2554/566/2555 2553/565/2554 2547/558/2548
f 2549/560/2550 2555/567/2556 2554/566/2555 2548/559/2549
f 2550/555/2546 2556/562/2552 2555/567/2556 2549/560/2550
f 2551/561/2551 2557/568/2557 2562/569/2558 2556/562/2552
f 2552/563/2553 2558/570/2559 2557/571/2557 2551/564/2551
f 2553/565/2554 2559/572/2560 2558/570/2559 2552/563/2553
f 2554/566/2555 2560/573/2561 2559/572/2560 2553/565/2554
f 2555/567/2556 2561/574/2562 2560/573/2561 2554/566/2555
f 2556/562/2552 2562/569/2558 2561/574/2562 2555/567/2556
f 2557/568/2557 2563/400/2563 2568/401/2564 2562/569/2558
f 2558/570/2559 2564/402/2565 2563/403/2563 2557/571/2557
f 2559/572/2560 2565/404/2566 2564/402/2565 2558/570/2559
f 2560/573/2561 2566/405/2567 2565/404/2566 2559/572/2560
f 2561/574/2562 2567/406/2568 2566/405/2567 2560/573/2561
f 2562/569/2558 2568/401/2564 2567/406/2568 2561/574/2562
f 2569/288/2569 2575/519/2570 2580/520/2571 2574/291/2572
f 2570/292/2573 2576/521/2574 2575/522/2570 2569/295/2569
f 2571/296/2575 2577/523/2576 2576/521/2574 2570/292/2573
f 2572/298/2577 2578/524/2578 2577/523/2576 2571/296/2575
f 2573/300/2579 2579/525/2580 2578/524/2578 2572/298/2577
f 2574/291/2572 2580/520/2571 2579/525/2580 2573/300/2579
f 2575/519/2570 2581/526/2581 2586/527/2582 2580/520/2571
f 2576/521/2574 2582/528/2583 2581/529/2581 2575/522/2570
f 2577/523/2576 2583/530/2584 2582/528/2583 2576/521/2574
f 2578/524/2578 2584/531/2585 2583/530/2584 2577/523/2576
f 2579/525/2580 2585/532/2586 2584/531/2585 2578/524/2578
f 2580/520/2571 2586/527/2582 2585/532/2586 2579/525/2580
f 2581/526/2581 2587/533/2587 2592/534/2588 2586/527/2582
f 2582/528/2583 2588/535/2589 2587/536/2587 2581/529/2581
f 2583/530/2584 2589/537/2590 2588/535/2589 2582/528/2583
f 2584/531/2585 2590/538/2591 2589/537/2590 2583/530/2584
f 2585/532/2586 2591/539/2592 2590/538/2591 2584/531/2585
f 2586/527/2582 2592/534/2588 2591/539/2592 2585/532/2586
f 2587/533/2587 2593/540/2593 2598/541/2594 2592/534/2588
f 2588/535/2589 2594/542/2595 2593/543/2593 2587/536/2587
f 2589/537/2590 2595/544/2596 2594/542/2595 2588/535/2589
f 2590/538/2591 2596/545/2597 2595/544/2596 2589/537/2590
f 2591/539/2592 2597/546/2598 2596/545/2597 2590/538/2591
f 2592/534/2588 2598/541/2594 2597/546/2598 2591/539/2592
f 2593/540/2593 2599/344/2599 2604/345/2600 2598/541/2594
f 2594/542/2595 2600/346/2601 2599/347/2599 2593/543/2593
f 2595/544/2596 2601/348/2602 2600/346/2601 2594/542/2595
f 2596/545/2597 2602/349/2603 2601/348/2602 2595/544/2596
f 2597/546/2598 2603/350/2604 2602/349/2603 2596/545/2597
f 2598/541/2594 2604/345/2600 2603/350/2604 2597/546/2598
f 2599/344/2599 2605/547/2605 2610/548/2606 2604/345/2600
f 2600/346/2601 2606/549/2607 2605/550/2605 2599/347/2599
f 2601/348/2602 2607/551/2608 2606/549/2607 2600/346/2601
f 2602/349/2603 2608/552/2609 2607/551/2608 2601/348/2602
f 2603/350/2604 2609/553/2610 2608/552/2609 2602/349/2603
f 2604/345/2600 2610/548/2606 2609/553/2610 2603/350/2604
f 2605/547/2605 2611/554/2611 2616/555/2612 2610/548/2606
f 2606/549/2607 2612/556/2613 2611/557/2611 2605/550/2605
f 2607/551/2608 2613/558/2614 2612/556/2613 2606/549/2607
f 2608/552/2609 2614/559/2615 2613/558/2614 2607/551/2608
f 2609/553/2610 2615/560/2616 2614/559/2615 2608/552/2609
f 2610/548/2606 2616/555/2612 2615/560/2616 2609/553/2610
f 2611/554/2611 2617/561/2617 2622/562/2618 2616/555/2612
f 2612/556/2613 2618/563/2619 2617/564/2617 2611/557/2611
f 2613/558/2614 2619/565/2620 2618/563/2619 2612/556/2613
f 2614/559/2615 2620/566/2621 2619/565/2620 2613/558/2614
f 2615/560/2616 2621/567/2622 2620/566/2621 2614/559/2615
f 2616/555/2612 2622/562/2618 2621/567/2622 2615/560/2616
f 2617/561/2617 2623/568/2623 2628/569/2624 2622/562/2618
f 2618/563/2619 2624/570/2625 2623/571/2623 2617/564/2617
f 2619/565/2620 2625/572/2626 2624/570/2625 2618/563/2619
f 2620/566/2621 2626/573/2627 2625/572/2626 2619/565/2620
f 2621/567/2622 2627/574/2628 2626/573/2627 2620/566/2621
f 2622/562/2618 2628/569/2624 2627/574/2628 2621/567/2622
f 2623/568/2623 2629/400/2629 2634/401/2630 2628/569/2624
f 2624/570/2625 2630/402/2631 2629/403/2629 2623/571/2623
f 2625/572/2626 2631/404/2632 2630/402/2631 2624/570/2625
f 2626/573/2627 2632/405/2633 2631/404/2632 2625/572/2626
f 2627/574/2628 2633/406/2634 2632/405/2633 2626/573/2627
f 2628/569/2624 2634/401/2630 2633/406/2634 2627/574/2628
f 2635/288/2635 2641/519/2636 2646/520/2637 2640/291/2638
f 2636/292/2639 2642/521/2640 2641/522/2636 2635/295/2635
f 2637/296/2641 2643/523/2642 2642/521/2640 2636/292/2639
f 2638/298/2643 2644/524/2644 2643/523/2642 2637/296/2641
f 2639/300/2645 2645/525/2646 2644/524/2644 2638/298/2643
f 2640/291/2638 2646/520/2637 2645/525/2646 2639/300/2645
f 2641/519/2636 2647/526/2647 2652/527/2648 2646/520/2637
f 2642/521/2640 2648/528/2649 2647/529/2647 2641/522/2636
f 2643/523/2642 2649/530/2650 2648/528/2649 2642/521/2640
f 2644/524/2644 2650/531/2651 2649/530/2650 2643/523/2642
f 2645/525/2646 2651/532/2652 2650/531/2651 2644/524/2644
f 2646/520/2637 2652/527/2648 2651/532/2652 2645/525/2646
f 2647/526/2647 2653/533/2653 2658/534/2654 2652/527/2648
f 2648/528/2649 2654/535/2655 2653/536/2653 2647/529/2647
f 2649/530/2650 2655/537/2656 2654/535/2655 2648/528/2649
f 2650/531/2651 2656/538/2657 2655/537/2656 2649/530/2650
f 2651/532/2652 2657/539/2658 2656/538/2657 2650/531/2651
f 2652/527/2648 2658/534/2654 2657/539/2658 2651/532/2652
f 2653/533/2653 2659/540/2659 2664/541/2660 2658/534/2654
f 2654/535/2655 2660/542/2661 2659/543/2659 2653/536/2653
f 2655/537/2656 2661/544/2662 2660/542/2661 2654/535/2655
f 2656/538/2657 2662/545/2663 2661/544/2662 2655/537/2656
f 2657/539/2658 2663/546/2664 2662/545/2663 2656/538/2657
f 2658/534/2654 2664/541/2660 2663/546/2664 2657/539/2658
f 2659/540/2659 2665/344/2665 2670/345/2666 2664/541/2660
f 2660/542/2661 2666/346/2667 2665/347/2665 2659/543/2659
f 2661/544/2662 2667/348/2668 2666/346/2667 2660/542/2661
f 2662/545/2663 2668/349/2669 2667/348/2668 2661/544/2662
f 2663/546/2664 2669/350/2670 2668/349/2669 2662/545/2663
f 2664/541/2660 2670/345/2666 2669/350/2670 2663/546/2664
f 2665/344/2665 2671/547/2671 2676/548/2672 2670/345/2666
f 2666/346/2667 2672/549/2673 2671/550/2671 2665/347/2665
f 2667/348/2668 2673/551/2674 2672/549/2673 2666/346/2667
f 2668/349/2669 2674/552/2675 2673/551/2674 2667/348/2668
f 2669/350/2670 2675/553/2676 2674/552/2675 2668/349/2669
f 2670/345/2666 2676/548/2672 2675/553/2676 2669/350/2670
f 2671/547/2671 2677/554/2677 2682/555/2678 2676/548/2672
f 2672/549/2673 2678/556/2679 2677/557/2677 2671/550/2671
f 2673/551/2674 2679/558/2680 2678/556/2679 2672/549/2673
f 2674/552/2675 2680/559/2681 2679/558/2680 2673/551/2674
f 2675/553/2676 2681/560/2682 2680/559/2681 2674/552/2675
f 2676/548/2672 2682/555/2678 2681/560/2682 2675/553/2676
f 2677/554/2677 2683/561/2683 2688/562/2684 2682/555/2678
f 2678/556/2679 2684/563/2685 2683/564/2683 2677/557/2677
f 2679/558/2680 2685/565/2686 2684/563/2685 2678/556/2679
f 2680/559/2681 2686/566/2687 2685/565/2686 2679/558/2680
f 2681/560/2682 2687/567/2688 2686/566/2687 2680/559/2681
f 2682/555/2678 2688/562/2684 2687/567/2688 2681/560/2682
f 2683/561/2683 2689/568/2689 2694/569/2690 2688/562/2684
f 2684/563/2685 2690/570/2691 2689/571/2689 2683/564/2683
f 2685/565/2686 2691/572/2692 2690/570/2691 2684/563/2685
f 2686/566/2687 2692/573/2693 2691/572/2692 2685/565/2686
f 2687/567/2688 2693/574/2694 2692/573/2693 2686/566/2687
f 2688/562/2684 2694/569/2690 2693/574/2694 2687/567/2688
f 2689/568/2689 2695/400/2695 2700/401/2696 2694/569/2690
f 2690/570/2691 2696/402/2697 2695/403/2695 2689/571/2689
f 2691/572/2692 2697/404/2698 2696/402/2697 2690/570/2691
f 2692/573/2693 2698/405/2699 2697/404/2698 2691/572/2692
f 2693/574/2694 2699/406/2700 2698/405/2699 2692/573/2693
f 2694/569/2690 2700/401/2696 2699/406/2700 2693/574/2694
f 2701/288/2701 2707/519/2702 2712/520/2703 2706/291/2704
f 2702/292/2705 2708/521/2706 2707/522/2702 2701/295/2701
f 2703/296/2707 2709/523/2708 2708/521/2706 2702/292/2705
f 2704/298/2709 2710/524/2710 2709/523/2708 2703/296/2707
f 2705/300/2711 2711/525/2712 2710/524/2710 2704/298/2709
f 2706/291/2704 2712/520/2703 2711/525/2712 2705/300/2711
f 2707/519/2702 2713/526/2713 2718/527/2714 2712/520/2703
f 2708/521/2706 2714/528/2715 2713/529/2713 2707/522/2702
f 2709/523/2708 2715/530/2716 2714/528/2715 2708/521/2706
f 2710/524/2710 2716/531/2717 2715/530/2716 2709/523/2708
f 2711/525/2712 2717/532/2718 2716/531/2717 2710/524/2710
f 2712/520/2703 2718/527/2714 2717/532/2718 2711/525/2712
f 2713/526/2713 2719/533/2719 2724/534/2720 2718/527/2714
f 2714/528/2715 2720/535/2721 2719/536/2719 2713/529/2713
f 2715/530/2716 2721/537/2722 2720/535/2721 2714/528/2715
f 2716/531/2717 2722/538/2723 2721/537/2722 2715/530/2716
f 2717/532/2718 2723/539/2724 2722/538/2723 2716/531/2717
f 2718/527/2714 2724/534/2720 2723/539/2724 2717/532/2718
f 2719/533/2719 2725/540/2725 2730/541/2726 2724/534/2720
f 2720/535/2721 2726/542/2727 2725/543/2725 2719/536/2719
f 2721/537/2722 2727/544/2728 2726/542/2727 2720/535/2721
f 2722/538/2723 2728/545/2729 2727/544/2728 2721/537/2722
f 2723/539/2724 2729/546/2730 2728/545/2729 2722/538/2723
f 2724/534/2720 2730/541/2726 2729/546/2730 2723/539/2724
f 2725/540/2725 2731/344/2731 2736/345/2732 2730/541/2726
f 2726/542/2727 2732/346/2733 2731/347/2731 2725/543/2725
f 2727/544/2728 2733/348/2734 2732/346/2733 2726/542/2727
f 2728/545/2729 2734/349/2735 2733/348/2734 2727/544/2728
f 2729/546/2730 2735/350/2736 2734/349/2735 2728/545/2729
f 2730/541/2726 2736/345/2732 2735/350/2736 2729/546/2730
f 2731/344/2731 2737/547/2737 2742/548/2738 2736/345/2732
f 2732/346/2733 2738/549/2739 2737/550/2737 2731/347/2731
f 2733/348/2734 2739/551/2740 2738/549/2739 2732/346/2733
f 2734/349/2735 2740/552/2741 2739/551/2740 2733/348/2734
f 2735/350/2736 2741/553/2742 2740/552/2741 2734/349/2735
f 2736/345/2732 2742/548/2738 2741/553/2742 2735/350/2736
f 2737/547/2737 2743/554/2743 2748/555/2744 2742/548/2738
f 2738/549/2739 2744/556/2745 2743/557/2743 2737/550/2737
f 2739/551/2740 2745/558/2746 2744/556/2745 2738/549/2739
f 2740/552/2741 2746/559/2747 2745/558/2746 2739/551/2740
f 2741/553/2742 2747/560/2748 2746/559/2747 2740/552/2741
f 2742/548/2738 2748/555/2744 2747/560/2748 2741/553/2742
f 2743/554/2743 2749/561/2749 2754/562/2750 2748/555/2744
f 2744/556/2745 2750/563/2751 2749/564/2749 2743/557/2743
f 2745/558/2746 2751/565/2752 2750/563/2751 2744/556/2745
f 2746/559/2747 2752/566/2753 2751/565/2752 2745/558/2746
f 2747/560/2748 2753/567/2754 2752/566/2753 2746/559/2747
f 2748/555/2744 2754/562/2750 2753/567/2754 2747/560/2748
f 2749/561/2749 2755/568/2755 2760/569/2756 2754/562/2750
f 2750/563/2751 2756/570/2757 2755/571/2755 2749/564/2749
f 2751/565/2752 2757/572/2758 2756/570/2757 2750/563/2751
f 2752/566/2753 2758/573/2759 2757/572/2758 2751/565/2752
f 2753/567/2754 2759/574/2760 2758/573/2759 2752/566/2753
f 2754/562/2750 2760/569/2756 2759/574/2760 2753/567/2754
f 2755/568/2755 2761/400/2761 2766/401/2762 2760/569/2756
f 2756/570/2757 2762/402/2763 2761/403/2761 2755/571/2755
f 2757/572/2758 2763/404/2764 2762/402/2763 2756/570/2757
f 2758/573/2759 2764/405/2765 2763/404/2764 2757/572/2758
f 2759/574/2760 2765/406/2766 2764/405/2765 2758/573/2759
f 2760/569/2756 2766/401/2762 2765/406/2766 2759/574/2760
f 2767/288/2767 2773/519/2768 2778/520/2769 2772/291/2770
f 2768/292/2771 2774/521/2772 2773/522/2768 2767/295/2767
f 2769/296/2773 2775/523/2774 2774/521/2772 2768/292/2771
f 2770/298/2775 2776/524/2776 2775/523/2774 2769/296/2773
f 2771/300/2777 2777/525/2778 2776/524/2776 2770/298/2775
f 2772/291/2770 2778/520/2769 2777/525/2778 2771/300/2777
f 2773/519/2768 2779/526/2779 2784/527/2780 2778/520/2769
f 2774/521/2772 2780/528/2781 2779/529/2779 2773/522/2768
f 2775/523/2774 2781/530/2782 2780/528/2781 2774/521/2772
f 2776/524/2776 2782/531/2783 2781/530/2782 2775/523/2774
f 2777/525/2778 2783/532/2784 2782/531/2783 2776/524/2776
f 2778/520/2769 2784/527/2780 2783/532/2784 2777/525/2778
f 2779/526/2779 2785/533/2785 2790/534/2786 2784/527/2780
f 2780/528/2781 2786/535/2787 2785/536/2785 2779/529/2779
f 2781/530/2782 2787/537/2788 2786/535/2787 2780/528/2781
f 2782/531/2783 2788/538/2789 2787/537/2788 2781/530/2782
f 2783/532/2784 2789/539/2790 2788/538/2789 2782/531/2783
f 2784/527/2780 2790/534/2786 2789/539/2790 2783/532/2784
f 2785/533/2785 2791/540/2791 2796/541/2792 2790/534/2786
f 2786/535/2787 2792/542/2793 2791/543/2791 2785/536/2785
f 2787/537/2788 2793/544/2794 2792/542/2793 2786/535/2787
f 2788/538/2789 2794/545/2795 2793/544/2794 2787/537/2788
f 2789/539/2790 2795/546/2796 2794/545/2795 2788/538/2789
f 2790/534/2786 2796/541/2792 2795/546/2796 2789/539/2790
f 2791/540/2791 2797/344/2797 2802/345/2798 2796/541/2792
f 2792/542/2793 2798/346/2799 2797/347/2797 2791/543/2791
f 2793/544/2794 2799/348/2800 2798/346/2799 2792/542/2793
f 2794/545/2795 2800/349/2801 2799/348/2800 2793/544/2794
f 2795/546/2796 2801/350/2802 2800/349/2801 2794/545/2795
f 2796/541/2792 2802/345/2798 2801/350/2802 2795/546/2796
f 2797/344/2797 2803/547/2803 2808/548/2804 2802/345/2798
f 2798/346/2799 2804/549/2805 2803/550/2803 2797/347/2797
f 2799/348/2800 2805/551/2806 2804/549/2805 2798/346/2799
f 2800/349/2801 2806/552/2807 2805/551/2806 2799/348/2800
f 2801/350/2802 2807/553/2808 2806/552/2807 2800/349/2801
f 2802/345/2798 2808/548/2804 2807/553/2808 2801/350/2802
f 2803/547/2803 2809/554/2809 2814/555/2810 2808/548/2804
f 2804/549/2805 2810/556/2811 2809/557/2809 2803/550/2803
f 2805/551/2806 2811/558/2812 2810/556/2811 2804/549/2805
f 2806/552/2807 2812/559/2813 2811/558/2812 2805/551/2806
f 2807/553/2808 2813/560/2814 2812/559/2813 2806/552/2807
f 2808/548/2804 2814/555/2810 2813/560/2814 2807/553/2808
f 2809/554/2809 2815/561/2815 2820/562/2816 2814/555/2810
f 2810/556/2811 2816/563/2817 2815/564/2815 2809/557/2809
f 2811/558/2812 2817/565/2818 2816/563/2817 2810/556/2811
f 2812/559/2813 2818/566/2819 2817/565/2818 2811/558/2812
f 2813/560/2814 2819/567/2820 2818/566/2819 2812/559/2813
f 2814/555/2810 2820/562/2816 2819/567/2820 2813/560/2814
f 2815/561/2815 2821/568/2821 2826/569/2822 2820/562/2816
f 2816/563/2817 2822/570/2823 2821/571/2821 2815/564/2815
f 2817/565/2818 2823/572/2824 2822/570/2823 2816/563/2817
f 2818/566/2819 2824/573/2825 2823/572/2824 2817/565/2818
f 2819/567/2820 2825/574/2826 2824/573/2825 2818/566/2819
f 2820/562/2816 2826/569/2822 2825/574/2826 2819/567/2820
f 2821/568/2821 2827/400/2827 2832/401/2828 2826/569/2822
f 2822/570/2823 2828/402/2829 2827/403/2827 2821/571/2821
f 2823/572/2824 2829/404/2830 2828/402/2829 2822/570/2823
f 2824/573/2825 2830/405/2831 2829/404/2830 2823/572/2824
f 2825/574/2826 2831/406/2832 2830/405/2831 2824/573/2825
f 2826/569/2822 2832/401/2828 2831/406/2832 2825/574/2826
f 2833/288/2833 2839/519/2834 2844/520/2835 2838/291/2836
f 2834/292/2837 2840/521/2838 2839/522/2834 2833/295/2833
f 2835/296/2839 2841/523/2840 2840/521/2838 2834/292/2837
f 2836/298/2841 2842/524/2842 2841/523/2840 2835/296/2839
f 2837/300/2843 2843/525/2844 2842/524/2842 2836/298/2841
f 2838/291/2836 2844/520/2835 2843/525/2844 2837/300/2843
f 2839/519/2834 2845/526/2845 2850/527/2846 2844/520/2835
f 2840/521/2838 2846/528/2847 2845/529/2845 2839/522/2834
f 2841/523/2840 2847/530/2848 2846/528/2847 2840/521/2838
f 2842/524/2842 2848/531/2849 2847/530/2848 2841/523/2840
f 2843/525/2844 2849/532/2850 2848/531/2849 2842/524/2842
f 2844/520/2835 2850/527/2846 2849/532/2850 2843/525/2844
f 2845/526/2845 2851/533/2851 2856/534/2852 2850/527/2846
f 2846/528/2847 2852/535/2853 2851/536/2851 2845/529/2845
f 2847/530/2848 2853/537/2854 2852/535/2853 2846/528/2847
f 2848/531/2849 2854/538/2855 2853/537/2854 2847/530/2848
f 2849/532/2850 2855/539/2856 2854/538/2855 2848/531/2849
f 2850/527/2846 2856/534/2852 2855/539/2856 2849/532/2850
f 2851/533/2851 2857/540/2857 2862/541/2858 2856/534/2852
f 2852/535/2853 2858/542/2859 2857/543/2857 2851/536/2851
f 2853/537/2854 2859/544/2860 2858/542/2859 2852/535/2853
f 2854/538/2855 2860/545/2861 2859/544/2860 2853/537/2854
f 2855/539/2856 2861/546/2862 2860/545/2861 2854/538/2855
f 2856/534/2852 2862/541/2858 2861/546/2862 2855/539/2856
f 2857/540/2857 2863/344/2863 2868/345/2864 2862/541/2858
f 2858/542/2859 2864/346/2865 2863/347/2863 2857/543/2857
f 2859/544/2860 2865/348/2866 2864/346/2865 2858/542/2859
f 2860/545/2861 2866/349/2867 2865/348/2866 2859/544/2860
f 2861/546/2862 2867/350/2868 2866/349/2867 2860/545/2861
f 2862/541/2858 2868/345/2864 2867/350/2868 2861/546/2862
f 2863/344/2863 2869/547/2869 2874/548/2870 2868/345/2864
f 2864/346/2865 2870/549/2871 2869/550/2869 2863/347/2863
f 2865/348/2866 2871/551/2872 2870/549/2871 2864/346/2865
f 2866/349/2867 2872/552/2873 2871/551/2872 2865/348/2866
f 2867/350/2868 2873/553/2874 2872/552/2873 2866/349/2867
f 2868/345/2864 2874/548/2870 2873/553/2874 2867/350/2868
f 2869/547/2869 2875/554/2875 2880/555/2876 2874/548/2870
f 2870/549/2871 2876/556/2877 2875/557/2875 2869/550/2869
f 2871/551/2872 2877/558/2878 2876/556/2877 2870/549/2871
f 2872/552/2873 2878/559/2879 2877/558/2878 2871/551/2872
f 2873/553/2874 2879/560/2880 2878/559/2879 2872/552/2873
f 2874/548/2870 2880/555/2876 2879/560/2880 2873/553/2874
f 2875/554/2875 2881/561/2881 2886/562/2882 2880/555/2876
f 2876/556/2877 2882/563/2883 2881/564/2881 2875/557/2875
f 2877/558/2878 2883/565/2884 2882/563/2883 2876/556/2877
f 2878/559/2879 2884/566/2885 2883/565/2884 2877/558/2878
f 2879/560/2880 2885/567/2886 2884/566/2885 2878/559/2879
f 2880/555/2876 2886/562/2882 2885/567/2886 2879/560/2880
f 2881/561/2881 2887/568/2887 2892/569/2888 2886/562/2882
f 2882/563/2883 2888/570/2889 2887/571/2887 2881/564/2881
f 2883/565/2884 2889/572/2890 2888/570/2889 2882/563/2883
f 2884/566/2885 2890/573/2891 2889/572/2890 2883/565/2884
f 2885/567/2886 2891/574/2892 2890/573/2891 2884/566/2885
f 2886/562/2882 2892/569/2888 2891/574/2892 2885/567/2886
f 2887/568/2887 2893/400/2893 2898/401/2894 2892/569/2888
f 2888/570/2889 2894/402/2895 2893/403/2893 2887/571/2887
f 2889/572/2890 2895/404/2896 2894/402/2895 2888/570/2889
f 2890/573/2891 2896/405/2897 2895/404/2896 2889/572/2890
f 2891/574/2892 2897/406/2898 2896/405/2897 2890/573/2891
f 2892/569/2888 2898/401/2894 2897/406/2898 2891/574/2892
f 2899/288/2899 2905/519/2900 2910/520/2901 2904/291/2902
f 2900/292/2903 2906/521/2904 2905/522/2900 2899/295/2899
f 2901/296/2905 2907/523/2906 2906/521/2904 2900/292/2903
f 2902/298/2907 2908/524/2908 2907/523/2906 2901/296/2905
f 2903/300/2909 2909/525/2910 2908/524/2908 2902/298/2907
f 2904/291/2902 2910/520/2901 2909/525/2910 2903/300/2909
f 2905/519/2900 2911/526/2911 2916/527/2912 2910/520/2901
f 2906/521/2904 2912/528/2913 2911/529/2911 2905/522/2900
f 2907/523/2906 2913/530/2914 2912/528/2913 2906/521/2904
f 2908/524/2908 2914/531/2915 2913/530/2914 2907/523/2906
f 2909/525/2910 2915/532/2916 2914/531/2915 2908/524/2908
f 2910/520/2901 2916/527/2912 2915/532/2916 2909/525/2910
f 2911/526/2911 2917/533/2917 2922/534/2918 2916/527/2912
f 2912/528/2913 2918/535/2919 2917/536/2917 2911/529/2911
f 2913/530/2914 2919/537/2920 2918/535/2919 2912/528/2913
f 2914/531/2915 2920/538/2921 2919/537/2920 2913/530/2914
f 2915/532/2916 2921/539/2922 2920/538/2921 2914/531/2915
f 2916/527/2912 2922/534/2918 2921/539/2922 2915/532/2916
f 2917/533/2917 2923/540/2923 2928/541/2924 2922/534/2918
f 2918/535/2919 2924/542/2925 2923/543/2923 2917/536/2917
f 2919/537/2920 2925/544/2926 2924/542/2925 2918/535/2919
f 2920/538/2921 2926/545/2927 2925/544/2926 2919/537/2920
f 2921/539/2922 2927/546/2928 2926/545/2927 2920/538/2921
f 2922/534/2918 2928/541/2924 2927/546/2928 2921/539/2922
f 2923/540/2923 2929/344/2929 2934/345/2930 2928/541/2924
f 2924/542/2925 2930/346/2931 2929/347/2929 2923/543/2923
f 2925/544/2926 2931/348/2932 2930/346/2931 2924/542/2925
f 2926/545/2927 2932/349/2933 2931/348/2932 2925/544/2926
f 2927/546/2928 2933/350/2934 2932/349/2933 2926/545/2927
f 2928/541/2924 2934/345/2930 2933/350/2934 2927/546/2928
f 2929/344/2929 2935/547/2935 2940/548/2936 2934/345/2930
f 2930/346/2931 2936/549/2937 2935/550/2935 2929/347/2929
f 2931/348/2932 2937/551/2938 2936/549/2937 2930/346/2931
f 2932/349/2933 2938/552/2939 2937/551/2938 2931/348/2932
f 2933/350/2934 2939/553/2940 2938/552/2939 2932/349/2933
f 2934/345/2930 2940/548/2936 2939/553/2940 2933/350/2934
f 2935/547/2935 2941/554/2941 2946/555/2942 2940/548/2936
f 2936/549/2937 2942/556/2943 2941/557/2941 2935/550/2935
f 2937/551/2938 2943/558/2944 2942/556/2943 2936/549/2937
f 2938/552/2939 2944/559/2945 2943/558/2944 2937/551/2938
f 2939/553/2940 2945/560/2946 2944/559/2945 2938/552/2939
f 2940/548/2936 2946/555/2942 2945/560/2946 2939/553/2940
f 2941/554/2941 2947/561/2947 2952/562/2948 2946/555/2942
f 2942/556/2943 2948/563/2949 2947/564/2947 2941/557/2941
f 2943/558/2944 2949/565/2950 2948/563/2949 2942/556/2943
f 2944/559/2945 2950/566/2951 2949/565/2950 2943/558/2944
f 2945/560/2946 2951/567/2952 2950/566/2951 2944/559/2945
f 2946/555/2942 2952/562/2948 2951/567/2952 2945/560/2946
f 2947/561/2947 2953/568/2953 2958/569/2954 2952/562/2948
f 2948/563/2949 2954/570/2955 2953/571/2953 2947/564/2947
f 2949/565/2950 2955/572/2956 2954/570/2955 2948/563/2949
f 2950/566/2951 2956/573/2957 2955/572/2956 2949/565/2950
f 2951/567/2952 2957/574/2958 2956/573/2957 2950/566/2951
f 2952/562/2948 2958/569/2954 2957/574/2958 2951/567/2952
f 2953/568/2953 2959/400/2959 2964/401/2960 2958/569/2954
f 2954/570/2955 2960/402/2961 2959/403/2959 2953/571/2953
f 2955/572/2956 2961/404/2962 2960/402/2961 2954/570/2955
f 2956/573/2957 2962/405/2963 2961/404/2962 2955/572/2956
f 2957/574/2958 2963/406/2964 2962/405/2963 2956/573/2957
f 2958/569/2954 2964/401/2960 2963/406/2964 2957/574/2958
f 2965/288/2965 2971/519/2966 2976/520/2967 2970/291/2968
f 2966/292/2969 2972/521/2970 2971/522/2966 2965/295/2965
f 2967/296/2971 2973/523/2972 2972/521/2970 2966/292/2969
f 2968/298/2973 2974/524/2974 2973/523/2972 2967/296/2971
f 2969/300/2975 2975/525/2976 2974/524/2974 2968/298/2973
f 2970/291/2968 2976/520/2967 2975/525/2976 2969/300/2975
f 2971/519/2966 2977/526/2977 2982/527/2978 2976/520/2967
f 2972/521/2970 2978/528/2979 2977/529/2977 2971/522/2966
f 2973/523/2972 2979/530/2980 2978/528/2979 2972/521/2970
f 2974/524/2974 2980/531/2981 2979/530/2980 2973/523/2972
f 2975/525/2976 2981/532/2982 2980/531/2981 2974/524/2974
f 2976/520/2967 2982/527/2978 2981/532/2982 2975/525/2976
f 2977/526/2977 2983/533/2983 2988/534/2984 2982/527/2978
f 2978/528/2979 2984/535/2985 2983/536/2983 2977/529/2977
f 2979/530/2980 2985/537/2986 2984/535/2985 2978/528/2979
f 2980/531/2981 2986/538/2987 2985/537/2986 2979/530/2980
f 2981/532/2982 2987/539/2988 2986/538/2987 2980/531/2981
f 2982/527/2978 2988/534/2984 2987/539/2988 2981/532/2982
f 2983/533/2983 2989/540/2989 2994/541/2990 2988/534/2984
f 2984/535/2985 2990/542/2991 2989/543/2989 2983/536/2983
f 2985/537/2986 2991/544/2992 2990/542/2991 2984/535/2985
f 2986/538/2987 2992/545/2993 2991/544/2992 2985/537/2986
f 2987/539/2988 2993/546/2994 2992/545/2993 2986/538/2987
f 2988/534/2984 2994/541/2990 2993/546/2994 2987/539/2988
f 2989/540/2989 2995/344/2995 3000/345/2996 2994/541/2990
f 2990/542/2991 2996/346/2997 2995/347/2995 2989/543/2989
f 2991/544/2992 2997/348/2998 2996/346/2997 2990/542/2991
f 2992/545/2993 2998/349/2999 2997/348/2998 2991/544/2992
f 2993/546/2994 2999/350/3000 2998/349/2999 2992/545/2993
f 2994/541/2990 3000/345/2996 2999/350/3000 2993/546/2994
f 2995/344/2995 3001/547/3001 3006/548/3002 3000/345/2996
f 2996/346/2997 3002/549/3003 3001/550/3001 2995/347/2995
f 2997/348/2998 3003/551/3004 3002/549/3003 2996/346/2997
f 2998/349/2999 3004/552/3005 3003/551/3004 2997/348/2998
f 2999/350/3000 3005/553/3006 3004/552/3005 2998/349/2999
f 3000/345/2996 3006/548/3002 3005/553/3006 2999/350/3000
f 3001/547/3001 3007/554/3007 3012/555/3008 3006/548/3002
f 3002/549/3003 3008/556/3009 3007/557/3007 3001/550/3001
f 3003/551/3004 3009/558/3010 3008/556/3009 3002/549/3003
f 3004/552/3005 3010/559/3011 3009/558/3010 3003/551/3004
f 3005/553/3006 3011/560/3012 3010/559/3011 3004/552/3005
f 3006/548/3002 3012/555/3008 3011/560/3012 3005/553/3006
f 3007/554/3007 3013/561/3013 3018/562/3014 3012/555/3008
f 3008/556/3009 3014/563/3015 3013/564/3013 3007/557/3007
f 3009/558/3010 3015/565/3016 3014/563/3015 3008/556/3009
f 3010/559/3011 3016/566/3017 3015/565/3016 3009/558/3010
f 3011/560/3012 3017/567/3018 3016/566/3017 3010/559/3011
f 3012/555/3008 3018/562/3014 3017/567/3018 3011/560/3012
f 3013/561/3013 3019/568/3019 3024/569/3020 3018/562/3014
f 3014/563/3015 3020/570/3021 3019/571/3019 3013/564/3013
f 3015/565/3016 3021/572/3022 3020/570/3021 3014/563/3015
f 3016/566/3017 3022/573/3023 3021/572/3022 3015/565/3016
f 3017/567/3018 3023/574/3024 3022/573/3023 3016/566/3017
f 3018/562/3014 3024/569/3020 3023/574/3024 3017/567/3018
f 3019/568/3019 3025/400/3025 3030/401/3026 3024/569/3020
f 3020/570/3021 3026/402/3027 3025/403/3025 3019/571/3019
f 3021/572/3022 3027/404/3028 3026/402/3027 3020/570/3021
f 3022/573/3023 3028/405/3029 3027/404/3028 3021/572/3022
f 3023/574/3024 3029/406/3030 3028/405/3029 3022/573/3023
f 3024/569/3020 3030/401/3026 3029/406/3030 3023/574/3024
f 3031/288/3031 3037/519/3032 3042/520/3033 3036/291/3034
f 3032/292/3035 3038/521/3036 3037/522/3032 3031/295/3031
f 3033/296/3037 3039/523/3038 3038/521/3036 3032/292/3035
f 3034/298/3039 3040/524/3040 3039/523/3038 3033/296/3037
f 3035/300/3041 3041/525/3042 3040/524/3040 3034/298/3039
f 3036/291/3034 3042/520/3033 3041/525/3042 3035/300/3041
f 3037/519/3032 3043/526/3043 3048/527/3044 3042/520/3033
f 3038/521/3036 3044/528/3045 3043/529/3043 3037/522/3032
f 3039/523/3038 3045/530/3046 3044/528/3045 3038/521/3036
f 3040/524/3040 3046/531/3047 3045/530/3046 3039/523/3038
f 3041/525/3042 3047/532/3048 3046/531/3047 3040/524/3040
f 3042/520/3033 3048/527/3044 3047/532/3048 3041/525/3042
f 3043/526/3043 3049/533/3049 3054/534/3050 3048/527/3044
f 3044/528/3045 3050/535/3051 3049/536/3049 3043/529/3043
f 3045/530/3046 3051/537/3052 3050/535/3051 3044/528/3045
f 3046/531/3047 3052/538/3053 3051/537/3052 3045/530/3046
f 3047/532/3048 3053/539/3054 3052/538/3053 3046/531/3047
f 3048/527/3044 3054/534/3050 3053/539/3054 3047/532/3048
f 3049/533/3049 3055/540/3055 3060/541/3056 3054/534/3050
f 3050/535/3051 3056/542/3057 3055/543/3055 3049/536/3049
f 3051/537/3052 3057/544/3058 3056/542/3057 3050/535/3051
f 3052/538/3053 3058/545/3059 3057/544/3058 3051/537/3052
f 3053/539/3054 3059/546/3060 3058/545/3059 3052/538/3053
f 3054/534/3050 3060/541/3056 3059/546/3060 3053/539/3054
f 3055/540/3055 3061/344/3061 3066/345/3062 3060/541/3056
f 3056/542/3057 3062/346/3063 3061/347/3061 3055/543/3055
f 3057/544/3058 3063/348/3064 3062/346/3063 3056/542/3057
f 3058/545/3059 3064/349/3065 3063/348/3064 3057/544/3058
f 3059/546/3060 3065/350/3066 3064/349/3065 3058/545/3059
f 3060/541/3056 3066/345/3062 3065/350/3066 3059/546/3060
f 3061/344/3061 3067/547/3067 3072/548/3068 3066/345/3062
f 3062/346/3063 3068/549/3069 3067/550/3067 3061/347/3061
f 3063/348/3064 3069/551/3070 3068/549/3069 3062/346/3063
f 3064/349/3065 3070/552/3071 3069/551/3070 3063/348/3064
f 3065/350/3066 3071/553/3072 3070/552/3071 3064/349/3065
f 3066/345/3062 3072/548/3068 3071/553/3072 3065/350/3066
f 3067/547/3067 3073/554/3073 3078/555/3074 3072/548/3068
f 3068/549/3069 3074/556/3075 3073/557/3073 3067/550/3067
f 3069/551/3070 3075/558/3076 3074/556/3075 3068/549/3069
f 3070/552/3071 3076/559/3077 3075/558/3076 3069/551/3070
f 3071/553/3072 3077/560/3078 3076/559/3077 3070/552/3071
f 3072/548/3068 3078/555/3074 3077/560/3078 3071/553/3072
f 3073/554/3073 3079/561/3079 3084/562/3080 3078/555/3074
f 3074/556/3075 3080/563/3081 3079/564/3079 3073/557/3073
f 3075/558/3076 3081/565/3082 3080/563/3081 3074/556/3075
f 3076/559/3077 3082/566/3083 3081/565/3082 3075/558/3076
f 3077/560/3078 3083/567/3084 3082/566/3083 3076/559/3077
f 3078/555/3074 3084/562/3080 3083/567/3084 3077/560/3078
f 3079/561/3079 3085/568/3085 3090/569/3086 3084/562/3080
f 3080/563/3081 3086/570/3087 3085/571/3085 3079/564/3079
f 3081/565/3082 3087/572/3088 3086/570/3087 3080/563/3081
f 3082/566/3083 3088/573/3089 3087/572/3088 3081/565/3082
f 3083/567/3084 3089/574/3090 3088/573/3089 3082/566/3083
f 3084/562/3080 3090/569/3086 3089/574/3090 3083/567/3084
f 3085/568/3085 3091/400/3091 3096/401/3092 3090/569/3086
f 3086/570/3087 3092/402/3093 3091/403/3091 3085/571/3085
f 3087/572/3088 3093/404/3094 3092/402/3093 3086/570/3087
f 3088/573/3089 3094/405/3095 3093/404/3094 3087/572/3088
f 3089/574/3090 3095/406/3096 3094/405/3095 3088/573/3089
f 3090/569/3086 3096/401/3092 3095/406/3096 3089/574/3090
f 3097/288/3097 3103/519/3098 3108/520/3099 3102/291/3100
f 3098/292/3101 3104/521/3102 3103/522/3098 3097/295/3097
f 3099/296/3103 3105/523/3104 3104/521/3102 3098/292/3101
f 3100/298/3105 3106/524/3106 3105/523/3104 3099/296/3103
f 3101/300/3107 3107/525/3108 3106/524/3106 3100/298/3105
f 3102/291/3100 3108/520/3099 3107/525/3108 3101/300/3107
f 3103/519/3098 3109/526/3109 3114/527/3110 3108/520/3099
f 3104/521/3102 3110/528/3111 3109/529/3109 3103/522/3098
f 3105/523/3104 3111/530/3112 3110/528/3111 3104/521/3102
f 3106/524/3106 3112/531/3113 3111/530/3112 3105/523/3104
f 3107/525/3108 3113/532/3114 3112/531/3113 3106/524/3106
f 3108/520/3099 3114/527/3110 3113/532/3114 3107/525/3108
f 3109/526/3109 3115/533/3115 3120/534/3116 3114/527/3110
f 3110/528/3111 3116/535/3117 3115/536/3115 3109/529/3109
f 3111/530/3112 3117/537/3118 3116/535/3117 3110/528/3111
f 3112/531/3113 3118/538/3119 3117/537/3118 3111/530/3112
f 3113/532/3114 3119/539/3120 3118/538/3119 3112/531/3113
f 3114/527/3110 3120/534/3116 3119/539/3120 3113/532/3114
f 3115/533/3115 3121/540/3121 3126/541/3122 3120/534/3116
f 3116/535/3117 3122/542/3123 3121/543/3121 3115/536/3115
f 3117/537/3118 3123/544/3124 3122/542/3123 3116/535/3117
f 3118/538/3119 3124/545/3125 3123/544/3124 3117/537/3118
f 3119/539/3120 3125/546/3126 3124/545/3125 3118/538/3119
f 3120/534/3116 3126/541/3122 3125/546/3126 3119/539/3120
f 3121/540/3121 3127/344/3127 3132/345/3128 3126/541/3122
f 3122/542/3123 3128/346/3129 3127/347/3127 3121/543/3121
f 3123/544/3124 3129/348/3130 3128/346/3129 3122/542/3123
f 3124/545/3125 3130/349/3131 3129/348/3130 3123/544/3124
f 3125/546/3126 3131/350/3132 3130/349/3131 3124/545/3125
f 3126/541/3122 3132/345/3128 3131/350/3132 3125/546/3126
f 3127/344/3127 3133/547/3133 3138/548/3134 3132/345/3128
f 3128/346/3129 3134/549/3135 3133/550/3133 3127/347/3127
f 3129/348/3130 3135/551/3136 3134/549/3135 3128/346/3129
f 3130/349/3131 3136/552/3137 3135/551/3136 3129/348/3130
f 3131/350/3132 3137/553/3138 3136/552/3137 3130/349/3131
f 3132/345/3128 3138/548/3134 3137/553/3138 3131/350/3132
f 3133/547/3133 3139/554/3139 3144/555/3140 3138/548/3134
f 3134/549/3135 3140/556/3141 3139/557/3139 3133/550/3133
f 3135/551/3136 3141/558/3142 3140/556/3141 3134/549/3135
f 3136/552/3137 3142/559/3143 3141/558/3142 3135/551/3136
f 3137/553/3138 3143/560/3144 3142/559/3143 3136/552/3137
f 3138/548/3134 3144/555/3140 3143/560/3144 3137/553/3138
f 3139/554/3139 3145/561/3145 3150/562/3146 3144/555/3140
f 3140/556/3141 3146/563/3147 3145/564/3145 3139/557/3139
f 3141/558/3142 3147/565/3148 3146/563/3147 3140/556/3141
f 3142/559/3143 3148/566/3149 3147/565/3148 3141/558/3142
f 3143/560/3144 3149/567/3150 3148/566/3149 3142/559/3143
f 3144/555/3140 3150/562/3146 3149/567/3150 3143/560/3144
f 3145/561/3145 3151/568/3151 3156/569/3152 3150/562/3146
f 3146/563/3147 3152/570/3153 3151/571/3151 3145/564/3145
f 3147/565/3148 3153/572/3154 3152/570/3153 3146/563/3147
f 3148/566/3149 3154/573/3155 3153/572/3154 3147/565/3148
f 3149/567/3150 3155/574/3156 3154/573/3155 3148/566/3149
f 3150/562/3146 3156/569/3152 3155/574/3156 3149/567/3150
f 3151/568/3151 3157/400/3157 3162/401/3158 3156/569/3152
f 3152/570/3153 3158/402/3159 3157/403/3157 3151/571/3151
f 3153/572/3154 3159/404/3160 3158/402/3159 3152/570/3153
f 3154/573/3155 3160/405/3161 3159/404/3160 3153/572/3154
f 3155/574/3156 3161/406/3162 3160/405/3161 3154/573/3155
f 3156/569/3152 3162/401/3158 3161/406/3162 3155/574/3156
f 3163/288/3163 3169/519/3164 3174/520/3165 3168/291/3166
f 3164/292/3167 3170/521/3168 3169/522/3164 3163/295/3163
f 3165/296/3169 3171/523/3170 3170/521/3168 3164/292/3167
f 3166/298/3171 3172/524/3172 3171/523/3170 3165/296/3169
f 3167/300/3173 3173/525/3174 3172/524/3172 3166/298/3171
f 3168/291/3166 3174/520/3165 3173/525/3174 3167/300/3173
f 3169/519/3164 3175/526/3175 3180/527/3176 3174/520/3165
f 3170/521/3168 3176/528/3177 3175/529/3175 3169/522/3164
f 3171/523/3170 3177/530/3178 3176/528/3177 3170/521/3168
f 3172/524/3172 3178/531/3179 3177/530/3178 3171/523/3170
f 3173/525/3174 3179/532/3180 3178/531/3179 3172/524/3172
f 3174/520/3165 3180/527/3176 3179/532/3180 3173/525/3174
f 3175/526/3175 3181/533/3181 3186/534/3182 3180/527/3176
f 3176/528/3177 3182/535/3183 3181/536/3181 3175/529/3175
f 3177/530/3178 3183/537/3184 3182/535/3183 3176/528/3177
f 3178/531/3179 3184/538/3185 3183/537/3184 3177/530/3178
f 3179/532/3180 3185/539/3186 3184/538/3185 3178/531/3179
f 3180/527/3176 3186/534/3182 3185/539/3186 3179/532/3180
f 3181/533/3181 3187/540/3187 3192/541/3188 3186/534/3182
f 3182/535/3183 3188/542/3189 3187/543/3187 3181/536/3181
f 3183/537/3184 3189/544/3190 3188/542/3189 3182/535/3183
f 3184/538/3185 3190/545/3191 3189/544/3190 3183/537/3184
f 3185/539/3186 3191/546/3192 3190/545/3191 3184/538/3185
f 3186/534/3182 3192/541/3188 3191/546/3192 3185/539/3186
f 3187/540/3187 3193/344/3193 3198/345/3194 3192/541/3188
f 3188/542/3189 3194/346/3195 3193/347/3193 3187/543/3187
f 3189/544/3190 3195/348/3196 3194/346/3195 3188/542/3189
f 3190/545/3191 3196/349/3197 3195/348/3196 3189/544/3190
f 3191/546/3192 3197/350/3198 3196/349/3197 3190/545/3191
f 3192/541/3188 3198/345/3194 3197/350/3198 3191/546/3192
f 3193/344/3193 3199/547/3199 3204/548/3200 3198/345/3194
f 3194/346/3195 3200/549/3201 3199/550/3199 3193/347/3193
f 3195/348/3196 3201/551/3202 3200/549/3201 3194/346/3195
f 3196/349/3197 3202/552/3203 3201/551/3202 3195/348/3196
f 3197/350/3198 3203/553/3204 3202/552/3203 3196/349/3197
f 3198/345/3194 3204/548/3200 3203/553/3204 3197/350/3198
f 3199/547/3199 3205/554/3205 3210/555/3206 3204/548/3200
f 3200/549/3201 3206/556/3207 3205/557/3205 3199/550/3199
f 3201/551/3202 3207/558/3208 3206/556/3207 3200/549/3201
f 3202/552/3203 3208/559/3209 3207/558/3208 3201/551/3202
f 3203/553/3204 3209/560/3210 3208/559/3209 3202/552/3203
f 3204/548/3200 3210/555/3206 3209/560/3210 3203/553/3204
f 3205/554/3205 3211/561/3211 3216/562/3212 3210/555/3206
f 3206/556/3207 3212/563/3213 3211/564/3211 3205/557/3205
f 3207/558/3208 3213/565/3214 3212/563/3213 3206/556/3207
f 3208/559/3209 3214/566/3215 3213/565/3214 3207/558/3208
f 3209/560/3210 3215/567/3216 3214/566/3215 3208/559/3209
f 3210/555/3206 3216/562/3212 3215/567/3216 3209/560/3210
f 3211/561/3211 3217/568/3217 3222/569/3218 3216/562/3212
f 3212/563/3213 3218/570/3219 3217/571/3217 3211/564/3211
f 3213/565/3214 3219/572/3220 3218/570/3219 3212/563/3213
f 3214/566/3215 3220/573/3221 3219/572/3220 3213/565/3214
f 3215/567/3216 3221/574/3222 3220/573/3221 3214/566/3215
f 3216/562/3212 3222/569/3218 3221/574/3222 3215/567/3216
f 3217/568/3217 3223/400/3223 3228/401/3224 3222/569/3218
f 3218/570/3219 3224/402/3225 3223/403/3223 3217/571/3217
f 3219/572/3220 3225/404/3226 3224/402/3225 3218/570/3219
f 3220/573/3221 3226/405/3227 3225/404/3226 3219/572/3220
f 3221/574/3222 3227/406/3228 3226/405/3227 3220/573/3221
f 3222/569/3218 3228/401/3224 3227/406/3228 3221/574/3222
f 3229/288/3229 3235/519/3230 3240/520/3231 3234/291/3232
f 3230/292/3233 3236/521/3234 3235/522/3230 3229/295/3229
f 3231/296/3235 3237/523/3236 3236/521/3234 3230/292/3233
f 3232/298/3237 3238/524/3238 3237/523/3236 3231/296/3235
f 3233/300/3239 3239/525/3240 3238/524/3238 3232/298/3237
f 3234/291/3232 3240/520/3231 3239/525/3240 3233/300/3239
f 3235/519/3230 3241/526/3241 3246/527/3242 3240/520/3231
f 3236/521/3234 3242/528/3243 3241/529/3241 3235/522/3230
f 3237/523/3236 3243/530/3244 3242/528/3243 3236/521/3234
f 3238/524/3238 3244/531/3245 3243/530/3244 3237/523/3236
f 3239/525/3240 3245/532/3246 3244/531/3245 3238/524/3238
f 3240/520/3231 3246/527/3242 3245/532/3246 3239/525/3240
f 3241/526/3241 3247/533/3247 3252/534/3248 3246/527/3242
f 3242/528/3243 3248/535/3249 3247/536/3247 3241/529/3241
f 3243/530/3244 3249/537/3250 3248/535/3249 3242/528/3243
f 3244/531/3245 3250/538/3251 3249/537/3250 3243/530/3244
f 3245/532/3246 3251/539/3252 3250/538/3251 3244/531/3245
f 3246/527/3242 3252/534/3248 3251/539/3252 3245/532/3246
f 3247/533/3247 3253/540/3253 3258/541/3254 3252/534/3248
f 3248/535/3249 3254/542/3255 3253/543/3253 3247/536/3247
f 3249/537/3250 3255/544/3256 3254/542/3255 3248/535/3249
f 3250/538/3251 3256/545/3257 3255/544/3256 3249/537/3250
f 3251/539/3252 3257/546/3258 3256/545/3257 3250/538/3251
f 3252/534/3248 3258/541/3254 3257/546/3258 3251/539/3252
f 3253/540/3253 3259/344/3259 3264/345/3260 3258/541/3254
f 3254/542/3255 3260/346/3261 3259/347/3259 3253/543/3253
f 3255/544/3256 3261/348/3262 3260/346/3261 3254/542/3255
f 3256/545/3257 3262/349/3263 3261/348/3262 3255/544/3256
f 3257/546/3258 3263/350/3264 3262/349/3263 3256/545/3257
f 3258/541/3254 3264/345/3260 3263/350/3264 3257/546/3258
f 3259/344/3259 3265/547/3265 3270/548/3266 3264/345/3260
f 3260/346/3261 3266/549/3267 3265/550/3265 3259/347/3259
f 3261/348/3262 3267/551/3268 3266/549/3267 3260/346/3261
f 3262/349/3263 3268/552/3269 3267/551/3268 3261/348/3262
f 3263/350/3264 3269/553/3270 3268/552/3269 3262/349/3263
f 3264/345/3260 3270/548/3266 3269/553/3270 3263/350/3264
f 3265/547/3265 3271/554/3271 3276/555/3272 3270/548/3266
f 3266/549/3267 3272/556/3273 3271/557/3271 3265/550/3265
f 3267/551/3268 3273/558/3274 3272/556/3273 3266/549/3267
f 3268/552/3269 3274/559/3275 3273/558/3274 3267/551/3268
f 3269/553/3270 3275/560/3276 3274/559/3275 3268/552/3269
f 3270/548/3266 3276/555/3272 3275/560/3276 3269/553/3270
f 3271/554/3271 3277/561/3277 3282/562/3278 3276/555/3272
f 3272/556/3273 3278/563/3279 3277/564/3277 3271/557/3271
f 3273/558/3274 3279/565/3280 3278/563/3279 3272/556/3273
f 3274/559/3275 3280/566/3281 3279/565/3280 3273/558/3274
f 3275/560/3276 3281/567/3282 3280/566/3281 3274/559/3275
f 3276/555/3272 3282/562/3278 3281/567/3282 3275/560/3276
f 3277/561/3277 3283/568/3283 3288/569/3284 3282/562/3278
f 3278/563/3279 3284/570/3285 3283/571/3283 3277/564/3277
f 3279/565/3280 3285/572/3286 3284/570/3285 3278/563/3279
f 3280/566/3281 3286/573/3287 3285/572/3286 3279/565/3280
f 3281/567/3282 3287/574/3288 3286/573/3287 3280/566/3281
f 3282/562/3278 3288/569/3284 3287/574/3288 3281/567/3282
f 3283/568/3283 3289/400/3289 3294/401/3290 3288/569/3284
f 3284/570/3285 3290/402/3291 3289/403/3289 3283/571/3283
f 3285/572/3286 3291/404/3292 3290/402/3291 3284/570/3285
f 3286/573/3287 3292/405/3293 3291/404/3292 3285/572/3286
f 3287/574/3288 3293/406/3294 3292/405/3293 3286/573/3287
f 3288/569/3284 3294/401/3290 3293/406/3294 3287/574/3288
f 3295/288/3295 3301/519/3296 3306/520/3297 3300/291/3298
f 3296/292/3299 3302/521/3300 3301/522/3296 3295/295/3295
f 3297/296/3301 3303/523/3302 3302/521/3300 3296/292/3299
f 3298/298/3303 3304/524/3304 3303/523/3302 3297/296/3301
f 3299/300/3305 3305/525/3306 3304/524/3304 3298/298/3303
f 3300/291/3298 3306/520/3297 3305/525/3306 3299/300/3305
f 3301/519/3296 3307/526/3307 3312/527/3308 3306/520/3297
f 3302/521/3300 3308/528/3309 3307/529/3307 3301/522/3296
f 3303/523/3302 3309/530/3310 3308/528/3309 3302/521/3300
f 3304/524/3304 3310/531/3311 3309/530/3310 3303/523/3302
f 3305/525/3306 3311/532/3312 3310/531/3311 3304/524/3304
f 3306/520/3297 3312/527/3308 3311/532/3312 3305/525/3306
f 3307/526/3307 3313/533/3313 3318/534/3314 3312/527/3308
f 3308/528/3309 3314/535/3315 3313/536/3313 3307/529/3307
f 3309/530/3310 3315/537/3316 3314/535/3315 3308/528/3309
f 3310/531/3311 3316/538/3317 3315/537/3316 3309/530/3310
f 3311/532/3312 3317/539/3318 3316/538/3317 3310/531/3311
f 3312/527/3308 3318/534/3314 3317/539/3318 3311/532/3312
f 3313/533/3313 3319/540/3319 3324/541/3320 3318/534/3314
f 3314/535/3315 3320/542/3321 3319/543/3319 3313/536/3313
f 3315/537/3316 3321/544/3322 3320/542/3321 3314/535/3315
f 3316/538/3317 3322/545/3323 3321/544/3322 3315/537/3316
f 3317/539/3318 3323/546/3324 3322/545/3323 3316/538/3317
f 3318/534/3314 3324/541/3320 3323/546/3324 3317/539/3318
f 3319/540/3319 3325/344/3325 3330/345/3326 3324/541/3320
f 3320/542/3321 3326/346/3327 3325/347/3325 3319/543/3319
f 3321/544/3322 3327/348/3328 3326/346/3327 3320/542/3321
f 3322/545/3323 3328/349/3329 3327/348/3328 3321/544/3322
f 3323/546/3324 3329/350/3330 3328/349/3329 3322/545/3323
f 3324/541/3320 3330/345/3326 3329/350/3330 3323/546/3324
f 3325/344/3325 3331/547/3331 3336/548/3332 3330/345/3326
f 3326/346/3327 3332/549/3333 3331/550/3331 3325/347/3325
f 3327/348/3328 3333/551/3334 3332/549/3333 3326/346/3327
f 3328/349/3329 3334/552/3335 3333/551/3334 3327/348/3328
f 3329/350/3330 3335/553/3336 3334/552/3335 3328/349/3329
f 3330/345/3326 3336/548/3332 3335/553/3336 3329/350/3330
f 3331/547/3331 3337/554/3337 3342/555/3338 3336/548/3332
f 3332/549/3333 3338/556/3339 3337/557/3337 3331/550/3331
f 3333/551/3334 3339/558/3340 3338/556/3339 3332/549/3333
f 3334/552/3335 3340/559/3341 3339/558/3340 3333/551/3334
f 3335/553/3336 3341/560/3342 3340/559/3341 3334/552/3335
f 3336/548/3332 3342/555/3338 3341/560/3342 3335/553/3336
f 3337/554/3337 3343/561/3343 3348/562/3344 3342/555/3338
f 3338/556/3339 3344/563/3345 3343/564/3343 3337/557/3337
f 3339/558/3340 3345/565/3346 3344/563/3345 3338/556/3339
f 3340/559/3341 3346/566/3347 3345/565/3346 3339/558/3340
f 3341/560/3342 3347/567/3348 3346/566/3347 3340/559/3341
f 3342/555/3338 3348/562/3344 3347/567/3348 3341/560/3342
f 3343/561/3343 3349/568/3349 3354/569/3350 3348/562/3344
f 3344/563/3345 3350/570/3351 3349/571/3349 3343/564/3343
f 3345/565/3346 3351/572/3352 3350/570/3351 3344/563/3345
f 3346/566/3347 3352/573/3353 3351/572/3352 3345/565/3346
f 3347/567/3348 3353/574/3354 3352/573/3353 3346/566/3347
f 3348/562/3344 3354/569/3350 3353/574/3354 3347/567/3348
f 3349/568/3349 3355/400/3355 3360/401/3356 3354/569/3350
f 3350/570/3351 3356/402/3357 3355/403/3355 3349/571/3349
f 3351/572/3352 3357/404/3358 3356/402/3357 3350/570/3351
f 3352/573/3353 3358/405/3359 3357/404/3358 3351/572/3352
f 3353/574/3354 3359/406/3360 3358/405/3359 3352/573/3353
f 3354/569/3350 3360/401/3356 3359/406/3360 3353/574/3354
f 3361/288/3361 3367/519/3362 3372/520/3363 3366/291/3364
f 3362/292/3365 3368/521/3366 3367/522/3362 3361/295/3361
f 3363/296/3367 3369/523/3368 3368/521/3366 3362/292/3365
f 3364/298/3369 3370/524/3370 3369/523/3368 3363/296/3367
f 3365/300/3371 3371/525/3372 3370/524/3370 3364/298/3369
f 3366/291/3364 3372/520/3363 3371/525/3372 3365/300/3371
f 3367/519/3362 3373/526/3373 3378/527/3374 3372/520/3363
f 3368/521/3366 3374/528/3375 3373/529/3373 3367/522/3362
f 3369/523/3368 3375/530/3376 3374/528/3375 3368/521/3366
f 3370/524/3370 3376/531/3377 3375/530/3376 3369/523/3368
f 3371/525/3372 3377/532/3378 3376/531/3377 3370/524/3370
f 3372/520/3363 3378/527/3374 3377/532/3378 3371/525/3372
f 3373/526/3373 3379/533/3379 3384/534/3380 3378/527/3374
f 3374/528/3375 3380/535/3381 3379/536/3379 3373/529/3373
f 3375/530/3376 3381/537/3382 3380/535/3381 3374/528/3375
f 3376/531/3377 3382/538/3383 3381/537/3382 3375/530/3376
f 3377/532/3378 3383/539/3384 3382/538/3383 3376/531/3377
f 3378/527/3374 3384/534/3380 3383/539/3384 3377/532/3378
f 3379/533/3379 3385/540/3385 3390/541/3386 3384/534/3380
f 3380/535/3381 3386/542/3387 3385/543/3385 3379/536/3379
f 3381/537/3382 3387/544/3388 3386/542/3387 3380/535/3381
f 3382/538/3383 3388/545/3389 3387/544/3388 3381/537/3382
f 3383/539/3384 3389/546/3390 3388/545/3389 3382/538/3383
f 3384/534/3380 3390/541/3386 3389/546/3390 3383/539/3384
f 3385/540/3385 3391/344/3391 3396/345/3392 3390/541/3386
f 3386/542/3387 3392/346/3393 3391/347/3391 3385/543/3385
f 3387/544/3388 3393/348/3394 3392/346/3393 3386/542/3387
f 3388/545/3389 3394/349/3395 3393/348/3394 3387/544/3388
f 3389/546/3390 3395/350/3396 3394/349/3395 3388/545/3389
f 3390/541/3386 3396/345/3392 3395/350/3396 3389/546/3390
f 3391/344/3391 3397/547/3397 3402/548/3398 3396/345/3392
f 3392/346/3393 3398/549/3399 3397/550/3397 3391/347/3391
f 3393/348/3394 3399/551/3400 3398/549/3399 3392/346/3393
f 3394/349/3395 3400/552/3401 3399/551/3400 3393/348/3394
f 3395/350/3396 3401/553/3402 3400/552/3401 3394/349/3395
f 3396/345/3392 3402/548/3398 3401/553/3402 3395/350/3396
f 3397/547/3397 3403/554/3403 3408/555/3404 3402/548/3398
f 3398/549/3399 3404/556/3405 3403/557/3403 3397/550/3397
f 3399/551/3400 3405/558/3406 3404/556/3405 3398/549/3399
f 3400/552/3401 3406/559/3407 3405/558/3406 3399/551/3400
f 3401/553/3402 3407/560/3408 3406/559/3407 3400/552/3401
f 3402/548/3398 3408/555/3404 3407/560/3408 3401/553/3402
f 3403/554/3403 3409/561/3409 3414/562/3410 3408/555/3404
f 3404/556/3405 3410/563/3411 3409/564/3409 3403/557/3403
f 3405/558/3406 3411/565/3412 3410/563/3411 3404/556/3405
f 3406/559/3407 3412/566/3413 3411/565/3412 3405/558/3406
f 3407/560/3408 3413/567/3414 3412/566/3413 3406/559/3407
f 3408/555/3404 3414/562/3410 3413/567/3414 3407/560/3408
f 3409/561/3409 3415/568/3415 3420/569/3416 3414/562/3410
f 3410/563/3411 3416/570/3417 3415/571/3415 3409/564/3409
f 3411/565/3412 3417/572/3418 3416/570/3417 3410/563/3411
f 3412/566/3413 3418/573/3419 3417/572/3418 3411/565/3412
f 3413/567/3414 3419/574/3420 3418/573/3419 3412/566/3413
f 3414/562/3410 3420/569/3416 3419/574/3420 3413/567/3414
f 3415/568/3415 3421/400/3421 3426/401/3422 3420/569/3416
f 3416/570/3417 3422/402/3423 3421/403/3421 3415/571/3415
f 3417/572/3418 3423/404/3424 3422/402/3423 3416/570/3417
f 3418/573/3419 3424/405/3425 3423/404/3424 3417/572/3418
f 3419/574/3420 3425/406/3426 3424/405/3425 3418/573/3419
f 3420/569/3416 3426/401/3422 3425/406/3426 3419/574/3420
f 3427/288/3427 3433/519/3428 3438/520/3429 3432/291/3430
f 3428/292/3431 3434/521/3432 3433/522/3428 3427/295/3427
f 3429/296/3433 3435/523/3434 3434/521/3432 3428/292/3431
f 3430/298/3435 3436/524/3436 3435/523/3434 3429/296/3433
f 3431/300/3437 3437/525/3438 3436/524/3436 3430/298/3435
f 3432/291/3430 3438/520/3429 3437/525/3438 3431/300/3437
f 3433/519/3428 3439/526/3439 3444/527/3440 3438/520/3429
f 3434/521/3432 3440/528/3441 3439/529/3439 3433/522/3428
f 3435/523/3434 3441/530/3442 3440/528/3441 3434/521/3432
f 3436/524/3436 3442/531/3443 3441/530/3442 3435/523/3434
f 3437/525/3438 3443/532/3444 3442/531/3443 3436/524/3436
f 3438/520/3429 3444/527/3440 3443/532/3444 3437/525/3438
f 3439/526/3439 3445/533/3445 3450/534/3446 3444/527/3440
f 3440/528/3441 3446/535/3447 3445/536/3445 3439/529/3439
f 3441/530/3442 3447/537/3448 3446/535/3447 3440/528/3441
f 3442/531/3443 3448/538/3449 3447/537/3448 3441/530/3442
f 3443/532/3444 3449/539/3450 3448/538/3449 3442/531/3443
f 3444/527/3440 3450/534/3446 3449/539/3450 3443/532/3444
f 3445/533/3445 3451/540/3451 3456/541/3452 3450/534/3446
f 3446/535/3447 3452/542/3453 3451/543/3451 3445/536/3445
f 3447/537/3448 3453/544/3454 3452/542/3453 3446/535/3447
f 3448/538/3449 3454/545/3455 3453/544/3454 3447/537/3448
f 3449/539/3450 3455/546/3456 3454/545/3455 3448/538/3449
f 3450/534/3446 3456/541/3452 3455/546/3456 3449/539/3450
f 3451/540/3451 3457/344/3457 3462/345/3458 3456/541/3452
f 3452/542/3453 3458/346/3459 3457/347/3457 3451/543/3451
f 3453/544/3454 3459/348/3460 3458/346/3459 3452/542/3453
f 3454/545/3455 3460/349/3461 3459/348/3460 3453/544/3454
f 3455/546/3456 3461/350/3462 3460/349/3461 3454/545/3455
f 3456/541/3452 3462/345/3458 3461/350/3462 3455/546/3456
f 3457/344/3457 3463/547/3463 3468/548/3464 3462/345/3458
f 3458/346/3459 3464/549/3465 3463/550/3463 3457/347/3457
f 3459/348/3460 3465/551/3466 3464/549/3465 3458/346/3459
f 3460/349/3461 3466/552/3467 3465/551/3466 3459/348/3460
f 3461/350/3462 3467/553/3468 3466/552/3467 3460/349/3461
f 3462/345/3458 3468/548/3464 3467/553/3468 3461/350/3462
f 3463/547/3463 3469/554/3469 3474/555/3470 3468/548/3464
f 3464/549/3465 3470/556/3471 3469/557/3469 3463/550/3463
f 3465/551/3466 3471/558/3472 3470/556/3471 3464/549/3465
f 3466/552/3467 3472/559/3473 3471/558/3472 3465/551/3466
f 3467/553/3468 3473/560/3474 3472/559/3473 3466/552/3467
f 3468/548/3464 3474/555/3470 3473/560/3474 3467/553/3468
f 3469/554/3469 3475/561/3475 3480/562/3476 3474/555/3470
f 3470/556/3471 3476/563/3477 3475/564/3475 3469/557/3469
f 3471/558/3472 3477/565/3478 3476/563/3477 3470/556/3471
f 3472/559/3473 3478/566/3479 3477/565/3478 3471/558/3472
f 3473/560/3474 3479/567/3480 3478/566/3479 3472/559/3473
f 3474/555/3470 3480/562/3476 3479/567/3480 3473/560/3474
f 3475/561/3475 3481/568/3481 3486/569/3482 3480/562/3476
f 3476/563/3477 3482/570/3483 3481/571/3481 3475/564/3475
f 3477/565/3478 3483/572/3484 3482/570/3483 3476/563/3477
f 3478/566/3479 3484/573/3485 3483/572/3484 3477/565/3478
f 3479/567/3480 3485/574/3486 3484/573/3485 3478/566/3479
f 3480/562/3476 3486/569/3482 3485/574/3486 3479/567/3480
f 3481/568/3481 3487/400/3487 3492/401/3488 3486/569/3482
f 3482/570/3483 3488/402/3489 3487/403/3487 3481/571/3481
f 3483/572/3484 3489/404/3490 3488/402/3489 3482/570/3483
f 3484/573/3485 3490/405/3491 3489/404/3490 3483/572/3484
f 3485/574/3486 3491/406/3492 3490/405/3491 3484/573/3485
f 3486/569/3482 3492/401/3488 3491/406/3492 3485/574/3486
f 3493/288/3493 3499/519/3494 3504/520/3495 3498/291/3496
f 3494/292/3497 3500/521/3498 3499/522/3494 3493/295/3493
f 3495/296/3499 3501/523/3500 3500/521/3498 3494/292/3497
f 3496/298/3501 3502/524/3502 3501/523/3500 3495/296/3499
f 3497/300/3503 3503/525/3504 3502/524/3502 3496/298/3501
f 3498/291/3496 3504/520/3495 3503/525/3504 3497/300/3503
f 3499/519/3494 3505/526/3505 3510/527/3506 3504/520/3495
f 3500/521/3498 3506/528/3507 3505/529/3505 3499/522/3494
f 3501/523/3500 3507/530/3508 3506/528/3507 3500/521/3498
f 3502/524/3502 3508/531/3509 3507/530/3508 3501/523/3500
f 3503/525/3504 3509/532/3510 3508/531/3509 3502/524/3502
f 3504/520/3495 3510/527/3506 3509/532/3510 3503/525/3504
f 3505/526/3505 3511/533/3511 3516/534/3512 3510/527/3506
f 3506/528/3507 3512/535/3513 3511/536/3511 3505/529/3505
f 3507/530/3508 3513/537/3514 3512/535/3513 3506/528/3507
f 3508/531/3509 3514/538/3515 3513/537/3514 3507/530/3508
f 3509/532/3510 3515/539/3516 3514/538/3515 3508/531/3509
f 3510/527/3506 3516/534/3512 3515/539/3516 3509/532/3510
f 3511/533/3511 3517/540/3517 3522/541/3518 3516/534/3512
f 3512/535/3513 3518/542/3519 3517/543/3517 3511/536/3511
f 3513/537/3514 3519/544/3520 3518/542/3519 3512/535/3513
f 3514/538/3515 3520/545/3521 3519/544/3520 3513/537/3514
f 3515/539/3516 3521/546/3522 3520/545/3521 3514/538/3515
f 3516/534/3512 3522/541/3518 3521/546/3522 3515/539/3516
f 3517/540/3517 3523/344/3523 3528/345/3524 3522/541/3518
f 3518/542/3519 3524/346/3525 3523/347/3523 3517/543/3517
f 3519/544/3520 3525/348/3526 3524/346/3525 3518/542/3519
f 3520/545/3521 3526/349/3527 3525/348/3526 3519/544/3520
f 3521/546/3522 3527/350/3528 3526/349/3527 3520/545/3521
f 3522/541/3518 3528/345/3524 3527/350/3528 3521/546/3522
f 3523/344/3523 3529/547/3529 3534/548/3530 3528/345/3524
f 3524/346/3525 3530/549/3531 3529/550/3529 3523/347/3523
f 3525/348/3526 3531/551/3532 3530/549/3531 3524/346/3525
f 3526/349/3527 3532/552/3533 3531/551/3532 3525/348/3526
f 3527/350/3528 3533/553/3534 3532/552/3533 3526/349/3527
f 3528/345/3524 3534/548/3530 3533/553/3534 3527/350/3528
f 3529/547/3529 3535/554/3535 3540/555/3536 3534/548/3530
f 3530/549/3531 3536/556/3537 3535/557/3535 3529/550/3529
f 3531/551/3532 3537/558/3538 3536/556/3537 3530/549/3531
f 3532/552/3533 3538/559/3539 3537/558/3538 3531/551/3532
f 3533/553/3534 3539/560/3540 3538/559/3539 3532/552/3533
f 3534/548/3530 3540/555/3536 3539/560/3540 3533/553/3534
f 3535/554/3535 3541/561/3541 3546/562/3542 3540/555/3536
f 3536/556/3537 3542/563/3543 3541/564/3541 3535/557/3535
f 3537/558/3538 3543/565/3544 3542/563/3543 3536/556/3537
f 3538/559/3539 3544/566/3545 3543/565/3544 3537/558/3538
f 3539/560/3540 3545/567/3546 3544/566/3545 3538/559/3539
f 3540/555/3536 3546/562/3542 3545/567/3546 3539/560/3540
f 3541/561/3541 3547/568/3547 3552/569/3548 3546/562/3542
f 3542/563/3543 3548/570/3549 3547/571/3547 3541/564/3541
f 3543/565/3544 3549/572/3550 3548/570/3549 3542/563/3543
f 3544/566/3545 3550/573/3551 3549/572/3550 3543/565/3544
f 3545/567/3546 3551/574/3552 3550/573/3551 3544/566/3545
f 3546/562/3542 3552/569/3548 3551/574/3552 3545/567/3546
f 3547/568/3547 3553/400/3553 3558/401/3554 3552/569/3548
f 3548/570/3549 3554/402/3555 3553/403/3553 3547/571/3547
f 3549/572/3550 3555/404/3556 3554/402/3555 3548/570/3549
f 3550/573/3551 3556/405/3557 3555/404/3556 3549/572/3550
f 3551/574/3552 3557/406/3558 3556/405/3557 3550/573/3551
f 3552/569/3548 3558/401/3554 3557/406/3558 3551/574/3552
f 3559/288/3559 3565/519/3560 3570/520/3561 3564/291/3562
f 3560/292/3563 3566/521/3564 3565/522/3560 3559/295/3559
f 3561/296/3565 3567/523/3566 3566/521/3564 3560/292/3563
f 3562/298/3567 3568/524/3568 3567/523/3566 3561/296/3565
f 3563/300/3569 3569/525/3570 3568/524/3568 3562/298/3567
f 3564/291/3562 3570/520/3561 3569/525/3570 3563/300/3569
f 3565/519/3560 3571/526/3571 3576/527/3572 3570/520/3561
f 3566/521/3564 3572/528/3573 3571/529/3571 3565/522/3560
f 3567/523/3566 3573/530/3574 3572/528/3573 3566/521/3564
f 3568/524/3568 3574/531/3575 3573/530/3574 3567/523/3566
f 3569/525/3570 3575/532/3576 3574/531/3575 3568/524/3568
f 3570/520/3561 3576/527/3572 3575/532/3576 3569/525/3570
f 3571/526/3571 3577/533/3577 3582/534/3578 3576/527/3572
f 3572/528/3573 3578/535/3579 3577/536/3577 3571/529/3571
f 3573/530/3574 3579/537/3580 3578/535/3579 3572/528/3573
f 3574/531/3575 3580/538/3581 3579/537/3580 3573/530/3574
f 3575/532/3576 3581/539/3582 3580/538/3581 3574/531/3575
f 3576/527/3572 3582/534/3578 3581/539/3582 3575/532/3576
f 3577/533/3577 3583/540/3583 3588/541/3584 3582/534/3578
f 3578/535/3579 3584/542/3585 3583/543/3583 3577/536/3577
f 3579/537/3580 3585/544/3586 3584/542/3585 3578/535/3579
f 3580/538/3581 3586/545/3587 3585/544/3586 3579/537/3580
f 3581/539/3582 3587/546/3588 3586/545/3587 3580/538/3581
f 3582/534/3578 3588/541/3584 3587/546/3588 3581/539/3582
f 3583/540/3583 3589/344/3589 3594/345/3590 3588/541/3584
f 3584/542/3585 3590/346/3591 3589/347/3589 3583/543/3583
f 3585/544/3586 3591/348/3592 3590/346/3591 3584/542/3585
f 3586/545/3587 3592/349/3593 3591/348/3592 3585/544/3586
f 3587/546/3588 3593/350/3594 3592/349/3593 3586/545/3587
f 3588/541/3584 3594/345/3590 3593/350/3594 3587/546/3588
f 3589/344/3589 3595/547/3595 3600/548/3596 3594/345/3590
f 3590/346/3591 3596/549/3597 3595/550/3595 3589/347/3589
f 3591/348/3592 3597/551/3598 3596/549/3597 3590/346/3591
f 3592/349/3593 3598/552/3599 3597/551/3598 3591/348/3592
f 3593/350/3594 3599/553/3600 3598/552/3599 3592/349/3593
f 3594/345/3590 3600/548/3596 3599/553/3600 3593/350/3594
f 3595/547/3595 3601/554/3601 3606/555/3602 3600/548/3596
f 3596/549/3597 3602/556/3603 3601/557/3601 3595/550/3595
f 3597/551/3598 3603/558/3604 3602/556/3603 3596/549/3597
f 3598/552/3599 3604/559/3605 3603/558/3604 3597/551/3598
f 3599/553/3600 3605/560/3606 3604/559/3605 3598/552/3599
f 3600/548/3596 3606/555/3602 3605/560/3606 3599/553/3600
f 3601/554/3601 3607/561/3607 3612/562/3608 3606/555/3602
f 3602/556/3603 3608/563/3609 3607/564/3607 3601/557/3601
f 3603/558/3604 3609/565/3610 3608/563/3609 3602/556/3603
f 3604/559/3605 3610/566/3611 3609/565/3610 3603/558/3604
f 3605/560/3606 3611/567/3612 3610/566/3611 3604/559/3605
f 3606/555/3602 3612/562/3608 3611/567/3612 3605/560/3606
f 3607/561/3607 3613/568/3613 3618/569/3614 3612/562/3608
f 3608/563/3609 3614/570/3615 3613/571/3613 3607/564/3607
f 3609/565/3610 3615/572/3616 3614/570/3615 3608/563/3609
f 3610/566/3611 3616/573/3617 3615/572/3616 3609/565/3610
f 3611/567/3612 3617/574/3618 3616/573/3617 3610/566/3611
f 3612/562/3608 3618/569/3614 3617/574/3618 3611/567/3612
f 3613/568/3613 3619/400/3619 3624/401/3620 3618/569/3614
f 3614/570/3615 3620/402/3621 3619/403/3619 3613/571/3613
f 3615/572/3616 3621/404/3622 3620/402/3621 3614/570/3615
f 3616/573/3617 3622/405/3623 3621/404/3622 3615/572/3616
f 3617/574/3618 3623/406/3624 3622/405/3623 3616/573/3617
f 3618/569/3614 3624/401/3620 3623/406/3624 3617/574/3618
f 3625/288/3625 3631/519/3626 3636/520/3627 3630/291/3628
f 3626/292/3629 3632/521/3630 3631/522/3626 3625/295/3625
f 3627/296/3631 3633/523/3632 3632/521/3630 3626/292/3629
f 3628/298/3633 3634/524/3634 3633/523/3632 3627/296/3631
f 3629/300/3635 3635/525/3636 3634/524/3634 3628/298/3633
f 3630/291/3628 3636/520/3627 3635/525/3636 3629/300/3635
f 3631/519/3626 3637/526/3637 3642/527/3638 3636/520/3627
f 3632/521/3630 3638/528/3639 3637/529/3637 3631/522/3626
f 3633/523/3632 3639/530/3640 3638/528/3639 3632/521/3630
f 3634/524/3634 3640/531/3641 3639/530/3640 3633/523/3632
f 3635/525/3636 3641/532/3642 3640/531/3641 3634/524/3634
f 3636/520/3627 3642/527/3638 3641/532/3642 3635/525/3636
f 3637/526/3637 3643/533/3643 3648/534/3644 3642/527/3638
f 3638/528/3639 3644/535/3645 3643/536/3643 3637/529/3637
f 3639/530/3640 3645/537/3646 3644/535/3645 3638/528/3639
f 3640/531/3641 3646/538/3647 3645/537/3646 3639/530/3640
f 3641/532/3642 3647/539/3648 3646/538/3647 3640/531/3641
f 3642/527/3638 3648/534/3644 3647/539/3648 3641/532/3642
f 3643/533/3643 3649/540/3649 3654/541/3650 3648/534/3644
f 3644/535/3645 3650/542/3651 3649/543/3649 3643/536/3643
f 3645/537/3646 3651/544/3652 3650/542/3651 3644/535/3645
f 3646/538/3647 3652/545/3653 3651/544/3652 3645/537/3646
f 3647/539/3648 3653/546/3654 3652/545/3653 3646/538/3647
f 3648/534/3644 3654/541/3650 3653/546/3654 3647/539/3648
f 3649/540/3649 3655/344/3655 3660/345/3656 3654/541/3650
f 3650/542/3651 3656/346/3657 3655/347/3655 3649/543/3649
f 3651/544/3652 3657/348/3658 3656/346/3657 3650/542/3651
f 3652/545/3653 3658/349/3659 3657/348/3658 3651/544/3652
f 3653/546/3654 3659/350/3660 3658/349/3659 3652/545/3653
f 3654/541/3650 3660/345/3656 3659/350/3660 3653/546/3654
f 3655/344/3655 3661/547/3661 3666/548/3662 3660/345/3656
f 3656/346/3657 3662/549/3663 3661/550/3661 3655/347/3655
f 3657/348/3658 3663/551/3664 3662/549/3663 3656/346/3657
f 3658/349/3659 3664/552/3665 3663/551/3664 3657/348/3658
f 3659/350/3660 3665/553/3666 3664/552/3665 3658/349/3659
f 3660/345/3656 3666/548/3662 3665/553/3666 3659/350/3660
f 3661/547/3661 3667/554/3667 3672/555/3668 3666/548/3662
f 3662/549/3663 3668/556/3669 3667/557/3667 3661/550/3661
f 3663/551/3664 3669/558/3670 3668/556/3669 3662/549/3663
f 3664/552/3665 3670/559/3671 3669/558/3670 3663/551/3664
f 3665/553/3666 3671/560/3672 3670/559/3671 3664/552/3665
f 3666/548/3662 3672/555/3668 3671/560/3672 3665/553/3666
f 3667/554/3667 3673/561/3673 3678/562/3674 3672/555/3668
f 3668/556/3669 3674/563/3675 3673/564/3673 3667/557/3667
f 3669/558/3670 3675/565/3676 3674/563/3675 3668/556/3669
f 3670/559/3671 3676/566/3677 3675/565/3676 3669/558/3670
f 3671/560/3672 3677/567/3678 3676/566/3677 3670/559/3671
f 3672/555/3668 3678/562/3674 3677/567/3678 3671/560/3672
f 3673/561/3673 3679/568/3679 3684/569/3680 3678/562/3674
f 3674/563/3675 3680/570/3681 3679/571/3679 3673/564/3673
f 3675/565/3676 3681/572/3682 3680/570/3681 3674/563/3675
f 3676/566/3677 3682/573/3683 3681/572/3682 3675/565/3676
f 3677/567/3678 3683/574/3684 3682/573/3683 3676/566/3677
f 3678/562/3674 3684/569/3680 3683/574/3684 3677/567/3678
f 3679/568/3679 3685/400/3685 3690/401/3686 3684/569/3680
f 3680/570/3681 3686/402/3687 3685/403/3685 3679/571/3679
f 3681/572/3682 3687/404/3688 3686/402/3687 3680/570/3681
f 3682/573/3683 3688/405/3689 3687/404/3688 3681/572/3682
f 3683/574/3684 3689/406/3690 3688/405/3689 3682/573/3683
f 3684/569/3680 3690/401/3686 3689/406/3690 3683/574/3684
f 3691/288/3691 3697/316/3692 3702/317/3693 3696/291/3694
f 3692/292/3695 3698/318/3696 3697/319/3692 3691/295/3691
f 3693/296/3697 3699/320/3698 3698/318/3696 3692/292/3695
f 3694/298/3699 3700/321/3700 3699/320/3698 3693/296/3697
f 3695/300/3701 3701/322/3702 3700/321/3700 3694/298/3699
f 3696/291/3694 3702/317/3693 3701/322/3702 3695/300/3701
f 3697/316/3692 3703/344/3703 3708/345/3704 3702/317/3693
f 3698/318/3696 3704/346/3705 3703/347/3703 3697/319/3692
f 3699/320/3698 3705/348/3706 3704/346/3705 3698/318/3696
f 3700/321/3700 3706/349/3707 3705/348/3706 3699/320/3698
f 3701/322/3702 3707/350/3708 3706/349/3707 3700/321/3700
f 3702/317/3693 3708/345/3704 3707/350/3708 3701/322/3702
f 3703/344/3703 3709/372/3709 3714/373/3710 3708/345/3704
f 3704/346/3705 3710/374/3711 3709/375/3709 3703/347/3703
f 3705/348/3706 3711/376/3712 3710/374/3711 3704/346/3705
f 3706/349/3707 3712/377/3713 3711/376/3712 3705/348/3706
f 3707/350/3708 3713/378/3714 3712/377/3713 3706/349/3707
f 3708/345/3704 3714/373/3710 3713/378/3714 3707/350/3708
f 3709/372/3709 3715/400/3715 3720/401/3716 3714/373/3710
f 3710/374/3711 3716/402/3717 3715/403/3715 3709/375/3709
f 3711/376/3712 3717/404/3718 3716/402/3717 3710/374/3711
f 3712/377/3713 3718/405/3719 3717/404/3718 3711/376/3712
f 3713/378/3714 3719/406/3720 3718/405/3719 3712/377/3713
f 3714/373/3710 3720/401/3716 3719/406/3720 3713/378/3714
f 3721/288/3721 3727/491/3722 3732/492/3723 3726/291/3724
f 3722/292/3725 3728/493/3726 3727/494/3722 3721/295/3721
f 3723/296/3727 3729/495/3728 3728/493/3726 3722/292/3725
f 3724/298/3729 3730/496/3730 3729/495/3728 3723/296/3727
f 3725/300/3731 3731/497/3732 3730/496/3730 3724/298/3729
f 3726/291/3724 3732/492/3723 3731/497/3732 3725/300/3731
f 3727/491/3722 3733/498/3733 3738/499/3734 3732/492/3723
f 3728/493/3726 3734/500/3735 3733/501/3733 3727/494/3722
f 3729/495/3728 3735/502/3736 3734/500/3735 3728/493/3726
f 3730/496/3730 3736/503/3737 3735/502/3736 3729/495/3728
f 3731/497/3732 3737/504/3738 3736/503/3737 3730/496/3730
f 3732/492/3723 3738/499/3734 3737/504/3738 3731/497/3732
f 3733/498/3733 3739/344/3739 3744/345/3740 3738/499/3734
f 3734/500/3735 3740/346/3741 3739/347/3739 3733/501/3733
f 3735/502/3736 3741/348/3742 3740/346/3741 3734/500/3735
f 3736/503/3737 3742/349/3743 3741/348/3742 3735/502/3736
f 3737/504/3738 3743/350/3744 3742/349/3743 3736/503/3737
f 3738/499/3734 3744/345/3740 3743/350/3744 3737/504/3738
f 3739/344/3739 3745/505/3745 3750/506/3746 3744/345/3740
f 3740/346/3741 3746/507/3747 3745/508/3745 3739/347/3739
f 3741/348/3742 3747/509/3748 3746/507/3747 3740/346/3741
f 3742/349/3743 3748/510/3749 3747/509/3748 3741/348/3742
f 3743/350/3744 3749/511/3750 3748/510/3749 3742/349/3743
f 3744/345/3740 3750/506/3746 3749/511/3750 3743/350/3744
f 3745/505/3745 3751/512/3751 3756/513/3752 3750/506/3746
f 3746/507/3747 3752/514/3753 3751/515/3751 3745/508/3745
f 3747/509/3748 3753/516/3754 3752/514/3753 3746/507/3747
f 3748/510/3749 3754/517/3755 3753/516/3754 3747/509/3748
f 3749/511/3750 3755/518/3756 3754/517/3755 3748/510/3749
f 3750/506/3746 3756/513/3752 3755/518/3756 3749/511/3750
f 3751/512/3751 3757/400/3757 3762/401/3758 3756/513/3752
f 3752/514/3753 3758/402/3759 3757/403/3757 3751/515/3751
f 3753/516/3754 3759/404/3760 3758/402/3759 3752/514/3753
f 3754/517/3755 3760/405/3761 3759/404/3760 3753/516/3754
f 3755/518/3756 3761/406/3762 3760/405/3761 3754/517/3755
f 3756/513/3752 3762/401/3758 3761/406/3762 3755/518/3756
f 3763/288/3763 3769/302/3764 3774/303/3765 3768/291/3766
f 3764/292/3767 3770/304/3768 3769/305/3764 3763/295/3763
f 3765/296/3769 3771/306/3770 3770/304/3768 3764/292/3767
f 3766/298/3771 3772/307/3772 3771/306/3770 3765/296/3769
f 3767/300/3773 3773/308/3774 3772/307/3772 3766/298/3771
f 3768/291/3766 3774/303/3765 3773/308/3774 3767/300/3773
f 3769/302/3764 3775/316/3775 3780/317/3776 3774/303/3765
f 3770/304/3768 3776/318/3777 3775/319/3775 3769/305/3764
f 3771/306/3770 3777/320/3778 3776/318/3777 3770/304/3768
f 3772/307/3772 3778/321/3779 3777/320/3778 3771/306/3770
f 3773/308/3774 3779/322/3780 3778/321/3779 3772/307/3772
f 3774/303/3765 3780/317/3776 3779/322/3780 3773/308/3774
f 3775/316/3775 3781/330/3781 3786/331/3782 3780/317/3776
f 3776/318/3777 3782/332/3783 3781/333/3781 3775/319/3775
f 3777/320/3778 3783/334/3784 3782/332/3783 3776/318/3777
f 3778/321/3779 3784/335/3785 3783/334/3784 3777/320/3778
f 3779/322/3780 3785/336/3786 3784/335/3785 3778/321/3779
f 3780/317/3776 3786/331/3782 3785/336/3786 3779/322/3780
f 3781/330/3781 3787/344/3787 3792/345/3788 3786/331/3782
f 3782/332/3783 3788/346/3789 3787/347/3787 3781/333/3781
f 3783/334/3784 3789/348/3790 3788/346/3789 3782/332/3783
f 3784/335/3785 3790/349/3791 3789/348/3790 3783/334/3784
f 3785/336/3786 3791/350/3792 3790/349/3791 3784/335/3785
f 3786/331/3782 3792/345/3788 3791/350/3792 3785/336/3786
f 3787/344/3787 3793/358/3793 3798/359/3794 3792/345/3788
f 3788/346/3789 3794/360/3795 3793/361/3793 3787/347/3787
f 3789/348/3790 3795/362/3796 3794/360/3795 3788/346/3789
f 3790/349/3791 3796/363/3797 3795/362/3796 3789/348/3790
f 3791/350/3792 3797/364/3798 3796/363/3797 3790/349/3791
f 3792/345/3788 3798/359/3794 3797/364/3798 3791/350/3792
f 3793/358/3793 3799/372/3799 3804/373/3800 3798/359/3794
f 3794/360/3795 3800/374/3801 3799/375/3799 3793/361/3793
f 3795/362/3796 3801/376/3802 3800/374/3801 3794/360/3795
f 3796/363/3797 3802/377/3803 3801/376/3802 3795/362/3796
f 3797/364/3798 3803/378/3804 3802/377/3803 3796/363/3797
f 3798/359/3794 3804/373/3800 3803/378/3804 3797/364/3798
f 3799/372/3799 3805/386/3805 3810/387/3806 3804/373/3800
f 3800/374/3801 3806/388/3807 3805/389/3805 3799/375/3799
f 3801/376/3802 3807/390/3808 3806/388/3807 3800/374/3801
f 3802/377/3803 3808/391/3809 3807/390/3808 3801/376/3802
f 3803/378/3804 3809/392/3810 3808/391/3809 3802/377/3803
f 3804/373/3800 3810/387/3806 3809/392/3810 3803/378/3804
f 3805/386/3805 3811/400/3811 3816/401/3812 3810/387/3806
f 3806/388/3807 3812/402/3813 3811/403/3811 3805/389/3805
f 3807/390/3808 3813/404/3814 3812/402/3813 3806/388/3807
f 3808/391/3809 3814/405/3815 3813/404/3814 3807/390/3808
f 3809/392/3810 3815/406/3816 3814/405/3815 3808/391/3809
f 3810/387/3806 3816/401/3812 3815/406/3816 3809/392/3810
f 3817/288/3817 3823/316/3818 3828/317/3819 3822/291/3820
f 3818/292/3821 3824/318/3822 3823/319/3818 3817/295/3817
f 3819/296/3823 3825/320/3824 3824/318/3822 3818/292/3821
f 3820/298/3825 3826/321/3826 3825/320/3824 3819/296/3823
f 3821/300/3827 3827/322/3828 3826/321/3826 3820/298/3825
f 3822/291/3820 3828/317/3819 3827/322/3828 3821/300/3827
f 3823/316/3818 3829/344/3829 3834/345/3830 3828/317/3819
f 3824/318/3822 3830/346/3831 3829/347/3829 3823/319/3818
f 3825/320/3824 3831/348/3832 3830/346/3831 3824/318/3822
f 3826/321/3826 3832/349/3833 3831/348/3832 3825/320/3824
f 3827/322/3828 3833/350/3834 3832/349/3833 3826/321/3826
f 3828/317/3819 3834/345/3830 3833/350/3834 3827/322/3828
f 3829/344/3829 3835/372/3835 3840/373/3836 3834/345/3830
f 3830/346/3831 3836/374/3837 3835/375/3835 3829/347/3829
f 3831/348/3832 3837/376/3838 3836/374/3837 3830/346/3831
f 3832/349/3833 3838/377/3839 3837/376/3838 3831/348/3832
f 3833/350/3834 3839/378/3840 3838/377/3839 3832/349/3833
f 3834/345/3830 3840/373/3836 3839/378/3840 3833/350/3834
f 3835/372/3835 3841/400/3841 3846/401/3842 3840/373/3836
f 3836/374/3837 3842/402/3843 3841/403/3841 3835/375/3835
f 3837/376/3838 3843/404/3844 3842/402/3843 3836/374/3837
f 3838/377/3839 3844/405/3845 3843/404/3844 3837/376/3838
f 3839/378/3840 3845/406/3846 3844/405/3845 3838/377/3839
f 3840/373/3836 3846/401/3842 3845/406/3846 3839/378/3840
f 3847/288/3847 3853/344/3848 3858/345/3849 3852/291/3850
f 3848/292/3851 3854/346/3852 3853/347/3848 3847/295/3847
f 3849/296/3853 3855/348/3854 3854/346/3852 3848/292/3851
f 3850/298/3855 3856/349/3856 3855/348/3854 3849/296/3853
f 3851/300/3857 3857/350/3858 3856/349/3856 3850/298/3855
f 3852/291/3850 3858/345/3849 3857/350/3858 3851/300/3857
f 3853/344/3848 3859/400/3859 3864/401/3860 3858/345/3849
f 3854/346/3852 3860/402/3861 3859/403/3859 3853/347/3848
f 3855/348/3854 3861/404/3862 3860/402/3861 3854/346/3852
f 3856/349/3856 3862/405/3863 3861/404/3862 3855/348/3854
f 3857/350/3858 3863/406/3864 3862/405/3863 3856/349/3856
f 3858/345/3849 3864/401/3860 3863/406/3864 3857/350/3858
f 3865/288/3865 3871/302/3866 3876/303/3867 3870/291/3868
f 3866/292/3869 3872/304/3870 3871/305/3866 3865/295/3865
f 3867/296/3871 3873/306/3872 3872/304/3870 3866/292/3869
f 3868/298/3873 3874/307/3874 3873/306/3872 3867/296/3871
f 3869/300/3875 3875/308/3876 3874/307/3874 3868/298/3873
f 3870/291/3868 3876/303/3867 3875/308/3876 3869/300/3875
f 3871/302/3866 3877/316/3877 3882/317/3878 3876/303/3867
f 3872/304/3870 3878/318/3879 3877/319/3877 3871/305/3866
f 3873/306/3872 3879/320/3880 3878/318/3879 3872/304/3870
f 3874/307/3874 3880/321/3881 3879/320/3880 3873/306/3872
f 3875/308/3876 3881/322/3882 3880/321/3881 3874/307/3874
f 3876/303/3867 3882/317/3878 3881/322/3882 3875/308/3876
f 3877/316/3877 3883/330/3883 3888/331/3884 3882/317/3878
f 3878/318/3879 3884/332/3885 3883/333/3883 3877/319/3877
f 3879/320/3880 3885/334/3886 3884/332/3885 3878/318/3879
f 3880/321/3881 3886/335/3887 3885/334/3886 3879/320/3880
f 3881/322/3882 3887/336/3888 3886/335/3887 3880/321/3881
f 3882/317/3878 3888/331/3884 3887/336/3888 3881/322/3882
f 3883/330/3883 3889/344/3889 3894/345/3890 3888/331/3884
f 3884/332/3885 3890/346/3891 3889/347/3889 3883/333/3883
f 3885/334/3886 3891/348/3892 3890/346/3891 3884/332/3885
f 3886/335/3887 3892/349/3893 3891/348/3892 3885/334/3886
f 3887/336/3888 3893/350/3894 3892/349/3893 3886/335/3887
f 3888/331/3884 3894/345/3890 3893/350/3894 3887/336/3888
f 3889/344/3889 3895/358/3895 3900/359/3896 3894/345/3890
f 3890/346/3891 3896/360/3897 3895/361/3895 3889/347/3889
f 3891/348/3892 3897/362/3898 3896/360/3897 3890/346/3891
f 3892/349/3893 3898/363/3899 3897/362/3898 3891/348/3892
f 3893/350/3894 3899/364/3900 3898/363/3899 3892/349/3893
f 3894/345/3890 3900/359/3896 3899/364/3900 3893/350/3894
f 3895/358/3895 3901/372/3901 3906/373/3902 3900/359/3896
f 3896/360/3897 3902/374/3903 3901/375/3901 3895/361/3895
f 3897/362/3898 3903/376/3904 3902/374/3903 3896/360/3897
f 3898/363/3899 3904/377/3905 3903/376/3904 3897/362/3898
f 3899/364/3900 3905/378/3906 3904/377/3905 3898/363/3899
f 3900/359/3896 3906/373/3902 3905/378/3906 3899/364/3900
f 3901/372/3901 3907/386/3907 3912/387/3908 3906/373/3902
f 3902/374/3903 3908/388/3909 3907/389/3907 3901/375/3901
f 3903/376/3904 3909/390/3910 3908/388/3909 3902/374/3903
f 3904/377/3905 3910/391/3911 3909/390/3910 3903/376/3904
f 3905/378/3906 3911/392/3912 3910/391/3911 3904/377/3905
f 3906/373/3902 3912/387/3908 3911/392/3912 3905/378/3906
f 3907/386/3907 3913/400/3913 3918/401/3914 3912/387/3908
f 3908/388/3909 3914/402/3915 3913/403/3913 3907/389/3907
f 3909/390/3910 3915/404/3916 3914/402/3915 3908/388/3909
f 3910/391/3911 3916/405/3917 3915/404/3916 3909/390/3910
f 3911/392/3912 3917/406/3918 3916/405/3917 3910/391/3911
f 3912/387/3908 3918/401/3914 3917/406/3918 3911/392/3912
f 3919/288/3919 3925/344/3920 3930/345/3921 3924/291/3922
f 3920/292/3923 3926/346/3924 3925/347/3920 3919/295/3919
f 3921/296/3925 3927/348/3926 3926/346/3924 3920/292/3923
f 3922/298/3927 3928/349/3928 3927/348/3926 3921/296/3925
f 3923/300/3929 3929/350/3930 3928/349/3928 3922/298/3927
f 3924/291/3922 3930/345/3921 3929/350/3930 3923/300/3929
f 3925/344/3920 3931/400/3931 3936/401/3932 3930/345/3921
f 3926/346/3924 3932/402/3933 3931/403/3931 3925/347/3920
f 3927/348/3926 3933/404/3934 3932/402/3933 3926/346/3924
f 3928/349/3928 3934/405/3935 3933/404/3934 3927/348/3926
f 3929/350/3930 3935/406/3936 3934/405/3935 3928/349/3928
f 3930/345/3921 3936/401/3932 3935/406/3936 3929/350/3930
o leaves
v 0.160130 3.460512 -0.113111
v 0.217854 3.535435 -0.101151
v 0.236902 3.606070 -0.127963
v 0.217273 3.672418 -0.193546
v 0.159549 3.597495 -0.205506
v 0.140502 3.526860 -0.178694
v 0.158680 3.866518 -0.116965
v 0.189872 3.945331 -0.090806
v 0.176781 4.003527 -0.049597
v 0.119408 4.041105 0.006661
v 0.088217 3.962292 -0.019498
v 0.101307 3.904096 -0.060707
v -0.363716 3.683366 -0.303384
v -0.339964 3.717859 -0.381581
v -0.348944 3.773757 -0.426870
v -0.390655 3.851059 -0.439250
v -0.414406 3.816566 -0.361053
v -0.405427 3.760669 -0.315764
v 0.339671 3.244985 0.222705
v 0.408276 3.214754 0.281593
v 0.482593 3.191830 0.286338
v 0.562621 3.176213 0.236941
v 0.494015 3.206444 0.178053
v 0.419698 3.229368 0.173308
v 0.628226 3.052920 0.411440
v 0.671086 3.047233 0.488896
v 0.736077 3.049404 0.520954
v 0.823199 3.059433 0.507614
v 0.780339 3.065121 0.430159
v 0.715348 3.062950 0.398101
v -0.494678 3.429320 -0.544199
v -0.460096 3.410267 -0.623634
v -0.475214 3.398397 -0.693539
v -0.540032 3.393710 -0.753916
v -0.574614 3.412763 -0.674482
v -0.559496 3.424633 -0.604576
v -0.131870 3.618926 -0.439394
v -0.152428 3.644289 -0.521873
v -0.206729 3.660723 -0.567013
v -0.294771 3.668229 -0.574814
v -0.274213 3.642866 -0.492335
v -0.219913 3.626432 -0.447195
v -0.194923 3.704965 -0.189423
v -0.135151 3.753081 -0.233930
v -0.116256 3.820065 -0.254239
v -0.138240 3.905915 -0.250351
v -0.198012 3.857799 -0.205844
v -0.216906 3.790816 -0.185535
v 0.942332 4.003237 -1.226002
v 1.016726 3.956244 -1.237222
v 1.054047 3.914462 -1.283239
v 1.054296 3.877891 -1.364056
v 0.979902 3.924884 -1.352836
v 0.942580 3.966666 -1.306818
v 0.376130 4.237524 -1.407884
v 0.389355 4.318681 -1.441160
v 0.358199 4.374503 -1.475357
v 0.282661 4.404989 -1.510476
v 0.269436 4.323832 -1.477200
v 0.300592 4.268010 -1.443003
v -0.290481 4.039959 0.065468
v -0.337341 4.082143 -0.008957
v -0.368681 4.150275 -0.036004
v -0.384504 4.244353 -0.015670
v -0.337644 4.202169 0.058756
v -0.306303 4.134037 0.085802
v -0.574151 4.655391 0.179220
v -0.612247 4.738285 0.160526
v -0.644523 4.800177 0.190865
v -0.670980 4.841068 0.270238
v -0.632885 4.758174 0.288932
v -0.600608 4.696282 0.258593
v -0.834308 5.248435 0.337714
v -0.860947 5.312445 0.282380
v -0.850700 5.381291 0.262097
v -0.803567 5.454975 0.276865
v -0.776928 5.390964 0.332199
v -0.787175 5.322117 0.352481
v 0.544401 3.818250 -0.511806
v 0.618660 3.837319 -0.455145
v 0.692770 3.861296 -0.453196
v 0.766732 3.890179 -0.505958
v 0.692474 3.871109 -0.562619
v 0.618363 3.847133 -0.564568
v 0.921699 4.225605 -0.774191
v 0.957956 4.293604 -0.818125
v 0.947148 4.343251 -0.869842
v 0.889275 4.374546 -0.929341
v 0.853018 4.306547 -0.885406
v 0.863826 4.256900 -0.833689
v -0.411550 3.999059 -0.149715
v -0.374347 4.047462 -0.225792
v -0.363452 4.119490 -0.258180
v -0.378863 4.215142 -0.246879
v -0.416066 4.166739 -0.170802
v -0.426961 4.094711 -0.138414
v -0.776987 4.555326 -0.207483
v -0.837453 4.595827 -0.265583
v -0.902326 4.635363 -0.270215
v -0.971604 4.673933 -0.221378
v -0.911138 4.633431 -0.163278
v -0.846266 4.593895 -0.158646
v -1.197680 5.046072 -0.261407
v -1.205854 5.130234 -0.288213
v -1.202623 5.199618 -0.267438
v -1.187986 5.254224 -0.199081
v -1.179812 5.170062 -0.172275
v -1.183043 5.100677 -0.193050
v 0.212351 4.386438 -0.647651
v 0.262652 4.420258 -0.724074
v 0.291743 4.485678 -0.759140
v 0.299621 4.582698 -0.752849
v 0.249320 4.548878 -0.676426
v 0.220229 4.483459 -0.641360
v 0.191512 5.033139 -0.620604
v 0.172885 5.122473 -0.602042
v 0.203386 5.190425 -0.586386
v 0.283015 5.236995 -0.573637
v 0.301642 5.147661 -0.592199
v 0.271141 5.079709 -0.607855
v 0.183498 5.658894 -0.678412
v 0.249482 5.710888 -0.649926
v 0.266872 5.765768 -0.605858
v 0.235668 5.823535 -0.546209
v 0.169684 5.771541 -0.574695
v 0.152294 5.716660 -0.618763
v 1.028742 4.199213 -0.976525
v 1.111687 4.195591 -0.929670
v 1.188183 4.182465 -0.936533
v 1.258229 4.159833 -0.997112
v 1.175284 4.163455 -1.043966
v 1.098788 4.176581 -1.037104
v 1.682157 3.720733 -1.422559
v 1.735817 3.663440 -1.463872
v 1.748968 3.629049 -1.526327
v 1.721609 3.617561 -1.609923
v 1.667949 3.674855 -1.568610
v 1.654798 3.709245 -1.506155
v 0.692836 4.121965 -1.414333
v 0.782185 4.152332 -1.400801
v 0.843350 4.187172 -1.434206
v 0.876333 4.226486 -1.514550
v 0.786984 4.196119 -1.528082
v 0.725819 4.161279 -1.494676
v 0.910890 3.572547 -1.943298
v 0.947928 3.492736 -1.932024
v 0.936058 3.421222 -1.933065
v 0.875280 3.358005 -1.946421
v 0.838242 3.437816 -1.957695
v 0.850112 3.509331 -1.956653
v -0.511525 5.061829 0.308436
v -0.531093 5.149152 0.275570
v -0.505359 5.222518 0.270459
v -0.434323 5.281929 0.293104
v -0.414755 5.194605 0.325970
v -0.440489 5.121239 0.331081
v -1.037845 6.100517 0.175682
v -1.070999 6.107305 0.093685
v -1.120894 6.139973 0.052460
v -1.187531 6.198522 0.052007
v -1.154378 6.191735 0.134004
v -1.104483 6.159067 0.175229
v -1.008899 5.749541 1.047147
v -1.071550 5.772856 1.105456
v -1.083974 5.795455 1.173215
v -1.046172 5.817338 1.250421
v -0.983521 5.794023 1.192111
v -0.971097 5.771424 1.124353
v 0.581010 4.674140 -0.601833
v 0.577334 4.741701 -0.534673
v 0.561884 4.816770 -0.520640
v 0.534662 4.899348 -0.559733
v 0.538338 4.831787 -0.626893
v 0.553788 4.756718 -0.640926
v 0.614061 5.456048 -0.949827
v 0.627986 5.469627 -1.036374
v 0.596786 5.487555 -1.099314
v 0.520461 5.509831 -1.138646
v 0.506536 5.496253 -1.052099
v 0.537736 5.478324 -0.989159
v 1.079177 5.432579 -0.642121
v 1.115489 5.513158 -0.634565
v 1.136061 5.572513 -0.670760
v 1.140895 5.610641 -0.750708
v 1.104584 5.530061 -0.758264
v 1.084011 5.470707 -0.722069
v 0.031315 2.392996 0.228882
v -0.059539 2.418254 0.242878
v -0.109808 2.477786 0.242892
v -0.119491 2.571591 0.228921
v -0.028637 2.546333 0.214925
v 0.021632 2.486801 0.214912
v 0.036233 2.816495 0.262399
v 0.039418 2.879254 0.325009
v 0.077945 2.934699 0.351425
v 0.151813 2.982830 0.341647
v 0.148628 2.920072 0.279037
v 0.110101 2.864627 0.252622
v 0.242240 4.911624 -0.941621
v 0.269418 4.983489 -0.881526
v 0.243808 5.044952 -0.837685
v 0.165411 5.096014 -0.810097
v 0.138233 5.024148 -0.870192
v 0.163843 4.962686 -0.914033
v 0.253600 5.602926 -0.955613
v 0.173326 5.637044 -0.922992
v 0.138902 5.698710 -0.894615
v 0.150330 5.787923 -0.870480
v 0.230605 5.753805 -0.903101
v 0.265028 5.692140 -0.931478
v 0.275699 6.272310 -0.973173
v 0.266285 6.359107 -0.988875
v 0.219092 6.411496 -1.005737
v 0.134118 6.429479 -1.023759
v 0.143531 6.342683 -1.008057
v 0.190725 6.290293 -0.991195
v -0.633052 3.731645 0.489522
v -0.612034 3.785378 0.422144
v -0.599839 3.854178 0.402804
v -0.596467 3.938046 0.431502
v -0.617486 3.884313 0.498879
v -0.629681 3.815513 0.518219
v -1.295640 3.259080 -0.266332
v -1.365297 3.248654 -0.320257
v -1.434749 3.228204 -0.324063
v -1.503996 3.197731 -0.277749
v -1.434339 3.208158 -0.223824
v -1.364887 3.228607 -0.220018
v -0.590059 3.621615 0.711224
v -0.618088 3.704139 0.727745
v -0.597569 3.770929 0.747093
v -0.528501 3.821985 0.769268
v -0.500472 3.739461 0.752746
v -0.520991 3.672671 0.733398
v 0.158934 3.499451 -0.029669
v 0.164630 3.523468 0.062413
v 0.167707 3.582959 0.112636
v 0.168164 3.677924 0.121000
v 0.162467 3.653907 0.028917
v 0.159390 3.594415 -0.021306
v 0.175826 3.925309 -0.059516
v 0.191776 4.001872 -0.101379
v 0.162518 4.054643 -0.141572
v 0.088053 4.083623 -0.180093
v 0.072104 4.007061 -0.138229
v 0.101361 3.954290 -0.098037
v -0.172955 4.384538 -0.338239
v -0.102293 4.443192 -0.363834
v -0.055269 4.500507 -0.339862
v -0.031881 4.556483 -0.266322
v -0.102542 4.497828 -0.240726
v -0.149567 4.440514 -0.264699
v -0.153993 5.100222 -0.375324
v -0.093322 5.132020 -0.431685
v -0.074908 5.188482 -0.473269
v -0.098753 5.269609 -0.500075
v -0.159425 5.237812 -0.443713
v -0.177838 5.181349 -0.402129
v -0.155891 3.395967 0.113220
v -0.147016 3.493065 0.110419
v -0.159260 3.560800 0.150639
v -0.192623 3.599174 0.233879
v -0.201498 3.502076 0.236680
v -0.189254 3.434341 0.196460
v -0.159187 3.952663 0.105856
v -0.101835 3.983097 0.172615
v -0.082441 4.042953 0.215441
v -0.101005 4.132230 0.234335
v -0.158357 4.101797 0.167576
v -0.177751 4.041941 0.124750
v -0.221764 4.481088 0.127182
v -0.290170 4.537076 0.134578
v -0.316277 4.594297 0.170639
v -0.300084 4.652752 0.235366
v -0.231677 4.596765 0.227970
v -0.205571 4.539543 0.191909
v -0.134867 4.915477 -0.105749
v -0.162128 4.989188 -0.047973
v -0.217239 5.045495 -0.035809
v -0.300199 5.084398 -0.069256
v -0.272938 5.010687 -0.127032
v -0.217827 4.954380 -0.139196
v -0.151238 5.804383 -0.147152
v -0.128250 5.833136 -0.061612
v -0.114423 5.894009 -0.018068
v -0.109757 5.987004 -0.016518
v -0.132745 5.958251 -0.102057
v -0.146572 5.897377 -0.145601
v -0.174144 6.669751 -0.126678
v -0.199378 6.753796 -0.113698
v -0.209536 6.805615 -0.064021
v -0.204616 6.825209 0.022354
v -0.179382 6.741164 0.009374
v -0.169225 6.689345 -0.040303
vn -0.6667 0.4148 0.6192
vn 0.4656 -0.4393 0.7683
vn 0.7580 0.4798 0.4419
vn 0.2819 0.9464 0.1575
vn -0.0946 0.9877 0.1249
vn 0.1050 0.9764 -0.1885
vn 0.0568 0.9582 0.2805
vn 0.5408 0.1007 0.8351
vn 0.4571 0.8109 -0.3655
vn -0.2477 0.4018 0.8816
vn 0.8770 0.2377 -0.4175
vn 0.8991 0.4307 0.0778
vn 0.8991 0.4308 0.0778
vn 0.6777 -0.2988 -0.6719
vn -0.3087 0.9473 0.0858
vn -0.3604 0.6342 0.6841
vn 0.8731 0.0839 0.4803
vn 0.5165 0.8543 0.0580
vn 0.9738 0.0225 -0.2264
vn 0.8511 -0.1025 0.5149
vn 0.0336 0.2100 -0.9771
vn 0.1964 -0.6510 0.7332
vn 0.1495 0.9704 -0.1897
vn 0.5822 0.7578 -0.2947
vn -0.3472 0.8907 0.2933
vn 0.2400 -0.0257 -0.9704
vn 0.4591 -0.2210 -0.8605
vn 0.6474 0.7352 -0.2009
vn 0.0707 0.9501 -0.3039
vn -0.9564 -0.2304 0.1794
vn 0.1881 0.9652 0.1817
vn -0.9081 0.3966 0.1343
vn -0.1946 -0.1641 -0.9671
vn -0.4894 0.6282 -0.6048
vn -0.1212 -0.6094 0.7836
vn -0.2555 0.2828 -0.9245
vn -0.1730 0.1571 0.9723
vn 0.9705 -0.1120 0.2134
vn -0.2869 0.9391 0.1890
vn 0.1331 0.2378 -0.9621
vn -0.9981 -0.0007 0.0619
vn -0.2342 0.5035 0.8316
vn 0.6713 -0.6770 0.3018
vn 0.5019 0.4008 0.7664
vn 0.5020 0.4008 0.7664
vn 0.9139 -0.0720 0.3995
vn -0.6593 -0.2844 0.6960
vn 0.4306 0.6136 -0.6619
vn -0.5259 -0.6366 0.5640
vn -0.9684 0.0445 0.2453
vn 0.9452 0.3027 -0.1225
vt 0.500000 0.000000
vt 0.265000 0.333333
vt 0.265000 0.666667
vt 0.500000 1.000000
vt 0.735000 0.666667
vt 0.735000 0.333333
s 0
f 3937/575/3937 3938/576/3937 3939/577/3937 3940/578/3937
f 3937/575/3937 3940/578/3937 3941/579/3937 3942/580/3937
f 3943/575/3938 3944/576/3938 3945/577/3938 3946/578/3938
f 3943/575/3938 3946/578/3938 3947/579/3938 3948/580/3938
f 3949/575/3939 3950/576/3939 3951/577/3939 3952/578/3939
f 3949/575/3939 3952/578/3939 3953/579/3939 3954/580/3939
f 3955/575/3940 3956/576/3940 3957/577/3940 3958/578/3940
f 3955/575/3940 3958/578/3940 3959/579/3940 3960/580/3940
f 3961/575/3941 3962/576/3941 3963/577/3941 3964/578/3941
f 3961/575/3941 3964/578/3941 3965/579/3941 3966/580/3941
f 3967/575/3942 3968/576/3942 3969/577/3942 3970/578/3942
f 3967/575/3942 3970/578/3942 3971/579/3942 3972/580/3942
f 3973/575/3943 3974/576/3943 3975/577/3943 3976/578/3943
f 3973/575/3943 3976/578/3943 3977/579/3943 3978/580/3943
f 3979/575/3944 3980/576/3944 3981/577/3944 3982/578/3944
f 3979/575/3944 3982/578/3944 3983/579/3944 3984/580/3944
f 3985/575/3945 3986/576/3945 3987/577/3945 3988/578/3945
f 3985/575/3945 3988/578/3945 3989/579/3945 3990/580/3945
f 3991/575/3946 3992/576/3946 3993/577/3946 3994/578/3946
f 3991/575/3946 3994/578/3946 3995/579/3946 3996/580/3946
f 3997/575/3947 3998/576/3947 3999/577/3947 4000/578/3947
f 3997/575/3947 4000/578/3947 4001/579/3947 4002/580/3947
f 4003/575/3948 4004/576/3948 4005/577/3948 4006/578/3948
f 4003/575/3949 4006/578/3949 4007/579/3949 4008/580/3949
f 4009/575/3950 4010/576/3950 4011/577/3950 4012/578/3950
f 4009/575/3950 4012/578/3950 4013/579/3950 4014/580/3950
f 4015/575/3951 4016/576/3951 4017/577/3951 4018/578/3951
f 4015/575/3951 4018/578/3951 4019/579/3951 4020/580/3951
f 4021/575/3952 4022/576/3952 4023/577/3952 4024/578/3952
f 4021/575/3952 4024/578/3952 4025/579/3952 4026/580/3952
f 4027/575/3953 4028/576/3953 4029/577/3953 4030/578/3953
f 4027/575/3953 4030/578/3953 4031/579/3953 4032/580/3953
f 4033/575/3954 4034/576/3954 4035/577/3954 4036/578/3954
f 4033/575/3954 4036/578/3954 4037/579/3954 4038/580/3954
f 4039/575/3955 4040/576/3955 4041/577/3955 4042/578/3955
f 4039/575/3955 4042/578/3955 4043/579/3955 4044/580/3955
f 4045/575/3956 4046/576/3956 4047/577/3956 4048/578/3956
f 4045/575/3956 4048/578/3956 4049/579/3956 4050/580/3956
f 4051/575/3957 4052/576/3957 4053/577/3957 4054/578/3957
f 4051/575/3957 4054/578/3957 4055/579/3957 4056/580/3957
f 4057/575/3958 4058/576/3958 4059/577/3958 4060/578/3958
f 4057/575/3958 4060/578/3958 4061/579/3958 4062/580/3958
f 4063/575/3959 4064/576/3959 4065/577/3959 4066/578/3959
f 4063/575/3959 4066/578/3959 4067/579/3959 4068/580/3959
f 4069/575/3960 4070/576/3960 4071/577/3960 4072/578/3960
f 4069/575/3960 4072/578/3960 4073/579/3960 4074/580/3960
f 4075/575/3961 4076/576/3961 4077/577/3961 4078/578/3961
f 4075/575/3961 4078/578/3961 4079/579/3961 4080/580/3961
f 4081/575/3962 4082/576/3962 4083/577/3962 4084/578/3962
f 4081/575/3962 4084/578/3962 4085/579/3962 4086/580/3962
f 4087/575/3963 4088/576/3963 4089/577/3963 4090/578/3963
f 4087/575/3963 4090/578/3963 4091/579/3963 4092/580/3963
f 4093/575/3964 4094/576/3964 4095/577/3964 4096/578/3964
f 4093/575/3964 4096/578/3964 4097/579/3964 4098/580/3964
f 4099/575/3965 4100/576/3965 4101/577/3965 4102/578/3965
f 4099/575/3965 4102/578/3965 4103/579/3965 4104/580/3965
f 4105/575/3966 4106/576/3966 4107/577/3966 4108/578/3966
f 4105/575/3966 4108/578/3966 4109/579/3966 4110/580/3966
f 4111/575/3967 4112/576/3967 4113/577/3967 4114/578/3967
f 4111/575/3967 4114/578/3967 4115/579/3967 4116/580/3967
f 4117/575/3968 4118/576/3968 4119/577/3968 4120/578/3968
f 4117/575/3968 4120/578/3968 4121/579/3968 4122/580/3968
f 4123/575/3969 4124/576/3969 4125/577/3969 4126/578/3969
f 4123/575/3969 4126/578/3969 4127/579/3969 4128/580/3969
f 4129/575/3970 4130/576/3970 4131/577/3970 4132/578/3970
f 4129/575/3970 4132/578/3970 4133/579/3970 4134/580/3970
f 4135/575/3971 4136/576/3971 4137/577/3971 4138/578/3971
f 4135/575/3971 4138/578/3971 4139/579/3971 4140/580/3971
f 4141/575/3972 4142/576/3972 4143/577/3972 4144/578/3972
f 4141/575/3972 4144/578/3972 4145/579/3972 4146/580/3972
f 4147/575/3973 4148/576/3973 4149/577/3973 4150/578/3973
f 4147/575/3973 4150/578/3973 4151/579/3973 4152/580/3973
f 4153/575/3974 4154/576/3974 4155/577/3974 4156/578/3974
f 4153/575/3974 4156/578/3974 4157/579/3974 4158/580/3974
f 4159/575/3975 4160/576/3975 4161/577/3975 4162/578/3975
f 4159/575/3975 4162/578/3975 4163/579/3975 4164/580/3975
f 4165/575/3976 4166/576/3976 4167/577/3976 4168/578/3976
f 4165/575/3976 4168/578/3976 4169/579/3976 4170/580/3976
f 4171/575/3977 4172/576/3977 4173/577/3977 4174/578/3977
f 4171/575/3977 4174/578/3977 4175/579/3977 4176/580/3977
f 4177/575/3978 4178/576/3978 4179/577/3978 4180/578/3978
f 4177/575/3978 4180/578/3978 4181/579/3978 4182/580/3978
f 4183/575/3979 4184/576/3979 4185/577/3979 4186/578/3979
f 4183/575/3979 4186/578/3979 4187/579/3979 4188/580/3979
f 4189/575/3980 4190/576/3980 4191/577/3980 4192/578/3980
f 4189/575/3981 4192/578/3981 4193/579/3981 4194/580/3981
f 4195/575/3982 4196/576/3982 4197/577/3982 4198/578/3982
f 4195/575/3982 4198/578/3982 4199/579/3982 4200/580/3982
f 4201/575/3983 4202/576/3983 4203/577/3983 4204/578/3983
f 4201/575/3983 4204/578/3983 4205/579/3983 4206/580/3983
f 4207/575/3984 4208/576/3984 4209/577/3984 4210/578/3984
f 4207/575/3984 4210/578/3984 4211/579/3984 4212/580/3984
f 4213/575/3985 4214/576/3985 4215/577/3985 4216/578/3985
f 4213/575/3985 4216/578/3985 4217/579/3985 4218/580/3985
f 4219/575/3986 4220/576/3986 4221/577/3986 4222/578/3986
f 4219/575/3986 4222/578/3986 4223/579/3986 4224/580/3986
f 4225/575/3987 4226/576/3987 4227/577/3987 4228/578/3987
f 4225/575/3987 4228/578/3987 4229/579/3987 4230/580/3987
